Fecha,Agente,Asset_Category,Moneda,Volumen_USD,Gastos_USD,TC_Aplicado,Fondo
2025-01-20,WIN Securities,Renta Variable,ARS,29020.642560000022,45.64947554764803,1041.5000266624,RMIXTA
2025-01-20,WIN Securities,Renta Variable,ARS,14786.36544000001,23.258952837120017,1041.5000266624,RMIXTA
2025-01-20,WIN Securities,Renta Variable,ARS,39032.26016256003,61.39767485644804,1041.5000266624,RMIXTA
2025-01-20,WIN Securities,Renta Variable,ARS,39750.35904000003,62.52731476992004,1041.5000266624,RMIXTA
2025-01-20,WIN Securities,Renta Variable,ARS,83341.33248000006,131.0959159910401,1041.5000266624,RMIXTA
2025-01-20,WIN Securities,Renta Variable,ARS,49207.87200000003,78.36413625600005,1041.5000266624,RMIXTA
2025-01-21,WIN Securities,Renta Variable,ARS,34030.56217400005,53.53007429970208,1047.0000412518,RMIXTA
2025-01-21,WIN Securities,Renta Variable,ARS,31605.576596192048,49.71550902497208,1047.0000412518,RMIXTA
2025-01-21,WIN Securities,Renta Variable,ARS,29512.892820000045,46.42378040586007,1047.0000412518,RMIXTA
2025-01-21,WIN Securities,Renta Variable,ARS,46418.336280000076,73.01604296844012,1047.0000412518,RMIXTA
2025-01-21,WIN Securities,Renta Variable,ARS,62655.2028800001,98.55663413024016,1047.0000412518,RMIXTA
2025-02-25,WIN Securities,Renta Variable,ARS,68952.84964929687,108.46283391277107,1060.5000427382,RMIXTA
2025-03-05,WIN Securities,Renta Variable,ARS,68569.81734600161,149.3450602990085,1063.4999890991,RMIXTA
2025-03-11,WIN Securities,Renta Variable,ARS,65612.35945920348,142.9037239138767,1065.5000151834,RMIXTA
2025-04-08,WIN Securities,Renta Variable,ARS,63969.32296000001,139.32518540688005,1075.750012909,RMIXTA
2025-06-02,WIN Securities,Renta Variable,ARS,84716.2300571493,184.5119434519233,1179.4999604278,RMIXTA
2025-06-02,WIN Securities,Renta Variable,ARS,42389.14936619915,92.32356392831414,1179.4999604278,RMIXTA
2025-06-02,WIN Securities,Renta Variable,ARS,42386.605915499145,92.31802768395714,1179.4999604278,RMIXTA
2025-06-02,WIN Securities,Renta Variable,ARS,84654.5174649983,184.3775390387663,1179.4999604278,RMIXTA
2025-06-02,WIN Securities,Renta Variable,ARS,42333.19345079915,92.20169872710814,1179.4999604278,RMIXTA
2025-06-05,WIN Securities,Renta Variable,ARS,41976.29070505608,91.42436176014618,1190.9999468814,RMIXTA
2025-06-05,WIN Securities,Renta Variable,ARS,83962.46386227416,182.87024325257036,1190.9999468814,RMIXTA
2025-06-05,WIN Securities,Renta Variable,ARS,83912.26234870015,182.76090655583835,1190.9999468814,RMIXTA
2025-06-05,WIN Securities,Renta Variable,ARS,41977.19750610408,91.42633489205618,1190.9999468814,RMIXTA
2025-06-05,WIN Securities,Renta Variable,ARS,83950.18006659616,182.84349262165435,1190.9999468814,RMIXTA
2025-06-09,WIN Securities,Renta Variable,ARS,168706.99181077295,367.44383326934894,1184.9999389725,RMIXTA
2025-06-11,WIN Securities,Renta Variable,ARS,84788.69825968801,184.66978250841603,1181.9999841612,RMIXTA
2025-08-20,WIN Securities,Renta Variable,ARS,92232.14353579002,189.72151222775503,1301.0000136605,RMIXTA
2025-08-20,WIN Securities,Renta Variable,ARS,92218.79226767502,189.69406411121005,1301.0000136605,RMIXTA
2025-08-20,WIN Securities,Renta Variable,ARS,92215.21809400001,189.68670054480003,1301.0000136605,RMIXTA
2025-08-20,WIN Securities,Renta Variable,ARS,91786.89373262502,188.80564751792502,1301.0000136605,RMIXTA
2025-08-22,WIN Securities,Renta Variable,ARS,189630.66839835804,390.0703253106246,1320.9999494057,MULTI
2025-09-19,WIN Securities,Renta Variable,ARS,101293.05457906178,220.61627074266605,1474.7500667324,RMIXTA
2025-09-19,WIN Securities,Renta Variable,ARS,220688.43551309107,480.65941883332323,1474.7500667324,RMIXTA
2025-09-19,WIN Securities,Renta Variable,ARS,120892.06030349732,263.30290722438724,1474.7500667324,RMIXTA
2025-09-19,WIN Securities,Renta Variable,ARS,35961.02566552599,78.32311562862215,1474.7500667324,RMIXTA
2025-09-19,WIN Securities,Renta Variable,ARS,288621.0413559079,628.6166252252273,1474.7500667324,RMIXTA
2025-09-19,WIN Securities,Renta Variable,ARS,62049.029231611705,135.1427841882337,1474.7500667324,RMIXTA
2025-10-08,WIN Securities,Renta Variable,ARS,78606.22385483001,137.71810503282302,1429.99999857,MULTI
2025-10-13,WIN Securities,Renta Variable,ARS,137997.39177818884,241.77142489116113,1419.99990344,RMIXTA
2025-10-13,WIN Securities,Renta Variable,ARS,138036.60938648944,241.8401361634391,1419.99990344,RMIXTA
2025-10-13,WIN Securities,Renta Variable,ARS,136074.10432346162,238.4018260704791,1419.99990344,RMIXTA
2025-10-13,WIN Securities,Renta Variable,ARS,136928.70649425063,239.8991008201811,1419.99990344,RMIXTA
2025-10-13,WIN Securities,Renta Variable,ARS,136728.53042430064,239.5483824864731,1419.99990344,RMIXTA
2025-10-13,WIN Securities,Renta Variable,ARS,136619.72760000062,239.3577627552011,1419.99990344,RMIXTA
2025-10-13,WIN Securities,Renta Variable,ARS,136541.50224256862,239.2207134501071,1419.99990344,RMIXTA
2025-10-31,WIN Securities,Renta Variable,ARS,256141.86018750028,464.89747970052053,1445.0000469625,RMIXTA
2025-10-31,WIN Securities,Renta Variable,ARS,282057.9700718703,511.9352151960156,1445.0000469625,RMIXTA
2025-10-31,WIN Securities,Renta Variable,ARS,262352.79424170026,476.1703236248105,1445.0000469625,RMIXTA
2025-10-31,WIN Securities,Renta Variable,ARS,239814.83649667527,435.2639304906005,1445.0000469625,RMIXTA
2025-10-31,WIN Securities,Renta Variable,ARS,278210.8144875603,504.95262718765554,1445.0000469625,RMIXTA
2025-10-31,WIN Securities,Renta Variable,ARS,230215.26864257126,417.8407061433604,1445.0000469625,RMIXTA
2025-10-31,WIN Securities,Renta Variable,ARS,259255.0676987778,470.5479570255305,1445.0000469625,RMIXTA
2025-11-03,WIN Securities,Renta Variable,ARS,13093.11677520003,23.764006946988054,1482.0000717288,RMIXTA
2025-11-03,WIN Securities,Renta Variable,ARS,40320.84825090009,73.18233788847417,1482.0000717288,RMIXTA
2025-11-04,WIN Securities,Renta Variable,ARS,69288.85739340002,125.75927616902102,1454.0000194836,RETORNO TOTAL
2025-11-04,WIN Securities,Renta Variable,ARS,69387.00044573001,125.93740546512102,1454.0000194836,RETORNO TOTAL
2025-11-04,WIN Securities,Renta Variable,ARS,68428.47226050001,124.19768059159702,1454.0000194836,RETORNO TOTAL
2025-11-04,WIN Securities,Renta Variable,ARS,69152.33745025001,125.51149075280901,1454.0000194836,RETORNO TOTAL
2025-11-04,WIN Securities,Renta Variable,ARS,67600.06786995001,122.69412490335402,1454.0000194836,RETORNO TOTAL
2025-11-04,WIN Securities,Renta Variable,ARS,315753.1523713837,573.1748547678751,1454.0000194836,RMIXTA
2025-11-04,WIN Securities,Renta Variable,ARS,308476.61209750007,559.8850543957521,1454.0000194836,RMIXTA
2025-11-04,WIN Securities,Renta Variable,ARS,310729.0192200001,563.9731698843001,1454.0000194836,RMIXTA
2025-11-07,WIN Securities,Renta Variable,ARS,221632.17418194856,402.2623995536643,1414.999961795,RMIXTA
2025-11-07,WIN Securities,Renta Variable,ARS,367522.53995844425,667.0534102365905,1414.999961795,RMIXTA
2025-11-07,WIN Securities,Renta Variable,ARS,213373.15911796576,387.2722790075883,1414.999961795,RMIXTA
2025-11-07,WIN Securities,Renta Variable,ARS,140751.0426695361,255.46314470669222,1414.999961795,RMIXTA
2025-11-07,WIN Securities,Renta Variable,ARS,176288.12843469114,319.9629627026043,1414.999961795,RMIXTA
2025-11-07,WIN Securities,Renta Variable,ARS,420000.6509159893,762.3011866598705,1414.999961795,RMIXTA
2025-11-07,WIN Securities,Renta Variable,ARS,210129.85373004316,381.3856922762123,1414.999961795,RMIXTA
2025-11-25,WIN Securities,Renta Variable,ARS,13025.423394090229,23.641140351465417,1447.4999721356,RMIXTA
2025-11-25,WIN Securities,Renta Variable,ARS,137980.65896010242,250.43489946681743,1447.4999721356,RETORNO TOTAL
2025-11-25,WIN Securities,Renta Variable,ARS,53108.80931250093,96.3924923564207,1447.4999721356,RMIXTA
2025-11-25,WIN Securities,Renta Variable,ARS,116820.38221425205,212.02899199175175,1447.4999721356,RMIXTA
2025-11-25,WIN Securities,Renta Variable,ARS,55061.48016183427,99.93658914312475,1447.4999721356,RMIXTA
2025-11-25,WIN Securities,Renta Variable,ARS,221174.34622652188,152.7267732336027,1447.4999721356,RMIXTA
2025-11-25,WIN Securities,Renta Variable,ARS,116583.76735650205,211.59954120628274,1447.4999721356,RMIXTA
2025-11-25,WIN Securities,Renta Variable,ARS,58307.427720001026,105.82798131180186,1447.4999721356,RMIXTA
2026-01-13,Aldazabal,Renta Variable,ARS,12392.51890662,26.99090604135,1456.9999962118,RETORNO TOTAL
2026-01-13,Aldazabal,Renta Variable,ARS,2199.1544326224002,4.789759792824,1456.9999962118,RETORNO TOTAL
2026-01-13,Aldazabal,Renta Variable,ARS,4323.675371571,9.416973257154002,1456.9999962118,RETORNO TOTAL
2026-01-13,Aldazabal,Renta Variable,ARS,10478.922470622001,22.823095460850002,1456.9999962118,RETORNO TOTAL
2026-01-13,Aldazabal,Renta Variable,ARS,3889.711746558,8.471798237538,1456.9999962118,RETORNO TOTAL
2026-01-13,Aldazabal,Renta Variable,ARS,10984.45438683,23.924138703246,1456.9999962118,RETORNO TOTAL
2026-01-13,Aldazabal,Renta Variable,ARS,3118.1606189514177,6.791352111,1456.9999962118,RETORNO TOTAL
2026-01-13,Aldazabal,Renta Variable,ARS,589.2244353,1.283328761058,1456.9999962118,RETORNO TOTAL
2026-01-13,Aldazabal,Renta Variable,ARS,50.7124229184,0.11045298587400001,1456.9999962118,RETORNO TOTAL
2026-01-27,WIN Securities,Renta Variable,ARS,138609.9650953851,251.57709488035965,1442.5000025244,RMIXTA
2026-02-04,WIN Securities,Renta Variable,ARS,172006.88552184362,312.19249651057453,1447.4999721356,RMIXTA
2026-02-04,WIN Securities,Renta Variable,ARS,131923.5472718276,239.44124122410122,1447.4999721356,RMIXTA
2026-02-04,WIN Securities,Renta Variable,ARS,271914.72198738554,493.5252184813707,1447.4999721356,RMIXTA
2026-02-04,WIN Securities,Renta Variable,ARS,170049.910009215,308.6405862522174,1447.4999721356,RMIXTA
2026-02-04,WIN Securities,Renta Variable,ARS,841420.4928812968,1527.178191747084,1447.4999721356,RMIXTA
2026-02-05,WIN Securities,Renta Variable,ARS,98816.99371033012,179.35284254402723,1441.9999501068,RMIXTA
2026-02-05,WIN Securities,Renta Variable,ARS,68307.90805000009,123.97885311075015,1441.9999501068,RMIXTA
2026-02-05,WIN Securities,Renta Variable,ARS,78900.83490750009,143.20501882451916,1441.9999501068,RMIXTA
2026-02-05,WIN Securities,Renta Variable,ARS,96636.61915500011,175.3954637663252,1441.9999501068,RMIXTA
2026-02-05,WIN Securities,Renta Variable,ARS,68911.24024840658,125.07390169232815,1441.9999501068,RMIXTA
2026-02-05,WIN Securities,Renta Variable,ARS,68504.85673920008,124.33631498164814,1441.9999501068,RMIXTA
2026-02-05,WIN Securities,Renta Variable,ARS,133984.05456650016,243.1810625056043,1441.9999501068,RMIXTA
2026-02-12,WIN Securities,Renta Variable,ARS,214954.6947281612,390.1427717559854,1394.9999574525,RMIXTA
2026-03-11,WIN Securities,Renta Variable,ARS,26789.555184029985,48.61952153534005,1395.9999575616,RVARIABLE
2026-03-11,WIN Securities,Renta Variable,ARS,25488.103568534625,46.260911148452045,1395.9999575616,RVARIABLE
2026-03-11,WIN Securities,Renta Variable,ARS,98383.0509851141,178.56524181806816,1395.9999575616,RVARIABLE
2026-03-11,WIN Securities,Renta Variable,ARS,8034.7774648876075,14.583116489172012,1395.9999575616,RVARIABLE
2026-03-11,WIN Securities,Renta Variable,ARS,104105.98608745808,188.94184671804416,1395.9999575616,RVARIABLE
2026-03-11,WIN Securities,Renta Variable,ARS,42856.442585070814,77.78298947062007,1395.9999575616,RVARIABLE
2026-03-11,WIN Securities,Renta Variable,ARS,21494.89499441902,39.01322468170404,1395.9999575616,RVARIABLE
2026-03-11,WIN Securities,Renta Variable,ARS,53725.74303727405,97.5122307580681,1395.9999575616,RVARIABLE
2026-03-11,WIN Securities,Renta Variable,ARS,1336.0980348867213,2.4251648301720024,1395.9999575616,RVARIABLE
2026-03-11,WIN Securities,Renta Variable,ARS,5341.216136585005,9.694312615624009,1395.9999575616,RVARIABLE
2026-03-11,WIN Securities,Renta Variable,ARS,10705.601414275498,19.431297152316017,1395.9999575616,RVARIABLE
2026-03-11,WIN Securities,Renta Variable,ARS,104310.9451481301,189.32437538296819,1395.9999575616,RVARIABLE
2026-03-11,WIN Securities,Renta Variable,ARS,5352.318601105901,9.713359894140009,1395.9999575616,RVARIABLE
2026-03-12,WIN Securities,Renta Variable,ARS,13738.866895664754,24.936048614627556,1394.5000082973,RVARIABLE
2026-03-12,WIN Securities,Renta Variable,ARS,11051.143713377804,20.05782705885564,1394.5000082973,RVARIABLE
2026-03-12,WIN Securities,Renta Variable,ARS,1373.2233693839755,2.4923986943849554,1394.5000082973,RVARIABLE
2026-03-12,WIN Securities,Renta Variable,ARS,2073.250256577713,3.762947270546933,1394.5000082973,RVARIABLE
2026-03-12,WIN Securities,Renta Variable,ARS,26894.98011964452,48.81439196484213,1394.5000082973,RVARIABLE
2026-03-12,WIN Securities,Renta Variable,ARS,25489.135739339545,46.26278208400417,1394.5000082973,RVARIABLE
2026-03-12,WIN Securities,Renta Variable,ARS,6551.015199458058,11.89009673814579,1394.5000082973,RVARIABLE
2026-03-12,WIN Securities,Renta Variable,ARS,74889.03146548817,135.92359904783157,1394.5000082973,RVARIABLE
2026-03-12,WIN Securities,Renta Variable,ARS,6896.544957172677,12.517231908311777,1394.5000082973,RVARIABLE
2026-03-12,WIN Securities,Renta Variable,ARS,26943.34871024952,48.90217970186013,1394.5000082973,RVARIABLE
2026-03-12,WIN Securities,Renta Variable,ARS,344.97525789719384,0.6261312261059888,1394.5000082973,RVARIABLE
2026-03-12,WIN Securities,Renta Variable,ARS,1382.9616267659753,2.5100752808699553,1394.5000082973,RVARIABLE
2026-03-12,WIN Securities,Renta Variable,ARS,2748.146272640951,4.9878881022689106,1394.5000082973,RVARIABLE
2026-03-16,WIN Securities,Renta Variable,ARS,70681.09455558207,128.28618584832412,1395.9999575616,RVARIABLE
2026-03-16,WIN Securities,Renta Variable,ARS,14523.465699393013,26.360093924556026,1395.9999575616,RVARIABLE
2026-03-16,WIN Securities,Renta Variable,ARS,29043.998017608028,52.71485833605605,1395.9999575616,RVARIABLE
2026-03-16,WIN Securities,Renta Variable,ARS,17180.475092487017,31.182558254540027,1395.9999575616,RVARIABLE
2026-03-16,WIN Securities,Renta Variable,ARS,36107.34350454003,65.53483007248806,1395.9999575616,RVARIABLE
2026-03-16,WIN Securities,Renta Variable,ARS,906.9735232740009,1.6461605084960014,1395.9999575616,RVARIABLE
2026-03-16,WIN Securities,Renta Variable,ARS,18138.224047104017,32.92087492629603,1395.9999575616,RVARIABLE
2026-03-16,WIN Securities,Renta Variable,ARS,5427.664921448005,9.85121090119601,1395.9999575616,RVARIABLE
2026-03-16,WIN Securities,Renta Variable,ARS,67098.44043520806,121.78367132400011,1395.9999575616,RVARIABLE
2026-03-16,WIN Securities,Renta Variable,ARS,7256.991624624006,13.171440228492013,1395.9999575616,RVARIABLE
2026-03-16,WIN Securities,Renta Variable,ARS,3586.9771864080035,6.5103655274280054,1395.9999575616,RVARIABLE
2026-03-16,WIN Securities,Renta Variable,ARS,70340.72563406006,127.66842078656411,1395.9999575616,RVARIABLE
2026-03-16,WIN Securities,Renta Variable,ARS,3618.3281902264034,6.567278136608006,1395.9999575616,RVARIABLE
2026-03-17,WIN Securities,Renta Variable,ARS,22235.11170746602,40.35672758787604,1395.9999575616,RVARIABLE
2026-03-17,WIN Securities,Renta Variable,ARS,22205.89609053202,40.30370466362804,1395.9999575616,RVARIABLE
2026-03-18,WIN Securities,Renta Variable,ARS,3285.2391719223515,5.9627043248010025,1394.0000287164,RVARIABLE
2026-03-18,WIN Securities,Renta Variable,ARS,5553.658422180002,10.079892188337004,1394.0000287164,RVARIABLE
2026-03-18,WIN Securities,Renta Variable,ARS,695.6312625710003,1.2625681232020005,1394.0000287164,RVARIABLE
2026-03-18,WIN Securities,Renta Variable,ARS,1390.2438738000005,2.523292630947001,1394.0000287164,RVARIABLE
2026-03-18,WIN Securities,Renta Variable,ARS,13552.940897280005,24.59858629384301,1394.0000287164,RVARIABLE
2026-03-18,WIN Securities,Renta Variable,ARS,695.0358536880003,1.2614920830520004,1394.0000287164,RVARIABLE
2026-03-18,WIN Securities,Renta Variable,ARS,171.34432932540008,0.3109899505520001,1394.0000287164,RVARIABLE
2026-03-18,WIN Securities,Renta Variable,ARS,13501.549219716006,24.505315133641012,1394.0000287164,RVARIABLE
2026-03-18,WIN Securities,Renta Variable,ARS,12822.198444614505,23.27229507295801,1394.0000287164,RVARIABLE
2026-03-18,WIN Securities,Renta Variable,ARS,3478.5451220292016,6.313557976110003,1394.0000287164,RVARIABLE
2026-03-18,WIN Securities,Renta Variable,ARS,1047.7524891767005,1.9016714098930005,1394.0000287164,RVARIABLE
2026-03-18,WIN Securities,Renta Variable,ARS,6964.289670022003,12.640186253242003,1394.0000287164,RVARIABLE
2026-03-18,WIN Securities,Renta Variable,ARS,2803.3087586076504,5.088005634068002,1394.0000287164,RVARIABLE
2026-03-19,WIN Securities,Renta Variable,ARS,1240.078873940978,2.2507493591429597,1394.5000082973,RVARIABLE
2026-03-19,WIN Securities,Renta Variable,ARS,4951.828582942411,8.98757972422184,1394.5000082973,RVARIABLE
2026-03-19,WIN Securities,Renta Variable,ARS,9935.145154223823,18.032291036486676,1394.5000082973,RVARIABLE
2026-03-19,WIN Securities,Renta Variable,ARS,96870.74162512328,175.82040053149186,1394.5000082973,RVARIABLE
2026-03-19,WIN Securities,Renta Variable,ARS,4941.115782719312,8.96813189357384,1394.5000082973,RVARIABLE
2026-03-19,WIN Securities,Renta Variable,ARS,92558.57958552435,167.99382474442803,1394.5000082973,RVARIABLE
2026-03-19,WIN Securities,Renta Variable,ARS,7451.307234259067,13.52412326123076,1394.5000082973,RVARIABLE
2026-03-19,WIN Securities,Renta Variable,ARS,25013.660661494552,45.399798941057185,1394.5000082973,RVARIABLE
2026-03-19,WIN Securities,Renta Variable,ARS,49763.22666697711,90.3202576196384,1394.5000082973,RVARIABLE
2026-03-19,WIN Securities,Renta Variable,ARS,39900.35114301529,72.41913904561972,1394.5000082973,RVARIABLE
2026-03-19,WIN Securities,Renta Variable,ARS,19797.665712250146,35.93276421789536,1394.5000082973,RVARIABLE
2026-03-19,WIN Securities,Renta Variable,ARS,23586.377055788278,42.80927188583624,1394.5000082973,RVARIABLE
2026-03-19,WIN Securities,Renta Variable,ARS,97072.59892044427,176.18676840310187,1394.5000082973,RVARIABLE
2026-03-20,WIN Securities,Renta Variable,ARS,14320.849258611514,25.992342051629116,1390.4999375666,RVARIABLE
2026-03-20,WIN Securities,Renta Variable,ARS,5888.0261543398,10.686767829709638,1390.4999375666,RVARIABLE
2026-03-20,WIN Securities,Renta Variable,ARS,3512.1999059896307,6.374635309593784,1390.4999375666,RVARIABLE
2026-03-20,WIN Securities,Renta Variable,ARS,184.47681518699375,0.3348220215059886,1390.4999375666,RVARIABLE
2026-03-20,WIN Securities,Renta Variable,ARS,739.3743589799749,1.3419633827999544,1390.4999375666,RVARIABLE
2026-03-20,WIN Securities,Renta Variable,ARS,1482.4955717779496,2.6907228824099083,1390.4999375666,RVARIABLE
2026-03-20,WIN Securities,Renta Variable,ARS,14324.272487819513,25.998555644141117,1390.4999375666,RVARIABLE
2026-03-20,WIN Securities,Renta Variable,ARS,732.5027297609752,1.329493047827955,1390.4999375666,RVARIABLE
2026-03-20,WIN Securities,Renta Variable,ARS,13688.569474738535,24.844761992911156,1390.4999375666,RVARIABLE
2026-03-20,WIN Securities,Renta Variable,ARS,3696.8243299570745,6.709737805761772,1390.4999375666,RVARIABLE
2026-03-20,WIN Securities,Renta Variable,ARS,1109.5541670429623,2.0138440314499317,1390.4999375666,RVARIABLE
2026-03-20,WIN Securities,Renta Variable,ARS,7395.987387095749,13.423718689743545,1390.4999375666,RVARIABLE
2026-03-20,WIN Securities,Renta Variable,ARS,2949.4391831309,5.353240082143818,1390.4999375666,RVARIABLE
2026-03-27,WIN Securities,Renta Variable,ARS,14572.578577839828,26.44923668471052,1382.5000107144,RVARIABLE
2026-03-27,WIN Securities,Renta Variable,ARS,1779.0227710226677,3.2289258339269415,1382.5000107144,RVARIABLE
2026-03-27,WIN Securities,Renta Variable,ARS,7354.972818224867,13.34928018587376,1382.5000107144,RVARIABLE
2026-03-27,WIN Securities,Renta Variable,ARS,18406.430237096665,34.131001543802384,1382.5000107144,RVARIABLE
2026-03-27,WIN Securities,Renta Variable,ARS,1836.4556819699667,3.33316453112994,1382.5000107144,RVARIABLE
2026-03-27,WIN Securities,Renta Variable,ARS,433.5009007994922,0.7867992705749858,1382.5000107144,RVARIABLE
2026-03-27,WIN Securities,Renta Variable,ARS,3653.963805316434,6.63194931569088,1382.5000107144,RVARIABLE
2026-03-27,WIN Securities,Renta Variable,ARS,35681.193213524355,64.76136658670582,1382.5000107144,RVARIABLE
2026-03-27,WIN Securities,Renta Variable,ARS,2758.44482491495,5.00658223967991,1382.5000107144,RVARIABLE
2026-03-27,WIN Securities,Renta Variable,ARS,9183.508066259834,16.668064970279698,1382.5000107144,RVARIABLE
2026-03-27,WIN Securities,Renta Variable,ARS,33915.46085831189,61.55657095150689,1382.5000107144,RVARIABLE
2026-03-27,WIN Securities,Renta Variable,ARS,35607.938241216856,64.62841179569283,1382.5000107144,RVARIABLE
2026-03-27,WIN Securities,Renta Variable,ARS,8718.799932429141,15.824621938841714,1382.5000107144,RVARIABLE
2026-03-30,WIN Securities,Renta Variable,ARS,25709.707361492015,46.66311274522803,1397.9999653296,RVARIABLE
2026-03-30,WIN Securities,Renta Variable,ARS,105107.15568248006,190.7694897096241,1397.9999653296,RVARIABLE
2026-03-30,WIN Securities,Renta Variable,ARS,127371.49457512208,231.17926181336014,1397.9999653296,RVARIABLE
2026-03-30,WIN Securities,Renta Variable,ARS,43125.036834880026,78.27194042469205,1397.9999653296,RVARIABLE
2026-03-30,WIN Securities,Renta Variable,ARS,8129.3439069010055,14.754757161340011,1397.9999653296,RVARIABLE
2026-03-30,WIN Securities,Renta Variable,ARS,153454.9608872281,278.5207579802762,1397.9999653296,RVARIABLE
2026-03-30,WIN Securities,Renta Variable,ARS,27017.919124980017,49.03752625189604,1397.9999653296,RVARIABLE
2026-03-30,WIN Securities,Renta Variable,ARS,1353.7160564620008,2.4570029221640017,1397.9999653296,RVARIABLE
2026-03-30,WIN Securities,Renta Variable,ARS,5406.398560402004,9.812618269104007,1397.9999653296,RVARIABLE
2026-03-30,WIN Securities,Renta Variable,ARS,10820.093258324006,19.638476881884014,1397.9999653296,RVARIABLE
2026-03-30,WIN Securities,Renta Variable,ARS,5421.1353275772035,9.839363620268006,1397.9999653296,RVARIABLE
2026-03-31,WIN Securities,Renta Variable,ARS,83651.68768302,151.827815120256,1392.0000089088,RVARIABLE
2026-03-31,WIN Securities,Renta Variable,ARS,160234.438629672,290.82550819618797,1392.0000089088,RVARIABLE
2026-03-31,WIN Securities,Renta Variable,ARS,40103.4322146024,72.787729419216,1392.0000089088,RVARIABLE
2026-03-31,WIN Securities,Renta Variable,ARS,160270.925698404,290.89173664404,1392.0000089088,RVARIABLE
2026-03-31,WIN Securities,Renta Variable,ARS,196032.21857298,355.798481918292,1392.0000089088,RVARIABLE
2026-03-31,WIN Securities,Renta Variable,ARS,92585.0162896398,168.041802085452,1392.0000089088,RVARIABLE
2026-04-01,WIN Securities,Renta Variable,ARS,39372.14409567702,71.46043611758503,1394.0000287164,RVARIABLE
2026-04-01,WIN Securities,Renta Variable,ARS,39435.97479737501,71.57629694733603,1394.0000287164,RVARIABLE
2026-04-01,WIN Securities,Renta Variable,ARS,39334.62616244701,71.39234429689303,1394.0000287164,RVARIABLE
2026-04-01,WIN Securities,Renta Variable,ARS,39120.38118838127,71.00348490748603,1394.0000287164,RVARIABLE
2026-04-01,WIN Securities,Renta Variable,ARS,39337.18713800402,71.39699279034103,1394.0000287164,RVARIABLE
2026-04-01,WIN Securities,Renta Variable,ARS,5.089669909500002,0.009246771689000004,1394.0000287164,RVARIABLE
2026-04-07,WIN Securities,Renta Variable,ARS,87854.30717258227,159.45556484319175,1392.4999119244,RVARIABLE
2026-04-08,WIN Securities,Renta Variable,ARS,8041.982471495851,14.596201382161276,1387.5000398906,RVARIABLE
2026-04-08,WIN Securities,Renta Variable,ARS,10713.275367669203,19.444590431959366,1387.5000398906,RVARIABLE
2026-04-08,WIN Securities,Renta Variable,ARS,26858.774002585506,48.74867607595392,1387.5000398906,RVARIABLE
2026-04-08,WIN Securities,Renta Variable,ARS,13586.122131921757,24.658817309077467,1387.5000398906,RVARIABLE
2026-04-08,WIN Securities,Renta Variable,ARS,18948.037293082107,34.39068729955665,1387.5000398906,RVARIABLE
2026-04-08,WIN Securities,Renta Variable,ARS,13391.885568136686,24.306269571465457,1387.5000398906,RVARIABLE
2026-04-08,WIN Securities,Renta Variable,ARS,26853.65328201201,48.73938598613091,1387.5000398906,RVARIABLE
2026-04-08,WIN Securities,Renta Variable,ARS,18636.803067795852,33.82580082931064,1387.5000398906,RVARIABLE
2026-04-08,WIN Securities,Renta Variable,ARS,29445.008162465554,53.44269395901901,1387.5000398906,RVARIABLE
2026-04-08,WIN Securities,Renta Variable,ARS,48299.60246724316,87.66352901120665,1387.5000398906,RVARIABLE
2026-04-08,WIN Securities,Renta Variable,ARS,26968.27309853651,48.94741480897892,1387.5000398906,RVARIABLE
2026-04-08,WIN Securities,Renta Variable,ARS,18846.161620335355,34.20578640397164,1387.5000398906,RVARIABLE
2026-04-08,WIN Securities,Renta Variable,ARS,2658.3487524013503,4.8249007621850915,1387.5000398906,RVARIABLE
2026-04-08,WIN Securities,Renta Variable,ARS,2674.1289321278505,4.853542202803092,1387.5000398906,RVARIABLE
2026-04-08,WIN Securities,Renta Variable,ARS,2687.041364189051,4.876972832760092,1387.5000398906,RVARIABLE
2026-04-09,WIN Securities,Renta Variable,ARS,1323.8233866000037,2.4027372743400064,1380.999926807,RVARIABLE
2026-04-09,WIN Securities,Renta Variable,ARS,20655.055403190057,37.4889302997301,1380.999926807,RVARIABLE
2026-04-09,WIN Securities,Renta Variable,ARS,13009.595186250035,23.612419788750064,1380.999926807,RVARIABLE
2026-04-09,WIN Securities,Renta Variable,ARS,17689.62801937505,32.106678023160086,1380.999926807,RVARIABLE
2026-04-09,WIN Securities,Renta Variable,ARS,40042.31204259011,72.6768032725802,1380.999926807,RVARIABLE
2026-04-09,WIN Securities,Renta Variable,ARS,11600.241382372533,21.05443992834006,1380.999926807,RVARIABLE
2026-04-09,WIN Securities,Renta Variable,ARS,10197.741308040027,18.508900329270052,1380.999926807,RVARIABLE
2026-04-09,WIN Securities,Renta Variable,ARS,23475.200375250064,42.60748958622012,1380.999926807,RVARIABLE
2026-04-09,WIN Securities,Renta Variable,ARS,14863.64850681754,26.977524963480075,1380.999926807,RVARIABLE
2026-04-09,WIN Securities,Renta Variable,ARS,30871.073323350087,56.03100224553015,1380.999926807,RVARIABLE
2026-04-09,WIN Securities,Renta Variable,ARS,408.0174003360011,0.7405431239700021,1380.999926807,RVARIABLE
2026-04-09,WIN Securities,Renta Variable,ARS,1247.8096244250034,2.2647865067100064,1380.999926807,RVARIABLE
2026-04-09,WIN Securities,Renta Variable,ARS,5968.5978905572665,10.83300564294003,1380.999926807,RVARIABLE
2026-04-09,WIN Securities,Renta Variable,ARS,8916.765135876025,16.183932791130044,1380.999926807,RVARIABLE
2026-04-09,WIN Securities,Renta Variable,ARS,137711.46638632537,249.94632027105067,1380.999926807,RVARIABLE
2026-04-14,WIN Securities,Renta Variable,ARS,29802.85508902885,54.09218987515009,1364.0000556512,RVARIABLE
2026-04-14,WIN Securities,Renta Variable,ARS,96800.40514145256,175.6927347672203,1364.0000556512,RVARIABLE
2026-04-14,WIN Securities,Renta Variable,ARS,19606.728488901783,35.586215556880056,1364.0000556512,RVARIABLE
2026-04-14,WIN Securities,Renta Variable,ARS,138338.66737631024,251.08468916923445,1364.0000556512,RVARIABLE
2026-04-14,WIN Securities,Renta Variable,ARS,78855.23871819013,143.12225955650624,1364.0000556512,RVARIABLE
2026-04-14,WIN Securities,Renta Variable,ARS,651.7705012670011,1.182961828568002,1364.0000556512,RVARIABLE
2026-04-14,WIN Securities,Renta Variable,ARS,67626.13360449011,122.74143927367419,1364.0000556512,RVARIABLE
2026-04-14,WIN Securities,Renta Variable,ARS,41895.25122322507,76.03989425827612,1364.0000556512,RVARIABLE
2026-04-14,WIN Securities,Renta Variable,ARS,60181.0459317101,109.22860258159619,1364.0000556512,RVARIABLE
2026-04-14,WIN Securities,Renta Variable,ARS,33669.23616295205,61.1096602633241,1364.0000556512,RVARIABLE
2026-04-14,WIN Securities,Renta Variable,ARS,46610.39765841308,84.59788511145615,1364.0000556512,RVARIABLE
2026-04-14,WIN Securities,Renta Variable,ARS,82443.99956883614,149.63585899749626,1364.0000556512,RVARIABLE
2026-04-14,WIN Securities,Renta Variable,ARS,107031.04402023018,194.26134837912232,1364.0000556512,RVARIABLE
2026-04-14,WIN Securities,Renta Variable,ARS,4259.427978708007,7.730864787220012,1364.0000556512,RVARIABLE
2026-04-14,WIN Securities,Renta Variable,ARS,4080.417722082007,7.405960108394012,1364.0000556512,RVARIABLE
2026-04-14,WIN Securities,Renta Variable,ARS,1500.0175341072024,2.7225292144340045,1364.0000556512,RVARIABLE
2026-04-14,WIN Securities,Renta Variable,ARS,1477.0292652504024,2.6808063422360044,1364.0000556512,RVARIABLE
2026-04-16,WIN Securities,Renta Variable,ARS,1485.5117315250016,2.6962149304200027,1358.000046172,RVARIABLE
2026-04-16,WIN Securities,Renta Variable,ARS,107903.71503525012,195.8452437094502,1358.000046172,RVARIABLE
2026-04-16,WIN Securities,Renta Variable,ARS,1065.4550447760012,1.9338070034700021,1358.000046172,RVARIABLE
2026-04-16,WIN Securities,Renta Variable,ARS,3102.3268459200035,5.630721458040006,1358.000046172,RVARIABLE
2026-04-16,WIN Securities,Renta Variable,ARS,20978.48106140027,38.075948631780044,1358.000046172,RVARIABLE
2026-04-16,Beat Valores BYMA,Renta Variable,ARS,5412.370950000006,9.82345327425001,1358.000046172,RVARIABLE
2026-04-16,WIN Securities,Renta Variable,ARS,34440.77202489004,62.509997874660066,1358.000046172,RVARIABLE
2026-04-16,WIN Securities,Renta Variable,ARS,66513.41452794007,120.72184420179012,1358.000046172,RVARIABLE
2026-04-16,WIN Securities,Renta Variable,ARS,67372.48666368007,122.28106358913013,1358.000046172,RVARIABLE
2026-04-16,WIN Securities,Renta Variable,ARS,28668.41765561253,52.033172015850056,1358.000046172,RVARIABLE
2026-04-16,WIN Securities,Renta Variable,ARS,38480.58595233754,807.5557899216009,1358.000046172,RVARIABLE
2026-04-16,WIN Securities,Renta Variable,ARS,30785.875241940033,55.87636039770006,1358.000046172,RVARIABLE
2026-04-16,WIN Securities,Renta Variable,ARS,10506.37114499251,19.06906415283002,1358.000046172,RVARIABLE
2026-04-16,WIN Securities,Renta Variable,ARS,31716.479039460035,57.565410413910065,1358.000046172,RVARIABLE
2026-04-16,WIN Securities,Renta Variable,ARS,69911.47037706008,126.88931821890014,1358.000046172,RVARIABLE
2026-04-21,WIN Securities,Renta Variable,ARS,212335.8893712006,385.38963920872914,1375.4999254479,RVARIABLE
2026-04-23,WIN Securities,Renta Variable,ARS,33292.06156854,60.425093004084,1392.0000089088,RVARIABLE
2026-04-23,WIN Securities,Renta Variable,ARS,12226.070324052,22.190323133844,1392.0000089088,RVARIABLE
2026-04-23,WIN Securities,Renta Variable,ARS,44532.1477035,80.825854367772,1392.0000089088,RVARIABLE
2026-04-23,WIN Securities,Renta Variable,ARS,19150.716472263,34.758555812028,1392.0000089088,RVARIABLE
2026-04-23,WIN Securities,Renta Variable,ARS,25774.295812056,46.780344528191996,1392.0000089088,RVARIABLE
2026-04-23,WIN Securities,Renta Variable,ARS,21719.5314701904,39.420955207476,1392.0000089088,RVARIABLE
2026-04-23,Beat Valores BYMA,Renta Variable,ARS,22801.684480506,0.0,1392.0000089088,RVARIABLE
2026-04-23,Beat Valores BYMA,Renta Variable,ARS,36262.377641484,0.0,1392.0000089088,RVARIABLE
2026-04-23,WIN Securities,Renta Variable,ARS,73298.972232036,133.037628458904,1392.0000089088,RVARIABLE
2026-04-23,WIN Securities,Renta Variable,ARS,15314.3314393446,27.79550987958,1392.0000089088,RVARIABLE
2026-04-23,WIN Securities,Renta Variable,ARS,10962.3088378872,19.89658751634,1392.0000089088,RVARIABLE
2026-04-23,WIN Securities,Renta Variable,ARS,34.3031607,0.062262930636000004,1392.0000089088,RVARIABLE
2026-04-23,WIN Securities,Renta Variable,ARS,799.9655121216,1.45193964588,1392.0000089088,RVARIABLE
2026-04-23,WIN Securities,Renta Variable,ARS,2176.9037217,3.951084744828,1392.0000089088,RVARIABLE
2026-04-23,WIN Securities,Renta Variable,ARS,75011.4759998116,136.145645680392,1392.0000089088,RVARIABLE
2026-04-23,WIN Securities,Renta Variable,ARS,832.8793050144,1.5116738409,1392.0000089088,RVARIABLE
2026-04-23,WIN Securities,Renta Variable,ARS,2979.073256796,5.407011459648,1392.0000089088,RVARIABLE
2026-04-29,WIN Securities,Renta Variable,ARS,152548.45360194423,276.87545710355386,1391.500077437,RVARIABLE
2026-04-29,WIN Securities,Renta Variable,ARS,152564.09786984834,276.9038365486149,1391.500077437,RVARIABLE
2026-04-30,WIN Securities,Renta Variable,ARS,41352.16292119527,75.05418092662822,1390.9999244687,RVARIABLE
2026-04-30,WIN Securities,Renta Variable,ARS,41474.64243898897,75.27646706378822,1390.9999244687,RVARIABLE
2026-05-05,WIN Securities,Renta Variable,ARS,44928.928854974714,81.54600978060901,1392.9999800801,RVARIABLE
2026-05-06,WIN Securities,Renta Variable,ARS,3490.1188998135,6.334574971028999,1387.9999905616,RETORNO TOTAL
2026-05-06,WIN Securities,Renta Variable,ARS,542159.2255887,984.0189980457961,1387.9999905616,RVARIABLE
2026-05-06,WIN Securities,Renta Variable,ARS,274678.57715599873,498.541617222936,1387.9999905616,RVARIABLE
2026-05-06,WIN Securities,Renta Variable,ARS,203925.3868333785,370.124584649412,1387.9999905616,RVARIABLE
2026-05-06,WIN Securities,Renta Variable,ARS,206033.79102639,373.951328191284,1387.9999905616,RVARIABLE
2026-05-08,WIN Securities,Renta Variable,ARS,674228.4144318805,1223.7245725515168,1397.9999653296,RMIXTA
2026-05-11,WIN Securities,Renta Variable,ARS,245797.83037452633,446.1230653636854,1391.500077437,RMIXTA
2026-05-11,WIN Securities,Renta Variable,ARS,196948.74649578147,357.4619779512877,1391.500077437,RMIXTA
2026-05-11,WIN Securities,Renta Variable,ARS,117333.61474239086,212.96051276246982,1391.500077437,RMIXTA
2026-05-11,WIN Securities,Renta Variable,ARS,164330.09793371914,298.2591210231466,1391.500077437,RMIXTA
2026-05-12,WIN Securities,Renta Variable,ARS,25166.18662200011,45.676628718930196,1383.9999092096,RMIXTA
2026-05-12,WIN Securities,Renta Variable,ARS,67593.9350700003,122.68299215205053,1383.9999092096,RMIXTA
2026-05-12,WIN Securities,Renta Variable,ARS,39161.85228000017,71.0787618882003,1383.9999092096,RMIXTA
2026-05-13,WIN Securities,Renta Variable,ARS,29775.8503841472,54.043174941480004,1392.0000089088,RMIXTA
2026-05-13,WIN Securities,Renta Variable,ARS,28723.6736667432,52.133469493932,1392.0000089088,RMIXTA
2026-05-13,WIN Securities,Renta Variable,ARS,143792.427240648,260.983252640052,1392.0000089088,RMIXTA
2026-05-13,WIN Securities,Renta Variable,ARS,71825.35873572,130.363023590964,1392.0000089088,RMIXTA
2026-05-19,WIN Securities,Renta Variable,ARS,214475.45596276814,389.2729495681322,1397.9999653296,RMIXTA
2026-05-19,WIN Securities,Renta Variable,ARS,46872.57054727523,85.07371455618006,1397.9999653296,RMIXTA
2026-05-19,WIN Securities,Renta Variable,ARS,142670.1394466601,258.94630828166817,1397.9999653296,RMIXTA
2026-05-19,WIN Securities,Renta Variable,ARS,65943.57602738924,119.68759238170009,1397.9999653296,RETORNO TOTAL
2026-05-19,WIN Securities,Renta Variable,ARS,65965.67044853805,119.72769252575608,1397.9999653296,RETORNO TOTAL
2026-05-19,WIN Securities,Renta Variable,ARS,132034.78510565008,239.64314614343616,1397.9999653296,RETORNO TOTAL
2026-05-20,WIN Securities,Renta Variable,ARS,7522.161633816003,13.652719857860005,1397.0000262636,RMIXTA
2026-05-20,Allaria,Renta Variable,USDC,299968.75,0.0,1397.0000262636,CAP
2026-05-28,WIN Securities,Renta Variable,ARS,197262.66057466718,358.0317374359292,1409.99991681,RMIXTA
2026-05-28,WIN Securities,Renta Variable,ARS,71135.11057995024,129.11022747565946,1409.99991681,RVARIABLE
2026-05-28,WIN Securities,Renta Variable,ARS,1023333.3086036155,1857.3499535552783,1409.99991681,RMIXTA
2026-06-01,WIN Securities,Renta Variable,ARS,203790.85839138107,369.88040742811256,1425.9999432452,RMIXTA
2026-06-01,WIN Securities,Renta Variable,ARS,536831.7429647814,974.3496180217516,1425.9999432452,RMIXTA
2026-06-01,WIN Securities,Renta Variable,ARS,156239.54619028344,283.57477986972646,1425.9999432452,RMIXTA
2026-06-01,WIN Securities,Renta Variable,ARS,183380.0914500003,332.8348659817505,1425.9999432452,RMIXTA
2026-06-01,WIN Securities,Renta Variable,ARS,383871.6772696776,696.7270964534412,1425.9999432452,RMIXTA
2026-06-01,WIN Securities,Renta Variable,ARS,148138.81375006223,268.87194618497443,1425.9999432452,RMIXTA
2026-06-02,WIN Securities,Renta Variable,ARS,109444.01844255051,198.64090442277296,1427.0000976068,RVARIABLE
2026-06-02,WIN Securities,Renta Variable,ARS,459070.37855053216,833.2127460916399,1427.0000976068,RVARIABLE
2026-06-11,WIN Securities,Renta Variable,ARS,478544.33535363077,868.5579665027909,1432.4999573831,RMIXTA
2026-06-11,WIN Securities,Renta Variable,ARS,729141.1211684009,1323.3911458281523,1432.4999573831,RMIXTA
2026-06-11,WIN Securities,Renta Variable,ARS,235292.0069999413,427.0549935076858,1432.4999573831,RMIXTA
2026-06-23,WIN Securities,Renta Variable,ARS,61996.6175362285,112.52386642628426,1471.4999160509,RVARIABLE
2026-06-23,WIN Securities,Renta Variable,ARS,118368.2507216501,214.83836767617234,1471.4999160509,RVARIABLE
2026-06-23,WIN Securities,Renta Variable,ARS,77614.99185573136,140.87120749304185,1471.4999160509,RVARIABLE
2026-06-23,WIN Securities,Renta Variable,ARS,193529.0630286039,351.2552493969161,1471.4999160509,RVARIABLE
2026-06-23,WIN Securities,Renta Variable,ARS,15299.44531727806,27.76849631745856,1471.4999160509,RVARIABLE
2026-06-23,WIN Securities,Renta Variable,ARS,256407.00069666118,465.37870816726036,1471.4999160509,RVARIABLE
2026-06-23,WIN Securities,Renta Variable,ARS,45211.98185219516,82.05975323740566,1471.4999160509,RVARIABLE
2026-06-23,WIN Securities,Renta Variable,ARS,159102.4351726172,288.77091691611184,1471.4999160509,RVARIABLE
2026-06-23,WIN Securities,Renta Variable,ARS,395428.748349227,717.7031738026064,1471.4999160509,RVARIABLE
2026-06-23,WIN Securities,Renta Variable,ARS,142854.36526843044,259.2806807790552,1471.4999160509,RVARIABLE
2026-06-23,WIN Securities,Renta Variable,ARS,178108.6068311636,323.2671200394045,1471.4999160509,RVARIABLE
2026-06-23,WIN Securities,Renta Variable,ARS,65587.49949440133,119.04131158233841,1471.4999160509,RVARIABLE
2026-06-23,WIN Securities,Renta Variable,ARS,216923.98451279188,393.7170391112409,1471.4999160509,RVARIABLE
2026-06-23,WIN Securities,Renta Variable,ARS,61269.456434601234,111.20406342880123,1471.4999160509,RVARIABLE
2026-06-23,WIN Securities,Renta Variable,ARS,430283.8335860962,780.9651685771818,1471.4999160509,RVARIABLE
2026-06-24,WIN Securities,Renta Variable,ARS,9098.88577595626,16.514475460575017,1479.0000480675,RVARIABLE
2026-06-24,WIN Securities,Renta Variable,ARS,77769.78651913507,141.15216579795015,1479.0000480675,RVARIABLE
2026-06-24,WIN Securities,Renta Variable,ARS,9572.34586875001,17.37380606145002,1479.0000480675,RVARIABLE
2026-06-25,WIN Securities,Renta Variable,ARS,34881.65488925723,63.31019911059612,1476.9999354551,RVARIABLE
2026-06-25,WIN Securities,Renta Variable,ARS,48877.92969182199,88.71344328097517,1476.9999354551,RVARIABLE
2026-06-25,WIN Securities,Renta Variable,ARS,33564.65955750006,60.91986048210312,1476.9999354551,RVARIABLE
2026-07-06,WIN Securities,Renta Variable,ARS,23938.7939928181,43.44890960016018,1486.4999051613,RVARIABLE
2026-07-06,WIN Securities,Renta Variable,ARS,15439.780332518463,28.023203940588115,1486.4999051613,RVARIABLE
2026-07-07,Allaria,Renta Variable,ARS,344410.46251452016,625.1049854424062,1491.9999707568,CAP
2026-07-07,Allaria,Renta Variable,ARS,94274.21431426254,114.07179848245605,1491.9999707568,RVARIABLE
2026-07-07,Allaria,Renta Variable,ARS,83647.37596924728,101.21332638056404,1491.9999707568,RVARIABLE
2026-07-14,WIN Securities,Renta Variable,ARS,346476.540323747,628.8549186488647,1471.4999160509,CAP
2026-07-17,WIN Securities,Renta Variable,ARS,803262.1067283003,1457.9207260461005,1477.99997044,RMIXTA
2026-07-17,WIN Securities,Renta Variable,ARS,221447.7649161001,401.9276941008002,1477.99997044,RMIXTA
2026-07-17,WIN Securities,Renta Variable,ARS,70837.21048305003,128.56954249020006,1477.99997044,RMIXTA
2026-07-17,WIN Securities,Renta Variable,ARS,338682.13126620016,614.7080704809002,1477.99997044,RMIXTA
2026-07-20,WIN Securities,Renta Variable,ARS,1996.9796064238094,3.6245237216480173,1481.0001015966,RMIXTA
2026-07-23,WIN Securities,Renta Variable,ARS,335728.51626317,609.3472582083521,1488.9999385043,RMIXTA
2026-07-23,WIN Securities,Renta Variable,ARS,336459.6394834258,610.674242816548,1488.9999385043,RMIXTA
2026-07-23,WIN Securities,Renta Variable,ARS,670946.8376496611,1217.76851234891,1488.9999385043,RMIXTA
2025-02-21,TPCG,Renta Variable,USDC,126372.1,0.0,1058.7500397031,CAP
2025-02-21,TPCG,Renta Variable,USDC,128059.68,0.0,1058.7500397031,CAP
2025-02-25,TPCG,Renta Variable,USDC,252003.25,0.0,1060.5000427382,CAP
2025-03-05,TPCG,Renta Variable,USDC,251359.11,0.0,1063.4999890991,CAP
2025-07-01,TPCG,Renta Variable,USDC,190192.34,0.0,1222.0000083096,CAP
2025-10-24,TPCG,Renta Variable,USDC,99947.95,0.0,1491.9999707568,CAP
2026-02-03,TPCG,Renta Variable,USDC,447391.0,0.0,1446.0000673836,CAP
2026-02-03,TPCG,Renta Variable,USDC,444292.0,0.0,1446.0000673836,CAP
2026-02-06,TPCG,Renta Variable,USDC,99199.99,0.0,1432.000045824,CAP
2026-02-06,TPCG,Renta Variable,USDC,347001.34,0.0,1432.000045824,CAP
2026-02-06,TPCG,Renta Variable,USDC,141328.32,0.0,1432.000045824,CAP
2026-02-06,TPCG,Renta Variable,USDC,199358.11,0.0,1432.000045824,CAP
2026-02-06,TPCG,Renta Variable,USDC,59699.64,0.0,1432.000045824,CAP
2026-02-11,TPCG,Renta Variable,USDC,228130.0,0.0,1400.000028,CAP
2026-05-12,Allaria,Renta Variable,USDC,230377.0,278.76,1383.9999092096,CAP
2026-05-12,Allaria,Renta Variable,USDC,230372.75,278.85,1383.9999092096,CAP
2026-05-12,Allaria,Renta Variable,USDC,103643.2,125.4,1383.9999092096,CAP
2026-05-12,Allaria,Renta Variable,USDC,127102.53,153.79,1383.9999092096,CAP
2026-05-12,Allaria,Renta Variable,USDC,601801.75,728.18,1383.9999092096,CAP
2026-05-12,Allaria,Renta Variable,USDC,89700.0,108.54,1383.9999092096,CAP
2026-05-28,Allaria,Renta Variable,USDC,307782.35,372.41,1409.99991681,CAP
2026-05-28,Allaria,Renta Variable,USDC,990442.9,1198.43,1409.99991681,CAP
2026-05-28,Allaria,Renta Variable,USDC,272120.0,329.27,1409.99991681,CAP
2025-01-03,Latin Securities,Fixed Income,USDMEP,69917.6,0.0,1032.5000025813,CAP
2025-01-07,Macro Securities / Banco Macro,Fixed Income,USDMEP,349479.0,0.0,1035.5000481508,CAP
2025-01-10,Allaria,Fixed Income,USDMEP,99846.0,0.0,1036.9999508462,CAP
2025-01-14,Allaria,Fixed Income,USDMEP,169092.0,0.0,1039.9999584,CAP
2025-01-16,WIN Securities,Fixed Income,USDMEP,349248.59,179.86,1041.5000266624,CAP
2025-01-16,WIN Securities,Fixed Income,USDMEP,123964.08,63.84,1041.5000266624,CAP
2025-01-17,WIN Securities,Fixed Income,USDMEP,182255.93,93.85,1041.5000266624,CAP
2025-01-20,WIN Securities,Fixed Income,USDMEP,9270.0,4.78,1041.5000266624,CAP
2025-01-20,WIN Securities,Fixed Income,USDMEP,184800.0,95.17,1041.5000266624,CAP
2025-01-20,WIN Securities,Fixed Income,USDMEP,9285.0,4.78,1041.5000266624,CAP
2025-01-20,WIN Securities,Fixed Income,USDMEP,315647.79,162.55,1041.5000266624,RDOLAR
2025-01-21,WIN Securities,Fixed Income,USDMEP,78922.5,40.64,1047.0000412518,RDOLAR
2025-01-21,WIN Securities,Fixed Income,USDMEP,271921.0,140.04,1047.0000412518,CAP
2025-01-22,Macro Securities / Banco Macro,Fixed Income,USDMEP,1402200.0,0.0,1047.0000412518,CAP
2025-01-22,WIN Securities,Fixed Income,USDMEP,598325.0,308.14,1047.0000412518,RDOLAR
2025-01-23,WIN Securities,Fixed Income,USDMEP,1400028.64,721.01,1047.0000412518,RDOLAR
2025-01-29,INVIU,Fixed Income,USDMEP,169182.5,0.0,1051.5000542048,CAP
2025-01-30,Allaria,Fixed Income,USDMEP,199579.0,0.0,1050.9999844452,CAP
2025-02-04,WIN Securities,Fixed Income,USDC,181530.74,93.49,1053.7499959167,RDOLAR
2025-02-07,WIN Securities,Fixed Income,ARS,426.96820300588985,0.21989558705399476,1053.499995628,RDOLAR
2025-02-13,Allaria,Fixed Income,USDMEP,998298.0,0.0,1056.7500118356,CAP
2025-02-14,Invertir en Bolsa (IEB),Fixed Income,USDMEP,997272.0,0.0,1055.9999966208,CAP
2025-02-14,Latin Securities,Fixed Income,USDMEP,485750.0,0.0,1055.9999966208,CAP
2025-02-18,WIN Securities,Fixed Income,USDMEP,96600.0,49.75,1058.2499952643,CAP
2025-02-19,Allaria,Fixed Income,USDMEP,97000.0,0.0,1058.5000144485,CAP
2025-02-21,WIN Securities,Fixed Income,USDMEP,636.62,0.33,1058.7500397031,CAP
2025-02-21,WIN Securities,Fixed Income,USDMEP,639.72,0.33,1058.7500397031,CAP
2025-02-21,WIN Securities,Fixed Income,USDMEP,482230.12,248.35,1058.7500397031,RDOLAR
2025-02-24,Criteria,Fixed Income,USDMEP,478595.37,478.6,1060.2499772576,RDOLAR
2025-02-24,Criteria,Fixed Income,USDMEP,457925.45,0.0,1060.2499772576,RDOLAR
2025-02-25,WIN Securities,Fixed Income,USDMEP,199738.98,102.87,1060.5000427382,RDOLAR
2025-02-27,Criteria,Fixed Income,USDMEP,445869.56,0.0,1061.749999708,RDOLAR
2025-02-28,Criteria,Fixed Income,ARS,215.99248048000018,0.0,1062.9999687478,RDOLAR
2025-03-05,WIN Securities,Fixed Income,USDMEP,199998.57,103.0,1063.4999890991,RDOLAR
2025-03-10,Allaria,Fixed Income,ARS,1022196.1439312435,0.0,1065.7499511887,RDOLAR
2025-03-11,WIN Securities,Fixed Income,ARS,276913.8158756516,142.61062208792669,1065.5000151834,RDOLAR
2025-03-21,BAVSA,Fixed Income,USDMEP,500661.0,0.0,1068.7500166992,RDOLAR
2025-03-27,WIN Securities,Fixed Income,USDMEP,684477.44,352.51,1071.2500170061,RDOLAR
2025-03-31,WIN Securities,Fixed Income,USDMEP,592301.81,305.03,1073.24995326,RDOLAR
2025-03-31,Banco Comafi,Fixed Income,USDMEP,1356600.0,0.0,1073.24995326,RDOLAR
2025-03-31,Banco Comafi,Fixed Income,USDMEP,969000.0,0.0,1073.24995326,RDOLAR
2025-04-01,WIN Securities,Fixed Income,USDMEP,452720.0,233.15,1072.5000372694,RDOLAR
2025-04-01,WIN Securities,Fixed Income,USDMEP,767816.45,395.43,1072.5000372694,RDOLAR
2025-04-07,WIN Securities,Fixed Income,USDMEP,199889.34,102.94,1075.49999188,RDOLAR
2025-04-07,WIN Securities,Fixed Income,USDMEP,82495.5,42.49,1075.49999188,RDOLAR
2025-04-08,WIN Securities,Fixed Income,USDMEP,82208.28,42.33,1075.750012909,RDOLAR
2025-04-09,WIN Securities,Fixed Income,USDMEP,38150.99,19.64,1076.4999627531,RDOLAR
2025-04-15,Allaria,Fixed Income,USDMEP,2333625.0,0.0,1199.5000004198,CAP
2025-04-21,WIN Securities,Fixed Income,ARS,458.3692958208001,0.23606033360000006,1093.9999789952,RDOLAR
2025-04-21,WIN Securities,Fixed Income,USDMEP,413555.6,212.98,1093.9999789952,RDOLAR
2025-04-21,WIN Securities,Fixed Income,USDMEP,138180.73,71.16,1093.9999789952,RDOLAR
2025-04-22,Allaria,Fixed Income,USDMEP,1512225.0,0.0,1104.0000017664,CAP
2025-04-22,Allaria,Fixed Income,USDMEP,1512640.0,0.0,1104.0000017664,CAP
2025-04-30,Allaria,Fixed Income,USDMEP,2265260.0,0.0,1169.99993799,CAP
2025-04-30,WIN Securities,Fixed Income,USDMEP,2526480.0,1301.14,1169.99993799,CAP
2025-04-30,WIN Securities,Fixed Income,USDC,724302.0,373.01,1169.99993799,RDOLAR
2025-05-05,WIN Securities,Fixed Income,ARS,67.2166639780001,0.03461666528200005,1200.000048,CAP
2025-05-05,Allaria,Fixed Income,USDMEP,24968.58,0.0,1200.000048,RDOLAR
2025-05-05,Allaria,Fixed Income,USDC,9041.0,0.0,1200.000048,RDOLAR
2025-05-05,WIN Securities,Fixed Income,USDC,1049336.75,540.41,1200.000048,RDOLAR
2025-05-06,WIN Securities,Fixed Income,ARS,1256.5346246953716,0.6471105233850013,1194.0000542076,CAP
2025-05-08,Latin Securities,Fixed Income,USDMEP,1279999.16,0.0,1113.9999605644,CAP
2025-05-09,Latin Securities,Fixed Income,USDMEP,100360.0,0.0,1135.9999872768,CAP
2025-05-09,Latin Securities,Fixed Income,USDMEP,100332.0,0.0,1135.9999872768,CAP
2025-05-09,Latin Securities,Fixed Income,USDMEP,100224.0,0.0,1135.9999872768,CAP
2025-05-16,BTG Pactual,Fixed Income,ARS,2237.8676670715054,0.0,1142.0000555012,CAP
2025-05-20,WIN Securities,Fixed Income,USDMEP,318686.91,164.12,1143.0000505206,RDOLAR
2025-05-20,WIN Securities,Fixed Income,USDMEP,84409.97,43.47,1143.0000505206,RDOLAR
2025-06-04,WIN Securities,Fixed Income,USDMEP,190900.0,98.31,1185.5000539995,RDOLAR
2025-06-06,WIN Securities,Fixed Income,ARS,717.3671255520019,0.0,1184.9999389725,CAP
2025-06-12,WIN Securities,Fixed Income,ARS,549.8396907640014,0.28316457154500074,1184.9999389725,CAP
2025-06-17,Allaria,Fixed Income,USDMEP,64549.8,0.0,1159.9999536,AHDOLARES
2025-06-17,Balanz Capital,Fixed Income,USDMEP,64585.8,0.0,1159.9999536,AHDOLARES
2025-06-17,Balanz Capital,Fixed Income,USDMEP,64551.95,0.0,1159.9999536,AHDOLARES
2025-07-08,Allaria,Fixed Income,USDMEP,330007.0,0.0,1255.0000771825,CAP
2025-07-08,Allaria,Fixed Income,ARS,3998.087403520015,0.0,1255.0000771825,CAP
2025-07-14,Balanz Capital,Fixed Income,ARS,793.1875,0.0,1280.0,CAP
2025-07-14,Balanz Capital,Fixed Income,USDMEP,150094.0,0.0,1280.0,CAP
2025-07-21,Invertir en Bolsa (IEB),Fixed Income,USDMEP,241676.0,0.0,1275.0000414375,CAP
2025-07-21,Invertir en Bolsa (IEB),Fixed Income,USDMEP,241552.0,0.0,1275.0000414375,CAP
2025-07-22,Latin Securities,Fixed Income,USDMEP,1205670.9,0.0,1256.5000317266,CAP
2025-07-31,Aldazabal,Fixed Income,USDMEP,141570.0,0.0,1374.000071448,AHDOLARES
2025-07-31,Aldazabal,Fixed Income,USDMEP,142450.0,0.0,1374.000071448,AHDOLARES
2025-08-01,Latin Securities,Fixed Income,USDMEP,139576.0,0.0,1364.0000556512,AHDOLARES
2025-08-12,Aldazabal,Fixed Income,USDMEP,9989.2,0.0,1317.4999700269,AHDOLARES
2025-08-12,Aldazabal,Fixed Income,USDMEP,9971.52,0.0,1317.4999700269,AHDOLARES
2025-08-12,Aldazabal,Fixed Income,USDMEP,9988.9,0.0,1317.4999700269,AHDOLARES
2025-08-25,Balanz Capital,Fixed Income,USDMEP,242555.25,0.0,1361.9999825664,CAP
2025-08-27,Grit Capital Group,Fixed Income,USDMEP,120390.65,0.0,1349.4999832662,CAP
2025-09-01,Grit Capital Group,Fixed Income,USDMEP,234549.0,0.0,1341.999969134,CAP
2025-09-04,Aldazabal,Fixed Income,USDMEP,40003.63,0.0,1362.4999148438,AHDOLARES
2025-09-04,Grit Capital Group,Fixed Income,USDMEP,40033.08,0.0,1362.4999148438,AHDOLARES
2025-09-04,Aldazabal,Fixed Income,USDMEP,40062.05,0.0,1362.4999148438,AHDOLARES
2025-09-05,Grit Capital Group,Fixed Income,USDMEP,181810.5,0.0,1354.999963415,CAP
2025-09-09,Grit Capital Group,Fixed Income,USDMEP,615212.5,0.0,1416.5000154399,CAP
2025-09-09,Grit Capital Group,Fixed Income,USDC,25000.47,0.0,1416.5000154399,CAP
2025-09-09,Grit Capital Group,Fixed Income,USDMEP,25087.85,0.0,1416.5000154399,CAP
2025-09-23,Aldazabal,Fixed Income,USDMEP,50856.0,0.0,1368.9999811078,CAP
2025-09-29,Grit Capital Group,Fixed Income,USDMEP,201822.5,0.0,1360.00003264,CAP
2025-09-30,Aldazabal,Fixed Income,USDMEP,355842.0,0.0,1379.99996412,CAP
2025-10-06,Max Capital,Fixed Income,USDMEP,302870.0,0.0,1429.99999857,CAP
2025-10-07,WIN Securities,Fixed Income,ARS,6583.611934075845,3.3905631554929414,1429.4999909227,CAP
2025-10-15,Aldazabal,Fixed Income,USDMEP,159720.0,0.0,1379.99996412,CAP
2025-10-16,Allaria,Fixed Income,USDMEP,149076.0,0.0,1401.9999248528,CAP
2025-10-16,Grit Capital Group,Fixed Income,USDMEP,150304.0,0.0,1401.9999248528,CAP
2025-10-20,Latin Securities,Fixed Income,USDMEP,139320.0,0.0,1475.0000036875,CAP
2025-10-23,Aldazabal,Fixed Income,USDMEP,42104.39,0.0,1479.0000480675,AHDOLARES
2025-10-23,Allaria,Fixed Income,USDMEP,31141.6,0.0,1479.0000480675,AHDOLARES
2025-10-23,Allaria,Fixed Income,USDMEP,31304.92,0.0,1479.0000480675,AHDOLARES
2025-10-24,BTG Pactual,Fixed Income,USDMEP,208609.94,0.0,1491.9999707568,AHDOLARES
2025-10-24,Aldazabal,Fixed Income,USDMEP,103008.0,0.0,1491.9999707568,AHDOLARES
2025-10-24,Aldazabal,Fixed Income,USDMEP,965000.0,0.0,1491.9999707568,CAP
2025-10-24,Allaria,Fixed Income,USDMEP,3608379.68,0.0,1491.9999707568,CAP
2025-10-27,Aldazabal,Fixed Income,USDMEP,107129.4,0.0,1435.0000236775,AHDOLARES
2025-10-27,Aldazabal,Fixed Income,USDMEP,206557.65,0.0,1435.0000236775,AHDOLARES
2025-10-29,Grit Capital Group,Fixed Income,USDMEP,29894.78,0.0,1436.0000620352,AHDOLARES
2025-10-29,Aldazabal,Fixed Income,USDMEP,30065.7,0.0,1436.0000620352,AHDOLARES
2025-10-29,Aldazabal,Fixed Income,USDMEP,30050.25,0.0,1436.0000620352,AHDOLARES
2025-11-10,Aldazabal,Fixed Income,USDMEP,1778400.0,0.0,1420.4999449556,CAP
2025-11-10,Allaria,Fixed Income,USDMEP,1778400.0,0.0,1420.4999449556,CAP
2025-11-11,WIN Securities,Fixed Income,ARS,88.57444905000169,0.04561774200000086,1420.4999449556,RDOLAR
2025-11-13,WIN Securities,Fixed Income,ARS,69.2532051120003,0.035668565640000156,1405.9999077664,RDOLAR
2025-11-13,Aldazabal,Fixed Income,USDMEP,82748.5,0.0,1405.9999077664,AHDOLARES
2025-11-13,Puente Hnos,Fixed Income,USDMEP,82861.0,0.0,1405.9999077664,AHDOLARES
2025-11-13,WIN Securities,Fixed Income,USDMEP,82792.15,42.64,1405.9999077664,AHDOLARES
2025-12-05,WIN Securities,Fixed Income,ARS,2125.0586408947206,1.0944041631270003,1435.0000236775,AHDOLARES
2025-12-11,WIN Securities,Fixed Income,ARS,996.7966143200018,0.513349559996001,1436.0000620352,CAP
2026-01-02,Latin Securities,Fixed Income,USDMEP,39993.75,0.0,1475.0000036875,AHDOLARES
2026-01-02,Aldazabal,Fixed Income,USDMEP,39975.0,0.0,1475.0000036875,AHDOLARES
2026-01-02,Alchemy Valores,Fixed Income,USDMEP,39770.0,0.0,1475.0000036875,AHDOLARES
2026-01-08,WIN Securities,Fixed Income,ARS,1369.9999813680004,0.7055532690930002,1464.0000199104,RDOLAR
2026-01-08,Invertir en Bolsa (IEB),Fixed Income,USDMEP,2460000.0,0.0,1464.0000199104,CAP
2026-01-09,WIN Securities,Fixed Income,ARS,611.0580592800025,0.31469626571700127,1464.9999069725,AHDOLARES
2026-01-12,WIN Securities,Fixed Income,ARS,101.39693279999656,0.052218057529998224,1467.5000110063,RDOLAR
2026-01-12,WIN Securities,Fixed Income,ARS,101.19931780999656,0.05212265718999823,1467.5000110063,RDOLAR
2026-01-12,WIN Securities,Fixed Income,ARS,99.51618323999662,0.051250425509998254,1467.5000110063,RDOLAR
2026-01-12,Invertir en Bolsa (IEB),Fixed Income,USDMEP,2459500.0,0.0,1467.5000110063,CAP
2026-01-13,WIN Securities,Fixed Income,ARS,100.27453698000001,0.051640357032,1456.9999962118,RDOLAR
2026-01-14,Invertir en Bolsa (IEB),Fixed Income,USDMEP,1674500.0,0.0,1453.0000964792,CAP
2026-01-15,Invertir en Bolsa (IEB),Fixed Income,USDMEP,1674500.0,0.0,1441.0000540375,CAP
2026-02-06,Aldazabal,Fixed Income,USDMEP,96106.5,0.0,1432.000045824,AHDOLARES
2026-02-06,Aldazabal,Fixed Income,USDMEP,96455.0,0.0,1432.000045824,AHDOLARES
2026-02-06,Aldazabal,Fixed Income,USDMEP,120179.7,0.0,1432.000045824,AHDOLARES
2026-02-23,Invertir en Bolsa (IEB),Fixed Income,USDMEP,1204800.0,0.0,1370.5000145958,CAP
2026-02-25,Invertir en Bolsa (IEB),Fixed Income,USDMEP,1204320.0,0.0,1398.9999668437,CAP
2026-03-05,Aldazabal,Fixed Income,USDMEP,77126.5,0.0,1406.9999089671,AHDOLARES
2026-03-05,Aldazabal,Fixed Income,USDMEP,77216.0,0.0,1406.9999089671,AHDOLARES
2026-03-18,Aldazabal,Fixed Income,USDMEP,1841399.8,0.0,1394.0000287164,CAP
2026-03-18,Comafi Bursátil,Fixed Income,USDMEP,1843199.05,0.0,1394.0000287164,CAP
2026-03-18,Grit Capital Group,Fixed Income,USDMEP,600348.0,0.0,1394.0000287164,CAP
2026-03-18,Aldazabal,Fixed Income,USDMEP,1841400.0,0.0,1394.0000287164,CAP
2026-03-18,Comafi Bursátil,Fixed Income,USDMEP,1843200.0,0.0,1394.0000287164,CAP
2026-03-18,Latin Securities,Fixed Income,USDMEP,633797.4,0.0,1394.0000287164,RDOLAR
2026-03-19,Allaria,Fixed Income,USDMEP,219243.0,0.0,1394.5000082973,AHDOLARES
2026-03-19,Grit Capital Group,Fixed Income,USDMEP,542049.28,0.0,1394.5000082973,AHDOLARES
2026-03-19,Allaria,Fixed Income,USDMEP,184590.0,0.0,1394.5000082973,AHDOLARES
2026-03-31,Aldazabal,Fixed Income,USDMEP,119676.2,0.0,1392.0000089088,AHDOLARES
2026-03-31,Allaria,Fixed Income,USDMEP,119340.0,0.0,1392.0000089088,AHDOLARES
2026-04-10,Aldazabal,Fixed Income,ARS,1897.7649445260004,0.0,1370.0000137,AHDOLARES
2026-04-21,Invertir en Bolsa (IEB),Fixed Income,USDMEP,352920.0,0.0,1375.4999254479,CAP
2026-04-22,Invertir en Bolsa (IEB),Fixed Income,USDMEP,1149960.0,0.0,1378.0000093704,CAP
2026-04-23,Max Capital,Fixed Income,USDMEP,1594670.0,0.0,1392.0000089088,CAP
2026-04-23,Invertir en Bolsa (IEB),Fixed Income,USDMEP,777600.0,0.0,1392.0000089088,CAP
2026-04-23,Invertir en Bolsa (IEB),Fixed Income,USDMEP,1149738.0,0.0,1392.0000089088,CAP
2026-04-23,Invertir en Bolsa (IEB),Fixed Income,USDMEP,777750.0,0.0,1392.0000089088,CAP
2026-04-23,Invertir en Bolsa (IEB),Fixed Income,USDMEP,352818.0,0.0,1392.0000089088,CAP
2026-04-28,Invertir en Bolsa (IEB),Fixed Income,USDMEP,2324250.0,0.0,1404.4999053367,CAP
2026-04-29,Invertir en Bolsa (IEB),Fixed Income,USDMEP,1358395.0,0.0,1391.500077437,CAP
2026-04-29,Invertir en Bolsa (IEB),Fixed Income,USDMEP,2323800.0,0.0,1391.500077437,CAP
2026-04-30,Invertir en Bolsa (IEB),Fixed Income,USDMEP,1358132.0,0.0,1390.9999244687,CAP
2026-07-08,WIN Securities,Fixed Income,ARS,335.75563978920013,0.17290994347000008,1488.000023808,AHDOLARES
2026-07-30,Aldazabal,Fixed Income,USDMEP,307650.0,0.0,1488.000023808,CAP
2026-07-30,Aldazabal,Fixed Income,USDMEP,307680.0,0.0,1488.000023808,AHDOLARES
2025-08-07,WIN Securities,Renta Variable,ARS,19965.62559927601,41.069290394664016,1326.0000228072,MULTI
2025-08-08,WIN Securities,Renta Variable,ARS,130553.33108781604,268.54820050917607,1326.0000228072,MULTI
2025-08-22,WIN Securities,Renta Variable,ARS,76006.05892920011,156.34446473136924,1320.9999494057,MULTI
2025-08-22,WIN Securities,Renta Variable,ARS,150578.68858321224,327.9603834919955,1320.9999494057,MULTI
2025-11-12,Allaria,Renta Variable,ARS,144676.232815452,262.58736638440797,1411.9999949168,RETORNO TOTAL
2025-11-12,Allaria,Renta Variable,ARS,145445.0123366332,263.982706332774,1411.9999949168,RETORNO TOTAL
2025-11-25,WIN Securities,Renta Variable,ARS,257220.97213630952,466.8560711631532,1447.4999721356,RMIXTA
2026-02-03,WIN Securities,Renta Variable,ARS,201677.91591301243,366.04541862693077,1446.0000673836,RMIXTA
2026-02-05,WIN Securities,Renta Variable,ARS,272471.57669520035,494.53591170178856,1441.9999501068,RMIXTA
2026-02-26,WIN Securities,Renta Variable,ARS,312388.05887070147,566.9843257494708,1407.9999459328,RMIXTA
2026-02-26,WIN Securities,Renta Variable,ARS,94459.69112725214,171.44433896982625,1407.9999459328,RETORNO TOTAL
2026-02-26,WIN Securities,Renta Variable,ARS,46873.04867492506,85.07458423277312,1407.9999459328,RETORNO TOTAL
2026-02-26,WIN Securities,Renta Variable,ARS,94453.70391111313,171.43346538986324,1407.9999459328,RETORNO TOTAL
2026-03-18,WIN Securities,Renta Variable,ARS,14344.397122009006,26.03508554689101,1394.0000287164,RETORNO TOTAL
2026-04-16,WIN Securities,Renta Variable,ARS,474669.1591189805,861.524521518181,1358.000046172,RMIXTA
2026-04-20,WIN Securities,Renta Variable,ARS,484474.8645791601,879.3218803005002,1377.0000236844,RMIXTA
2026-05-06,WIN Securities,Renta Variable,ARS,80157.92561712,145.48663643599502,1387.9999905616,RETORNO TOTAL
2026-05-06,WIN Securities,Renta Variable,ARS,80161.340602734,145.492839606066,1387.9999905616,RETORNO TOTAL
2026-06-10,WIN Securities,Renta Variable,ARS,100293.29443224383,182.0323265323933,1432.4999573831,RETORNO TOTAL
2026-06-23,WIN Securities,Renta Variable,ARS,625150.4400141466,1134.6480497809598,1471.4999160509,RVARIABLE
2026-06-24,WIN Securities,Renta Variable,ARS,74300.20042500008,134.85486377137514,1479.0000480675,RVARIABLE
2026-07-02,WIN Securities S.A. - ROFEX,Renta Variable,ARS,268665.3048411401,487.62752580011016,1488.000023808,RMIXTA
2025-01-06,Option Securities,Fixed Income,ARS,134988.4093068001,0.0,1034.99997309,GEST
2025-01-06,Option Securities,Fixed Income,ARS,171131.5731160876,0.0,1034.99997309,GEST
2025-01-06,Option Securities,Fixed Income,ARS,302994.96074743423,0.0,1034.99997309,GEST
2025-01-06,Option Securities,Fixed Income,ARS,134846.3803176001,0.0,1034.99997309,GEST
2025-01-06,Option Securities,Fixed Income,ARS,47079.49022889767,0.0,1034.99997309,GEST
2025-01-06,Option Securities,Fixed Income,ARS,128374.82577252809,0.0,1034.99997309,GEST
2025-01-06,Option Securities,Fixed Income,ARS,134407.61702116812,0.0,1034.99997309,GEST
2025-01-06,Option Securities,Fixed Income,ARS,192342.03398640014,0.0,1034.99997309,GEST
2025-01-06,Option Securities,Fixed Income,ARS,47128.69105143293,0.0,1034.99997309,GEST
2025-01-06,Option Securities,Fixed Income,ARS,303309.4784947421,0.0,1034.99997309,GEST
2025-01-06,Option Securities,Fixed Income,ARS,192543.00017520014,0.0,1034.99997309,GEST
2025-01-06,Option Securities,Fixed Income,ARS,134548.27615526,0.0,1034.99997309,GEST
2025-01-06,Option Securities,Fixed Income,ARS,128508.08264555798,0.0,1034.99997309,GEST
2025-01-06,Option Securities,Fixed Income,ARS,171309.9493429476,0.0,1034.99997309,GEST
2025-01-13,INVIU,Fixed Income,ARS,92140.45577999571,0.0,1039.4999589398,RCAP
2025-01-31,Allaria,Fixed Income,ARS,47105.641071467566,0.0,1051.5000542048,GEST
2025-01-31,Allaria,Fixed Income,ARS,146565.7044654639,0.0,1051.5000542048,GEST
2025-01-31,Allaria,Fixed Income,ARS,306141.2973330216,0.0,1051.5000542048,GEST
2025-02-03,Option Securities,Fixed Income,ARS,135822.58652868742,0.0,1053.7499959167,GEST
2025-02-03,Allaria,Fixed Income,ARS,127979.13581264741,0.0,1053.7499959167,GEST
2025-02-03,Allaria,Fixed Income,ARS,190727.9722693234,0.0,1053.7499959167,GEST
2025-02-03,Allaria,Fixed Income,ARS,129685.30430324459,0.0,1053.7499959167,GEST
2025-02-03,Allaria,Fixed Income,ARS,134538.5533090024,0.0,1053.7499959167,GEST
2025-03-31,Allaria,Fixed Income,ARS,49794.729398933756,0.0,1073.24995326,GEST
2025-03-31,Allaria,Fixed Income,ARS,129885.8663599957,0.0,1073.24995326,GEST
2025-03-31,Allaria,Fixed Income,ARS,138867.93057599541,0.0,1073.24995326,GEST
2026-06-22,PP Inversiones (PPI),Licitaciones,USDMEP,415859.0,0.0,1461.5000690559,CAP
2025-01-02,Allaria,Fixed Income,ARS,735821.5821000197,0.0,1031.5000517297,GEST
2025-01-02,Allaria,Fixed Income,ARS,247212.7845000066,0.0,1031.5000517297,GEST
2025-01-02,Allaria,Fixed Income,ARS,194474.0571400052,0.0,1031.5000517297,GEST
2025-01-02,Allaria,Fixed Income,ARS,195055.7342800052,0.0,1031.5000517297,GEST
2025-01-02,Allaria,Fixed Income,ARS,247939.8809250066,0.0,1031.5000517297,GEST
2025-01-02,Allaria,Fixed Income,ARS,738002.8713750197,0.0,1031.5000517297,GEST
2025-01-13,BAVSA,Fixed Income,ARS,294083.7056999863,0.0,1039.4999589398,GEST
2025-01-17,Cocos Capital,Fixed Income,ARS,249879.97440000018,0.0,1041.5000266624,GEST
2025-02-21,Banco Hipotecario BYMA,Fixed Income,ARS,472255.0000000119,0.0,1058.7500397031,GEST
2025-03-14,Banco Hipotecario BYMA,Fixed Income,ARS,480187.5967999787,0.0,1066.2499477538,GEST
2025-03-14,Banco Hipotecario BYMA,Fixed Income,ARS,761852.3233799662,0.0,1066.2499477538,GEST
2025-11-20,Alchemy Valores,Fixed Income,ARS,126315.79191578952,0.0,1424.9999715,INC
2025-11-26,Alchemy Valores,Fixed Income,ARS,76050.9120299987,0.0,1453.4999916424,BALANCEADO
2025-11-26,Alchemy Valores,Fixed Income,ARS,76050.9120299987,0.0,1453.4999916424,INC
2025-11-26,Alchemy Valores,Fixed Income,ARS,112476.78083249807,0.0,1453.4999916424,INC
2025-11-28,Alchemy Valores,Fixed Income,ARS,362004.8366249943,0.0,1451.4999437544,RCAP
2025-11-28,Alchemy Valores,Fixed Income,ARS,345849.1349999946,0.0,1451.4999437544,RCAP
2025-11-28,Alchemy Valores,Fixed Income,ARS,217202.90197499658,0.0,1451.4999437544,RCAP
2025-12-01,Alchemy Valores,Fixed Income,ARS,253716.854474996,0.0,1451.4999437544,RCAP
2025-12-01,Alchemy Valores,Fixed Income,ARS,217471.5895499966,0.0,1451.4999437544,BALANCEADO
2025-12-02,Alchemy Valores,Fixed Income,ARS,206159.37443388024,0.0,1455.00004947,BALANCEADO
2025-12-02,Alchemy Valores,Fixed Income,ARS,173723.7054336002,0.0,1455.00004947,INC
2025-12-02,Comafi Bursátil,Fixed Income,ARS,361718.2007600004,0.0,1455.00004947,INC
2025-12-02,Alchemy Valores,Fixed Income,ARS,43430.92635840005,0.0,1455.00004947,BALANCEADO
2025-12-02,INVIU,Fixed Income,ARS,175876.2826800002,0.0,1455.00004947,RCAP
2025-12-02,Alchemy Valores,Fixed Income,ARS,246108.58269760027,0.0,1455.00004947,RCAP
2025-12-02,Comafi Bursátil,Fixed Income,ARS,325546.3806840004,0.0,1455.00004947,RCAP
2025-12-03,Banco Galicia,Fixed Income,ARS,38540.94720000017,0.0,1453.0000964792,BALANCEADO
2025-12-03,INVIU,Fixed Income,ARS,384480.3598800017,0.0,1453.0000964792,INC
2025-12-03,Banco Galicia,Fixed Income,ARS,115622.84160000051,0.0,1453.0000964792,INC
2025-12-03,Banco Galicia,Fixed Income,ARS,173520.29130000077,0.0,1453.0000964792,INC
2025-12-03,Banco Galicia,Fixed Income,ARS,138122.15187480062,0.0,1453.0000964792,BALANCEADO
2025-12-04,BAVSA,Fixed Income,ARS,219286.7113200003,0.0,1443.9999491712,RCAP
2025-12-15,Banco Galicia,Fixed Income,ARS,194646.5701828029,0.0,1438.4999552627,BALANCEADO
2025-12-18,Banco Galicia,Fixed Income,ARS,23429.91122432003,0.0,1450.9999493601,BALANCEADO
2025-12-18,PP Inversiones (PPI),Licitaciones,ARS,206753.97000000026,0.0,1450.9999493601,PERF
2025-12-29,Allaria,Fixed Income,ARS,54849.368893466286,0.0,1456.9999962118,RBALANCEADO
2025-12-29,Allaria,Fixed Income,ARS,73041.1782544232,0.0,1456.9999962118,RBALANCEADO
2025-12-29,Allaria,Fixed Income,ARS,84710.43380981473,0.0,1456.9999962118,RBALANCEADO
2025-12-29,Allaria,Fixed Income,ARS,103759.83832056487,0.0,1456.9999962118,RBALANCEADO
2025-12-29,Allaria,Fixed Income,ARS,13590.90477109476,0.0,1456.9999962118,BALANCEADO
2025-12-29,Allaria,Fixed Income,ARS,103750.20058546776,0.0,1456.9999962118,BALANCEADO
2025-12-29,Allaria,Fixed Income,ARS,84702.50583450243,0.0,1456.9999962118,BALANCEADO
2025-12-29,Allaria,Fixed Income,ARS,73033.97285289451,0.0,1456.9999962118,BALANCEADO
2025-12-29,Allaria,Fixed Income,ARS,54844.03905131104,0.0,1456.9999962118,BALANCEADO
2025-12-29,Allaria,Fixed Income,ARS,13592.242588531319,0.0,1456.9999962118,RBALANCEADO
2026-01-12,INVIU,Fixed Income,ARS,136780.23747499535,0.0,1467.5000110063,RCAP
2026-01-16,PP Inversiones (PPI),Licitaciones,ARS,34965.035,0.0,1429.99999857,PyMES
2026-01-16,PP Inversiones (PPI),Licitaciones,ARS,104895.10500000001,0.0,1429.99999857,PERF
2026-02-02,BAVSA,Fixed Income,ARS,109734.66957750014,0.0,1450.9999493601,RCAP
2026-02-02,INVIU,Fixed Income,ARS,108856.99897485014,0.0,1450.9999493601,RCAP
2026-02-02,BAVSA,Fixed Income,ARS,73156.44638500009,0.0,1450.9999493601,BALANCEADO
2026-02-02,BAVSA,Fixed Income,ARS,182891.11596250025,0.0,1450.9999493601,INC
2026-02-02,INVIU,Fixed Income,ARS,145142.6652998002,0.0,1450.9999493601,INC
2026-02-02,INVIU,Fixed Income,ARS,108856.99897485014,0.0,1450.9999493601,BALANCEADO
2026-02-09,INVIU,Fixed Income,ARS,226461.86784900006,0.0,1415.9999784768,INC
2026-02-09,INVIU,Fixed Income,ARS,226461.86784900006,0.0,1415.9999784768,RCAP
2026-02-23,INVIU,Fixed Income,ARS,413352.7865500076,0.0,1370.5000145958,RCAP
2026-02-23,INVIU,Fixed Income,ARS,338197.7344500062,0.0,1370.5000145958,INC
2026-02-26,INVIU,Fixed Income,ARS,337011.73169125046,0.0,1407.9999459328,INC
2026-02-26,INVIU,Fixed Income,ARS,118945.31706750017,0.0,1407.9999459328,BALANCEADO
2026-02-26,INVIU,Fixed Income,ARS,337011.73169125046,0.0,1407.9999459328,RCAP
2026-03-04,BAVSA,Fixed Income,ARS,80114.24512550661,0.0,1400.5000065123,RCAP
2026-03-04,BAVSA,Fixed Income,ARS,71403.06990003698,0.0,1400.5000065123,BALANCEADO
2026-03-04,BAVSA,Fixed Income,ARS,357015.3495144655,0.0,1400.5000065123,INC
2026-03-05,Allaria,Fixed Income,ARS,32453.093784150136,0.0,1406.9999089671,INC
2026-03-05,BAVSA,Fixed Income,ARS,285003.5727538747,0.0,1406.9999089671,INC
2026-03-05,BAVSA,Fixed Income,ARS,87612.33530604474,0.0,1406.9999089671,BALANCEADO
2026-03-05,Allaria,Fixed Income,ARS,32449.895489700135,0.0,1406.9999089671,BALANCEADO
2026-03-05,BAVSA,Fixed Income,ARS,263620.0052935988,0.0,1406.9999089671,RCAP
2026-03-10,BAVSA,Fixed Income,ARS,289428.5656400001,0.0,1400.000028,RCAP
2026-03-10,BAVSA,Fixed Income,ARS,72357.14141000003,0.0,1400.000028,BALANCEADO
2026-03-20,PP Inversiones (PPI),Licitaciones,ARS,143833.1599999951,0.0,1390.4999375666,MULTI
2026-03-20,PP Inversiones (PPI),Licitaciones,ARS,107874.86999999634,0.0,1390.4999375666,PERF
2026-03-20,PP Inversiones (PPI),Licitaciones,ARS,35958.28999999878,0.0,1390.4999375666,PyMES
2026-03-26,BAVSA,Fixed Income,ARS,54824.56447368441,0.0,1367.9999102592,RCAP
2026-03-26,BAVSA,Fixed Income,ARS,192321.65117624184,0.0,1367.9999102592,INC
2026-03-26,BAVSA,Fixed Income,ARS,38742.69198596504,0.0,1367.9999102592,BALANCEADO
2026-03-27,Allaria,Fixed Income,ARS,145628.93196359737,0.0,1382.5000107144,MULTI
2026-04-06,INVIU,Fixed Income,ARS,159802.44306048003,0.0,1392.9999800801,RCAP
2026-04-06,INVIU,Fixed Income,ARS,44490.45289752001,0.0,1392.9999800801,BALANCEADO
2026-04-06,INVIU,Fixed Income,ARS,113496.05331000003,0.0,1392.9999800801,INC
2026-04-21,PP Inversiones (PPI),Licitaciones,ARS,727008.4000000021,0.0,1375.4999254479,GEST
2026-04-22,Criteria,Fixed Income,ARS,253991.29,0.0,1378.0000093704,GEST
2026-06-23,Banco Santander,Licitaciones,ARS,203873.61000000412,0.0,1471.4999160509,PERF
2026-06-25,Aldazabal,Fixed Income,ARS,20404.83501491404,0.0,1476.9999354551,RCAP
2026-06-25,Aldazabal,Fixed Income,ARS,20404.83501491404,0.0,1476.9999354551,INC
2026-06-25,Aldazabal,Fixed Income,ARS,20402.844493500037,0.0,1476.9999354551,BALANCEADO
2025-01-02,Allaria,Fixed Income,ARS,548157.9948075146,0.0,1031.5000517297,GEST
2025-01-02,Allaria,Fixed Income,ARS,107319.43233000286,0.0,1031.5000517297,GEST
2025-01-02,Allaria,Fixed Income,ARS,79907.89710750213,0.0,1031.5000517297,GEST
2025-01-02,Allaria,Fixed Income,ARS,546631.0923150146,0.0,1031.5000517297,GEST
2025-01-02,Allaria,Fixed Income,ARS,107028.59376000286,0.0,1031.5000517297,GEST
2025-01-02,Allaria,Fixed Income,ARS,79689.76818000212,0.0,1031.5000517297,GEST
2025-01-06,Option Securities,Fixed Income,ARS,201628.02456600015,0.0,1034.99997309,GEST
2025-01-06,Option Securities,Fixed Income,ARS,25635.85380662882,0.0,1034.99997309,GEST
2025-01-06,Option Securities,Fixed Income,ARS,25609.289554730418,0.0,1034.99997309,GEST
2025-01-06,Option Securities,Fixed Income,ARS,201417.87963300015,0.0,1034.99997309,GEST
2025-01-20,Allaria,Fixed Income,ARS,522803.63520000037,0.0,1041.5000266624,GEST
2025-01-27,Allaria,Fixed Income,ARS,381166.9910058342,0.0,1049.4999814763,GEST
2025-01-27,Allaria,Fixed Income,ARS,260004.76876250625,0.0,1049.4999814763,GEST
2025-01-31,Allaria,Fixed Income,ARS,198747.35234135948,0.0,1051.5000542048,GEST
2025-01-31,Allaria,Fixed Income,ARS,8692.248719770228,0.0,1051.5000542048,GEST
2025-01-31,Allaria,Fixed Income,ARS,25980.108028296185,0.0,1051.5000542048,GEST
2025-02-03,Allaria,Fixed Income,ARS,172172.24266005305,0.0,1053.7499959167,GEST
2025-03-12,Allaria,Fixed Income,ARS,512068.9889699771,0.0,1065.7499511887,GEST
2025-03-12,Allaria,Fixed Income,ARS,98944.40987999557,0.0,1065.7499511887,GEST
2025-03-18,Allaria,Fixed Income,ARS,1086078.5251377602,0.0,1067.9999863296,GEST
2025-03-28,Allaria,Fixed Income,ARS,1036392.1390368004,0.0,1071.0000184212,GEST
2025-03-28,Allaria,Fixed Income,ARS,93464.98438680003,0.0,1071.0000184212,GEST
2025-03-28,Allaria,Fixed Income,ARS,198993.46062960007,0.0,1071.0000184212,GEST
2025-03-28,Allaria,Fixed Income,ARS,74591.73541170002,0.0,1071.0000184212,GEST
2025-04-01,Allaria,Fixed Income,ARS,186480.17999999586,0.0,1072.5000372694,GEST
2025-04-01,Allaria,Fixed Income,ARS,198135.1912499956,0.0,1072.5000372694,GEST
2025-04-01,Allaria,Fixed Income,ARS,149230.7640449967,0.0,1072.5000372694,GEST
2025-04-30,Allaria,Fixed Income,ARS,4368696.812737512,0.0,1169.99993799,GEST
2026-01-30,INVIU,Fixed Income,ARS,207323.15031099998,0.0,1447.000007235,INC
2026-01-30,INVIU,Fixed Income,ARS,69084.52626135,0.0,1447.000007235,BALANCEADO
2026-01-30,INVIU,Fixed Income,ARS,103661.57515549999,0.0,1447.000007235,RCAP
2026-06-08,BAVSA,Fixed Income,ARS,207397.17000000368,0.0,1446.4999691172,RCAP
2025-01-02,Cocos Capital,Fixed Income,USDMEP,211300.0,0.0,1031.5000517297,CAP
2025-01-02,WIN Securities,Fixed Income,USDMEP,4378.28,6.88,1031.5000517297,RDOLAR
2025-01-02,WIN Securities,Fixed Income,USDMEP,991.3,1.46,1031.5000517297,RDOLAR
2025-01-06,Option Securities,Fixed Income,ARS,559782.6232500004,0.0,1034.99997309,GEST
2025-01-06,WIN Securities,Fixed Income,USDMEP,46345.7,72.9,1034.99997309,CAP
2025-01-06,Option Securities,Fixed Income,ARS,57600.91732371081,0.0,1034.99997309,GEST
2025-01-06,Option Securities,Fixed Income,ARS,57660.93703541625,0.0,1034.99997309,GEST
2025-01-06,Option Securities,Fixed Income,ARS,560367.1643280004,0.0,1034.99997309,GEST
2025-01-06,WIN Securities,Fixed Income,USDMEP,62521.73,98.35,1034.99997309,RDOLAR
2025-01-07,WIN Securities,Fixed Income,USDMEP,55017.21,86.54,1035.5000481508,RDOLAR
2025-01-07,WIN Securities,Fixed Income,USDMEP,11005.0,17.3,1035.5000481508,RDOLAR
2025-01-07,BAVSA,Fixed Income,USDMEP,69931.5,0.0,1035.5000481508,RDOLAR
2025-01-08,WIN Securities,Fixed Income,USDMEP,21060.0,33.13,1035.5000481508,RDOLAR
2025-01-08,Invertir en Bolsa (IEB),Fixed Income,USDMEP,11176.0,37.86,1035.5000481508,RDOLAR
2025-01-08,Cocos Capital,Fixed Income,USDMEP,152985.0,0.0,1035.5000481508,CAP
2025-01-09,WIN Securities,Fixed Income,USDMEP,42518.41,66.88,1036.9999508462,RDOLAR
2025-01-10,WIN Securities,Fixed Income,USDMEP,70942.38,111.59,1036.9999508462,RDOLAR
2025-01-10,Cocos Capital,Fixed Income,USDMEP,203980.0,0.0,1036.9999508462,CAP
2025-01-10,Allaria,Fixed Income,ARS,229508.20760000055,0.0,1036.9999508462,RDOLAR
2025-01-13,WIN Securities,Fixed Income,USDMEP,10745.02,16.9,1039.4999589398,RDOLAR
2025-01-13,WIN Securities,Fixed Income,USDMEP,32045.0,50.41,1039.4999589398,RDOLAR
2025-01-14,Allaria,Fixed Income,ARS,58835.1888918691,0.0,1039.9999584,RDOLAR
2025-01-14,Allaria,Fixed Income,ARS,95982.81633931266,0.0,1039.9999584,RDOLAR
2025-01-14,Allaria,Fixed Income,ARS,137538.46704000022,0.0,1039.9999584,RDOLAR
2025-01-14,Allaria,Fixed Income,ARS,229807.70150000037,0.0,1039.9999584,RDOLAR
2025-01-14,Allaria,Fixed Income,ARS,574519.253750001,0.0,1039.9999584,RDOLAR
2025-01-15,WIN Securities,Fixed Income,USDMEP,25127.57,39.52,1040.9999929212,RDOLAR
2025-01-16,Latin Securities,Fixed Income,USDC,197122.0,0.0,1041.5000266624,RDOLAR
2025-01-17,BAVSA,Fixed Income,USDMEP,100000.0,0.0,1041.5000266624,RDOLAR
2025-01-17,Banco Industrial,Fixed Income,USDMEP,50000.0,0.0,1041.5000266624,CAP
2025-01-17,Banco Santander,Fixed Income,USDMEP,50000.0,0.0,1041.5000266624,CAP
2025-01-20,WIN Securities,Fixed Income,USDMEP,104200.0,155.1,1041.5000266624,RDOLAR
2025-01-20,WIN Securities,Fixed Income,ARS,119876.90523648009,188.56637059276815,1041.5000266624,RDOLAR
2025-01-20,TPCG,Fixed Income,USDMEP,202280.0,0.0,1041.5000266624,RDOLAR
2025-01-20,WIN Securities,Fixed Income,USDMEP,203840.93,320.64,1041.5000266624,RDOLAR
2025-01-22,TPCG,Fixed Income,USDMEP,214180.0,0.0,1047.0000412518,RDOLAR
2025-01-22,WIN Securities,Fixed Income,USDMEP,104000.0,163.59,1047.0000412518,RDOLAR
2025-01-23,WIN Securities,Fixed Income,USDMEP,20842.2,32.78,1047.0000412518,RDOLAR
2025-01-23,Latin Securities,Fixed Income,USDC,310410.0,0.0,1047.0000412518,CAP
2025-01-23,WIN Securities,Fixed Income,USDMEP,39165.97,61.6,1047.0000412518,RDOLAR
2025-01-24,WIN Securities,Fixed Income,USDMEP,52070.0,81.92,1046.0000487436,RDOLAR
2025-01-24,WIN Securities,Fixed Income,USDMEP,28603.78,44.99,1046.0000487436,RDOLAR
2025-01-24,TPCG,Fixed Income,USDMEP,202660.0,0.0,1046.0000487436,RDOLAR
2025-01-24,TPCG,Fixed Income,USDMEP,365801.3,0.0,1046.0000487436,RDOLAR
2025-01-24,WIN Securities,Fixed Income,USDMEP,100200.47,150.25,1046.0000487436,RDOLAR
2025-01-27,Latin Securities,Fixed Income,USDC,426720.0,0.0,1049.4999814763,CAP
2025-01-27,TPCG,Fixed Income,USDMEP,10859.8,17.09,1049.4999814763,RDOLAR
2025-01-27,Alynk BYMA,Fixed Income,USDC,502635.0,0.0,1049.4999814763,CAP
2025-01-27,Banco Santander,Fixed Income,USDMEP,500000.0,0.0,1049.4999814763,CAP
2025-01-28,WIN Securities,Fixed Income,USDMEP,203096.0,0.0,1050.4999486831,RDOLAR
2025-01-28,Latin Securities,Fixed Income,USDC,151220.5,0.0,1050.4999486831,CAP
2025-01-29,Latin Securities,Fixed Income,USDC,109693.5,0.0,1051.5000542048,CAP
2025-01-29,Cocos Capital,Fixed Income,USDMEP,209600.0,0.0,1051.5000542048,CAP
2025-01-29,WIN Securities,Fixed Income,USDMEP,39275.6,61.78,1051.5000542048,CAP
2025-01-30,Option Securities,Fixed Income,USDMEP,100000.0,0.0,1050.9999844452,RDOLAR
2025-01-30,WIN Securities,Fixed Income,USDMEP,37055.93,58.29,1050.9999844452,RDOLAR
2025-01-31,WIN Securities,Fixed Income,USDMEP,3264.0,5.13,1051.5000542048,RDOLAR
2025-01-31,WIN Securities,Fixed Income,USDMEP,2063.43,3.09,1051.5000542048,RDOLAR
2025-01-31,WIN Securities,Fixed Income,USDMEP,100937.5,151.1,1051.5000542048,RDOLAR
2025-01-31,WIN Securities,Fixed Income,USDMEP,23506.0,36.97,1051.5000542048,CAP
2025-01-31,WIN Securities,Fixed Income,USDMEP,33408.61,52.55,1051.5000542048,RDOLAR
2025-01-31,WIN Securities,Fixed Income,USDMEP,13879.84,21.83,1051.5000542048,RDOLAR
2025-02-03,WIN Securities,Fixed Income,USDMEP,27742.0,43.63,1053.7499959167,RDOLAR
2025-02-03,Latin Securities,Fixed Income,USDC,203020.0,0.0,1053.7499959167,CAP
2025-02-03,WIN Securities,Fixed Income,USDMEP,6709.76,10.04,1053.7499959167,RDOLAR
2025-02-04,WIN Securities,Fixed Income,USDMEP,8155.39,12.83,1053.7499959167,RDOLAR
2025-02-05,WIN Securities,Fixed Income,USDMEP,1865.04,2.93,1054.0000037944,RDOLAR
2025-02-07,WIN Securities,Fixed Income,USDMEP,4041.04,6.35,1053.499995628,RDOLAR
2025-02-07,WIN Securities,Fixed Income,USDMEP,84293.0,132.59,1053.499995628,RDOLAR
2025-02-07,Banco Supervielle,Fixed Income,USDMEP,100000.0,0.0,1053.499995628,RDOLAR
2025-02-07,WIN Securities,Fixed Income,USDMEP,42803.66,67.32,1053.499995628,RDOLAR
2025-02-10,WIN Securities,Fixed Income,USDMEP,10644.03,16.75,1055.4999834814,RDOLAR
2025-02-10,WIN Securities,Fixed Income,USDMEP,2934.17,4.62,1055.4999834814,CAP
2025-02-10,Macro Securities / Banco Macro,Fixed Income,USDMEP,360150.0,0.0,1055.4999834814,CAP
2025-02-11,Cocos Capital,Fixed Income,USDMEP,256625.0,0.0,1055.7500423092,CAP
2025-02-11,Banco Galicia,Fixed Income,USDC,284650.0,0.0,1055.7500423092,CAP
2025-02-11,Banco Mariva,Fixed Income,USDC,10351.0,0.0,1055.7500423092,CAP
2025-02-19,WIN Securities,Fixed Income,USDMEP,12907.36,20.3,1058.5000144485,RDOLAR
2025-02-20,WIN Securities,Fixed Income,USDMEP,21221.8,33.38,1058.7500397031,RDOLAR
2025-02-20,Macro Securities / Banco Macro,Fixed Income,USDC,100034.8,0.0,1058.7500397031,CAP
2025-02-20,Macro Securities / Banco Macro,Fixed Income,USDC,106167.6,0.0,1058.7500397031,CAP
2025-02-21,WIN Securities,Fixed Income,USDMEP,19503.89,30.67,1058.7500397031,RDOLAR
2025-02-24,WIN Securities,Fixed Income,USDMEP,1625.33,2.55,1060.2499772576,RDOLAR
2025-02-25,Allaria,Fixed Income,USDMEP,497916.88,0.0,1060.5000427382,RDOLAR
2025-02-25,WIN Securities,Fixed Income,USDMEP,32082.5,50.47,1060.5000427382,RDOLAR
2025-02-25,WIN Securities,Fixed Income,USDMEP,17202.68,27.06,1060.5000427382,RDOLAR
2025-02-26,Allaria,Fixed Income,USDMEP,100230.0,0.0,1060.9999648809,RDOLAR
2025-02-27,Criteria,Fixed Income,USDMEP,119748.28,0.0,1061.749999708,RDOLAR
2025-02-27,Petrini Valores,Fixed Income,USDMEP,50000.0,0.0,1061.749999708,CAP
2025-02-27,PP Inversiones (PPI),Fixed Income,USDMEP,50000.0,0.0,1061.749999708,CAP
2025-02-27,BAVSA,Fixed Income,USDMEP,250000.0,0.0,1061.749999708,RDOLAR
2025-02-28,Criteria,Fixed Income,USDMEP,64554.09,0.0,1062.9999687478,RDOLAR
2025-02-28,Criteria,Fixed Income,USDMEP,20309.67,0.0,1062.9999687478,RDOLAR
2025-02-28,Criteria,Fixed Income,USDMEP,5014.0,0.0,1062.9999687478,RDOLAR
2025-03-05,Allaria,Fixed Income,USDMEP,9700.0,0.0,1063.4999890991,RDOLAR
2025-03-06,Allaria,Fixed Income,USDMEP,16099.29,0.0,1063.4999890991,RDOLAR
2025-03-06,WIN Securities,Fixed Income,USDMEP,1.02,0.0,1063.4999890991,RDOLAR
2025-03-07,Petrini Valores,Fixed Income,USDC,50000.0,0.0,1065.0000410025,CAP
2025-03-07,PP Inversiones (PPI),Fixed Income,USDC,50000.0,0.0,1065.0000410025,CAP
2025-03-07,BAVSA,Fixed Income,USDC,500000.0,0.0,1065.0000410025,RDOLAR
2025-03-10,Allaria,Fixed Income,ARS,61840.00564718843,0.0,1065.7499511887,RDOLAR
2025-03-10,Allaria,Fixed Income,ARS,94452.1669813118,0.0,1065.7499511887,RDOLAR
2025-03-10,Allaria,Fixed Income,ARS,37237.44012911833,0.0,1065.7499511887,RDOLAR
2025-03-10,Allaria,Fixed Income,ARS,15617.237478111812,0.0,1065.7499511887,RDOLAR
2025-03-10,Allaria,Fixed Income,USDC,2500.0,0.0,1065.7499511887,RDOLAR
2025-03-10,Allaria,Fixed Income,ARS,319256.630301038,0.0,1065.7499511887,RDOLAR
2025-03-10,Allaria,Fixed Income,ARS,249875.98337018213,0.0,1065.7499511887,RDOLAR
2025-03-10,Allaria,Fixed Income,ARS,249834.80646939875,0.0,1065.7499511887,RDOLAR
2025-03-11,Allaria,Fixed Income,ARS,272414.1965028872,0.0,1065.5000151834,RDOLAR
2025-03-11,Option Securities,Fixed Income,USDMEP,2502.5,0.0,1065.5000151834,GEST
2025-03-11,Option Securities,Fixed Income,USDC,15015.0,0.0,1065.5000151834,GEST
2025-03-11,Option Securities,Fixed Income,USDMEP,2502.5,0.0,1065.5000151834,RDOLAR
2025-03-11,Option Securities,Fixed Income,USDC,15015.0,0.0,1065.5000151834,RDOLAR
2025-03-12,Allaria,Fixed Income,ARS,20246.224244189096,0.0,1065.7499511887,GEST
2025-03-17,WIN Securities,Fixed Income,USDMEP,42758.72,62.25,1067.7500200737,CAP
2025-03-17,Alynk BYMA,Fixed Income,USDMEP,150000.0,0.0,1067.7500200737,CAP
2025-03-18,WIN Securities,Fixed Income,USDMEP,100199.99,145.02,1067.9999863296,CAP
2025-03-19,WIN Securities,Fixed Income,USDMEP,37512.48,53.13,1068.9999943343,RDOLAR
2025-03-20,WIN Securities,Fixed Income,USDMEP,12674.66,18.05,1068.9999943343,RDOLAR
2025-03-21,WIN Securities,Fixed Income,USDC,1799.8,2.57,1068.7500166992,RDOLAR
2025-03-25,WIN Securities,Fixed Income,USDMEP,16682.99,23.75,1071.0000184212,RDOLAR
2025-03-26,WIN Securities,Fixed Income,USDMEP,17214.3,24.21,1071.2500170061,RDOLAR
2025-03-26,Allaria,Fixed Income,USDMEP,8100.0,0.0,1071.2500170061,RDOLAR
2025-03-26,Allaria,Fixed Income,USDC,4000.0,0.0,1071.2500170061,RDOLAR
2025-03-26,Allaria,Fixed Income,ARS,121896.84753979932,0.0,1071.2500170061,RDOLAR
2025-03-28,Option Securities,Fixed Income,USDC,11991.63,0.0,1071.0000184212,GEST
2025-03-28,Option Securities,Fixed Income,USDC,11991.63,0.0,1071.0000184212,RDOLAR
2025-03-28,Allaria,Fixed Income,USDC,23076.33,0.0,1071.0000184212,RDOLAR
2025-03-31,WIN Securities,Fixed Income,USDMEP,7.01,0.0,1073.24995326,RDOLAR
2025-04-01,WIN Securities,Fixed Income,USDMEP,671.01,1.06,1072.5000372694,RDOLAR
2025-04-01,WIN Securities,Fixed Income,USDC,32632.6,51.34,1072.5000372694,RDOLAR
2025-04-03,Allaria,Fixed Income,USDC,26740.05,0.0,1074.2500123539,RDOLAR
2025-04-03,WIN Securities,Fixed Income,USDC,17025.5,26.78,1074.2500123539,RDOLAR
2025-04-03,Criteria,Fixed Income,ARS,14400.744539999667,25.9213401719994,1074.2500123539,GEST
2025-04-08,Allaria,Fixed Income,ARS,190733.20710000006,0.0,1075.750012909,RDOLAR
2025-04-10,Allaria,Fixed Income,ARS,19505.085013470118,0.0,1076.7499852216,RDOLAR
2025-04-14,WIN Securities,Fixed Income,USDMEP,10600.0,16.67,1194.9999766975,CAP
2025-04-14,WIN Securities,Fixed Income,USDMEP,65873.25,103.62,1194.9999766975,CAP
2025-04-15,WIN Securities,Fixed Income,USDMEP,7455.0,11.72,1199.5000004198,CAP
2025-04-22,FYNSA,Fixed Income,USDC,511085.63,0.0,1104.0000017664,RDOLAR
2025-05-13,Alchemy Valores,Fixed Income,USDMEP,202000.0,0.0,1125.5000033765,CAP
2025-05-13,Alchemy Valores,Fixed Income,USDMEP,202010.0,0.0,1125.5000033765,CAP
2025-05-21,Cocos Capital,Fixed Income,USDMEP,100000.0,0.0,1145.00005954,CAP
2025-06-02,PP Inversiones (PPI),Fixed Income,USDMEP,27325.0,0.0,1179.4999604278,CAP
2025-06-11,WIN Securities,Fixed Income,USDMEP,59498.0,93.59,1181.9999841612,CAP
2025-06-13,WIN Securities,Fixed Income,USDMEP,12720.0,20.01,1181.9999841612,CAP
2025-06-13,Allaria,Fixed Income,USDMEP,95146.0,0.0,1181.9999841612,CAP
2025-06-23,Macro Securities / Banco Macro,Fixed Income,USDC,99163.0,0.0,1170.999951989,CAP
2025-06-24,WIN Securities,Fixed Income,USDMEP,217.25,0.34,1174.5000534985,CAP
2025-07-01,WIN Securities,Fixed Income,USDMEP,196.91,0.31,1222.0000083096,CAP
2025-07-01,Allaria,Fixed Income,USDMEP,217219.57,0.0,1222.0000083096,CAP
2025-07-04,PP Inversiones (PPI),Fixed Income,USDMEP,200000.0,0.0,1230.9999769803,CAP
2025-07-22,Latin Securities,Fixed Income,USDMEP,204600.0,0.0,1256.5000317266,CAP
2025-07-29,Aldazabal,Fixed Income,USDMEP,100370.25,0.0,1291.0000641627,CAP
2025-08-05,Petrini Valores,Licitaciones,USDC,50000.0,0.0,1338.4999431138,CAP
2025-08-05,PP Inversiones (PPI),Licitaciones,USDC,50000.0,0.0,1338.4999431138,CAP
2025-09-05,Invertir en Bolsa (IEB),Fixed Income,USDMEP,375937.5,0.0,1354.999963415,CAP
2025-09-09,Aldazabal,Fixed Income,USDMEP,516000.0,0.0,1416.5000154399,CAP
2025-09-09,Aldazabal,Fixed Income,USDMEP,159929.0,0.0,1416.5000154399,CAP
2025-09-30,Allaria,Fixed Income,USDMEP,790930.4,0.0,1379.99996412,CAP
2025-09-30,Allaria,Fixed Income,USDMEP,100521.1,0.0,1379.99996412,CAP
2025-10-24,Aldazabal,Fixed Income,USDMEP,296964.0,0.0,1491.9999707568,CAP
2025-11-20,Option Securities,Licitaciones,USDC,196602.0,0.0,1424.9999715,RDOLAR
2025-12-02,PP Inversiones (PPI),Licitaciones,USDMEP,100000.0,0.0,1455.00004947,CAP
2025-12-05,Banco Santander,Licitaciones,USDMEP,100000.0,0.0,1435.0000236775,CAP
2025-12-10,PP Inversiones (PPI),Licitaciones,USDMEP,150000.0,0.0,1437.4999460938,MULTI
2025-12-10,PP Inversiones (PPI),Licitaciones,USDMEP,350000.0,0.0,1437.4999460938,CAP
2025-12-11,Latin Securities,Fixed Income,USDMEP,411223.0,0.0,1436.0000620352,CAP
2026-02-06,Cocos Capital,Licitaciones,USDMEP,100000.0,0.0,1432.000045824,CAP
2026-02-09,PP Inversiones (PPI),Licitaciones,USDMEP,200000.0,0.0,1415.9999784768,CAP
2026-02-25,Invertir en Bolsa (IEB),Fixed Income,USDMEP,205800.0,0.0,1398.9999668437,CAP
2026-02-25,TPCG,Fixed Income,USDMEP,124254.0,0.0,1398.9999668437,CAP
2026-02-25,TPCG,Fixed Income,USDMEP,131840.0,0.0,1398.9999668437,CAP
2026-02-27,PP Inversiones (PPI),Licitaciones,USDMEP,300000.0,0.0,1397.0000262636,CAP
2026-03-05,PP Inversiones (PPI),Licitaciones,USDMEP,35000.0,0.0,1406.9999089671,CAP
2026-05-08,Option Securities,Licitaciones,USDMEP,60000.0,0.0,1397.9999653296,RDOLAR
2026-05-08,PP Inversiones (PPI),Licitaciones,USDMEP,150000.0,0.0,1397.9999653296,CAP
2026-05-11,PP Inversiones (PPI),Licitaciones,USDMEP,265820.0,0.0,1391.500077437,CAP
2026-05-22,PP Inversiones (PPI),Licitaciones,USDMEP,900000.0,0.0,1402.9999506144,CAP
2026-05-22,PP Inversiones (PPI),Licitaciones,USDMEP,100000.0,0.0,1402.9999506144,AHDOLARES
2026-05-29,Alchemy Valores,Fixed Income,USDMEP,900450.0,0.0,1407.9999459328,CAP
2026-06-02,Invertir en Bolsa (IEB),Fixed Income,USDMEP,146785.5,0.0,1427.0000976068,CAP
2026-06-02,Invertir en Bolsa (IEB),Fixed Income,USDMEP,146759.3,0.0,1427.0000976068,CAP
2026-06-03,Invertir en Bolsa (IEB),Fixed Income,USDMEP,102283.39,0.0,1438.4999552627,CAP
2026-06-03,Invertir en Bolsa (IEB),Fixed Income,USDMEP,102301.65,0.0,1438.4999552627,CAP
2026-06-26,Invertir en Bolsa (IEB),Fixed Income,USDMEP,214600.0,0.0,1476.9999354551,RDOLAR
2026-06-26,PP Inversiones (PPI),Licitaciones,USDMEP,400000.0,0.0,1476.9999354551,CAP
2026-06-26,Invertir en Bolsa (IEB),Fixed Income,USDMEP,214560.0,0.0,1476.9999354551,RDOLAR
2026-07-14,Banco Mariva,Fixed Income,USDMEP,501500.0,0.0,1471.4999160509,CAP
2026-07-14,LICITACION-Banco de la Nacion Argentina,Licitaciones,USDMEP,400000.0,0.0,1471.4999160509,CAP
2026-07-14,Mariva Bursátil,Fixed Income,USDMEP,50150.0,0.0,1471.4999160509,INCOME DOLAR
2026-07-16,Petrini Valores,Licitaciones,USDMEP,50000.0,0.0,1475.9999456832,INCOME DOLAR
2026-07-16,Bull Market Brokers,Fixed Income,USDMEP,54575.0,0.0,1475.9999456832,INCOME DOLAR
2026-07-16,Petrini Valores,Licitaciones,USDMEP,200000.0,0.0,1475.9999456832,CAP
2026-07-20,Bull Market Brokers,Fixed Income,USDMEP,56610.0,0.0,1481.0001015966,INCOME DOLAR
2026-07-20,Bull Market Brokers,Fixed Income,USDC,394999.75,0.0,1481.0001015966,RDOLAR
2026-07-24,PP Inversiones (PPI),Licitaciones,USDMEP,50000.0,0.0,1496.9999372757,INCOME DOLAR
2026-07-24,PP Inversiones (PPI),Licitaciones,USDMEP,200000.0,0.0,1496.9999372757,CAP
2026-07-27,BBVA,Licitaciones,USDMEP,300000.0,0.0,1496.9999372757,CAP
2026-07-27,BBVA,Licitaciones,USDMEP,50000.0,0.0,1496.9999372757,INCOME DOLAR
2025-01-30,Allaria,Fixed Income,ARS,105420.39689799542,0.0,1050.9999844452,GEST
2025-01-31,Allaria,Fixed Income,ARS,795573.1306477579,0.0,1051.5000542048,GEST
2025-04-16,Allaria,Fixed Income,ARS,776675.5652640001,0.0,1124.9999859375,GEST
2025-04-22,Allaria,Fixed Income,ARS,697486.457217355,0.0,1104.0000017664,GEST
2025-04-23,BAVSA,Fixed Income,ARS,666215.543890001,0.0,1159.9999536,GEST
2025-06-11,Allaria,Fixed Income,ARS,99400.21859084617,0.0,1181.9999841612,GEST
2025-01-03,TPCG,Renta Variable,USDC,39370.87,0.0,1032.5000025813,RDOLAR
2025-01-07,TPCG,Renta Variable,USDC,810858.97,0.0,1035.5000481508,RDOLAR
2025-01-13,TPCG,Renta Variable,USDC,5956.7,0.0,1039.4999589398,RDOLAR
2025-01-13,TPCG,Renta Variable,USDC,13901.73,0.0,1039.4999589398,RDOLAR
2025-01-14,TPCG,Renta Variable,USDC,841257.77,0.0,1039.9999584,RDOLAR
2025-01-16,TPCG,Renta Variable,USDC,498625.23,0.0,1041.5000266624,RDOLAR
2025-01-22,TPCG,Renta Variable,USDC,16216.2,0.0,1047.0000412518,RDOLAR
2025-01-27,TPCG,Renta Variable,USDC,52321.87,0.0,1049.4999814763,RDOLAR
2025-01-28,TPCG,Renta Variable,USDC,8262.15,0.0,1050.4999486831,RDOLAR
2025-02-04,TPCG,Renta Variable,USDC,8223.17,0.0,1053.7499959167,RDOLAR
2025-02-10,TPCG,Renta Variable,USDC,150150.0,0.0,1055.4999834814,RDOLAR
2025-02-18,TPCG,Renta Variable,USDC,39973.17,0.0,1058.2499952643,RDOLAR
2025-02-19,TPCG,Renta Variable,USDC,119566.5,0.0,1058.5000144485,RDOLAR
2025-02-19,TPCG,Renta Variable,USDC,8693.58,0.0,1058.5000144485,RDOLAR
2025-02-20,TPCG,Renta Variable,USDC,1926.07,0.0,1058.7500397031,RDOLAR
2025-03-05,TPCG,Renta Variable,USDC,1451247.72,0.0,1063.4999890991,RDOLAR
2025-03-06,TPCG,Renta Variable,USDC,200083.24,0.0,1063.4999890991,RDOLAR
2025-03-07,TPCG,Renta Variable,USDC,325149.82,0.0,1065.0000410025,RDOLAR
2025-03-10,TPCG,Renta Variable,USDC,14932.61,0.0,1065.7499511887,RDOLAR
2025-03-13,TPCG,Renta Variable,USDC,69416.96,0.0,1066.2499477538,RDOLAR
2025-03-14,TPCG,Renta Variable,USDC,91491.84,0.0,1066.2499477538,RDOLAR
2025-03-18,TPCG,Renta Variable,USDC,26082.01,0.0,1067.9999863296,RDOLAR
2025-03-19,TPCG,Renta Variable,USDC,32034.03,0.0,1068.9999943343,RDOLAR
2025-03-20,TPCG,Renta Variable,USDC,99857.08,0.0,1068.9999943343,RDOLAR
2025-03-25,TPCG,Renta Variable,USDC,68889.64,0.0,1071.0000184212,RDOLAR
2025-03-26,TPCG,Renta Variable,USDC,1975352.08,0.0,1071.2500170061,RDOLAR
2025-04-04,TPCG,Renta Variable,USDC,77015.83,0.0,1073.4999662921,RDOLAR
2025-04-10,TPCG,Renta Variable,USDC,5405.07,0.0,1076.7499852216,RDOLAR
2025-04-14,TPCG,Renta Variable,USDC,198880.84,0.0,1194.9999766975,RDOLAR
2025-04-21,TPCG,Renta Variable,USDC,281045.64,0.0,1093.9999789952,RDOLAR
2025-05-23,Stonex,Fixed Income,ARS,177425.9978181609,0.0,1133.5000031738,RCAP
2025-10-02,Puente Hnos,Fixed Income,USDC,1932.54,0.0,1424.5000040598,CAP
2025-10-02,Puente Hnos,Fixed Income,USDMEP,2000.18,0.0,1424.5000040598,CAP
2025-10-27,Puente Hnos,Fixed Income,USDMEP,101498.69,0.0,1435.0000236775,CAP
2025-10-27,Puente Hnos,Fixed Income,USDC,100799.6,0.0,1435.0000236775,CAP
2025-11-20,Stonex,Licitaciones,ARS,21052.63200000001,0.0,1424.9999715,VAL
2025-11-20,Stonex,Licitaciones,ARS,32280.702400000016,0.0,1424.9999715,GESTII
2025-11-20,Stonex,Licitaciones,ARS,70175.44000000003,0.0,1424.9999715,EST
2025-11-20,Stonex,Licitaciones,ARS,210526.3200000001,0.0,1424.9999715,LIQUIDEZ PLUS
2025-11-28,Stonex,Licitaciones,ARS,206682.74999999677,0.0,1451.4999437544,LIQUIDEZ PLUS
2025-11-28,Stonex,Licitaciones,ARS,24112.98749999962,0.0,1451.4999437544,GESTII
2025-12-16,Stonex,Licitaciones,ARS,27567.196000000036,0.0,1450.9999493601,GESTII
2025-12-16,Stonex,Licitaciones,ARS,206753.97000000026,0.0,1450.9999493601,LIQUIDEZ PLUS
2026-01-12,Puente Hnos,Fixed Income,USDMEP,602115.25,0.0,1467.5000110063,CAP
2026-01-12,Puente Hnos,Fixed Income,USDC,587143.1,0.0,1467.5000110063,CAP
2026-01-14,Puente Hnos,Fixed Income,USDMEP,87210.14,0.0,1453.0000964792,CAP
2026-01-14,Puente Hnos,Fixed Income,USDC,85000.14,0.0,1453.0000964792,CAP
2026-04-13,Stonex,Licitaciones,ARS,259753.28085230466,0.0,1354.0000682416,LIQUIDEZ PLUS
2026-06-26,LICITACION -Banco Patagonia,Licitaciones,ARS,127891.40707836024,0.0,1476.9999354551,PERF
2026-07-06,PP Inversiones (PPI),Licitaciones,USDMEP,32057.6,0.0,1486.4999051613,PyMES
2026-07-27,LICITACION -Banco Patagonia,Licitaciones,ARS,157829.2351968793,0.0,1496.9999372757,LIQUIDEZ PLUS
2025-01-14,WIN Securities S.A. - ROFEX,Futuros,ARS,22877.885530500036,16.398173732850026,1039.9999584,VAL
2025-01-31,WIN Securities S.A. - ROFEX,Futuros,ARS,152101.751550504,108.81571478998187,1051.5000542048,VAL
2025-01-31,WIN Securities S.A. - ROFEX,Futuros,ARS,113214.92521465298,27.43053591358372,1051.5000542048,VAL
2025-02-12,WIN Securities S.A. - ROFEX,Futuros,ARS,3080236.809600005,1833.0036236160029,1056.24995775,PERF
2025-02-13,WIN Securities S.A. - ROFEX,Futuros,ARS,1026259.7472000002,738.6066631257601,1056.7500118356,PERF
2025-02-27,WIN Securities S.A. - ROFEX,Futuros,ARS,120310.80766200213,29.083757954784517,1061.749999708,VAL
2025-02-27,WIN Securities S.A. - ROFEX,Futuros,ARS,84615.0223920015,60.34284908652707,1061.749999708,VAL
2025-03-17,WIN Securities S.A. - ROFEX,Futuros,ARS,507141.17520000023,366.4959893636801,1067.7500200737,GEST
2025-03-25,WIN Securities S.A. - ROFEX,Futuros,ARS,147525.67440000005,101.70468545889604,1071.0000184212,VAL
2025-03-25,WIN Securities S.A. - ROFEX,Futuros,ARS,148166.66411820005,35.63545223487601,1071.0000184212,VAL
2025-03-31,WIN Securities S.A. - ROFEX,Futuros,ARS,155909.62710199485,110.61565820654634,1073.24995326,VAL
2025-03-31,WIN Securities S.A. - ROFEX,Futuros,ARS,153747.9684939949,35.155398689180835,1073.24995326,VAL
2025-03-31,WIN Securities S.A. - ROFEX,Futuros,ARS,500291.19346248347,121.225488624346,1073.24995326,GEST
2025-03-31,WIN Securities S.A. - ROFEX,Futuros,ARS,4002329.5476998677,969.803908994768,1073.24995326,PERF
2025-04-07,WIN Securities S.A. - ROFEX,Futuros,ARS,41748.024489999036,9.675946144647776,1075.49999188,VAL
2025-04-22,WIN Securities S.A. - ROFEX,Futuros,ARS,90588.76797100001,61.29493649613101,1104.0000017664,RCAP
2025-04-25,WIN Securities S.A. - ROFEX,Futuros,ARS,243693.89550000557,166.51338808962382,1169.4999557344,RCAP
2025-04-30,WIN Securities S.A. - ROFEX,Futuros,ARS,104701.28760045029,75.20098689163521,1169.99993799,VAL
2025-04-30,WIN Securities S.A. - ROFEX,Futuros,ARS,104730.7747815003,25.49687314620607,1169.99993799,VAL
2025-05-29,WIN Securities S.A. - ROFEX,Futuros,ARS,79628.06070000015,19.229077758000034,1183.0000526435,VAL
2025-05-29,WIN Securities S.A. - ROFEX,Futuros,ARS,81065.93045850015,57.98425777473011,1183.0000526435,VAL
2025-06-09,WIN Securities S.A. - ROFEX,Futuros,ARS,81248.94933200021,19.449857541752053,1184.9999389725,VAL
2025-06-18,WIN Securities S.A. - ROFEX,Futuros,ARS,21401.049748000052,15.242608716302037,1142.0000555012,VAL
2025-06-27,WIN Securities S.A. - ROFEX,Futuros,ARS,19029.4366554,13.575408015764001,1188.9999903691,VAL
2025-06-27,WIN Securities S.A. - ROFEX,Futuros,ARS,21017.662071000002,5.09268296808,1188.9999903691,VAL
2025-07-04,WIN Securities S.A. - ROFEX,Futuros,ARS,36906.58070640001,8.768619172909002,1230.9999769803,VAL
2025-07-14,WIN Securities S.A. - ROFEX,Futuros,ARS,13299.609375,3.1042187500000002,1280.0,VAL
2025-07-14,WIN Securities S.A. - ROFEX,Futuros,ARS,41967.1875,10.0290078125,1280.0,VAL
2025-07-24,WIN Securities S.A. - ROFEX,Futuros,ARS,62437.105170000046,43.44584784012003,1272.000035616,VAL
2025-08-04,WIN Securities S.A. - ROFEX,Futuros,ARS,11432.720313850006,2.6649337595710016,1360.00003264,VAL
2025-08-04,WIN Securities S.A. - ROFEX,Futuros,ARS,25312.499392500016,6.056676325228003,1360.00003264,VAL
2025-08-04,WIN Securities S.A. - ROFEX,Futuros,ARS,2345962.443696901,1696.778246042028,1360.00003264,PERF
2025-08-06,WIN Securities S.A. - ROFEX,Futuros,ARS,2361357.13688701,562.6083402104105,1331.9999126208,PERF
2025-08-07,WIN Securities S.A. - ROFEX,Futuros,ARS,25622.17150500001,18.46254116057401,1326.0000228072,VAL
2025-08-07,WIN Securities S.A. - ROFEX,Futuros,ARS,11605.580494200005,8.284117504572002,1326.0000228072,VAL
2025-08-27,WIN Securities S.A. - ROFEX,Futuros,ARS,76512.78346080001,54.07888914779202,1349.4999832662,BALANCEADO
2025-08-28,WIN Securities S.A. - ROFEX,Futuros,ARS,486634.6282500019,343.94643011625135,1333.0000833125,RCAP
2025-08-29,WIN Securities S.A. - ROFEX,Futuros,ARS,24661.574710286266,5.938427856405004,1341.999969134,VAL
2025-08-29,WIN Securities S.A. - ROFEX,Futuros,ARS,24549.180892500015,17.10761589273001,1341.999969134,VAL
2025-09-04,WIN Securities S.A. - ROFEX,Futuros,ARS,55061.287844998194,38.97355105969872,1362.4999148438,INC
2025-09-18,WIN Securities S.A. - ROFEX,Futuros,ARS,1690742.628,1181.6887104,1474.499997051,GEST
2025-09-29,WIN Securities S.A. - ROFEX,Futuros,ARS,36865.80793875002,26.197837606546013,1360.00003264,GESTII
2025-09-29,WIN Securities S.A. - ROFEX,Futuros,ARS,249198.52343100015,177.1859001593031,1360.00003264,INC
2025-09-29,WIN Securities S.A. - ROFEX,Futuros,ARS,39966.910805500025,27.69877139405302,1360.00003264,VAL
2025-09-29,WIN Securities S.A. - ROFEX,Futuros,ARS,82363.23331740005,57.76691037830003,1360.00003264,VAL
2025-09-29,WIN Securities S.A. - ROFEX,Futuros,ARS,122886.02646250007,29.838513989758017,1360.00003264,VAL
2025-09-29,WIN Securities S.A. - ROFEX,Futuros,ARS,442389.6952650003,314.37400716090616,1360.00003264,PERF
2025-09-29,WIN Securities S.A. - ROFEX,Futuros,ARS,199639.7010910001,141.9801510042411,1360.00003264,BALANCEADO
2025-09-30,WIN Securities S.A. - ROFEX,Futuros,ARS,38704.71115125003,8.642558195721005,1379.99996412,PERF
2025-09-30,WIN Securities S.A. - ROFEX,Futuros,ARS,33448.55159430002,7.442203092048005,1379.99996412,PERF
2025-09-30,WIN Securities S.A. - ROFEX,Futuros,ARS,16206.522160500012,11.445022036701008,1379.99996412,PERF
2025-09-30,WIN Securities S.A. - ROFEX,Futuros,ARS,1569998.5915446011,1108.9425795571447,1379.99996412,PERF
2025-09-30,WIN Securities S.A. - ROFEX,Futuros,ARS,360623.19778200024,254.72534720256917,1379.99996412,RCAP
2025-09-30,WIN Securities S.A. - ROFEX,Futuros,ARS,432173.9242800003,305.2005876453602,1379.99996412,RMIXTA
2025-09-30,WIN Securities S.A. - ROFEX,Futuros,ARS,17182.60914240001,12.157522055226009,1379.99996412,EST
2025-09-30,WIN Securities S.A. - ROFEX,Futuros,ARS,28015.94275740002,19.801565732232014,1379.99996412,GESTII
2025-10-08,WIN Securities S.A. - ROFEX,Futuros,ARS,544230.769775,384.513461922975,1429.99999857,GEST
2025-10-15,WIN Securities S.A. - ROFEX,Futuros,ARS,412173.92376000027,96.09855322320007,1379.99996412,RMIXTA
2025-10-16,WIN Securities S.A. - ROFEX,Futuros,ARS,285212.9254158008,202.21241454757256,1401.9999248528,INC
2025-10-16,WIN Securities S.A. - ROFEX,Futuros,ARS,355651.94488320104,252.28760268096073,1401.9999248528,RCAP
2025-10-21,WIN Securities S.A. - ROFEX,Futuros,ARS,1878225.762978837,453.4808855634928,1490.5000001491,PERF
2025-10-21,WIN Securities S.A. - ROFEX,Futuros,ARS,15940.959407999464,3.8512177117918704,1490.5000001491,EST
2025-10-21,WIN Securities S.A. - ROFEX,Futuros,ARS,60856.75947059796,14.682770880785506,1490.5000001491,GESTII
2025-10-27,WIN Securities S.A. - ROFEX,Futuros,ARS,38289.19797450001,27.12094728769601,1435.0000236775,VAL
2025-10-27,WIN Securities S.A. - ROFEX,Futuros,ARS,316879.4372802001,228.1169509399031,1435.0000236775,PERF
2025-10-29,WIN Securities S.A. - ROFEX,Futuros,ARS,263530.6292840005,63.70868805558411,1436.0000620352,BALANCEADO
2025-10-29,WIN Securities S.A. - ROFEX,Futuros,ARS,347465.1660480006,82.33122903382015,1436.0000620352,RCAP
2025-10-29,WIN Securities S.A. - ROFEX,Futuros,ARS,789377.4032248014,190.63599455004035,1436.0000620352,RCAP
2025-10-29,WIN Securities S.A. - ROFEX,Futuros,ARS,278178.9573420005,65.91398740321213,1436.0000620352,INC
2025-10-29,WIN Securities S.A. - ROFEX,Futuros,ARS,292813.35782400053,70.56962090682413,1436.0000620352,INC
2025-10-30,WIN Securities S.A. - ROFEX,Futuros,ARS,513212.80140000005,120.28477188585002,1437.9999836068,GEST
2025-11-05,WIN Securities S.A. - ROFEX,Futuros,ARS,30268.593540000074,7.224999641640019,1452.0000720192,VAL
2025-11-12,WIN Securities S.A. - ROFEX,Futuros,ARS,323140.2277922,77.537691497266,1411.9999949168,PERF
2025-11-18,WIN Securities S.A. - ROFEX,Futuros,ARS,86099.99827800004,61.403005914797035,1400.000028,VAL
2025-11-28,WIN Securities S.A. - ROFEX,Futuros,ARS,66907.68430124896,16.180489776149745,1451.4999437544,VAL
2025-11-28,WIN Securities S.A. - ROFEX,Futuros,ARS,66292.80311999896,47.05870661167427,1451.4999437544,VAL
2025-11-28,WIN Securities S.A. - ROFEX,Futuros,ARS,286071.6611024955,65.92945484549897,1451.4999437544,RCAP
2025-12-01,WIN Securities S.A. - ROFEX,Futuros,ARS,1560799.2337499755,362.0496867817443,1451.4999437544,GEST
2025-12-29,WIN Securities S.A. - ROFEX,Futuros,ARS,126694.92140010001,30.739279421034,1456.9999962118,VAL
2025-12-29,WIN Securities S.A. - ROFEX,Futuros,ARS,127085.7930552,90.31247106528599,1456.9999962118,VAL
2025-12-30,WIN Securities S.A. - ROFEX,Futuros,ARS,64087.97032960007,46.053510461672055,1455.00004947,BALANCEADO
2026-01-02,WIN Securities S.A. - ROFEX,Futuros,ARS,504732.202128,363.2073482445239,1475.0000036875,INC
2026-01-02,WIN Securities S.A. - ROFEX,Futuros,ARS,216239.9994594,155.590250458482,1475.0000036875,RCAP
2026-01-02,WIN Securities S.A. - ROFEX,Futuros,ARS,81627.11843999999,46.714616832366,1475.0000036875,BALANCEADO
2026-01-02,WIN Securities S.A. - ROFEX,Futuros,ARS,162988.4741688,117.08399970728999,1475.0000036875,RBALANCEADO
2026-01-02,WIN Securities S.A. - ROFEX,Futuros,ARS,759064.404882,545.162012196417,1475.0000036875,PERF
2026-01-05,WIN Securities S.A. - ROFEX,Futuros,ARS,15249.999801750002,11.017795775136001,1470.00001911,RCAP
2026-01-05,WIN Securities S.A. - ROFEX,Futuros,ARS,247983.67024560005,179.18256229647702,1470.00001911,INC
2026-01-06,WIN Securities S.A. - ROFEX,Futuros,ARS,203739.35111249308,147.218697362635,1467.5000110063,INC
2026-01-27,WIN Securities S.A. - ROFEX,Futuros,ARS,739230.5013059871,178.6579060998239,1442.5000025244,PERF
2026-01-28,WIN Securities S.A. - ROFEX,Futuros,ARS,141852.5510766028,34.31880403366168,1444.4999292917,BALANCEADO
2026-01-28,WIN Securities S.A. - ROFEX,Futuros,ARS,226764.28939710447,54.861747233770075,1444.4999292917,RCAP
2026-01-28,WIN Securities S.A. - ROFEX,Futuros,ARS,939023.9296620184,227.1808003209195,1444.4999292917,INC
2026-01-30,WIN Securities S.A. - ROFEX,Futuros,ARS,159054.9404625,38.5577745135,1447.000007235,RBALANCEADO
2026-01-30,WIN Securities S.A. - ROFEX,Futuros,ARS,82028.33407499999,19.885141573,1447.000007235,VAL
2026-01-30,WIN Securities S.A. - ROFEX,Futuros,ARS,82587.42184,58.6449478754,1447.000007235,VAL
2026-02-13,WIN Securities S.A. - ROFEX,Futuros,ARS,70600.21362449875,57.61052458553597,1399.5000146248,VAL
2026-02-27,WIN Securities S.A. - ROFEX,Futuros,ARS,136913.38325280006,98.48369893590805,1397.0000262636,VAL
2026-02-27,WIN Securities S.A. - ROFEX,Futuros,ARS,133511.80851360006,32.21762287319201,1397.0000262636,VAL
2026-03-17,WIN Securities S.A. - ROFEX,Futuros,ARS,117080.2327856001,28.021727212892028,1395.9999575616,VAL
2026-03-31,WIN Securities S.A. - ROFEX,Futuros,ARS,134224.137072,32.400100367352,1392.0000089088,VAL
2026-03-31,WIN Securities S.A. - ROFEX,Futuros,ARS,136600.214643,98.51460425456399,1392.0000089088,VAL
2026-04-07,WIN Securities S.A. - ROFEX,Futuros,ARS,45775.58637824936,10.926758321278847,1392.4999119244,VAL
2026-04-09,WIN Securities S.A. - ROFEX,Futuros,ARS,55776.61410750015,13.329276593490036,1380.999926807,VAL
2026-04-14,WIN Securities S.A. - ROFEX,Futuros,ARS,46847.50542000008,33.51230068548406,1364.0000556512,VAL
2026-04-16,WIN Securities S.A. - ROFEX,Futuros,ARS,21804.122970000022,15.622098143370017,1358.000046172,VAL
2026-04-20,WIN Securities S.A. - ROFEX,Futuros,ARS,302602.75441760005,216.73884885016008,1377.0000236844,VAL
2026-04-20,WIN Securities S.A. - ROFEX,Futuros,ARS,112162.67054720003,26.95637571645201,1377.0000236844,VAL
2026-04-20,WIN Securities S.A. - ROFEX,Futuros,ARS,1267792.2803000002,914.4638550047002,1377.0000236844,PERF
2026-04-21,WIN Securities S.A. - ROFEX,Futuros,ARS,95231.19382020028,68.6420756942282,1375.4999254479,VAL
2026-04-24,WIN Securities S.A. - ROFEX,Futuros,ARS,1271436.2139374774,301.4732944558866,1399.5000146248,PERF
2026-04-30,WIN Securities S.A. - ROFEX,Futuros,ARS,76901.51388100022,18.269699050995055,1390.9999244687,VAL
2026-05-12,WIN Securities S.A. - BYMA,Futuros,ARS,74802.02802840032,54.17688216672023,1383.9999092096,VAL
2026-05-13,WIN Securities S.A. - ROFEX,Futuros,ARS,36206.89632,26.23300988958,1392.0000089088,VAL
2026-05-14,WIN Securities S.A. - ROFEX,Futuros,ARS,71004.67675275021,50.14715585023715,1390.9999244687,RCAP
2026-05-15,WIN Securities S.A. - ROFEX,Futuros,ARS,27276.801558749514,19.246331904128656,1394.5000082973,LOW
2026-05-28,WIN Securities S.A. - ROFEX,Futuros,ARS,125955.32658030043,30.466051442887103,1409.99991681,VAL
2026-05-28,WIN Securities S.A. - ROFEX,Futuros,ARS,128278.73097270045,92.55295581523433,1409.99991681,VAL
2026-05-29,WIN Securities S.A. - ROFEX,Futuros,ARS,1001.6267430079214,0.24265625931800036,1407.9999459328,VAL
2026-06-01,WIN Securities S.A. - ROFEX,Futuros,ARS,236935.49330100036,170.01671784660925,1425.9999432452,VAL
2026-06-03,WIN Securities S.A. - ROFEX,Futuros,ARS,84992.70337319713,20.240382972193316,1438.4999552627,VAL
2026-06-04,WIN Securities S.A. - ROFEX,Futuros,ARS,101287.84620000038,73.21320817439228,1436.5000882011,VAL
2026-06-04,WIN Securities S.A. - ROFEX,Futuros,ARS,21665.15704080008,15.56581178355606,1436.5000882011,VAL
2026-06-05,WIN Securities S.A. - ROFEX,Futuros,ARS,12412.35679199957,8.912787206157692,1440.5000033132,VAL
2026-06-05,WIN Securities S.A. - ROFEX,Futuros,ARS,36412.356736798734,26.339208547541084,1440.5000033132,VAL
2026-06-08,WIN Securities S.A. - ROFEX,Futuros,ARS,20546.146308000367,14.773626309195262,1446.4999691172,RBALANCEADO
2026-06-08,WIN Securities S.A. - ROFEX,Futuros,ARS,68852.74948245123,49.50286313777188,1446.4999691172,RCAP
2026-06-09,WIN Securities S.A. - ROFEX,Futuros,ARS,1341047.833125002,964.5731699353764,1441.0000540375,PERF
2026-06-10,WIN Securities S.A. - ROFEX,Futuros,ARS,70041.18882020128,50.38350586191192,1432.4999573831,RCAP
2026-06-11,WIN Securities S.A. - ROFEX,Futuros,ARS,1334938.9576900245,241.41376634436742,1432.4999573831,PERF
2026-06-11,WIN Securities S.A. - ROFEX,Futuros,ARS,270068.41990190494,63.49182038801016,1432.4999573831,VAL
2026-06-11,WIN Securities S.A. - ROFEX,Futuros,ARS,14117.277906900257,3.379797657268062,1432.4999573831,VAL
2026-06-16,WIN Securities S.A. - ROFEX,Futuros,ARS,14063.347552800053,3.374556005820013,1436.5000882011,VAL
2026-06-17,WIN Securities S.A. - ROFEX,Futuros,ARS,137950.0485389953,99.32903668225462,1441.50003647,INC
2026-06-23,WIN Securities S.A. - ROFEX,Futuros,ARS,135666.33461710275,97.77195257075599,1471.4999160509,INC
2026-06-23,WIN Securities S.A. - ROFEX,Futuros,ARS,135666.33461710275,97.77195257075599,1471.4999160509,RCAP
2026-06-25,WIN Securities S.A. - ROFEX,Futuros,ARS,77440.76167800014,55.8658589071471,1476.9999354551,VAL
2026-06-30,WIN Securities S.A. - ROFEX,Futuros,ARS,430278.319255501,310.5516313930527,1482.0000717288,VAL
2026-06-30,WIN Securities S.A. - ROFEX,Futuros,ARS,507773.04087587656,122.85304398643628,1482.0000717288,VAL
2026-06-30,WIN Securities S.A. - ROFEX,Futuros,ARS,201674.07930780045,145.49392008360033,1482.0000717288,INC
2026-06-30,WIN Securities S.A. - ROFEX,Futuros,ARS,202236.83231700046,145.04078245371034,1482.0000717288,RCAP
2026-06-30,WIN Securities S.A. - ROFEX,Futuros,ARS,202424.07927150046,146.09875811100633,1482.0000717288,RCAP
2026-07-02,WIN Securities S.A. - ROFEX,Futuros,ARS,200794.35162600008,145.24537402016003,1488.000023808,RCAP
2026-07-02,WIN Securities S.A. - ROFEX,Futuros,ARS,33454.63656150001,24.202197193410008,1488.000023808,RBALANCEADO
2026-07-03,WIN Securities S.A. - ROFEX,Futuros,ARS,133463.2248179981,96.49728406625863,1488.4999240121,INC
2026-07-06,WIN Securities S.A. - ROFEX,Futuros,ARS,26219.30877000011,6.054073712856025,1486.4999051613,LOW
2026-07-15,WIN Securities S.A. - ROFEX,Futuros,ARS,82034.58816,59.113319887639996,1474.499997051,VAL
2026-07-23,WIN Securities S.A. - ROFEX,Futuros,ARS,67196.77913520012,48.52420616791808,1488.9999385043,VAL
2026-07-23,WIN Securities S.A. - ROFEX,Futuros,ARS,13253.190607800023,9.566246197638016,1488.9999385043,GESTII
2026-07-23,WIN Securities S.A. - ROFEX,Futuros,ARS,1482849.2889112525,1070.44755260438,1488.9999385043,PERF
2026-07-29,WIN Securities S.A. - ROFEX,Futuros,ARS,66086.23015799999,47.740969404108,1495.9999952128,RBALANCEADO
2026-07-29,WIN Securities S.A. - ROFEX,Futuros,ARS,665222.2614869999,161.188175649492,1495.9999952128,RCAP
2026-07-29,WIN Securities S.A. - ROFEX,Futuros,ARS,53000.000169599996,12.846577581216,1495.9999952128,RBALANCEADO
2026-07-29,WIN Securities S.A. - ROFEX,Futuros,ARS,598199.8682244,144.94816222854,1495.9999952128,INC
2026-07-30,WIN Securities S.A. - ROFEX,Futuros,ARS,499848.11028200015,120.87161768971004,1488.000023808,VAL
2026-07-30,WIN Securities S.A. - ROFEX,Futuros,ARS,501076.60488600016,359.75927515783013,1488.000023808,VAL
2026-07-31,WIN Securities S.A. - ROFEX,Futuros,ARS,472041.7694874007,340.92166329805553,1484.9999413425,INC
2026-07-31,WIN Securities S.A. - ROFEX,Futuros,ARS,33644.44577340005,24.29895045475804,1484.9999413425,RCAP
2025-01-02,INVIU,Fixed Income,ARS,112720.498467283,0.0,1031.5000517297,BALANCEADO
2025-01-02,Allaria,Fixed Income,ARS,1344.823781321056,0.0,1031.5000517297,BALANCEADO
2025-01-02,Allaria,Fixed Income,ARS,1277.8161259320939,0.0,1031.5000517297,BALANCEADO
2025-01-02,Allaria,Fixed Income,ARS,1212.3802494269833,0.0,1031.5000517297,BALANCEADO
2025-01-03,Banco Supervielle,Fixed Income,ARS,145495.76912777897,0.0,1032.5000025813,LIQUIDEZ PLUS
2025-01-06,Allaria,Fixed Income,ARS,40579.34888115003,0.0,1034.99997309,RCAP
2025-01-07,WIN Securities,Fixed Income,ARS,772425.2422956125,397.79901578528165,1035.5000481508,GEST
2025-01-09,Banco Supervielle,Fixed Income,ARS,289178.2441795657,0.0,1036.9999508462,LIQUIDEZ PLUS
2025-01-09,Banco Supervielle,Fixed Income,ARS,59135.053911969735,0.0,1036.9999508462,VAL
2025-01-09,WIN Securities,Fixed Income,ARS,3016227.7173664942,1553.3573253166976,1036.9999508462,GEST
2025-01-09,Banco Santander,Fixed Income,ARS,19304.120490714446,0.0,1036.9999508462,MULTI
2025-01-09,Banco Supervielle,Fixed Income,ARS,2902.1216419000066,0.0,1036.9999508462,MULTI
2025-01-09,Banco Supervielle,Fixed Income,ARS,47449.36921149162,0.0,1036.9999508462,PyMES
2025-01-13,INVIU,Fixed Income,ARS,89889.3734399958,0.0,1039.4999589398,RCAP
2025-01-14,Banco Santander,Fixed Income,ARS,204325.10817300432,0.0,1039.9999584,PyMES
2025-01-15,DA Valores MAE,Fixed Income,ARS,197247.93986193923,0.0,1040.9999929212,LIQUIDEZ PLUS
2025-01-15,WIN Securities,Fixed Income,ARS,190.069751532628,0.096935639468,1040.9999929212,GEST
2025-01-15,WIN Securities,Fixed Income,ARS,192365.89948292004,98.10651363542402,1040.9999929212,GEST
2025-01-20,Latin Securities,Fixed Income,ARS,310565.85090693145,0.0,1041.5000266624,GESTII
2025-01-20,Banco Galicia,Fixed Income,ARS,145328.2070333185,0.0,1041.5000266624,RFIJA
2025-01-21,Allaria,Fixed Income,ARS,309175.0193371289,0.0,1047.0000412518,GESTII
2025-01-21,Allaria,Fixed Income,ARS,90824.35172238015,0.0,1047.0000412518,GESTII
2025-01-21,Banco Santander,Fixed Income,ARS,18929.46104978573,0.0,1047.0000412518,VAL
2025-01-22,WIN Securities,Fixed Income,ARS,164906.270303075,84.10220299009812,1047.0000412518,GEST
2025-01-22,WIN Securities,Fixed Income,ARS,14583.74223342348,7.437707443344012,1047.0000412518,GEST
2025-01-23,WIN Securities,Fixed Income,ARS,10625.915340651258,5.419216596416009,1047.0000412518,GEST
2025-01-23,WIN Securities,Fixed Income,ARS,381.0565274887606,0.1943361910060003,1047.0000412518,BALANCEADO
2025-01-23,WIN Securities,Fixed Income,ARS,381.0358016061006,0.1943266399080003,1047.0000412518,BALANCEADO
2025-01-23,WIN Securities,Fixed Income,ARS,380.9025637890006,0.1942597822220003,1047.0000412518,BALANCEADO
2025-01-23,WIN Securities,Fixed Income,ARS,4775.438589307128,2.4354726834120037,1047.0000412518,INC
2025-01-24,WIN Securities,Fixed Income,ARS,1597606.537865111,814.7793406163687,1046.0000487436,GEST
2025-01-27,Banco Galicia,Fixed Income,ARS,235826.58825000568,0.0,1049.4999814763,LIQUIDEZ PLUS
2025-01-28,Banco Hipotecario BYMA,Fixed Income,ARS,4755945.020523898,713.3917530785848,1050.4999486831,GEST
2025-01-29,WIN Securities,Fixed Income,ARS,190174.74055313002,96.98912481476356,1051.5000542048,GEST
2025-01-30,Banco Santander,Fixed Income,ARS,674238.9386181274,0.0,1050.9999844452,LIQUIDEZ PLUS
2025-01-30,BTG Pactual,Fixed Income,ARS,290544.12894325005,0.0,1050.9999844452,LIQUIDEZ PLUS
2025-01-30,Allaria,Fixed Income,ARS,2318489.1351699666,0.0,1050.9999844452,GEST
2025-01-30,Allaria,Fixed Income,ARS,1441632.7833152327,0.0,1050.9999844452,GEST
2025-01-30,DA Valores MAE,Fixed Income,ARS,25273.064122852007,0.0,1050.9999844452,VAL
2025-01-30,Banco Santander,Fixed Income,ARS,674238.8396647482,0.0,1050.9999844452,LIQUIDEZ PLUS
2025-01-30,Allaria,Fixed Income,ARS,1428509.5358898004,0.0,1050.9999844452,GEST
2025-01-30,DA Valores MAE,Fixed Income,ARS,25241.386301260434,0.0,1050.9999844452,VAL
2025-01-31,Allaria,Fixed Income,ARS,1547827.0818643295,0.0,1051.5000542048,GEST
2025-01-31,Allaria,Fixed Income,ARS,1440947.1752104103,0.0,1051.5000542048,GEST
2025-01-31,Banco Galicia,Fixed Income,ARS,246069.4594977215,0.0,1051.5000542048,RFIJA
2025-02-05,Banco Galicia,Fixed Income,ARS,112716.35229820594,0.0,1054.0000037944,PyMES
2025-02-10,Banco Santander,Fixed Income,ARS,284176.4326804328,0.0,1055.4999834814,GESTII
2025-02-13,Banco Santander,Fixed Income,ARS,283774.26036561286,0.0,1056.7500118356,GESTII
2025-02-13,Banco Galicia,Fixed Income,ARS,24604.594377847043,0.0,1056.7500118356,LIQUIDEZ PLUS
2025-02-14,BBVA,Fixed Income,ARS,709818.998483542,0.0,1055.9999966208,LIQUIDEZ PLUS
2025-02-17,WIN Securities,Fixed Income,ARS,472.298760981053,0.24087121289200003,1055.9999966208,BALANCEADO
2025-02-17,WIN Securities,Fixed Income,ARS,472.9886378772,0.241221591681,1055.9999966208,BALANCEADO
2025-02-17,WIN Securities,Fixed Income,ARS,472.56522878493604,0.24100378865000002,1055.9999966208,BALANCEADO
2025-02-18,Banco Santander,Fixed Income,ARS,248032.7047244115,0.0,1058.2499952643,RFIJA
2025-02-19,WIN Securities,Fixed Income,ARS,303.47283478060723,0.1547661764420037,1058.5000144485,BALANCEADO
2025-02-19,WIN Securities,Fixed Income,ARS,301.83819143967014,0.0,1058.5000144485,BALANCEADO
2025-02-19,WIN Securities,Fixed Income,ARS,302.1698588890872,0.15410486327200368,1058.5000144485,BALANCEADO
2025-02-20,WIN Securities,Fixed Income,ARS,30.095422720300753,0.015348287500000385,1058.7500397031,BALANCEADO
2025-02-21,WIN Securities,Fixed Income,ARS,188.87827390880474,0.09633057490000241,1058.7500397031,BALANCEADO
2025-02-21,WIN Securities,Fixed Income,ARS,188.46681701750472,0.09612278270000241,1058.7500397031,BALANCEADO
2025-02-21,WIN Securities,Fixed Income,ARS,188.82077214000475,0.0963022396000024,1058.7500397031,BALANCEADO
2025-02-25,WIN Securities,Fixed Income,ARS,44267.320149075356,22.576331009078974,1060.5000427382,GEST
2025-02-25,Latin Securities,Fixed Income,ARS,56565.16320839863,0.0,1060.5000427382,LIQUIDEZ PLUS
2025-02-25,Allaria,Fixed Income,ARS,90506.0119113022,0.0,1060.5000427382,RCAP
2025-02-26,Criteria,Fixed Income,ARS,4694671.348607571,0.0,1060.9999648809,GEST
2025-02-26,Criteria,Fixed Income,ARS,469467.1348607571,0.0,1060.9999648809,GEST
2025-02-28,Criteria,Fixed Income,ARS,931607.9229678242,0.0,1062.9999687478,GEST
2025-02-28,Banco Santander,Fixed Income,ARS,23513.64133100002,0.0,1062.9999687478,GESTII
2025-02-28,BBVA,Fixed Income,ARS,1011641.1962521288,0.0,1062.9999687478,LIQUIDEZ PLUS
2025-02-28,BBVA,Fixed Income,ARS,1350174.395292493,0.0,1062.9999687478,LIQUIDEZ PLUS
2025-02-28,BBVA,Fixed Income,ARS,885206.0467212007,0.0,1062.9999687478,LIQUIDEZ PLUS
2025-02-28,BBVA,Fixed Income,ARS,662975.8012412534,0.0,1062.9999687478,LIQUIDEZ PLUS
2025-02-28,Banco Galicia,Fixed Income,ARS,1992342.4856680017,0.0,1062.9999687478,GESTII
2025-02-28,Banco Santander,Fixed Income,ARS,1153072.8655089969,0.0,1062.9999687478,GESTII
2025-02-28,Banco Galicia,Fixed Income,ARS,155246.5332566281,0.0,1062.9999687478,RCAP
2025-02-28,Banco Supervielle,Fixed Income,ARS,111126.58840352809,0.0,1062.9999687478,RCAP
2025-03-05,Banco Supervielle,Fixed Income,ARS,263416.7210827262,0.0,1063.4999890991,GESTII
2025-03-05,Banco Santander,Fixed Income,ARS,564170.5746591133,0.0,1063.4999890991,GESTII
2025-03-07,Allaria,Fixed Income,ARS,61032.25633570414,0.0,1065.0000410025,LIQUIDEZ PLUS
2025-03-11,Allaria,Fixed Income,ARS,2152.79208569995,0.0,1065.5000151834,RCAP
2025-03-13,WIN Securities,Fixed Income,ARS,2344.396907372408,1.1956483587039468,1066.2499477538,RCAP
2025-03-13,Banco Hipotecario BYMA,Fixed Income,ARS,4689331.999765325,0.0,1066.2499477538,GEST
2025-03-14,Banco Santander,Fixed Income,ARS,569142.6586030867,0.0,1066.2499477538,GESTII
2025-03-17,WIN Securities,Fixed Income,ARS,331.6522719199361,0.16914071328000008,1067.7500200737,BALANCEADO
2025-03-17,DA Valores MAE,Fixed Income,ARS,695945.6670848003,0.0,1067.7500200737,GEST
2025-03-18,WIN Securities,Fixed Income,ARS,186484.27204992002,95.10697687280002,1067.9999863296,GEST
2025-03-19,WIN Securities,Fixed Income,ARS,1216083.522478919,620.202594493809,1068.9999943343,GEST
2025-03-21,Banco Galicia,Fixed Income,ARS,210519.71600887875,0.0,1068.7500166992,INC
2025-03-28,Banco Galicia,Fixed Income,ARS,326190.47058000014,0.0,1071.0000184212,GESTII
2025-03-31,Banco Comafi,Fixed Income,ARS,2857861.7596799056,0.0,1073.24995326,GEST
2025-03-31,Option Securities,Fixed Income,ARS,3572327.199599882,0.0,1073.24995326,GEST
2025-04-04,Banco Hipotecario BYMA,Fixed Income,ARS,3707871.564960004,0.0,1073.4999662921,GEST
2025-04-07,Banco Comafi,Fixed Income,ARS,1859398.991258317,0.0,1075.49999188,GEST
2025-04-07,Allaria,Fixed Income,ARS,57647.45482854239,0.0,1075.49999188,LIQUIDEZ PLUS
2025-04-07,WIN Securities,Fixed Income,ARS,1486.9744417240656,0.0,1075.49999188,LIQUIDEZ PLUS
2025-04-08,Banco Santander,Fixed Income,ARS,16786.207095800004,0.0,1075.750012909,LIQUIDEZ PLUS
2025-04-08,Parakeet Capital,Fixed Income,ARS,15801.993582163204,0.0,1075.750012909,LIQUIDEZ PLUS
2025-04-10,Banco Santander,Fixed Income,ARS,287632.74135198677,0.0,1076.7499852216,GESTII
2025-04-11,Criteria,Fixed Income,ARS,853375.0088294172,0.0,1073.9999959188,GEST
2025-04-11,Banco Santander,Fixed Income,ARS,39185.19567963,0.0,1073.9999959188,GESTII
2025-04-21,Banco Santander,Fixed Income,ARS,262634.2891559238,0.0,1093.9999789952,LIQUIDEZ PLUS
2025-04-21,Allaria,Fixed Income,ARS,10109872.223360004,0.0,1093.9999789952,GEST
2025-04-24,Allaria,Fixed Income,ARS,4258479.775104011,0.0,1173.9999398912,GEST
2025-04-24,Allaria,Fixed Income,ARS,4258153.454814731,0.0,1173.9999398912,GEST
2025-04-28,Allaria,Fixed Income,ARS,1731052.1365038028,0.0,1178.0000480624,GEST
2025-05-05,WIN Securities,Fixed Income,ARS,58.333805999981095,0.029749998810000046,1200.000048,BALANCEADO
2025-05-06,Criteria,Fixed Income,ARS,936915.3376901743,0.0,1194.0000542076,GEST
2025-05-06,Allaria,Fixed Income,ARS,2512555.338191294,0.0,1194.0000542076,GEST
2025-05-08,WIN Securities,Fixed Income,ARS,1282332.1803945592,653.9894127382988,1113.9999605644,GEST
2025-05-08,Criteria,Fixed Income,ARS,1537991.4397411267,0.0,1113.9999605644,GEST
2025-05-12,Criteria,Fixed Income,ARS,1771749.7460904154,2.6548674000000076e-05,1129.99993898,GEST
2025-07-14,Latin Securities,Fixed Income,ARS,23780.0,0.0,1280.0,INC
2025-07-31,Aldazabal,Fixed Income,ARS,363900.9997816604,0.0,1374.000071448,RCAP
2025-09-24,Allaria,Fixed Income,ARS,640372.0790073627,0.0,1337.4999130625,PERF
2025-09-25,Invertir en Bolsa (IEB),Fixed Income,ARS,644145.0877302646,0.0,1336.9999219192,PERF
2025-09-25,Invertir en Bolsa (IEB),Fixed Income,ARS,643789.1924215222,0.0,1336.9999219192,PERF
2025-09-26,Invertir en Bolsa (IEB),Fixed Income,ARS,552835.9482589442,0.0,1326.0000228072,PERF
2025-09-26,Invertir en Bolsa (IEB),Fixed Income,ARS,551883.8517444002,0.0,1326.0000228072,PERF
2025-10-01,Grit Capital Group,Fixed Income,ARS,567135.5888919511,0.0,1422.9999770897,PERF
2025-10-01,Grit Capital Group,Fixed Income,ARS,566795.5115850002,0.0,1422.9999770897,PERF
2025-10-07,Aldazabal,Fixed Income,ARS,578057.541271215,0.0,1429.4999909227,PERF
2025-10-23,Cohen,Fixed Income,ARS,21153.185587031272,0.0,1479.0000480675,INC
2025-11-05,Allaria,Fixed Income,ARS,68968.52274996018,0.0,1452.0000720192,GESTII
2025-11-07,Aldazabal,Fixed Income,ARS,33954.770513951946,0.0,1414.999961795,GESTII
2025-11-07,Aldazabal,Fixed Income,ARS,33957.780422160424,0.0,1414.999961795,PERF
2025-11-10,Aldazabal,Fixed Income,ARS,36793.710661941375,0.0,1420.4999449556,GESTII
2025-11-10,Aldazabal,Fixed Income,ARS,33955.22541995425,0.0,1420.4999449556,PERF
2025-12-03,WIN Securities,Fixed Income,ARS,2148.2225001660095,1.095588364968005,1453.0000964792,GESTII
2025-12-03,WIN Securities,Fixed Income,ARS,2137.2191354458414,1.0895663419680048,1453.0000964792,GESTII
2026-01-16,BBVA,Licitaciones,ARS,698401.855803297,0.0,1429.99999857,GEST
2026-01-30,BBVA,Licitaciones,ARS,2073255.0,0.0,1447.000007235,GEST
2026-02-04,Aldazabal,Fixed Income,ARS,276338.5198411102,0.0,1447.4999721356,INC
2026-02-10,Aldazabal,Fixed Income,ARS,14769.632846555058,0.0,1405.9999077664,GESTII
2026-02-10,Aldazabal,Fixed Income,ARS,940475.6026909322,0.0,1405.9999077664,PERF
2026-02-13,Aldazabal,Fixed Income,ARS,95716.5820651405,0.0,1399.5000146248,INC
2026-02-25,Aldazabal,Fixed Income,ARS,65402.789255550044,0.0,1398.9999668437,LOW
2026-02-26,Latin Securities,Fixed Income,ARS,745221.3613650798,0.0,1407.9999459328,GEST
2026-03-12,Aldazabal,Fixed Income,ARS,573682.3200788711,0.0,1394.5000082973,LIQUIDEZ PLUS
2026-03-16,Allaria,Fixed Income,ARS,364255.02507048746,0.0,1395.9999575616,INC
2026-03-16,Banco Galicia,Licitaciones,ARS,1097421.236800001,0.0,1395.9999575616,RCAP
2026-03-18,Comafi Bursátil,Fixed Income,ARS,990414.3719647523,0.0,1394.0000287164,PERF
2026-03-19,Aldazabal,Fixed Income,ARS,30569.522944679455,0.0,1394.5000082973,LOW
2026-03-19,Puente Hnos,Fixed Income,ARS,15537.161456495885,0.0,1394.5000082973,GESTII
2026-03-19,Aldazabal,Fixed Income,ARS,30571.961094539456,0.0,1394.5000082973,LIQUIDEZ PLUS
2026-03-25,Aldazabal,Fixed Income,ARS,36297.640101633406,0.0,1377.500024795,LOW
2026-04-01,Puente Hnos,Fixed Income,ARS,107617.14268983004,0.0,1394.0000287164,EST
2026-04-01,BBVA,Fixed Income,ARS,466371.72640422016,0.0,1394.0000287164,EST
2026-04-27,BBVA,Fixed Income,ARS,254057.8670261115,0.0,1417.0000041093,LIQUIDEZ PLUS
2026-04-28,Aldazabal,Fixed Income,ARS,78348.88388520035,0.0,1404.4999053367,EST
2026-04-28,Aldazabal,Fixed Income,ARS,78336.77993280035,0.0,1404.4999053367,LIQUIDEZ PLUS
2026-04-30,Allaria,Fixed Income,ARS,111435.29720837732,0.0,1390.9999244687,LIQUIDEZ PLUS
2026-04-30,Allaria,Fixed Income,ARS,104250.9330511923,0.0,1390.9999244687,LIQUIDEZ PLUS
2026-04-30,Allaria,Fixed Income,ARS,104258.9560566603,0.0,1390.9999244687,RVARIABLE
2026-04-30,Allaria,Fixed Income,ARS,111443.87377246632,0.0,1390.9999244687,PERF
2026-05-04,WIN Securities,Fixed Income,ARS,570.7746987636153,0.29110161337499507,1402.4999561719,EST
2026-05-06,Aldazabal,Fixed Income,ARS,8632.6888195092,0.0,1387.9999905616,EST
2026-05-06,Aldazabal,Fixed Income,ARS,8632.8213843516,0.0,1387.9999905616,PERF
2026-05-12,Aldazabal,Fixed Income,ARS,1260.1832835350754,0.0,1383.9999092096,LOW
2026-05-12,Comafi Bursátil,Fixed Income,ARS,121443.64958520052,0.0,1383.9999092096,PERF
2026-05-13,Banco de la Provincia de Cordoba,Fixed Income,ARS,251450.22402290246,0.0,1392.0000089088,EST
2026-05-13,Banco de la Provincia de Cordoba,Fixed Income,ARS,316113.6954768723,0.0,1392.0000089088,EST
2026-05-13,Banco Mariva,Fixed Income,ARS,93702.2776905353,0.0,1392.0000089088,LIQUIDEZ PLUS
2026-05-13,Banco Mariva,Fixed Income,ARS,93695.11993196042,0.0,1392.0000089088,EST
2026-05-18,BBVA,Fixed Income,ARS,26701.092511620034,0.0,1397.0000262636,LOW
2026-05-20,Banco Hipotecario BYMA,Fixed Income,ARS,1546599.8277600007,0.0,1397.0000262636,GEST
2026-05-22,Banco Comafi,Fixed Income,ARS,1775409.8985600022,0.0,1402.9999506144,GEST
2026-05-22,Banco de la Provincia de Cordoba,Fixed Income,ARS,1543820.439232002,0.0,1402.9999506144,GEST
2026-05-28,Allaria,Fixed Income,ARS,354393.99254045123,0.0,1409.99991681,RVARIABLE
2026-06-01,Banco de la Provincia de Cordoba,Fixed Income,ARS,28491.007094671393,0.0,1425.9999432452,VAL
2026-06-01,Comafi Bursátil,Fixed Income,ARS,350602.72783898155,0.0,1425.9999432452,RMIXTA
2026-06-02,BBVA,Fixed Income,ARS,212032.76656913816,0.0,1427.0000976068,PyMES
2026-06-02,BBVA,Fixed Income,ARS,3190618.733009051,0.0,1427.0000976068,PERF
2026-06-02,BBVA,Fixed Income,ARS,25121.36169445289,0.0,1427.0000976068,LOW
2026-06-02,Allaria,Fixed Income,ARS,351259.61157300166,0.0,1427.0000976068,RVARIABLE
2026-06-02,Banco de la Provincia de Cordoba,Fixed Income,ARS,700770.800007011,0.0,1427.0000976068,RMIXTA
2026-06-02,Banco de la Provincia de Cordoba,Fixed Income,ARS,1892081.160112132,0.0,1427.0000976068,RMIXTA
2026-06-02,BBVA,Fixed Income,ARS,192939.17613722806,0.0,1427.0000976068,GESTII
2026-06-02,Allaria,Fixed Income,ARS,630572.837037003,0.0,1427.0000976068,LIQUIDEZ PLUS
2026-06-02,Grit Capital Group,Fixed Income,ARS,700867.2260620833,0.0,1427.0000976068,LIQUIDEZ PLUS
2026-06-02,BBVA,Fixed Income,ARS,2498511.0057521625,0.0,1427.0000976068,LIQUIDEZ PLUS
2026-06-03,BBVA,Fixed Income,ARS,973756.026112767,0.0,1438.4999552627,LIQUIDEZ PLUS
2026-06-03,Allaria,Fixed Income,ARS,5297.810383739821,0.0,1438.4999552627,LIQUIDEZ PLUS
2026-06-03,BBVA,Fixed Income,ARS,913891.0419916703,0.0,1438.4999552627,RETORNO TOTAL
2026-06-03,Allaria,Fixed Income,ARS,5297.323765719821,0.0,1438.4999552627,GESTII
2026-06-03,Max Capital,Fixed Income,ARS,417471.2677626259,0.0,1438.4999552627,PERF
2026-06-04,Banco de la Provincia de Cordoba,Fixed Income,ARS,1004260.4993895714,0.0,1436.5000882011,PERF
2026-06-04,Aldazabal,Fixed Income,ARS,5809.460645735594,0.0,1436.5000882011,VAL
2026-06-04,BBVA,Fixed Income,ARS,142089.10472508505,0.0,1436.5000882011,GESTII
2026-06-05,Aldazabal,Fixed Income,ARS,2082.6105540436615,0.0,1440.5000033132,RETORNO TOTAL
2026-06-05,Aldazabal,Fixed Income,ARS,2082.800974036282,0.0,1440.5000033132,LIQUIDEZ PLUS
2026-06-08,BBVA,Fixed Income,ARS,14003.897257158353,0.0,1446.4999691172,LOW
2026-06-08,Aldazabal,Fixed Income,ARS,808277.5095968703,0.0,1446.4999691172,PERF
2026-06-08,Puente Hnos,Fixed Income,ARS,453466.99089134496,0.0,1446.4999691172,RMIXTA
2026-06-10,Comafi Bursátil,Fixed Income,ARS,17622.897557440323,0.0,1432.4999573831,RETORNO TOTAL
2026-06-11,BBVA,Fixed Income,ARS,264773.7778595725,0.0,1432.4999573831,VAL
2026-06-12,Aldazabal,Fixed Income,ARS,28011.20380392158,0.0,1428.0000245616,VAL
2026-06-12,Aldazabal,Fixed Income,ARS,28013.74519043249,0.0,1428.0000245616,GESTII
2026-06-16,Aldazabal,Fixed Income,ARS,6823.373371507805,0.0,1436.5000882011,VAL
2026-06-16,Comafi Bursátil,Fixed Income,ARS,467068.0179074744,0.0,1436.5000882011,RFIJA
2026-06-17,Allaria,Fixed Income,ARS,69467.63611967764,0.0,1441.50003647,GESTII
2026-06-17,Allaria,Fixed Income,ARS,69460.97639039764,0.0,1441.50003647,LIQUIDEZ PLUS
2026-06-18,Allaria,Fixed Income,ARS,28066.024411620037,0.0,1450.9999493601,GESTII
2026-06-18,Allaria,Fixed Income,ARS,28063.336610010036,0.0,1450.9999493601,LIQUIDEZ PLUS
2026-06-19,BBVA,Fixed Income,ARS,1578614.527871042,0.0,1450.9999493601,LIQUIDEZ PLUS
2026-06-19,Banco Mariva,Fixed Income,ARS,310116.6200580804,0.0,1450.9999493601,MULTI
2026-06-25,WIN Securities,Fixed Income,ARS,2028.5471637998467,1.0345565787240019,1476.9999354551,GESTII
2026-06-29,Aldazabal,Fixed Income,ARS,30374.62202024984,0.0,1481.4999179249,GESTII
2026-06-29,Aldazabal,Fixed Income,ARS,30377.512192532806,0.0,1481.4999179249,PERF
2026-06-30,Banco de la Provincia de Cordoba,Fixed Income,ARS,66123.56657694731,0.0,1482.0000717288,LOW
2026-06-30,Banco de la Provincia de Cordoba,Fixed Income,ARS,678994.5690260015,0.0,1482.0000717288,PERF
2026-06-30,Banco de la Provincia de Cordoba,Fixed Income,ARS,678994.5690260015,0.0,1482.0000717288,LIQUIDEZ PLUS
2026-06-30,BBVA,Licitaciones,ARS,2226720.540000005,0.0,1482.0000717288,GEST
2026-06-30,Banco Comafi,Fixed Income,ARS,1969142.9546260044,0.0,1482.0000717288,GEST
2026-07-02,BBVA,Fixed Income,ARS,212459.67402000006,0.0,1488.000023808,RMIXTA
2026-07-02,BBVA,Fixed Income,ARS,63249.59631999571,0.0,1488.000023808,GESTII
2026-07-02,Banco de la Provincia de Cordoba,Fixed Income,ARS,200777.55430772042,0.0,1488.000023808,GESTII
2026-07-02,Banco de la Provincia de Cordoba,Fixed Income,ARS,930663.8887585715,0.0,1488.000023808,LIQUIDEZ PLUS
2026-07-02,BBVA,Fixed Income,ARS,63249.59629983442,0.0,1488.000023808,GESTII
2026-07-02,BBVA,Fixed Income,ARS,432927.97301266855,0.0,1488.000023808,EST
2026-07-02,Banco de la Provincia de Cordoba,Fixed Income,ARS,6720.1632728537315,0.0,1488.000023808,LOW
2026-07-03,Aldazabal,Fixed Income,ARS,30365.252151422064,0.0,1488.4999240121,LIQUIDEZ PLUS
2026-07-03,Aldazabal,Fixed Income,ARS,30362.375564106922,0.0,1488.4999240121,PERF
2026-07-06,Aldazabal,Fixed Income,ARS,73101.24666184137,0.0,1486.4999051613,LOW
2026-07-06,Aldazabal,Fixed Income,ARS,64569.45379998861,0.0,1486.4999051613,LOW
2026-07-06,Aldazabal,Fixed Income,ARS,64575.234311625485,0.0,1486.4999051613,PERF
2026-07-06,Aldazabal,Fixed Income,ARS,73108.46504104392,0.0,1486.4999051613,PERF
2026-07-06,Aldazabal,Fixed Income,USDMEP,16027.56,0.0,1486.4999051613,PyMES
2026-07-06,Aldazabal,Fixed Income,USDMEP,16472.44,0.0,1486.4999051613,PyMES
2026-07-06,Aldazabal,Fixed Income,ARS,16637.908178888385,0.0,1486.4999051613,PyMES
2026-07-06,Aldazabal,Fixed Income,ARS,16638.246019475024,0.0,1486.4999051613,PyMES
2026-07-06,BBVA,Fixed Income,ARS,30262.894113752798,0.0,1486.4999051613,PyMES
2026-07-14,BBVA,Fixed Income,ARS,207196.7498430042,0.0,1471.4999160509,EST
2026-07-14,BBVA,Fixed Income,ARS,103608.5686020021,0.0,1471.4999160509,GESTII
2026-07-16,BBVA,Fixed Income,ARS,277759.8476199364,0.0,1475.9999456832,LIQUIDEZ PLUS
2026-07-16,Banco de la Provincia de Cordoba,Fixed Income,ARS,20199.651102425752,0.0,1475.9999456832,VAL
2026-07-17,Banco de la Provincia de Cordoba,Fixed Income,ARS,1141644.1365000005,0.0,1477.99997044,RMIXTA
2026-07-17,Banco de la Provincia de Cordoba,Fixed Income,ARS,481052.10230710433,0.0,1477.99997044,RMIXTA
2026-07-17,BBVA,Fixed Income,ARS,380581.8750000002,0.0,1477.99997044,RMIXTA
2026-07-17,BBVA,Fixed Income,ARS,344790.26400000014,0.0,1477.99997044,PERF
2026-07-17,Banco de la Provincia de Cordoba,Fixed Income,ARS,60200.06409980642,0.0,1477.99997044,VAL
2026-07-17,Puente Hnos,Fixed Income,ARS,344891.7525000001,0.0,1477.99997044,MULTI
2026-07-20,Banco de la Provincia de Cordoba,Fixed Income,ARS,1411842.5497579996,0.0,1481.0001015966,PERF
2026-07-20,Banco de la Provincia de Cordoba,Fixed Income,ARS,13503.908425421214,0.0,1481.0001015966,VAL
2026-07-22,Banco de la Provincia de Cordoba,Fixed Income,ARS,355905.58900925406,0.0,1483.0000735568,GESTII
2026-07-22,BBVA,Fixed Income,ARS,531395.7929280013,0.0,1483.0000735568,LIQUIDEZ PLUS
2026-07-23,Aldazabal,Fixed Income,ARS,155423.78288643004,0.0,1488.9999385043,GESTII
2026-07-23,BBVA,Fixed Income,ARS,756279.4133700014,0.0,1488.9999385043,RMIXTA
2026-07-23,Aldazabal,Fixed Income,ARS,155439.00499585655,0.0,1488.9999385043,PERF
2026-07-24,Banco Santander,Fixed Income,ARS,143521.04809770026,0.0,1496.9999372757,GESTII
2026-07-27,Alchemy Valores,Fixed Income,ARS,67091.85317855013,0.0,1496.9999372757,RFIJA
2026-07-29,BBVA,Fixed Income,ARS,81577.540368,0.0,1495.9999952128,RETORNO TOTAL
2026-07-31,SyC Inversiones,Fixed Income,ARS,168827.27939595026,0.0,1484.9999413425,EST
2026-07-31,Banco de la Provincia de Cordoba,Fixed Income,ARS,30925.550406744424,0.0,1484.9999413425,LIQUIDEZ PLUS
2026-07-31,BBVA,Fixed Income,ARS,197836.3714509003,0.0,1484.9999413425,PERF
2026-02-27,BBVA,Licitaciones,ARS,218084.09769672618,0.0,1397.0000262636,RFIJA
2026-02-27,BBVA,Licitaciones,ARS,572023.8635408691,0.0,1397.0000262636,PERF
2026-02-27,BBVA,Licitaciones,ARS,35751.491203319354,0.0,1397.0000262636,RBALANCEADO
2026-02-27,BBVA,Licitaciones,ARS,1429517.2051508462,0.0,1397.0000262636,GEST
2026-03-03,Allaria,Fixed Income,ARS,1125484.8360135322,0.0,1414.999961795,PERF
2026-03-03,Aldazabal,Fixed Income,ARS,520850.4731937048,0.0,1414.999961795,LIQUIDEZ PLUS
2026-03-04,Aldazabal,Fixed Income,ARS,35785.41932663664,0.0,1400.5000065123,LOW
2026-03-04,Grit Capital Group,Fixed Income,ARS,78564.3980638094,0.0,1400.5000065123,LOW
2026-03-04,BBVA,Fixed Income,ARS,178324.8831408032,0.0,1400.5000065123,RBALANCEADO
2026-03-05,Comafi Bursátil,Fixed Income,ARS,425746.4028123168,0.0,1406.9999089671,RFIJA
2026-03-05,Comafi Bursátil,Fixed Income,ARS,113573.21274975047,0.0,1406.9999089671,MULTI
2026-03-05,Aldazabal,Fixed Income,ARS,355394.9057232615,0.0,1406.9999089671,LIQUIDEZ PLUS
2026-03-11,Puente Hnos,Fixed Income,ARS,501432.67994269385,0.0,1395.9999575616,LIQUIDEZ PLUS
2026-03-16,BBVA,Licitaciones,ARS,2147210.779924205,0.0,1395.9999575616,GEST
2026-03-16,Puente Hnos,Fixed Income,ARS,82802.40939398408,0.0,1395.9999575616,PyMES
2026-03-17,Alchemy Valores,Fixed Income,ARS,72348.71280112007,0.0,1395.9999575616,LOW
2026-03-18,Grit Capital Group,Fixed Income,ARS,1189233.804038369,0.0,1394.0000287164,LIQUIDEZ PLUS
2026-03-18,Puente Hnos,Fixed Income,ARS,210535.90650227165,0.0,1394.0000287164,EST
2026-03-18,Aldazabal,Fixed Income,ARS,136280.05458144005,0.0,1394.0000287164,GESTII
2026-03-18,Aldazabal,Fixed Income,ARS,932568.1299569588,0.0,1394.0000287164,RETORNO TOTAL
2026-03-18,Comafi Bursátil,Fixed Income,ARS,990414.3715128154,0.0,1394.0000287164,PERF
2026-03-19,Grit Capital Group,Fixed Income,ARS,1828248.1670279503,0.0,1394.5000082973,RMIXTA
2026-03-19,Puente Hnos,Fixed Income,ARS,358693.0778227436,0.0,1394.5000082973,RBALANCEADO
2026-03-19,Aldazabal,Fixed Income,ARS,20337.576071174637,0.0,1394.5000082973,LIQUIDEZ PLUS
2026-03-19,Aldazabal,Fixed Income,ARS,20335.604038199635,0.0,1394.5000082973,LOW
2026-03-20,Aldazabal,Fixed Income,ARS,359930.32899796776,0.0,1390.4999375666,LIQUIDEZ PLUS
2026-03-25,Max Capital,Fixed Income,ARS,456143.3674700002,0.0,1377.500024795,EST
2026-03-25,Max Capital,Fixed Income,ARS,181997.09291280006,0.0,1377.500024795,EST
2026-03-26,Aldazabal,Fixed Income,ARS,182941.53246880078,0.0,1367.9999102592,RBALANCEADO
2026-03-26,Puente Hnos,Fixed Income,ARS,182447.92863525078,0.0,1367.9999102592,RBALANCEADO
2026-03-27,Aldazabal,Fixed Income,ARS,1247.0162651999774,0.0,1382.5000107144,RMIXTA
2026-03-30,Aldazabal,Fixed Income,ARS,193137.37245790413,0.0,1397.9999653296,EST
2026-03-30,Aldazabal,Fixed Income,ARS,193137.92324475612,0.0,1397.9999653296,LIQUIDEZ PLUS
2026-03-30,Aldazabal,Fixed Income,ARS,193118.86029721613,0.0,1397.9999653296,LIQUIDEZ PLUS
2026-03-30,Aldazabal,Fixed Income,ARS,193174.96187228413,0.0,1397.9999653296,PERF
2026-03-31,Allaria,Fixed Income,ARS,143673.4904598,0.0,1392.0000089088,RBALANCEADO
2026-03-31,BBVA,Fixed Income,ARS,179999.998848,0.0,1392.0000089088,LIQUIDEZ PLUS
2026-03-31,Aldazabal,Fixed Income,ARS,287374.042701036,0.0,1392.0000089088,EST
2026-03-31,Allaria,Fixed Income,ARS,72020.68919424,0.0,1392.0000089088,LIQUIDEZ PLUS
2026-04-01,Aldazabal,Fixed Income,ARS,6982.424533350003,0.0,1394.0000287164,RMIXTA
2026-04-07,Aldazabal,Fixed Income,ARS,7185.2069176599,0.0,1392.4999119244,LIQUIDEZ PLUS
2026-04-07,Aldazabal,Fixed Income,ARS,7184.524691404899,0.0,1392.4999119244,PyMES
2026-04-08,BBVA,Fixed Income,ARS,360360.3502090158,0.0,1387.5000398906,LIQUIDEZ PLUS
2026-04-08,Aldazabal,Fixed Income,ARS,537221.0651747239,0.0,1387.5000398906,EST
2026-04-08,BBVA,Fixed Income,ARS,967562.8188564603,0.0,1387.5000398906,PERF
2026-04-10,Aldazabal,Fixed Income,ARS,5839.415795620441,0.0,1370.0000137,RMIXTA
2026-04-10,Aldazabal,Fixed Income,ARS,22627.736795620443,0.0,1370.0000137,MULTI
2026-04-13,BBVA,Fixed Income,ARS,73855.24017725275,0.0,1354.0000682416,GESTII
2026-04-14,BBVA,Fixed Income,ARS,0.0008211143360000014,0.0,1364.0000556512,GESTII
2026-04-15,Puente Hnos,Fixed Income,ARS,100874.86546348277,0.0,1358.9999499888,GESTII
2026-04-15,Comafi Bursátil,Fixed Income,ARS,1103500.0406088016,0.0,1358.9999499888,LIQUIDEZ PLUS
2026-04-15,Banco de la Provincia de Cordoba,Fixed Income,ARS,39146.13714330044,0.0,1358.9999499888,RBALANCEADO
2026-04-15,Banco de la Provincia de Cordoba,Fixed Income,ARS,400100.80607764644,0.0,1358.9999499888,RBALANCEADO
2026-04-15,BBVA,Fixed Income,ARS,202008.7373824131,0.0,1358.9999499888,EST
2026-04-15,BBVA,Fixed Income,ARS,80320.30522215957,0.0,1358.9999499888,PyMES
2026-04-15,Max Capital,Fixed Income,ARS,2062899.1877174864,0.0,1358.9999499888,PERF
2026-04-15,Max Capital,Fixed Income,ARS,2062899.1881369126,0.0,1358.9999499888,PERF
2026-04-15,BBVA,Fixed Income,ARS,80320.30538404331,0.0,1358.9999499888,PyMES
2026-04-20,Aldazabal,Fixed Income,ARS,79953.72749916044,0.0,1377.0000236844,PyMES
2026-04-20,BBVA,Fixed Income,ARS,46318.081992000014,0.0,1377.0000236844,VAL
2026-04-20,Grit Capital Group,Fixed Income,ARS,116632.27864751958,0.0,1377.0000236844,VAL
2026-04-23,WIN Securities,Fixed Income,ARS,538.948854309348,0.274863503988,1392.0000089088,GESTII
2026-04-24,Allaria,Fixed Income,ARS,500160.3020259061,0.0,1399.5000146248,LIQUIDEZ PLUS
2026-04-24,Aldazabal,Fixed Income,ARS,338953.3096912294,0.0,1399.5000146248,LIQUIDEZ PLUS
2026-04-24,Allaria,Fixed Income,ARS,500207.1116002651,0.0,1399.5000146248,PERF
2026-04-24,Aldazabal,Fixed Income,ARS,500113.49245154706,0.0,1399.5000146248,PERF
2026-04-29,Banco Mariva,Fixed Income,ARS,143740.17883520786,0.0,1391.500077437,PERF
2026-04-29,Banco Mariva,Fixed Income,ARS,143727.18008638042,0.0,1391.500077437,LIQUIDEZ PLUS
2026-05-05,Banco de la Provincia de Cordoba,Fixed Income,ARS,430725.05967695627,0.0,1392.9999800801,RBALANCEADO
2026-05-05,Banco Comafi,Fixed Income,ARS,2344366.1286069914,0.0,1392.9999800801,GEST
2026-05-06,Aldazabal,Fixed Income,ARS,309783.61187598103,0.0,1387.9999905616,RETORNO TOTAL
2026-05-07,Latin Securities,Fixed Income,ARS,1622011.5559423892,0.0,1395.9999575616,GEST
2026-05-08,Aldazabal,Fixed Income,ARS,2422.9614334800017,0.0,1397.9999653296,LIQUIDEZ PLUS
2026-05-08,Aldazabal,Fixed Income,ARS,24135.980569960015,0.0,1397.9999653296,RETORNO TOTAL
2026-05-08,Aldazabal,Fixed Income,ARS,2422.7468412000017,0.0,1397.9999653296,RETORNO TOTAL
2026-05-08,Aldazabal,Fixed Income,ARS,20790.773047800012,0.0,1397.9999653296,LIQUIDEZ PLUS
2026-05-08,Aldazabal,Fixed Income,ARS,24138.133645836017,0.0,1397.9999653296,LIQUIDEZ PLUS
2026-05-08,Aldazabal,Fixed Income,ARS,20788.841717280015,0.0,1397.9999653296,LOW
2026-05-13,Banco Mariva,Fixed Income,ARS,35618.392386984815,0.0,1392.0000089088,LIQUIDEZ PLUS
2026-05-13,Banco Mariva,Fixed Income,ARS,35615.22433384418,0.0,1392.0000089088,EST
2026-05-13,SyC Inversiones,Fixed Income,ARS,51720.101888818936,0.0,1392.0000089088,GESTII
2026-05-13,BBVA,Fixed Income,ARS,1130.96263644,0.0,1392.0000089088,RETORNO TOTAL
2026-05-14,Aldazabal,Fixed Income,ARS,50365.75399294814,0.0,1390.9999244687,GESTII
2026-05-14,Aldazabal,Fixed Income,ARS,50366.645438000145,0.0,1390.9999244687,LIQUIDEZ PLUS
2026-05-18,Aldazabal,Fixed Income,ARS,14322.093180995187,0.0,1397.0000262636,LOW
2026-05-19,Banco de la Provincia de Cordoba,Fixed Income,ARS,1935588.794304462,0.0,1397.9999653296,RMIXTA
2026-05-19,BBVA,Fixed Income,ARS,3637.3391460000025,0.0,1397.9999653296,RETORNO TOTAL
2026-05-20,Aldazabal,Fixed Income,ARS,21474.587720830365,0.0,1397.0000262636,RETORNO TOTAL
2026-05-20,Aldazabal,Fixed Income,ARS,21476.48678307097,0.0,1397.0000262636,LIQUIDEZ PLUS
2026-05-26,BBVA,Fixed Income,ARS,194200.51025214262,0.0,1411.4999417051,GESTII
2026-05-26,Aldazabal,Fixed Income,ARS,963403.5178756726,0.0,1411.4999417051,RBALANCEADO
2026-05-26,Latin Securities,Fixed Income,ARS,708466.1998653675,0.0,1411.4999417051,LIQUIDEZ PLUS
2026-05-26,Banco de la Provincia de Cordoba,Fixed Income,ARS,1416932.3992418936,0.0,1411.4999417051,LIQUIDEZ PLUS
2026-05-26,BBVA,Fixed Income,ARS,1606801.341599946,0.0,1411.4999417051,PERF
2026-05-26,BBVA,Fixed Income,ARS,1607793.194279946,0.0,1411.4999417051,PERF
2026-06-01,BBVA,Fixed Income,ARS,115406.06232808415,0.0,1425.9999432452,VAL
2026-06-02,Allaria,Fixed Income,ARS,101952.55687367708,0.0,1427.0000976068,MULTI
2026-06-03,BBVA,Fixed Income,ARS,11813.732122707317,0.0,1438.4999552627,RETORNO TOTAL
2026-06-03,BBVA,Fixed Income,ARS,913891.0425756118,0.0,1438.4999552627,RETORNO TOTAL
2026-06-04,Banco de la Provincia de Cordoba,Fixed Income,ARS,1004260.4995844896,0.0,1436.5000882011,PERF
2026-06-08,BBVA,Fixed Income,ARS,14003.896579660932,0.0,1446.4999691172,LOW
2026-06-11,Grit Capital Group,Fixed Income,ARS,27855.67971177851,0.0,1432.4999573831,VAL
2026-06-11,Grit Capital Group,Fixed Income,ARS,18284.049409570333,0.0,1432.4999573831,VAL
2026-06-16,Comafi Bursátil,Fixed Income,ARS,467068.01865930174,0.0,1436.5000882011,RFIJA
2026-06-24,Banco de la Provincia de Cordoba,Fixed Income,ARS,169157.261716723,0.0,1479.0000480675,RBALANCEADO
2026-07-01,Aldazabal,Fixed Income,ARS,2686.3671962391077,0.0,1488.9999385043,LIQUIDEZ PLUS
2026-07-01,Aldazabal,Fixed Income,ARS,2686.3673372733647,0.0,1488.9999385043,GESTII
2026-07-02,Banco de la Provincia de Cordoba,Fixed Income,ARS,930663.8888056144,0.0,1488.000023808,LIQUIDEZ PLUS
2026-07-02,BBVA,Fixed Income,ARS,432927.97316051804,0.0,1488.000023808,EST
2026-07-02,Banco de la Provincia de Cordoba,Fixed Income,ARS,467983.8634800001,0.0,1488.000023808,EST
2026-07-14,Banco de la Provincia de Cordoba,Fixed Income,ARS,489215.1145560099,0.0,1471.4999160509,EST
2025-04-22,INVIU,Fixed Income,ARS,90543.47811600001,0.0,1104.0000017664,RCAP
2025-04-25,Banco Galicia,Fixed Income,ARS,253971.03355466455,0.0,1169.4999557344,RCAP
2025-08-27,Cohen,Fixed Income,ARS,73883.84678500002,0.0,1349.4999832662,BALANCEADO
2025-08-28,WIN Securities,Fixed Income,ARS,486747.1631266894,248.24104975125098,1333.0000833125,RCAP
2025-09-04,Grit Capital Group,Fixed Income,ARS,55758.44495279067,0.0,1362.4999148438,INC
2025-09-29,Puente Hnos,Fixed Income,ARS,247242.64112500014,0.0,1360.00003264,INC
2025-09-29,Grit Capital Group,Fixed Income,ARS,199682.93638408012,0.0,1360.00003264,BALANCEADO
2025-09-29,WIN Securities,Fixed Income,ARS,36682.94029608002,18.708301021589012,1360.00003264,GESTII
2025-09-29,Latin Securities,Fixed Income,ARS,437411.75420800026,0.0,1360.00003264,PERF
2025-09-30,WIN Securities,Fixed Income,ARS,489576.82432320033,294.6117178048322,1379.99996412,PERF
2025-09-30,Grit Capital Group,Fixed Income,ARS,1097434.5970115603,0.0,1379.99996412,PERF
2025-09-30,Puente Hnos,Fixed Income,ARS,360391.31371800025,0.0,1379.99996412,RCAP
2025-09-30,Aldazabal,Fixed Income,ARS,432438.2721129603,0.0,1379.99996412,RMIXTA
2025-09-30,WIN Securities,Fixed Income,ARS,27975.65290128002,14.26758008110201,1379.99996412,GESTII
2025-09-30,WIN Securities,Fixed Income,ARS,17000.00044200001,8.670000225420006,1379.99996412,EST
2025-10-02,Criteria,Fixed Income,ARS,701045.9790480123,708.0564388384925,1424.5000040598,GEST
2025-10-03,Criteria,Fixed Income,ARS,349139.56025451963,352.6309572259662,1424.5000040598,GEST
2025-10-15,Aldazabal,Fixed Income,ARS,406800.01057680027,0.0,1379.99996412,RMIXTA
2025-10-16,Aldazabal,Fixed Income,ARS,285716.84841000085,0.0,1401.9999248528,INC
2025-10-16,Grit Capital Group,Fixed Income,ARS,356633.34293865704,0.0,1401.9999248528,RCAP
2025-10-21,Alchemy Valores,Fixed Income,ARS,61281.62361010594,0.0,1490.5000001491,GESTII
2025-10-21,Aldazabal,Fixed Income,ARS,1912993.813629502,0.0,1490.5000001491,PERF
2025-10-21,Aldazabal,Fixed Income,ARS,16030.526667299462,0.0,1490.5000001491,EST
2025-10-28,WIN Securities,Fixed Income,ARS,309940.43814764504,158.06962379543504,1470.00001911,PERF
2025-10-29,Aldazabal,Fixed Income,ARS,367698.18843298696,0.0,1436.0000620352,RCAP
2025-10-30,Grit Capital Group,Fixed Income,ARS,345436.37389625004,0.0,1437.9999836068,GEST
2025-10-30,Aldazabal,Fixed Income,ARS,293529.76690674,0.0,1437.9999836068,INC
2025-11-12,WIN Securities,Fixed Income,ARS,336388.103194,171.55793262894,1411.9999949168,PERF
2025-11-14,Max Capital,Fixed Income,ARS,1428036.2973659511,0.0,1402.9999506144,GEST
2025-11-14,Max Capital,Fixed Income,ARS,1425517.2326443507,0.0,1402.9999506144,GEST
2025-11-28,WIN Securities,Fixed Income,ARS,380081.309939994,193.86902576939696,1451.4999437544,RCAP
2025-12-30,WIN Securities,Fixed Income,ARS,64649.33718336583,32.97116039100804,1455.00004947,BALANCEADO
2026-01-02,WIN Securities,Fixed Income,ARS,81323.633694996,41.47505074377,1475.0000036875,BALANCEADO
2026-01-02,WIN Securities,Fixed Income,ARS,504835.11738197994,257.465911220742,1475.0000036875,INC
2026-01-02,Aldazabal,Fixed Income,ARS,758522.98115454,0.0,1475.0000036875,PERF
2026-01-02,WIN Securities,Fixed Income,ARS,216077.28759539998,110.199416673654,1475.0000036875,RCAP
2026-01-02,Allaria,Fixed Income,ARS,162624.81315275998,0.0,1475.0000036875,RBALANCEADO
2026-01-05,WIN Securities,Fixed Income,ARS,251001.5293220141,128.01078064878502,1470.00001911,INC
2026-01-05,WIN Securities,Fixed Income,ARS,15644.595510905972,7.978748195596001,1470.00001911,RCAP
2026-01-06,WIN Securities,Fixed Income,ARS,204499.50817663854,104.29475219904646,1467.5000110063,INC
2026-01-27,Aldazabal,Fixed Income,ARS,1393982.6665379757,0.0,1442.5000025244,GEST
2026-01-27,Puente Hnos,Fixed Income,ARS,768865.9674586307,0.0,1442.5000025244,PERF
2026-03-17,Puente Hnos,Fixed Income,ARS,116764.4734636801,0.0,1395.9999575616,VAL
2026-04-20,Grit Capital Group,Fixed Income,ARS,116632.27831346003,0.0,1377.0000236844,VAL
2026-05-14,WIN Securities,Fixed Income,ARS,71890.4604097627,36.664135707613106,1390.9999244687,RCAP
2026-05-15,Aldazabal,Fixed Income,ARS,25098.683966833054,0.0,1394.5000082973,LOW
2026-06-01,BBVA,Fixed Income,ARS,230812.46921438677,0.0,1425.9999432452,VAL
2026-06-04,Puente Hnos,Fixed Income,ARS,20741.53718800808,0.0,1436.5000882011,VAL
2026-06-05,BBVA,Fixed Income,ARS,12585.560540299562,0.0,1440.5000033132,VAL
2026-06-08,BBVA,Fixed Income,ARS,69126.24910806231,0.0,1446.4999691172,RCAP
2026-06-08,BBVA,Fixed Income,ARS,20746.551428075767,0.0,1446.4999691172,RBALANCEADO
2026-06-09,BBVA,Fixed Income,ARS,1293684.892500002,0.0,1441.0000540375,PERF
2026-06-10,WIN Securities,Fixed Income,ARS,70087.12250394128,35.74443387317066,1432.4999573831,RCAP
2026-06-11,BBVA,Fixed Income,ARS,264752.12724810815,0.0,1432.4999573831,VAL
2026-06-11,BBVA,Fixed Income,ARS,1291832.4991650237,0.0,1432.4999573831,PERF
2026-06-17,BBVA,Fixed Income,ARS,138744.2212556353,0.0,1441.50003647,INC
2026-06-23,Banco de la Provincia de Cordoba,Fixed Income,ARS,135924.37064949275,0.0,1471.4999160509,INC
2026-06-23,BBVA,Fixed Income,ARS,135924.37064949275,0.0,1471.4999160509,RCAP
2026-06-30,Banco de la Provincia de Cordoba,Fixed Income,ARS,202387.50707354047,0.0,1482.0000717288,RCAP
2026-06-30,Banco de la Provincia de Cordoba,Fixed Income,ARS,202429.10761133805,0.0,1482.0000717288,INC
2026-07-02,Banco de la Provincia de Cordoba,Fixed Income,ARS,201652.89999936006,0.0,1488.000023808,RCAP
2026-07-02,Banco de la Provincia de Cordoba,Fixed Income,ARS,33601.24354840161,0.0,1488.000023808,RBALANCEADO
2026-07-03,Allaria,Fixed Income,ARS,134226.43614349008,0.0,1488.4999240121,INC
2026-07-06,Aldazabal,Fixed Income,ARS,25075.722420550905,0.0,1486.4999051613,LOW
2026-07-20,Banco de la Provincia de Cordoba,Fixed Income,ARS,1411842.1904535003,0.0,1481.0001015966,PERF
2026-07-20,Banco de la Provincia de Cordoba,Fixed Income,ARS,8667.69015489004,0.0,1481.0001015966,VAL
2026-07-21,Banco de la Provincia de Cordoba,Fixed Income,ARS,101509.07152184081,0.0,1477.4998928813,VAL
2025-01-02,Allaria,Fixed Income,ARS,548230.7044500146,0.0,1031.5000517297,GEST
2025-01-02,Allaria,Fixed Income,ARS,470722.22554501257,0.0,1031.5000517297,GEST
2025-01-02,Allaria,Fixed Income,ARS,384634.00882501027,0.0,1031.5000517297,GEST
2025-01-02,Allaria,Fixed Income,ARS,259331.05825000693,0.0,1031.5000517297,GEST
2025-01-02,Allaria,Fixed Income,ARS,385724.65346251026,0.0,1031.5000517297,GEST
2025-01-02,Allaria,Fixed Income,ARS,472030.9991100126,0.0,1031.5000517297,GEST
2025-01-02,Allaria,Fixed Income,ARS,550169.6282500146,0.0,1031.5000517297,GEST
2025-01-02,Allaria,Fixed Income,ARS,260058.15467500692,0.0,1031.5000517297,GEST
2025-01-03,Cocos Capital,Fixed Income,USDMEP,169569.0,0.0,1032.5000025813,CAP
2025-01-06,Option Securities,Fixed Income,ARS,10486.783538356856,0.0,1034.99997309,GEST
2025-01-06,Option Securities,Fixed Income,ARS,10497.69835989668,0.0,1034.99997309,GEST
2025-01-15,Max Capital,Fixed Income,ARS,485110.47400000005,0.0,1040.9999929212,GEST
2025-01-16,Cocos Capital,Fixed Income,ARS,260201.62560000017,0.0,1041.5000266624,GEST
2025-01-31,Allaria,Fixed Income,ARS,397944.40254826745,0.0,1051.5000542048,GEST
2025-01-31,Allaria,Fixed Income,ARS,1200100.4131705156,0.0,1051.5000542048,GEST
2025-02-03,Allaria,Fixed Income,ARS,20915.694524702303,0.0,1053.7499959167,GEST
2025-02-03,Allaria,Fixed Income,ARS,10328.059314042766,0.0,1053.7499959167,GEST
2025-02-25,Parakeet Capital,Fixed Income,USDMEP,99849.4,0.0,1060.5000427382,CAP
2025-03-11,WIN Securities,Fixed Income,USDMEP,225.9,0.35,1065.5000151834,CAP
2025-03-12,Allaria,Fixed Income,ARS,440394.10883998027,0.0,1065.7499511887,GEST
2025-03-19,Allaria,Fixed Income,ARS,1241855.0196781834,0.0,1068.9999943343,GEST
2025-03-28,Allaria,Fixed Income,ARS,888764.6905956003,0.0,1071.0000184212,GEST
2025-03-31,Allaria,Fixed Income,ARS,205389.18574413282,0.0,1073.24995326,GEST
2025-04-01,Allaria,Fixed Income,ARS,890349.6194099803,0.0,1072.5000372694,GEST
2025-04-08,WIN Securities,Fixed Income,USDMEP,94163.18,148.12,1075.750012909,CAP
2025-04-09,Cocos Capital,Fixed Income,USDMEP,89578.5,0.0,1076.4999627531,CAP
2025-04-09,WIN Securities,Fixed Income,USDMEP,12000.82,18.88,1076.4999627531,CAP
2025-04-11,WIN Securities,Fixed Income,USDMEP,15817.1,24.88,1073.9999959188,CAP
2025-04-14,WIN Securities,Fixed Income,USDMEP,15388.36,24.2,1194.9999766975,CAP
2025-04-15,Petrini Valores,Fixed Income,USDMEP,113333.82,0.0,1199.5000004198,CAP
2025-04-15,WIN Securities,Fixed Income,USDMEP,152.51,0.24,1199.5000004198,CAP
2025-08-27,Allaria,Fixed Income,ARS,1242220.703806649,0.0,1349.4999832662,GEST
2026-05-12,BAVSA,Fixed Income,ARS,72297.69260400032,0.0,1383.9999092096,INC
2026-05-12,BAVSA,Fixed Income,ARS,72297.69260400032,0.0,1383.9999092096,RCAP
2025-02-03,Criteria,Fixed Income,ARS,32666.17830926292,0.0,1053.7499959167,GEST
2025-02-03,Criteria,Fixed Income,ARS,33358.35405571736,0.0,1053.7499959167,GEST
2025-02-03,Criteria,Fixed Income,ARS,29207.25837177888,0.0,1053.7499959167,GEST
2025-02-03,Criteria,Fixed Income,ARS,27854.490461436053,0.0,1053.7499959167,GEST
2026-01-22,WIN Securities,Fixed Income,ARS,74711.4380399987,38.47639059059933,1429.4999909227,RCAP
2026-02-13,WIN Securities,Fixed Income,ARS,95762.69998534452,49.31779155322412,1399.5000146248,INC
2026-02-13,WIN Securities,Fixed Income,ARS,75061.16393157947,38.65650549100131,1399.5000146248,BALANCEADO
2026-04-08,WIN Securities,Fixed Income,ARS,38414.413310000724,19.78342285465037,1387.5000398906,INC
2026-04-08,WIN Securities,Fixed Income,ARS,107559.42115271362,55.39308669573805,1387.5000398906,RCAP
2025-05-19,INVIU,Fixed Income,ARS,43817.202988557605,0.0,1140.9999860798,RCAP
2025-05-23,INVIU,Fixed Income,ARS,26464.9315536,0.0,1133.5000031738,RCAP
2025-05-26,INVIU,Fixed Income,ARS,44107.913418624,0.0,1133.5000031738,RCAP
2026-02-04,WIN Securities,Fixed Income,ARS,34869.05853651495,17.957561658291315,1447.4999721356,GEST
2026-02-09,Criteria,Fixed Income,ARS,16856.197501976916,18.541822315734006,1415.9999784768,GEST
2026-02-10,Criteria,Fixed Income,ARS,20938.834944000093,23.0327184384001,1405.9999077664,GEST
2026-02-11,Criteria,Fixed Income,ARS,21017.142436800008,23.11885668048001,1400.000028,GEST
2026-02-12,Criteria,Fixed Income,ARS,35253.04767020003,38.778352437220036,1394.9999574525,GEST
2026-02-13,Criteria,Fixed Income,ARS,4921.0169760851095,5.413118914493904,1399.5000146248,GEST
2026-02-20,Criteria,Fixed Income,ARS,78848.86881767734,0.0,1375.9999735808,GEST
2026-02-23,Criteria,Fixed Income,ARS,42910.67202020023,47.201743386393865,1370.5000145958,GEST
2026-04-09,Criteria,Fixed Income,ARS,72239.16610239049,79.46308169163022,1380.999926807,GEST
2026-04-10,Criteria,Fixed Income,ARS,80863.50284100001,88.94985312510002,1370.0000137,GEST
2026-05-21,WIN Securities,Fixed Income,ARS,74208.72571779156,38.21750061022543,1389.5000759362,RCAP
2026-05-21,Aldazabal,Fixed Income,ARS,50305.862669999246,0.0,1389.5000759362,RCAP
2025-01-03,Banco Santander,Fixed Income,ARS,386356.45859825483,0.0,1032.5000025813,LIQUIDEZ PLUS
2025-01-06,Allaria,Fixed Income,ARS,26568.47025599762,0.0,1034.99997309,RCAP
2025-01-06,Allaria,Fixed Income,ARS,19902.481676884814,0.0,1034.99997309,RCAP
2025-01-06,Allaria,Fixed Income,ARS,20164.072988034015,0.0,1034.99997309,RCAP
2025-01-09,Banco Supervielle,Fixed Income,ARS,47446.09675232011,0.0,1036.9999508462,PyMES
2025-01-09,Banco Supervielle,Fixed Income,ARS,59133.73472193614,0.0,1036.9999508462,VAL
2025-01-10,Banco Santander,Fixed Income,ARS,34790.744175600084,0.0,1036.9999508462,EST
2025-01-10,BTG Pactual,Fixed Income,ARS,58817.823424416136,0.0,1036.9999508462,EST
2025-01-13,DA Valores MAE,Fixed Income,ARS,38198.36610719822,0.0,1039.4999589398,EST
2025-01-13,INVIU,Fixed Income,ARS,34317.4616729984,0.0,1039.4999589398,RCAP
2025-01-13,INVIU,Fixed Income,ARS,65108.22767999696,0.0,1039.4999589398,RCAP
2025-01-13,INVIU,Fixed Income,ARS,116666.67127499456,0.0,1039.4999589398,RCAP
2025-01-13,INVIU,Fixed Income,ARS,46758.32796527782,0.0,1039.4999589398,RCAP
2025-01-13,DA Valores MAE,Fixed Income,ARS,38473.862895377104,0.0,1039.4999589398,EST
2025-01-13,DA Valores MAE,Fixed Income,ARS,38411.43008867821,0.0,1039.4999589398,EST
2025-01-14,Banco Santander,Fixed Income,ARS,203864.62353920034,0.0,1039.9999584,PyMES
2025-01-14,Macro Securities / Banco Macro,Fixed Income,ARS,384554.72980526614,0.0,1039.9999584,GESTII
2025-01-15,Banco Santander,Fixed Income,ARS,192150.47777156084,0.0,1040.9999929212,LIQUIDEZ PLUS
2025-01-16,Banco Galicia,Fixed Income,ARS,42035.14054656003,0.0,1041.5000266624,EST
2025-01-16,DA Valores MAE,Fixed Income,ARS,76802.13677606406,0.0,1041.5000266624,MULTI
2025-01-16,Macro Securities / Banco Macro,Fixed Income,ARS,192025.73488250893,0.0,1041.5000266624,LIQUIDEZ PLUS
2025-01-17,Latin Securities,Fixed Income,ARS,19196.595763968013,0.0,1041.5000266624,EST
2025-01-17,WIN Securities,Fixed Income,ARS,3737253.8649600027,242.49663325440017,1041.5000266624,GEST
2025-01-20,Allaria,Fixed Income,ARS,57607.35906293764,0.0,1041.5000266624,RBALANCEADO
2025-01-20,Allaria,Fixed Income,ARS,28800.56191272962,0.0,1041.5000266624,VAL
2025-01-20,Allaria,Fixed Income,ARS,960444.8049853446,0.0,1041.5000266624,PERF
2025-01-21,Allaria,Fixed Income,ARS,38066.85618880006,0.0,1047.0000412518,EST
2025-01-21,Allaria,Fixed Income,ARS,38194.24491348486,0.0,1047.0000412518,EST
2025-01-21,WIN Securities,Fixed Income,ARS,3723209.022360006,1917.452646515403,1047.0000412518,GEST
2025-01-21,WIN Securities,Fixed Income,ARS,191075.9237037003,98.40410309518016,1047.0000412518,GEST
2025-01-22,WIN Securities,Fixed Income,ARS,1719226.6753379228,885.4017416194694,1047.0000412518,GEST
2025-01-22,Banco Galicia,Fixed Income,ARS,133710.1781129078,0.0,1047.0000412518,LIQUIDEZ PLUS
2025-01-29,TPCG,Fixed Income,ARS,1224700.3648267821,0.0,1051.5000542048,MULTI
2025-01-30,Banco Galicia,Fixed Income,ARS,17115.114430278005,0.0,1050.9999844452,LIQUIDEZ PLUS
2025-01-30,Allaria,Fixed Income,ARS,504305.4308700001,0.0,1050.9999844452,GEST
2025-01-30,Allaria,Fixed Income,ARS,1216316.9542526803,0.0,1050.9999844452,GEST
2025-01-30,BTG Pactual,Fixed Income,ARS,290282.1165702001,0.0,1050.9999844452,LIQUIDEZ PLUS
2025-01-30,Allaria,Fixed Income,ARS,1838.8140138938004,0.0,1050.9999844452,GEST
2025-01-31,WIN Securities,Fixed Income,ARS,189770.318320055,97.73171155727256,1051.5000542048,GEST
2025-01-31,WIN Securities,Fixed Income,ARS,93516.05951591126,0.0,1051.5000542048,GEST
2025-01-31,WIN Securities,Fixed Income,ARS,45514.49998373336,0.0,1051.5000542048,GEST
2025-01-31,Banco Supervielle,Fixed Income,ARS,1119432.4767678424,0.0,1051.5000542048,LIQUIDEZ PLUS
2025-01-31,WIN Securities,Fixed Income,ARS,188245.35406200495,96.94595791256654,1051.5000542048,GEST
2025-01-31,TPCG,Fixed Income,ARS,3890280.662984417,0.0,1051.5000542048,PERF
2025-01-31,Banco Santander,Fixed Income,ARS,1353144.9611536355,0.0,1051.5000542048,GESTII
2025-02-03,WIN Securities,Fixed Income,ARS,3792983.336140345,1953.3864180083156,1053.7499959167,GEST
2025-02-03,Allaria,Fixed Income,ARS,102830.23527391383,0.0,1053.7499959167,VAL
2025-02-03,WIN Securities,Fixed Income,ARS,7578909.901539229,3903.138596382145,1053.7499959167,GEST
2025-02-03,Allaria,Fixed Income,ARS,237178.35041373223,0.0,1053.7499959167,EST
2025-02-03,Banco Mariva,Fixed Income,ARS,67901.4949250412,0.0,1053.7499959167,PERF
2025-02-03,Allaria,Fixed Income,ARS,237177.6379297437,0.0,1053.7499959167,EST
2025-02-03,Allaria,Fixed Income,ARS,102832.14274723083,0.0,1053.7499959167,VAL
2025-02-03,Banco Mariva,Fixed Income,ARS,67917.43798560121,0.0,1053.7499959167,EST
2025-02-03,Allaria,Fixed Income,ARS,45644.33184947046,0.0,1053.7499959167,VAL
2025-02-03,WIN Securities,Fixed Income,ARS,1234949.1254307642,635.9987972450523,1053.7499959167,GEST
2025-02-04,Banco Galicia,Fixed Income,ARS,1706287.0766000303,0.0,1053.7499959167,GEST
2025-02-04,Parakeet Capital,Fixed Income,ARS,853143.5383000151,0.0,1053.7499959167,GEST
2025-02-04,WIN Securities,Fixed Income,ARS,3303708.327924111,1701.4097906973823,1053.7499959167,GEST
2025-02-04,Banco Galicia,Fixed Income,ARS,1893978.6550260335,0.0,1053.7499959167,GEST
2025-02-04,Banco Hipotecario BYMA,Fixed Income,ARS,4744884.360023522,0.0,1053.7499959167,GEST
2025-02-05,BTG Pactual,Fixed Income,ARS,284470.30258122,0.0,1054.0000037944,LIQUIDEZ PLUS
2025-02-05,BTG Pactual,Fixed Income,ARS,387583.20543582,0.0,1054.0000037944,GESTII
2025-02-05,BTG Pactual,Fixed Income,ARS,387666.2633102838,0.0,1054.0000037944,GESTII
2025-02-05,Banco Santander,Fixed Income,ARS,955991.9462737989,0.0,1054.0000037944,PERF
2025-02-05,Banco Galicia,Fixed Income,ARS,365980.0745838,0.0,1054.0000037944,PyMES
2025-02-05,Banco Galicia,Fixed Income,ARS,253344.70497031198,0.0,1054.0000037944,PyMES
2025-02-07,Banco Santander,Fixed Income,ARS,48387.28069439885,0.0,1053.499995628,PyMES
2025-02-10,Banco Galicia,Fixed Income,ARS,1894550.0163858966,0.0,1055.4999834814,PERF
2025-02-10,Banco Galicia,Fixed Income,ARS,1894548.218185963,0.0,1055.4999834814,PERF
2025-02-11,Allaria,Fixed Income,ARS,3470438.9548363765,0.0,1055.7500423092,PERF
2025-02-11,Allaria,Fixed Income,ARS,4293147.135553284,0.0,1055.7500423092,PERF
2025-02-11,Banco Santander,Fixed Income,ARS,331254.89044269064,0.0,1055.7500423092,PERF
2025-02-11,Banco Santander,Fixed Income,ARS,378782.3670130439,0.0,1055.7500423092,LIQUIDEZ PLUS
2025-02-11,Banco Galicia,Fixed Income,ARS,227962.6879991296,0.0,1055.7500423092,EST
2025-02-11,Banco Galicia,Fixed Income,ARS,67671.81826839641,0.0,1055.7500423092,VAL
2025-02-11,Banco Santander,Fixed Income,ARS,378934.7231518589,0.0,1055.7500423092,LIQUIDEZ PLUS
2025-02-11,Allaria,Fixed Income,ARS,3478570.0107264845,0.0,1055.7500423092,PERF
2025-02-11,Banco Galicia,Fixed Income,ARS,116526.58780000312,0.0,1055.7500423092,RMIXTA
2025-02-12,BTG Pactual,Fixed Income,ARS,3412887.517343903,0.0,1056.24995775,PERF
2025-02-12,BTG Pactual,Fixed Income,ARS,249785.7160269316,0.0,1056.24995775,EST
2025-02-12,BTG Pactual,Fixed Income,ARS,59480.35267507209,0.0,1056.24995775,VAL
2025-02-12,BTG Pactual,Fixed Income,ARS,160036.64924170266,0.0,1056.24995775,RMIXTA
2025-02-14,Banco Santander,Fixed Income,ARS,390539.20579518,0.0,1055.9999966208,RMIXTA
2025-02-14,BTG Pactual,Fixed Income,ARS,338895.57305416284,0.0,1055.9999966208,PERF
2025-02-14,BTG Pactual,Fixed Income,ARS,1038825.7609000001,0.0,1055.9999966208,PERF
2025-02-14,BTG Pactual,Fixed Income,ARS,30969.17008016195,0.0,1055.9999966208,VAL
2025-02-14,BTG Pactual,Fixed Income,ARS,31028.8978265652,0.0,1055.9999966208,VAL
2025-02-14,Latin Securities,Fixed Income,ARS,126344.49140809025,0.0,1055.9999966208,EST
2025-02-14,BTG Pactual,Fixed Income,ARS,1368650.765743319,0.0,1055.9999966208,PERF
2025-02-14,Alchemy Valores,Fixed Income,ARS,290380.20926255,0.0,1055.9999966208,LIQUIDEZ PLUS
2025-02-14,Latin Securities,Fixed Income,ARS,296736.563449557,0.0,1055.9999966208,LIQUIDEZ PLUS
2025-02-14,Alchemy Valores,Fixed Income,ARS,1876662.648050775,0.0,1055.9999966208,GESTII
2025-02-17,Banco Galicia,Fixed Income,ARS,350340.05793927005,0.0,1055.9999966208,LIQUIDEZ PLUS
2025-02-18,Banco Santander,Fixed Income,ARS,248031.52485197532,0.0,1058.2499952643,RFIJA
2025-02-19,Banco Galicia,Fixed Income,ARS,59416.60240105737,0.0,1058.5000144485,VAL
2025-02-19,Banco Galicia,Fixed Income,ARS,59417.599566844416,0.0,1058.5000144485,VAL
2025-02-19,Banco Galicia,Fixed Income,ARS,124760.41350722642,0.0,1058.5000144485,EST
2025-02-19,Banco Galicia,Fixed Income,ARS,124761.09324269187,0.0,1058.5000144485,EST
2025-02-20,Banco Galicia,Fixed Income,ARS,377803.1263282595,0.0,1058.7500397031,GESTII
2025-02-20,Banco Mariva,Fixed Income,ARS,3406654.4177050856,0.0,1058.7500397031,PERF
2025-02-20,Banco Mariva,Fixed Income,ARS,3406655.1119199353,0.0,1058.7500397031,PERF
2025-02-21,WIN Securities,Fixed Income,ARS,423.8583076000106,0.2182857061000055,1058.7500397031,BALANCEADO
2025-02-21,WIN Securities,Fixed Income,ARS,425.2289805120107,0.21899408860000552,1058.7500397031,BALANCEADO
2025-02-25,Allaria,Fixed Income,ARS,46117.993426685505,0.0,1060.5000427382,RCAP
2025-02-25,Banco Santander,Fixed Income,ARS,65788.540488747,0.0,1060.5000427382,RMIXTA
2025-02-25,Criteria,Fixed Income,ARS,471377.89868378796,0.0,1060.5000427382,GEST
2025-02-28,WIN Securities,Fixed Income,ARS,207.08937579680017,0.0,1062.9999687478,VAL
2025-02-28,Criteria,Fixed Income,ARS,1408450.9208063874,0.0,1062.9999687478,GEST
2025-02-28,Criteria,Fixed Income,ARS,4178269.1727000033,4596.096089970004,1062.9999687478,GEST
2025-03-05,WIN Securities,Fixed Income,ARS,90511.6026672853,46.613474854846096,1063.4999890991,RMIXTA
2025-03-10,WIN Securities,Fixed Income,ARS,140.6738980684737,0.07244663714399675,1065.7499511887,VAL
2025-03-10,WIN Securities,Fixed Income,ARS,2290.2557933758976,1.1794792939919472,1065.7499511887,VAL
2025-03-11,DA Valores MAE,Fixed Income,ARS,2450580.4756375942,0.0,1065.5000151834,GEST
2025-03-11,WIN Securities,Fixed Income,ARS,142135.1609403144,2.1320318795199507,1065.5000151834,RMIXTA
2025-03-11,WIN Securities,Fixed Income,ARS,76455.74426010498,39.374706149374084,1065.5000151834,RMIXTA
2025-03-14,Banco Galicia,Fixed Income,ARS,2311.9344626398974,0.0,1066.2499477538,RMIXTA
2025-03-14,Banco Santander,Fixed Income,ARS,42875.875488958096,0.0,1066.2499477538,PyMES
2025-03-14,Banco Galicia,Fixed Income,ARS,2315.2849809752333,0.0,1066.2499477538,RMIXTA
2025-03-14,WIN Securities,Fixed Income,ARS,28.083518374918754,0.014461899887999358,1066.2499477538,VAL
2025-03-14,Banco Santander,Fixed Income,ARS,569142.5680989791,0.0,1066.2499477538,GESTII
2025-03-17,WIN Securities,Fixed Income,ARS,10297.248694260004,5.303076463168002,1067.7500200737,EST
2025-03-18,BTG Pactual,Fixed Income,ARS,9362.659295872001,0.0,1067.9999863296,EST
2025-03-18,Banco Santander,Fixed Income,ARS,403869.0828848801,0.0,1067.9999863296,GESTII
2025-03-18,Allaria,Fixed Income,ARS,353372.33598384005,0.0,1067.9999863296,GESTII
2025-03-18,Latin Securities,Fixed Income,ARS,123585.06478413602,0.0,1067.9999863296,EST
2025-03-18,BTG Pactual,Fixed Income,ARS,280838.01857600006,0.0,1067.9999863296,LIQUIDEZ PLUS
2025-03-18,Latin Securities,Fixed Income,ARS,123584.99081409762,0.0,1067.9999863296,EST
2025-03-19,Banco Galicia,Fixed Income,ARS,168157.157112,0.0,1068.9999943343,EST
2025-03-19,Banco Santander,Fixed Income,ARS,232390.4081540265,0.0,1068.9999943343,EST
2025-03-19,Banco Supervielle,Fixed Income,ARS,240250.7028636,0.0,1068.9999943343,GESTII
2025-03-19,Banco Galicia,Fixed Income,ARS,74904.2333249625,0.0,1068.9999943343,EST
2025-03-19,BTG Pactual,Fixed Income,ARS,326527.7740598769,0.0,1068.9999943343,RMIXTA
2025-03-19,Banco Santander,Fixed Income,ARS,2630963.3956092135,0.0,1068.9999943343,PERF
2025-03-19,BTG Pactual,Fixed Income,ARS,326527.4675865357,0.0,1068.9999943343,RMIXTA
2025-03-19,Banco Santander,Fixed Income,ARS,2630963.53125,0.0,1068.9999943343,PERF
2025-03-19,Banco Galicia,Fixed Income,ARS,46708.269658218,0.0,1068.9999943343,EST
2025-03-20,WIN Securities,Fixed Income,ARS,46821.3285924,24.112984225086,1068.9999943343,EST
2025-03-20,Allaria,Fixed Income,ARS,527174.932635,0.0,1068.9999943343,PERF
2025-03-20,Banco Galicia,Fixed Income,ARS,527174.932635,0.0,1068.9999943343,PERF
2025-03-20,Latin Securities,Fixed Income,ARS,527174.932635,0.0,1068.9999943343,PERF
2025-03-20,Allaria,Fixed Income,ARS,527128.15995,0.0,1068.9999943343,PERF
2025-03-20,Banco Galicia,Fixed Income,ARS,527128.15995,0.0,1068.9999943343,PERF
2025-03-20,Latin Securities,Fixed Income,ARS,527128.15995,0.0,1068.9999943343,PERF
2025-03-20,WIN Securities,Fixed Income,ARS,93396.81995244,48.099364146414004,1068.9999943343,EST
2025-03-20,WIN Securities,Fixed Income,ARS,46836.216150944754,24.120654945426,1068.9999943343,EST
2025-03-25,Banco Galicia,Fixed Income,ARS,112043.78518769285,0.0,1071.0000184212,LIQUIDEZ PLUS
2025-03-26,Banco Comafi,Fixed Income,ARS,151085.17846499916,0.0,1071.2500170061,GEST
2025-03-26,Banco Comafi,Fixed Income,ARS,4241401.916284989,0.0,1071.2500170061,GEST
2025-03-27,Allaria,Fixed Income,ARS,17971.646165108414,0.0,1071.2500170061,LIQUIDEZ PLUS
2025-03-27,WIN Securities,Fixed Income,ARS,688.9934639747102,0.354828465778998,1071.2500170061,LIQUIDEZ PLUS
2025-03-27,Banco Santander,Fixed Income,ARS,560341.3119913929,0.0,1071.2500170061,PERF
2025-03-28,BTG Pactual,Fixed Income,ARS,37287.02083392001,0.0,1071.0000184212,LIQUIDEZ PLUS
2025-03-31,Banco Santander,Fixed Income,ARS,503772.12862456025,0.0,1073.24995326,LIQUIDEZ PLUS
2025-03-31,Allaria,Fixed Income,ARS,1840147.0179440686,0.0,1073.24995326,GESTII
2025-03-31,Allaria,Fixed Income,ARS,121362.06347306112,0.0,1073.24995326,VAL
2025-03-31,Banco Santander,Fixed Income,ARS,1477211.6925645233,0.0,1073.24995326,PERF
2025-04-01,Allaria,Fixed Income,ARS,1342225.4116326938,0.0,1072.5000372694,PERF
2025-04-01,Banco Galicia,Fixed Income,ARS,1030334.0900699921,0.0,1072.5000372694,MULTI
2025-04-01,Banco Galicia,Fixed Income,ARS,1030340.7655942357,0.0,1072.5000372694,MULTI
2025-04-01,Allaria,Fixed Income,ARS,1342225.3146630002,0.0,1072.5000372694,PERF
2025-04-01,Banco Comafi,Fixed Income,ARS,1164102.5236499743,0.0,1072.5000372694,GEST
2025-04-01,Banco Galicia,Fixed Income,ARS,171330.0360043192,0.0,1072.5000372694,EST
2025-04-01,Banco Comafi,Fixed Income,ARS,372654.53250479174,0.0,1072.5000372694,GEST
2025-04-01,Banco Hipotecario BYMA,Fixed Income,ARS,932400.8999999793,0.0,1072.5000372694,GEST
2025-04-01,Banco Galicia,Fixed Income,ARS,171278.3157263962,0.0,1072.5000372694,EST
2025-04-01,Banco Santander,Fixed Income,ARS,139872.2562116969,0.0,1072.5000372694,PERF
2025-04-03,Banco Hipotecario BYMA,Fixed Income,ARS,465441.00053990074,0.0,1074.2500123539,GEST
2025-04-03,Cocos Capital,Fixed Income,ARS,13964.854202913277,0.0,1074.2500123539,VAL
2025-04-03,Cocos Capital,Fixed Income,ARS,13966.717177059876,0.0,1074.2500123539,GESTII
2025-04-03,Cocos Capital,Fixed Income,ARS,13966.717177059876,0.0,1074.2500123539,LIQUIDEZ PLUS
2025-04-04,Cocos Capital,Fixed Income,ARS,174202.56904704496,0.0,1073.4999662921,GESTII
2025-04-04,Cocos Capital,Fixed Income,ARS,174194.81292197612,0.0,1073.4999662921,LIQUIDEZ PLUS
2025-04-04,INVIU,Fixed Income,ARS,190581.96220225218,0.0,1073.4999662921,RCAP
2025-04-04,INVIU,Fixed Income,ARS,190590.8890772414,0.0,1073.4999662921,RCAP
2025-04-07,Banco Santander,Fixed Income,ARS,8371.250644327807,0.0,1075.49999188,PyMES
2025-04-08,Banco Santander,Fixed Income,ARS,18603.081347760006,0.0,1075.750012909,PyMES
2025-04-08,INVIU,Fixed Income,ARS,232381.87032320004,0.0,1075.750012909,RCAP
2025-04-08,Macro Securities / Banco Macro,Fixed Income,ARS,241787.30827680006,0.0,1075.750012909,GEST
2025-04-08,Criteria,Fixed Income,ARS,247141.39787092883,271.8555393824,1075.750012909,GEST
2025-04-14,Banco Galicia,Fixed Income,ARS,1677656.9364800006,0.0,1194.9999766975,GEST
2025-04-15,Criteria,Fixed Income,USDMEP,2.59,0.01,1199.5000004198,GEST
2025-04-16,Parakeet Capital,Fixed Income,ARS,17783.884666743004,0.0,1124.9999859375,GESTII
2025-04-16,Parakeet Capital,Fixed Income,ARS,27564.000344550004,0.0,1124.9999859375,LIQUIDEZ PLUS
2025-04-21,Banco Santander,Fixed Income,ARS,18256.718814880005,0.0,1093.9999789952,PERF
2025-04-21,Allaria,Fixed Income,ARS,45245.003610934415,0.0,1093.9999789952,GESTII
2025-04-21,Allaria,Fixed Income,ARS,18277.515433195207,0.0,1093.9999789952,GESTII
2025-04-21,Allaria,Fixed Income,ARS,1380227.427780074,0.0,1093.9999789952,PERF
2025-04-21,Allaria,Fixed Income,ARS,1380228.4588587044,0.0,1093.9999789952,PERF
2025-04-21,Allaria,Fixed Income,ARS,1065360.8010764995,0.0,1093.9999789952,PERF
2025-04-22,Banco Santander,Fixed Income,ARS,460947.44853784645,0.0,1104.0000017664,PERF
2025-04-22,Allaria,Fixed Income,ARS,15330.108671124,0.0,1104.0000017664,GESTII
2025-04-22,Banco Hipotecario BYMA,Fixed Income,ARS,2696622.967460766,0.0,1104.0000017664,GEST
2025-04-22,Banco Comafi,Fixed Income,ARS,469818.4319656819,0.0,1104.0000017664,GEST
2025-04-22,Banco Comafi,Fixed Income,ARS,182971.0142,0.0,1104.0000017664,GEST
2025-04-22,Criteria,Fixed Income,ARS,1845.1142633521652,3.3212047048310005,1104.0000017664,GEST
2025-04-22,Criteria,Fixed Income,ARS,5858.149501496526,6.443967380994001,1104.0000017664,GEST
2025-04-22,Banco Hipotecario BYMA,Fixed Income,ARS,195021.12649956043,0.0,1104.0000017664,GEST
2025-04-22,Criteria,Fixed Income,ARS,46394.92746200001,51.034420208200004,1104.0000017664,GEST
2025-04-22,Criteria,Fixed Income,ARS,40792.24395647154,44.87146731951,1104.0000017664,GEST
2025-04-22,BTG Pactual,Fixed Income,ARS,27236.412999900003,0.0,1104.0000017664,VAL
2025-04-22,Cocos Capital,Fixed Income,ARS,103259.1954869592,0.0,1104.0000017664,GESTII
2025-04-22,Alchemy Valores,Fixed Income,ARS,173808.7977291523,0.0,1104.0000017664,EST
2025-04-22,Cocos Capital,Fixed Income,ARS,103268.11251593045,0.0,1104.0000017664,EST
2025-04-22,Cocos Capital,Fixed Income,ARS,95107.04332608961,0.0,1104.0000017664,PERF
2025-04-22,Cocos Capital,Fixed Income,ARS,95115.25636955473,0.0,1104.0000017664,EST
2025-04-22,Allaria,Fixed Income,ARS,15343.556134870601,0.0,1104.0000017664,EST
2025-04-23,BTG Pactual,Fixed Income,ARS,5177.5864140000085,0.0,1159.9999536,PERF
2025-04-23,Banco Comafi,Fixed Income,ARS,1934482.8360000032,0.0,1159.9999536,GEST
2025-04-23,Criteria,Fixed Income,ARS,38680.25152996868,42.54827756400007,1159.9999536,GEST
2025-04-23,Banco Comafi,Fixed Income,ARS,4246767.411250006,0.0,1159.9999536,GEST
2025-04-24,Allaria,Fixed Income,ARS,312016.2996208904,0.0,1173.9999398912,RMIXTA
2025-04-24,Allaria,Fixed Income,ARS,27011.27054822407,0.0,1173.9999398912,EST
2025-04-24,Latin Securities,Fixed Income,ARS,15583.036572979241,0.0,1173.9999398912,EST
2025-04-24,WIN Securities,Fixed Income,ARS,108447.07890002025,55.85024136038414,1173.9999398912,PERF
2025-04-24,WIN Securities,Fixed Income,ARS,15571.268241882664,8.019199729152021,1173.9999398912,EST
2025-04-24,Allaria,Fixed Income,ARS,27010.30376793607,0.0,1173.9999398912,EST
2025-04-24,BTG Pactual,Fixed Income,ARS,38325.6088617601,0.0,1173.9999398912,LIQUIDEZ PLUS
2025-04-24,Banco Santander,Fixed Income,ARS,714032.193253508,0.0,1173.9999398912,PERF
2025-04-24,Allaria,Fixed Income,ARS,312014.9393141768,0.0,1173.9999398912,RMIXTA
2025-04-24,Banco Santander,Fixed Income,ARS,714031.5033386515,0.0,1173.9999398912,PERF
2025-04-24,BTG Pactual,Fixed Income,ARS,108513.50470410268,0.0,1173.9999398912,PERF
2025-04-25,Allaria,Fixed Income,ARS,517109.89558801183,0.0,1169.4999557344,PERF
2025-04-25,BTG Pactual,Fixed Income,ARS,944720.0015550216,0.0,1169.4999557344,LIQUIDEZ PLUS
2025-04-28,Allaria,Fixed Income,ARS,3031355.988375005,0.0,1178.0000480624,GEST
2025-04-28,Banco Santander,Fixed Income,ARS,280315.68380930007,0.0,1178.0000480624,PERF
2025-04-28,Banco Supervielle,Fixed Income,ARS,21091.170616560034,0.0,1178.0000480624,PyMES
2025-04-29,Banco Santander,Fixed Income,ARS,49924.89277875,0.0,1164.9999982525,PERF
2025-04-30,Allaria,Fixed Income,ARS,312569.4610106259,0.0,1169.99993799,MULTI
2025-04-30,Invertir en Bolsa (IEB),Fixed Income,ARS,110126.9289136503,0.0,1169.99993799,PERF
2025-04-30,Allaria,Fixed Income,ARS,321924.6324466209,0.0,1169.99993799,MULTI
2025-05-05,Allaria,Fixed Income,ARS,8347.374666105012,0.0,1200.000048,PyMES
2025-05-06,WIN Securities,Fixed Income,ARS,71.18945237938915,0.036666665002000075,1194.0000542076,BALANCEADO
2025-05-06,WIN Securities,Fixed Income,ARS,71.20521452272715,0.03667504021100008,1194.0000542076,BALANCEADO
2025-05-06,WIN Securities,Fixed Income,ARS,628.0054572506964,0.32342544595300066,1194.0000542076,RFIJA
2025-05-07,Banco Santander,Fixed Income,ARS,153121.88215278048,0.0,1124.0000193328,LIQUIDEZ PLUS
2025-05-07,Alchemy Valores,Fixed Income,ARS,244818.90437452408,0.0,1124.0000193328,GESTII
2025-05-08,Allaria,Fixed Income,ARS,987662.5125216013,0.0,1113.9999605644,GESTII
2025-05-08,Banco Santander,Fixed Income,ARS,291742.5359111687,0.0,1113.9999605644,PERF
2025-05-08,WIN Securities,Fixed Income,ARS,1167.7500413383514,0.6013914036950008,1113.9999605644,VAL
2025-05-09,Allaria,Fixed Income,ARS,131887.3254208,0.0,1135.9999872768,PyMES
2025-05-09,Banco Santander,Fixed Income,ARS,45244.718816600005,0.0,1135.9999872768,EST
2025-05-09,Banco Santander,Fixed Income,ARS,1758186.1992691502,0.0,1135.9999872768,PERF
2025-05-09,Banco Santander,Fixed Income,ARS,26783.89114505,0.0,1135.9999872768,VAL
2025-05-09,Cocos Capital,Fixed Income,ARS,44017.309471867105,0.0,1135.9999872768,LIQUIDEZ PLUS
2025-05-09,Cocos Capital,Fixed Income,ARS,44013.547147881305,0.0,1135.9999872768,EST
2025-05-13,Parakeet Capital,Fixed Income,ARS,17768.998613952,0.0,1125.5000033765,VAL
2025-05-13,Allaria,Fixed Income,ARS,1779129.27054,0.0,1125.5000033765,PERF
2025-05-13,Allaria,Fixed Income,ARS,88849.39991115061,0.0,1125.5000033765,EST
2025-05-13,Allaria,Fixed Income,ARS,12487.2500736,0.0,1125.5000033765,PyMES
2025-05-14,Banco Supervielle,Fixed Income,ARS,264625.87555930024,0.0,1132.0000335072,RMIXTA
2025-05-14,Banco Supervielle,Fixed Income,ARS,573943.4459088005,0.0,1132.0000335072,RMIXTA
2025-05-14,Allaria,Fixed Income,ARS,575512.3504560005,0.0,1132.0000335072,RMIXTA
2025-05-14,Allaria,Fixed Income,ARS,8834.613696092609,0.0,1132.0000335072,VAL
2025-05-14,Criteria,Fixed Income,ARS,8844.302591565534,0.0,1132.0000335072,GEST
2025-05-14,Criteria,Fixed Income,ARS,1622807.8141557015,0.0,1132.0000335072,GEST
2025-05-14,Allaria,Fixed Income,ARS,53001.46353716375,0.0,1132.0000335072,EST
2025-05-14,Criteria,Fixed Income,ARS,1621039.0862928615,0.0,1132.0000335072,GEST
2025-05-15,Parakeet Capital,Fixed Income,ARS,160369.09261950728,0.0,1138.0000286776,RFIJA
2025-05-15,Banco Santander,Fixed Income,ARS,17570.41168376341,0.0,1138.0000286776,GESTII
2025-05-15,Criteria,Fixed Income,ARS,439997.9539823503,0.0,1138.0000286776,GEST
2025-05-15,Banco Santander,Fixed Income,ARS,43926.02920940852,0.0,1138.0000286776,LIQUIDEZ PLUS
2025-05-16,BTG Pactual,Fixed Income,ARS,10299.036277050025,0.0,1142.0000555012,PERF
2025-05-16,WIN Securities,Fixed Income,ARS,13142.94682184823,6.768616133392016,1142.0000555012,VAL
2025-05-16,Allaria,Fixed Income,ARS,22635.725695000052,0.0,1142.0000555012,GESTII
2025-05-27,Banco Galicia,Fixed Income,ARS,216450.2211038963,0.0,1154.9999543775,RMIXTA
2025-05-29,Banco Supervielle,Fixed Income,ARS,16908.24523236753,0.0,1183.0000526435,VAL
2025-05-29,Banco Supervielle,Fixed Income,ARS,25363.37249770355,0.0,1183.0000526435,GESTII
2025-05-30,Allaria,Fixed Income,ARS,180189.38500200043,0.0,1188.0000589248,GESTII
2025-06-03,Macro Securities / Banco Macro,Fixed Income,ARS,168.84396222925,1.7053209568599998,1183.9999924224,RFIJA
2025-06-03,Macro Securities / Banco Macro,Fixed Income,ARS,685.456085468,6.923108152415999,1183.9999924224,RFIJA
2025-06-06,BTG Pactual,Fixed Income,ARS,4219.308234172011,0.0,1184.9999389725,RFIJA
2025-06-10,Allaria,Fixed Income,ARS,1348043.722905029,0.0,1188.5000262064,GEST
2025-06-11,Allaria,Fixed Income,ARS,1271595.8529107887,0.0,1181.9999841612,PERF
2025-06-12,Banco Santander,Fixed Income,ARS,1013713.1323750026,0.0,1184.9999389725,PERF
2025-06-12,Allaria,Fixed Income,ARS,934126.6303860024,0.0,1184.9999389725,GEST
2025-06-12,Banco Santander,Fixed Income,ARS,253375.54047500066,0.0,1184.9999389725,GESTII
2025-06-12,Macro Securities / Banco Macro,Fixed Income,ARS,60810.129714000155,0.0,1184.9999389725,PERF
2025-06-13,Parakeet Capital,Fixed Income,ARS,65065.84351147621,0.0,1181.9999841612,GESTII
2025-06-18,Balanz Capital,Fixed Income,ARS,18992.993823000044,0.0,1142.0000555012,PERF
2025-06-19,Alchemy Valores,Fixed Income,ARS,8756.41288442082,0.0,1142.0000555012,PERF
2025-06-23,Allaria,Fixed Income,ARS,45424.44251142008,0.0,1170.999951989,EST
2025-06-23,WIN Securities,Fixed Income,ARS,86426.90362890014,0.0,1170.999951989,RFIJA
2025-06-23,WIN Securities,Fixed Income,ARS,86355.68244750015,0.0,1170.999951989,RFIJA
2025-06-24,Allaria,Fixed Income,ARS,171406.12246064673,0.0,1174.5000534985,LIQUIDEZ PLUS
2025-06-24,Allaria,Fixed Income,ARS,851571.8641483036,0.0,1174.5000534985,GESTII
2025-06-24,Allaria,Fixed Income,ARS,136304.4637785574,0.0,1174.5000534985,GESTII
2025-06-24,Allaria,Fixed Income,ARS,171413.18929727672,0.0,1174.5000534985,GESTII
2025-06-24,Allaria,Fixed Income,ARS,136298.8443662974,0.0,1174.5000534985,PERF
2025-06-24,Allaria,Fixed Income,ARS,851536.7853929837,0.0,1174.5000534985,PERF
2025-06-24,Allaria,Fixed Income,ARS,425768.39269649185,0.0,1174.5000534985,PERF
2025-06-25,Macro Securities / Banco Macro,Fixed Income,ARS,526543.2937505482,0.0,1191.5000294301,PERF
2025-06-25,Macro Securities / Banco Macro,Fixed Income,ARS,526531.3508217622,0.0,1191.5000294301,PERF
2025-06-25,Macro Securities / Banco Macro,Fixed Income,ARS,146983.5465163739,0.0,1191.5000294301,PyMES
2025-06-25,Macro Securities / Banco Macro,Fixed Income,ARS,121751.47432382873,0.0,1191.5000294301,EST
2025-06-25,Balanz Capital,Fixed Income,ARS,285354.58702642546,0.0,1191.5000294301,LIQUIDEZ PLUS
2025-06-25,Macro Securities / Banco Macro,Fixed Income,ARS,60878.39547489948,0.0,1191.5000294301,EST
2025-06-25,Banco Santander,Fixed Income,ARS,377675.1890767783,0.0,1191.5000294301,GESTII
2025-06-25,Macro Securities / Banco Macro,Fixed Income,ARS,12209.215812573695,0.0,1191.5000294301,VAL
2025-06-25,Banco Galicia,Fixed Income,ARS,755350.3781451639,0.0,1191.5000294301,GESTII
2025-07-01,Alchemy Valores,Fixed Income,ARS,40916.4170703772,0.0,1222.0000083096,EST
2025-07-01,Latin Securities,Fixed Income,ARS,40907.061914958,0.0,1222.0000083096,EST
2025-07-08,Allaria,Fixed Income,ARS,31824.50003482512,0.0,1255.0000771825,EST
2025-07-08,Max Capital,Fixed Income,ARS,23856.81128181009,0.0,1255.0000771825,EST
2025-07-08,Max Capital,Fixed Income,ARS,31889.55979178012,0.0,1255.0000771825,EST
2025-07-14,Latin Securities,Fixed Income,ARS,7842.3125,0.0,1280.0,INC
2025-07-17,Banco Santander,Fixed Income,ARS,7834.373041556604,0.0,1273.9999291656,EST
2025-07-17,Banco Hipotecario BYMA,Fixed Income,ARS,2943485.2500000093,0.0,1273.9999291656,GEST
2025-07-18,INVIU,Fixed Income,ARS,23315.31562947502,0.0,1285.99996142,RCAP
2025-07-21,Banco Santander,Fixed Income,ARS,785162.7195802509,0.0,1275.0000414375,PERF
2025-07-21,Cohen,Fixed Income,ARS,39210.18303939454,0.0,1275.0000414375,INC
2025-07-21,Cohen,Fixed Income,ARS,39214.085000052044,0.0,1275.0000414375,INC
2025-07-22,Max Capital,Fixed Income,ARS,3907.3616204000805,0.0,1256.5000317266,EST
2025-07-23,Balanz Capital,Fixed Income,ARS,46647.93291580625,0.0,1285.5000479492,EST
2025-07-23,Banco Santander,Fixed Income,ARS,14288.402189718043,0.0,1285.5000479492,EST
2025-07-23,Max Capital,Fixed Income,ARS,7778.692825373708,0.0,1285.5000479492,EST
2025-07-23,Balanz Capital,Fixed Income,ARS,7776.234637989708,0.0,1285.5000479492,EST
2025-07-23,Balanz Capital,Fixed Income,ARS,7734.616592089709,0.0,1285.5000479492,EST
2025-07-24,Allaria,Fixed Income,ARS,7861.488380507256,0.0,1272.000035616,EST
2025-07-24,Allaria,Fixed Income,ARS,7861.79016509,0.0,1272.000035616,PERF
2025-07-29,Aldazabal,Fixed Income,ARS,292519.3184439742,0.0,1291.0000641627,RCAP
2025-07-29,Aldazabal,Fixed Income,ARS,292519.3193115187,0.0,1291.0000641627,RCAP
2025-08-01,Allaria,Fixed Income,ARS,367721.7591905006,0.0,1364.0000556512,RMIXTA
2025-08-01,Allaria,Fixed Income,ARS,1304019.1458429396,0.0,1364.0000556512,PERF
2025-08-01,Parakeet Capital,Fixed Income,ARS,119500.3191713078,0.0,1364.0000556512,RBALANCEADO
2025-08-01,Max Capital,Fixed Income,ARS,131281.93561143897,0.0,1364.0000556512,PyMES
2025-08-01,Alchemy Valores,Fixed Income,ARS,832828.4166364365,0.0,1364.0000556512,GESTII
2025-08-01,Alchemy Valores,Fixed Income,ARS,427708.2505333743,0.0,1364.0000556512,GESTII
2025-08-01,Max Capital,Fixed Income,ARS,10900.790801582047,0.0,1364.0000556512,VAL
2025-08-01,Puente Hnos,Fixed Income,ARS,1428452.6144024178,0.0,1364.0000556512,LIQUIDEZ PLUS
2025-08-01,Puente Hnos,Fixed Income,ARS,1232272.381394841,0.0,1364.0000556512,LIQUIDEZ PLUS
2025-08-06,Allaria,Fixed Income,ARS,11201.201936000049,0.0,1331.9999126208,EST
2025-08-12,Allaria,Fixed Income,ARS,337230.36820329376,0.0,1317.4999700269,LIQUIDEZ PLUS
2025-08-12,Aldazabal,Fixed Income,ARS,337430.7477144938,0.0,1317.4999700269,LIQUIDEZ PLUS
2025-08-12,Allaria,Fixed Income,ARS,1215637.5988132276,0.0,1317.4999700269,PERF
2025-08-12,Latin Securities,Fixed Income,ARS,26644.40220008754,0.0,1317.4999700269,EST
2025-08-12,Aldazabal,Fixed Income,ARS,66675.68690586492,0.0,1317.4999700269,EST
2025-08-12,Aldazabal,Fixed Income,ARS,336119.5522387438,0.0,1317.4999700269,LIQUIDEZ PLUS
2025-08-12,Aldazabal,Fixed Income,ARS,262597.34942759515,0.0,1317.4999700269,GESTII
2025-08-12,Pharos Capital BYMA,Fixed Income,ARS,264097.91872169514,0.0,1317.4999700269,GESTII
2025-08-12,Pharos Capital BYMA,Fixed Income,ARS,264856.1730083951,0.0,1317.4999700269,GESTII
2025-08-12,WIN Securities,Fixed Income,ARS,36861.320823414084,18.98357538443765,1317.4999700269,VAL
2025-08-12,TPCG,Fixed Income,ARS,36831.17958553672,0.0,1317.4999700269,VAL
2025-08-12,Allaria,Fixed Income,ARS,1213934.9422280027,0.0,1317.4999700269,PERF
2025-08-12,Allaria,Fixed Income,ARS,1213707.8074979775,0.0,1317.4999700269,PERF
2025-08-12,Allaria,Fixed Income,ARS,521442.1359842408,0.0,1317.4999700269,RMIXTA
2025-08-12,Aldazabal,Fixed Income,ARS,513277.9745613147,0.0,1317.4999700269,RMIXTA
2025-08-12,Allaria,Fixed Income,ARS,521715.3818879904,0.0,1317.4999700269,RMIXTA
2025-08-12,Allaria,Fixed Income,ARS,116292.73888854186,0.0,1317.4999700269,PyMES
2025-08-13,Alchemy Valores,Fixed Income,ARS,304644.52240674227,0.0,1313.0000396526,LIQUIDEZ PLUS
2025-08-13,Alchemy Valores,Fixed Income,ARS,114242.18466869791,0.0,1313.0000396526,LIQUIDEZ PLUS
2025-08-13,Aldazabal,Fixed Income,ARS,114242.18967250582,0.0,1313.0000396526,LIQUIDEZ PLUS
2025-08-13,Alchemy Valores,Fixed Income,ARS,7615.574789050007,0.0,1313.0000396526,VAL
2025-08-13,Alchemy Valores,Fixed Income,ARS,7615.768239158407,0.0,1313.0000396526,VAL
2025-08-13,Pharos Capital BYMA,Fixed Income,ARS,47626.57891202004,0.0,1313.0000396526,RBALANCEADO
2025-08-14,Allaria,Fixed Income,ARS,6977.640500000006,0.0,1297.00003891,PERF
2025-08-14,Aldazabal,Fixed Income,ARS,105530.06622500009,0.0,1297.00003891,LIQUIDEZ PLUS
2025-08-14,BTG Pactual,Fixed Income,ARS,231016.1842800002,0.0,1297.00003891,LIQUIDEZ PLUS
2025-08-14,Allaria,Fixed Income,ARS,6978.026005000006,0.0,1297.00003891,EST
2025-08-18,Aldazabal,Fixed Income,ARS,77809.74428160001,0.0,1293.0000082752,LIQUIDEZ PLUS
2025-08-18,Aldazabal,Fixed Income,ARS,15467.903149265281,0.0,1293.0000082752,LIQUIDEZ PLUS
2025-08-18,Latin Securities,Fixed Income,ARS,33792.26583168,0.0,1293.0000082752,LIQUIDEZ PLUS
2025-08-18,WIN Securities,Fixed Income,ARS,93310.13088000001,48.05471740320001,1293.0000082752,PERF
2025-08-18,WIN Securities,Fixed Income,ARS,93348.80064000002,48.07463232960001,1293.0000082752,LIQUIDEZ PLUS
2025-08-18,Banco Hipotecario BYMA,Fixed Income,ARS,773811.2866176001,0.0,1293.0000082752,GEST
2025-08-19,Alchemy Valores,Fixed Income,ARS,47018.41449072,0.0,1292.49998449,GESTII
2025-08-19,WIN Securities,Fixed Income,ARS,46921.509267120004,24.164580560768,1292.49998449,GESTII
2025-08-19,Aldazabal,Fixed Income,ARS,77209.13052032,0.0,1292.49998449,LIQUIDEZ PLUS
2025-08-19,Alchemy Valores,Fixed Income,ARS,93655.70712,0.0,1292.49998449,LIQUIDEZ PLUS
2025-08-19,Max Capital,Fixed Income,ARS,68131.528864,0.0,1292.49998449,EST
2025-08-19,Allaria,Fixed Income,ARS,68082.73161002953,0.0,1292.49998449,EST
2025-08-19,Alchemy Valores,Fixed Income,ARS,93655.70712,0.0,1292.49998449,PERF
2025-08-19,Allaria,Fixed Income,ARS,68085.3978615122,0.0,1292.49998449,PERF
2025-08-20,Macro Securities / Banco Macro,Fixed Income,ARS,255520.05880820003,0.0,1301.0000136605,LIQUIDEZ PLUS
2025-08-20,Alchemy Valores,Fixed Income,ARS,307455.79883166804,0.0,1301.0000136605,LIQUIDEZ PLUS
2025-08-20,Latin Securities,Fixed Income,ARS,369938.50495500007,0.0,1301.0000136605,RMIXTA
2025-08-20,Allaria,Fixed Income,ARS,259965.79281225003,0.0,1301.0000136605,GESTII
2025-08-20,Aldazabal,Fixed Income,ARS,122982.31807840127,0.0,1301.0000136605,GESTII
2025-08-21,WIN Securities,Fixed Income,ARS,1017.8021187643632,0.5241673184640006,1314.9999546325,EST
2025-08-21,Latin Securities,Fixed Income,ARS,235741.35566159387,0.0,1314.9999546325,PERF
2025-08-22,Banco Santander,Fixed Income,ARS,111125.03264367393,0.0,1320.9999494057,PyMES
2025-08-22,Banco Santander,Fixed Income,ARS,111125.63635300817,0.0,1320.9999494057,PyMES
2025-08-22,Balanz Capital,Fixed Income,ARS,45722.93892000007,0.0,1320.9999494057,EST
2025-08-22,WIN Securities,Fixed Income,ARS,45931.11455250007,23.654520209526037,1320.9999494057,EST
2025-08-25,Aldazabal,Fixed Income,ARS,87555.06720000002,0.0,1361.9999825664,EST
2025-08-25,Grit Capital Group,Fixed Income,ARS,42687.225216000006,0.0,1361.9999825664,EST
2025-08-25,WIN Securities,Fixed Income,ARS,87371.51360000002,44.99632950400001,1361.9999825664,EST
2025-08-26,WIN Securities,Fixed Income,ARS,3708.84218370939,1.9100552863869644,1356.5000021026,EST
2025-08-26,WIN Securities,Fixed Income,ARS,3685.955534279329,1.898267597499965,1356.5000021026,EST
2025-08-27,WIN Securities,Fixed Income,ARS,2041.6793509930005,1.0514635180400003,1349.4999832662,GESTII
2025-08-27,Puente Hnos,Fixed Income,ARS,11855.761169612402,0.0,1349.4999832662,PERF
2025-08-27,WIN Securities,Fixed Income,ARS,2051.9713703870166,1.0567691868720002,1349.4999832662,GESTII
2025-08-28,Allaria,Fixed Income,ARS,75064.8115125003,0.0,1333.0000833125,GESTII
2025-08-29,WIN Securities,Fixed Income,ARS,74872.42723622381,0.0,1341.999969134,GESTII
2025-08-29,WIN Securities,Fixed Income,ARS,198786.29656165265,140.93424318187508,1341.999969134,GESTII
2025-08-29,Grit Capital Group,Fixed Income,ARS,68122.20723000004,0.0,1341.999969134,EST
2025-08-29,Cocos Capital,Fixed Income,ARS,74375.31836487973,0.0,1341.999969134,GESTII
2025-08-29,Pharos Capital BYMA,Fixed Income,ARS,198397.9181250001,0.0,1341.999969134,GESTII
2025-08-29,Aldazabal,Fixed Income,ARS,3725.7828129657323,0.0,1341.999969134,LIQUIDEZ PLUS
2025-09-01,Max Capital,Fixed Income,ARS,171609.5419500001,0.0,1341.999969134,LIQUIDEZ PLUS
2025-09-01,Grit Capital Group,Fixed Income,ARS,3021.609607500002,0.0,1341.999969134,PERF
2025-09-01,Grit Capital Group,Fixed Income,ARS,22829.732268750013,0.0,1341.999969134,PERF
2025-09-02,Grit Capital Group,Fixed Income,ARS,36678.91468800012,0.0,1360.9999211981,EST
2025-09-03,Max Capital,Fixed Income,ARS,10692.729818227352,0.0,1360.9999211981,VAL
2025-09-04,Max Capital,Fixed Income,ARS,37026.97332335878,0.0,1362.4999148438,INC
2025-09-04,Grit Capital Group,Fixed Income,ARS,238765.51950999215,0.0,1362.4999148438,LIQUIDEZ PLUS
2025-09-04,Allaria,Fixed Income,ARS,293880.0183674903,0.0,1362.4999148438,LIQUIDEZ PLUS
2025-09-04,Grit Capital Group,Fixed Income,ARS,44137.61743749855,0.0,1362.4999148438,GESTII
2025-09-04,Grit Capital Group,Fixed Income,ARS,220064.23393749277,0.0,1362.4999148438,LIQUIDEZ PLUS
2025-09-05,Aldazabal,Fixed Income,ARS,2218.5830857320016,0.0,1354.999963415,EST
2025-09-08,Banco Santander,Fixed Income,ARS,74183.81748000001,0.0,1409.0000157808,GESTII
2025-09-08,Aldazabal,Fixed Income,ARS,74480.12691600001,0.0,1409.0000157808,GESTII
2025-09-09,Latin Securities,Fixed Income,ARS,40127.07333599859,0.0,1416.5000154399,PERF
2025-09-09,Pharos Capital BYMA,Fixed Income,ARS,95128.83764999665,0.0,1416.5000154399,LIQUIDEZ PLUS
2025-09-09,Aldazabal,Fixed Income,ARS,4422.1672655998445,0.0,1416.5000154399,EST
2025-09-10,Aldazabal,Fixed Income,ARS,3449.947542900076,0.0,1423.4999051237,PERF
2025-09-15,Allaria,Fixed Income,ARS,136332.6596046358,0.0,1466.9999103663,GESTII
2025-09-15,Allaria,Fixed Income,ARS,136338.92818715924,0.0,1466.9999103663,LIQUIDEZ PLUS
2025-09-15,Allaria,Fixed Income,ARS,136332.66001363378,0.0,1466.9999103663,GESTII
2025-09-15,Allaria,Fixed Income,ARS,83826.81531950076,0.0,1466.9999103663,VAL
2025-09-15,Aldazabal,Fixed Income,ARS,96508.1474167569,0.0,1466.9999103663,GESTII
2025-09-15,Allaria,Fixed Income,ARS,136340.88728748343,0.0,1466.9999103663,LIQUIDEZ PLUS
2025-09-15,Allaria,Fixed Income,ARS,623140.5953472374,0.0,1466.9999103663,LIQUIDEZ PLUS
2025-09-16,Aldazabal,Fixed Income,ARS,68073.5194213751,0.0,1468.9999870728,LIQUIDEZ PLUS
2025-09-16,Allaria,Fixed Income,ARS,6829.986445400001,0.0,1468.9999870728,EST
2025-09-16,Allaria,Fixed Income,ARS,7046.967386724001,0.0,1468.9999870728,EST
2025-09-16,Allaria,Fixed Income,ARS,13626.616866000002,0.0,1468.9999870728,EST
2025-09-16,Aldazabal,Fixed Income,ARS,13441.4568916,0.0,1468.9999870728,EST
2025-09-16,Allaria,Fixed Income,ARS,13624.983101520002,0.0,1468.9999870728,EST
2025-09-16,Allaria,Fixed Income,ARS,13665.759140000002,0.0,1468.9999870728,EST
2025-09-16,Allaria,Fixed Income,ARS,13609.258118400001,0.0,1468.9999870728,EST
2025-09-17,Puente Hnos,Fixed Income,ARS,724940.3942677851,0.0,1474.499997051,LIQUIDEZ PLUS
2025-09-22,Allaria,Fixed Income,ARS,213068.18941761393,0.0,1407.9999459328,LIQUIDEZ PLUS
2025-09-22,Allaria,Fixed Income,ARS,481534.1097693189,0.0,1407.9999459328,LIQUIDEZ PLUS
2025-09-22,Allaria,Fixed Income,ARS,150035.51712500022,0.0,1407.9999459328,GESTII
2025-09-22,Allaria,Fixed Income,ARS,145569.96297625022,0.0,1407.9999459328,GESTII
2025-09-22,Allaria,Fixed Income,ARS,100910.85337781766,0.0,1407.9999459328,GESTII
2025-09-22,Latin Securities,Fixed Income,ARS,59659.093327841,0.0,1407.9999459328,GESTII
2025-09-22,Latin Securities,Fixed Income,ARS,14204.545403409089,0.0,1407.9999459328,EST
2025-09-22,Aldazabal,Fixed Income,ARS,15625.000386931832,0.0,1407.9999459328,EST
2025-09-22,Aldazabal,Fixed Income,ARS,17045.454546590907,0.0,1407.9999459328,EST
2025-09-22,Alchemy Valores,Fixed Income,ARS,7102.272900568188,0.0,1407.9999459328,EST
2025-09-22,Aldazabal,Fixed Income,ARS,7812.499717613625,0.0,1407.9999459328,EST
2025-09-22,Aldazabal,Fixed Income,ARS,2130.682553409119,0.0,1407.9999459328,EST
2025-09-22,Aldazabal,Fixed Income,ARS,1000.3145341507145,0.0,1407.9999459328,EST
2025-09-22,Alchemy Valores,Fixed Income,ARS,6391.827305105259,0.0,1407.9999459328,EST
2025-09-22,Alchemy Valores,Fixed Income,ARS,5681.814685511229,0.0,1407.9999459328,EST
2025-09-22,Aldazabal,Fixed Income,ARS,150983.67057050022,0.0,1407.9999459328,PERF
2025-09-22,Allaria,Fixed Income,ARS,252109.38468100035,0.0,1407.9999459328,PERF
2025-09-23,Grit Capital Group,Fixed Income,ARS,110051.13373200002,0.0,1368.9999811078,PERF
2025-09-23,Allaria,Fixed Income,ARS,112402.26524727982,0.0,1368.9999811078,PyMES
2025-09-23,Alchemy Valores,Fixed Income,ARS,16435.32765558765,0.0,1368.9999811078,LIQUIDEZ PLUS
2025-09-23,Alchemy Valores,Fixed Income,ARS,3652.2330672014004,0.0,1368.9999811078,VAL
2025-09-23,Grit Capital Group,Fixed Income,ARS,98581.44767160002,0.0,1368.9999811078,LIQUIDEZ PLUS
2025-09-23,Alchemy Valores,Fixed Income,ARS,2300.8260361341604,0.0,1368.9999811078,GESTII
2025-09-23,Aldazabal,Fixed Income,ARS,103102.63107950002,0.0,1368.9999811078,GESTII
2025-09-23,Aldazabal,Fixed Income,ARS,87582.17798000001,0.0,1368.9999811078,GESTII
2025-09-23,Aldazabal,Fixed Income,ARS,266917.68445775186,0.0,1368.9999811078,LIQUIDEZ PLUS
2025-09-24,Puente Hnos,Fixed Income,ARS,25894.489660711926,0.0,1337.4999130625,GESTII
2025-09-24,WIN Securities,Fixed Income,ARS,25824.69319262375,13.299716752332056,1337.4999130625,GESTII
2025-09-24,Allaria,Fixed Income,ARS,44836.57877979818,0.0,1337.4999130625,VAL
2025-09-24,Puente Hnos,Fixed Income,ARS,44836.57877979818,0.0,1337.4999130625,VAL
2025-09-24,Grit Capital Group,Fixed Income,ARS,259022.63365890112,0.0,1337.4999130625,RMIXTA
2025-09-24,Allaria,Fixed Income,ARS,89788.82826618038,0.0,1337.4999130625,RMIXTA
2025-09-24,Allaria,Fixed Income,ARS,640401.8659251868,0.0,1337.4999130625,PERF
2025-09-25,Allaria,Fixed Income,ARS,1236521.5381814442,0.0,1336.9999219192,PERF
2025-09-25,Aldazabal,Fixed Income,ARS,49065.89658272584,0.0,1336.9999219192,LIQUIDEZ PLUS
2025-09-25,Bull Market Brokers,Fixed Income,ARS,165931.19892000058,0.0,1336.9999219192,GESTII
2025-09-25,WIN Securities,Fixed Income,ARS,163892.37254064888,84.40456738248028,1336.9999219192,GESTII
2025-09-25,Aldazabal,Fixed Income,ARS,7600.636195560026,0.0,1336.9999219192,VAL
2025-09-25,Puente Hnos,Fixed Income,ARS,220938.49457820074,0.0,1336.9999219192,GESTII
2025-09-25,Puente Hnos,Fixed Income,ARS,220811.53122000076,0.0,1336.9999219192,GESTII
2025-09-25,WIN Securities,Fixed Income,ARS,166118.18472000057,85.55086513080029,1336.9999219192,GESTII
2025-09-26,WIN Securities,Fixed Income,ARS,10891.633040416553,5.609185423884002,1326.0000228072,GESTII
2025-09-26,WIN Securities,Fixed Income,ARS,10904.451471568624,5.615791758612002,1326.0000228072,GESTII
2025-09-30,Aldazabal,Fixed Income,ARS,25503.478923960018,0.0,1379.99996412,GESTII
2025-10-01,Grit Capital Group,Fixed Income,ARS,566795.5116763564,0.0,1422.9999770897,PERF
2025-10-01,Grit Capital Group,Fixed Income,ARS,567167.6064399016,0.0,1422.9999770897,PERF
2025-10-03,Aldazabal,Fixed Income,ARS,57585.9334266147,0.0,1424.5000040598,GESTII
2025-10-03,Aldazabal,Fixed Income,ARS,57591.11924618573,0.0,1424.5000040598,LIQUIDEZ PLUS
2025-10-03,Aldazabal,Fixed Income,ARS,105300.10480344166,0.0,1424.5000040598,LIQUIDEZ PLUS
2025-10-03,Puente Hnos,Fixed Income,ARS,105300.10478238163,0.0,1424.5000040598,LIQUIDEZ PLUS
2025-10-03,Aldazabal,Fixed Income,ARS,12638.736362716223,0.0,1424.5000040598,GESTII
2025-10-03,Aldazabal,Fixed Income,ARS,12640.270655446144,0.0,1424.5000040598,LIQUIDEZ PLUS
2025-10-07,Invertir en Bolsa (IEB),Fixed Income,ARS,18224.554155599682,0.0,1429.4999909227,EST
2025-10-07,Invertir en Bolsa (IEB),Fixed Income,ARS,18241.530273231092,0.0,1429.4999909227,EST
2025-10-08,Aldazabal,Fixed Income,ARS,280974.82545580005,0.0,1429.99999857,MULTI
2025-10-08,Aldazabal,Fixed Income,ARS,125942.30781825,0.0,1429.99999857,MULTI
2025-10-09,WIN Securities,Fixed Income,ARS,36184.13300981682,18.634825210830087,1419.99990344,GESTII
2025-10-09,WIN Securities,Fixed Income,ARS,36358.829556907454,18.724797047934086,1419.99990344,GESTII
2025-10-13,Invertir en Bolsa (IEB),Fixed Income,ARS,82042.25910000037,0.0,1419.99990344,PERF
2025-10-13,Aldazabal,Fixed Income,ARS,80597.75195952038,0.0,1419.99990344,LIQUIDEZ PLUS
2025-10-13,Invertir en Bolsa (IEB),Fixed Income,ARS,82170.42812280038,0.0,1419.99990344,PERF
2025-10-14,Invertir en Bolsa (IEB),Fixed Income,ARS,85448.15971395005,0.0,1360.00003264,PERF
2025-10-14,Invertir en Bolsa (IEB),Fixed Income,ARS,85294.11560000005,0.0,1360.00003264,PERF
2025-10-14,WIN Securities,Fixed Income,ARS,213.9134507484301,0.11016176206200005,1360.00003264,GESTII
2025-10-14,WIN Securities,Fixed Income,ARS,135079.28828015592,69.56583656571404,1360.00003264,GESTII
2025-10-15,Invertir en Bolsa (IEB),Fixed Income,ARS,85507.24860000006,0.0,1379.99996412,PERF
2025-10-15,Puente Hnos,Fixed Income,ARS,481213.15032313607,0.0,1379.99996412,LIQUIDEZ PLUS
2025-10-15,WIN Securities,Fixed Income,ARS,83638.33550793005,43.07374025035203,1379.99996412,GESTII
2025-10-15,WIN Securities,Fixed Income,ARS,79106.42691183956,40.73980540706103,1379.99996412,PERF
2025-10-15,Invertir en Bolsa (IEB),Fixed Income,ARS,85739.13266400006,0.0,1379.99996412,PERF
2025-10-15,Puente Hnos,Fixed Income,ARS,723608.2596906263,0.0,1379.99996412,PERF
2025-10-16,Aldazabal,Fixed Income,ARS,112582.25097021465,0.0,1401.9999248528,PyMES
2025-10-16,Banco Santander,Fixed Income,ARS,175275.28633484096,0.0,1401.9999248528,RBALANCEADO
2025-10-16,Aldazabal,Fixed Income,ARS,71223.97097167047,0.0,1401.9999248528,MULTI
2025-10-16,Alchemy Valores,Fixed Income,ARS,16866.97703816412,0.0,1401.9999248528,VAL
2025-10-16,Invertir en Bolsa (IEB),Fixed Income,ARS,32423.877629503295,0.0,1401.9999248528,PERF
2025-10-16,Aldazabal,Fixed Income,ARS,1462.1969400000044,0.0,1401.9999248528,EST
2025-10-16,Aldazabal,Fixed Income,ARS,6265.839979215642,0.0,1401.9999248528,VAL
2025-10-16,Aldazabal,Fixed Income,ARS,64140.516990000186,0.0,1401.9999248528,RMIXTA
2025-10-16,Aldazabal,Fixed Income,ARS,50887.30657920015,0.0,1401.9999248528,PERF
2025-10-16,Invertir en Bolsa (IEB),Fixed Income,ARS,32379.459652800095,0.0,1401.9999248528,PERF
2025-10-16,Criteria,Fixed Income,ARS,356228.26445760106,391.8510909033611,1401.9999248528,GEST
2025-10-17,Max Capital,Fixed Income,ARS,241511.7337984004,0.0,1449.999942,LIQUIDEZ PLUS
2025-10-17,Criteria,Fixed Income,ARS,688324.1654640011,757.1565820104013,1449.999942,GEST
2025-10-17,Criteria,Fixed Income,ARS,688455.1999520011,757.3007199472013,1449.999942,GEST
2025-10-17,Aldazabal,Fixed Income,ARS,34390.80134804585,0.0,1449.999942,RBALANCEADO
2025-10-17,Allaria,Fixed Income,ARS,21689.13957101386,0.0,1449.999942,EST
2025-10-17,Aldazabal,Fixed Income,ARS,69099.93379848011,0.0,1449.999942,LIQUIDEZ PLUS
2025-10-17,Aldazabal,Fixed Income,ARS,359379.7454924312,0.0,1449.999942,PERF
2025-10-17,Bull Market Brokers,Fixed Income,ARS,34482.759475862105,0.0,1449.999942,VAL
2025-10-17,Puente Hnos,Fixed Income,ARS,34482.760055172475,0.0,1449.999942,VAL
2025-10-17,Aldazabal,Fixed Income,ARS,34419.72601816835,0.0,1449.999942,PyMES
2025-10-20,Allaria,Fixed Income,ARS,643632.756092613,0.0,1475.0000036875,PERF
2025-10-20,Allaria,Fixed Income,ARS,135278.67762790498,0.0,1475.0000036875,PERF
2025-10-20,Allaria,Fixed Income,ARS,643632.755814647,0.0,1475.0000036875,PERF
2025-10-20,Grit Capital Group,Fixed Income,ARS,581283.5126145878,0.0,1475.0000036875,LIQUIDEZ PLUS
2025-10-20,Puente Hnos,Fixed Income,ARS,50169.491901694906,0.0,1475.0000036875,GESTII
2025-10-20,WIN Securities,Fixed Income,ARS,497.33469028208697,0.256122033258,1475.0000036875,GESTII
2025-10-20,Aldazabal,Fixed Income,ARS,2033.8986525423718,0.0,1475.0000036875,EST
2025-10-20,Grit Capital Group,Fixed Income,ARS,581283.51277052,0.0,1475.0000036875,LIQUIDEZ PLUS
2025-10-20,Puente Hnos,Fixed Income,ARS,50169.491603389826,0.0,1475.0000036875,GESTII
2025-10-20,WIN Securities,Fixed Income,ARS,491.37796487325,0.253057626486,1475.0000036875,GESTII
2025-10-21,Puente Hnos,Fixed Income,ARS,301911.2784669474,0.0,1490.5000001491,LIQUIDEZ PLUS
2025-10-21,Grit Capital Group,Fixed Income,ARS,1596995.5047043865,0.0,1490.5000001491,PERF
2025-10-21,Allaria,Fixed Income,ARS,3957.732304199867,0.0,1490.5000001491,VAL
2025-10-21,Aldazabal,Fixed Income,ARS,301911.42298221064,0.0,1490.5000001491,LIQUIDEZ PLUS
2025-10-21,Grit Capital Group,Fixed Income,ARS,281746.0583414905,0.0,1490.5000001491,PERF
2025-10-21,Aldazabal,Fixed Income,ARS,301928.81419321196,0.0,1490.5000001491,PERF
2025-10-21,Aldazabal,Fixed Income,ARS,15805.09895849947,0.0,1490.5000001491,EST
2025-10-22,Grit Capital Group,Fixed Income,ARS,351.7797324600006,0.0,1488.9999385043,PERF
2025-10-22,Criteria,Fixed Income,ARS,335824.0568514006,369.40646253654063,1488.9999385043,GEST
2025-10-23,Allaria,Fixed Income,ARS,147933.61588181264,0.0,1479.0000480675,GESTII
2025-10-23,Allaria,Fixed Income,ARS,63373.61524935006,0.0,1479.0000480675,GESTII
2025-10-23,Allaria,Fixed Income,ARS,63376.42187535756,0.0,1479.0000480675,PERF
2025-10-23,Allaria,Fixed Income,ARS,147942.02358945014,0.0,1479.0000480675,PERF
2025-10-24,Aldazabal,Fixed Income,ARS,37401.14037113206,0.0,1491.9999707568,VAL
2025-10-24,Max Capital,Fixed Income,ARS,290538.3128393231,0.0,1491.9999707568,PERF
2025-10-27,Allaria,Fixed Income,ARS,209059.22933101055,0.0,1435.0000236775,MULTI
2025-10-27,Aldazabal,Fixed Income,ARS,71634.55152186265,0.0,1435.0000236775,MULTI
2025-10-27,WIN Securities,Fixed Income,ARS,818.7827042601202,0.42167246691000015,1435.0000236775,MULTI
2025-10-28,Cocos Capital,Fixed Income,ARS,342448.97514000005,0.0,1470.00001911,PERF
2025-10-28,Aldazabal,Fixed Income,ARS,336694.73031684605,0.0,1470.00001911,PERF
2025-10-28,Puente Hnos,Fixed Income,ARS,185034.01081224493,0.0,1470.00001911,PERF
2025-10-28,Option Securities,Fixed Income,ARS,2748015.2703982503,0.0,1470.00001911,GEST
2025-10-28,Alchemy Valores,Fixed Income,ARS,34006.22682322517,0.0,1470.00001911,GESTII
2025-10-28,WIN Securities,Fixed Income,ARS,65117.04677252601,33.535278475606006,1470.00001911,PERF
2025-10-29,Puente Hnos,Fixed Income,ARS,193662.94428000035,0.0,1436.0000620352,PERF
2025-10-29,Puente Hnos,Fixed Income,ARS,193840.93870128036,0.0,1436.0000620352,PERF
2025-10-30,Aldazabal,Fixed Income,ARS,12516.6865126485,0.0,1437.9999836068,VAL
2025-10-30,Aldazabal,Fixed Income,ARS,4174.909644256,0.0,1437.9999836068,VAL
2025-10-31,Aldazabal,Fixed Income,ARS,25950.357980142777,0.0,1445.0000469625,VAL
2025-10-31,Latin Securities,Fixed Income,ARS,256911.5314427628,0.0,1445.0000469625,RMIXTA
2025-10-31,Puente Hnos,Fixed Income,ARS,327928.17273333785,0.0,1445.0000469625,RMIXTA
2025-10-31,Allaria,Fixed Income,ARS,116527.16585992592,0.0,1445.0000469625,RMIXTA
2025-10-31,Banco Supervielle,Fixed Income,ARS,2036816.5428000023,0.0,1445.0000469625,GEST
2025-10-31,Aldazabal,Fixed Income,ARS,559833.8918400006,0.0,1445.0000469625,RMIXTA
2025-10-31,Aldazabal,Fixed Income,ARS,556998.0107003328,0.0,1445.0000469625,RMIXTA
2025-10-31,Aldazabal,Fixed Income,ARS,25953.182201504278,0.0,1445.0000469625,EST
2025-10-31,Aldazabal,Fixed Income,ARS,55363.31935640146,0.0,1445.0000469625,EST
2025-10-31,Alchemy Valores,Fixed Income,ARS,36332.178812283775,0.0,1445.0000469625,EST
2025-10-31,Puente Hnos,Fixed Income,ARS,55363.31991695508,0.0,1445.0000469625,EST
2025-10-31,Aldazabal,Fixed Income,ARS,55363.32063667824,0.0,1445.0000469625,EST
2025-11-03,Aldazabal,Fixed Income,ARS,60646.15091088014,0.0,1482.0000717288,EST
2025-11-03,Grit Capital Group,Fixed Income,ARS,675163.2601696015,0.0,1482.0000717288,RETORNO TOTAL
2025-11-03,Grit Capital Group,Fixed Income,ARS,40370.37591382009,0.0,1482.0000717288,GESTII
2025-11-04,Aldazabal,Fixed Income,ARS,531337.6820135001,0.0,1454.0000194836,RMIXTA
2025-11-04,Puente Hnos,Fixed Income,ARS,298163.08747641655,0.0,1454.0000194836,RMIXTA
2025-11-04,Alchemy Valores,Fixed Income,ARS,344037.47819595004,0.0,1454.0000194836,GEST
2025-11-05,Allaria,Fixed Income,ARS,206634.97597680052,0.0,1452.0000720192,GESTII
2025-11-05,Grit Capital Group,Fixed Income,ARS,206710.2170199005,0.0,1452.0000720192,LIQUIDEZ PLUS
2025-11-05,Aldazabal,Fixed Income,ARS,68881.53928320017,0.0,1452.0000720192,GESTII
2025-11-05,Aldazabal,Fixed Income,ARS,68870.51910468341,0.0,1452.0000720192,EST
2025-11-05,Aldazabal,Fixed Income,ARS,68870.51881542723,0.0,1452.0000720192,EST
2025-11-05,Puente Hnos,Fixed Income,ARS,89531.67548347132,0.0,1452.0000720192,PyMES
2025-11-07,Aldazabal,Fixed Income,ARS,178233.0904660037,0.0,1414.999961795,PERF
2025-11-07,Aldazabal,Fixed Income,ARS,353356.89996466454,0.0,1414.999961795,RMIXTA
2025-11-07,Puente Hnos,Fixed Income,ARS,353356.89996466454,0.0,1414.999961795,RMIXTA
2025-11-07,Grit Capital Group,Fixed Income,ARS,706712.3893992557,0.0,1414.999961795,RMIXTA
2025-11-07,Aldazabal,Fixed Income,ARS,17739.974005481065,0.0,1414.999961795,PERF
2025-11-07,Aldazabal,Fixed Income,ARS,40142.66755735026,0.0,1414.999961795,PERF
2025-11-07,Invertir en Bolsa (IEB),Fixed Income,ARS,302300.7078087622,0.0,1414.999961795,LIQUIDEZ PLUS
2025-11-07,Aldazabal,Fixed Income,ARS,17739.222090266416,0.0,1414.999961795,GESTII
2025-11-07,Aldazabal,Fixed Income,ARS,40141.34415802124,0.0,1414.999961795,GESTII
2025-11-07,Aldazabal,Fixed Income,ARS,70671.37971731453,0.0,1414.999961795,GESTII
2025-11-07,Aldazabal,Fixed Income,ARS,178223.41597811,0.0,1414.999961795,GESTII
2025-11-07,Aldazabal,Fixed Income,ARS,70673.70964670606,0.0,1414.999961795,EST
2025-11-07,Invertir en Bolsa (IEB),Fixed Income,ARS,301879.8668080002,0.0,1414.999961795,LIQUIDEZ PLUS
2025-11-10,Aldazabal,Fixed Income,ARS,20698.135796773295,0.0,1420.4999449556,GESTII
2025-11-10,Grit Capital Group,Fixed Income,ARS,130562.72945212749,0.0,1420.4999449556,RETORNO TOTAL
2025-11-10,BBVA,Licitaciones,ARS,1406428.761376999,0.0,1420.4999449556,GEST
2025-11-10,Aldazabal,Fixed Income,ARS,281479.48996400536,0.0,1420.4999449556,LIQUIDEZ PLUS
2025-11-10,Max Capital,Fixed Income,ARS,7158.384620928537,0.0,1420.4999449556,VAL
2025-11-10,Max Capital,Fixed Income,ARS,26109.76387694212,0.0,1420.4999449556,PyMES
2025-11-11,Allaria,Fixed Income,ARS,98556.84997888256,0.0,1420.4999449556,EST
2025-11-11,Puente Hnos,Fixed Income,ARS,133755.72564062205,0.0,1420.4999449556,EST
2025-11-11,Cocos Capital,Fixed Income,ARS,334028.74163070164,0.0,1420.4999449556,LIQUIDEZ PLUS
2025-11-11,Macro Securities / Banco Macro,Fixed Income,ARS,35197.61664021942,0.0,1420.4999449556,EST
2025-11-13,Allaria,Fixed Income,ARS,64014.803310324154,0.0,1405.9999077664,EST
2025-11-13,Aldazabal,Fixed Income,ARS,71123.76025604585,0.0,1405.9999077664,EST
2025-11-13,Alchemy Valores,Fixed Income,ARS,72990.31417650032,0.0,1405.9999077664,EST
2025-11-13,BTG Pactual,Fixed Income,ARS,71106.2375095194,0.0,1405.9999077664,EST
2025-11-13,Aldazabal,Fixed Income,ARS,1422384.1615872062,0.0,1405.9999077664,GEST
2025-11-13,Allaria,Fixed Income,ARS,64011.38390042701,0.0,1405.9999077664,GESTII
2025-11-13,Cocos Capital,Fixed Income,ARS,71122.70310092671,0.0,1405.9999077664,EST
2025-11-14,Banco Comafi,Fixed Income,ARS,2126692.8760000025,0.0,1402.9999506144,GEST
2025-11-14,Option Securities,Fixed Income,ARS,2126692.8760000025,0.0,1402.9999506144,GEST
2025-11-14,Puente Hnos,Fixed Income,ARS,37776.19564191026,0.0,1402.9999506144,EST
2025-11-14,Aldazabal,Fixed Income,ARS,37687.10040000005,0.0,1402.9999506144,EST
2025-11-14,Bull Market Brokers,Fixed Income,ARS,37355.198036214446,0.0,1402.9999506144,EST
2025-11-14,Allaria,Fixed Income,ARS,37788.52592032005,0.0,1402.9999506144,EST
2025-11-14,Allaria,Fixed Income,ARS,37807.48529376005,0.0,1402.9999506144,EST
2025-11-17,WIN Securities,Fixed Income,ARS,57658.73416097412,29.69424519456006,1387.0000644955,EST
2025-11-18,Aldazabal,Fixed Income,ARS,21339.42814464001,0.0,1400.000028,VAL
2025-11-18,Aldazabal,Fixed Income,ARS,17858.03535712501,0.0,1400.000028,VAL
2025-11-18,Comafi Bursátil,Fixed Income,ARS,21425.24957149501,0.0,1400.000028,VAL
2025-11-25,Allaria,Fixed Income,ARS,345423.1501105415,0.0,1447.4999721356,RMIXTA
2025-11-25,Puente Hnos,Fixed Income,ARS,345423.1501105415,0.0,1447.4999721356,RMIXTA
2025-11-27,WIN Securities,Fixed Income,ARS,68799.15829033083,35.431565391209396,1453.4999916424,EST
2025-11-27,WIN Securities,Fixed Income,ARS,68798.93538011283,35.4314553120894,1453.4999916424,EST
2025-11-27,Grit Capital Group,Fixed Income,ARS,54989.19880259906,0.0,1453.4999916424,EST
2025-11-28,Grit Capital Group,Fixed Income,ARS,689133.1303897392,0.0,1451.4999437544,LIQUIDEZ PLUS
2025-11-28,Banco Galicia,Licitaciones,ARS,102808.57098348589,0.0,1451.4999437544,EST
2025-12-01,Grit Capital Group,Fixed Income,ARS,206623.74207487176,0.0,1451.4999437544,LIQUIDEZ PLUS
2025-12-03,Grit Capital Group,Fixed Income,ARS,158292.2262409447,0.0,1453.0000964792,EST
2025-12-03,Aldazabal,Fixed Income,ARS,344115.5996421213,0.0,1453.0000964792,LIQUIDEZ PLUS
2025-12-03,Puente Hnos,Fixed Income,ARS,344115.5996421213,0.0,1453.0000964792,LIQUIDEZ PLUS
2025-12-03,Aldazabal,Fixed Income,ARS,158293.175366828,0.0,1453.0000964792,EST
2025-12-03,Banco Comafi,Fixed Income,ARS,1033110.7366320045,0.0,1453.0000964792,GEST
2025-12-05,Banco Comafi,Fixed Income,ARS,673344.9366250002,0.0,1435.0000236775,GEST
2025-12-05,Option Securities,Fixed Income,ARS,673344.9366250002,0.0,1435.0000236775,GEST
2025-12-05,Aldazabal,Fixed Income,ARS,26586.32724076811,0.0,1435.0000236775,PyMES
2025-12-09,Puente Hnos,Fixed Income,ARS,88401.53467450447,0.0,1441.9999501068,MULTI
2025-12-09,Aldazabal,Fixed Income,ARS,25658.80746893205,0.0,1441.9999501068,MULTI
2025-12-10,Aldazabal,Fixed Income,ARS,16487.30997479529,0.0,1437.4999460938,PERF
2025-12-10,Aldazabal,Fixed Income,ARS,14265.693063658648,0.0,1437.4999460938,EST
2025-12-10,Aldazabal,Fixed Income,ARS,14266.951171531911,0.0,1437.4999460938,PERF
2025-12-10,Aldazabal,Fixed Income,ARS,16486.57863563743,0.0,1437.4999460938,EST
2025-12-11,Grit Capital Group,Fixed Income,ARS,418316.2771933608,0.0,1436.0000620352,LIQUIDEZ PLUS
2025-12-12,Aldazabal,Fixed Income,ARS,20818.87563844553,0.0,1441.0000540375,LIQUIDEZ PLUS
2025-12-16,Allaria,Fixed Income,ARS,1496932.6607887805,0.0,1450.9999493601,PERF
2025-12-16,Latin Securities,Fixed Income,ARS,14470.741311369327,0.0,1450.9999493601,PERF
2025-12-16,Aldazabal,Fixed Income,ARS,634868.4160232069,0.0,1450.9999493601,PERF
2025-12-16,Allaria,Fixed Income,ARS,124052.25794761816,0.0,1450.9999493601,EST
2025-12-16,Allaria,Fixed Income,ARS,48242.544757407064,0.0,1450.9999493601,GESTII
2025-12-19,Puente Hnos,Fixed Income,ARS,172413.7997517244,0.0,1449.999942,LIQUIDEZ PLUS
2025-12-23,Grit Capital Group,Fixed Income,ARS,241918.68521760032,0.0,1450.9999493601,EST
2025-12-23,Grit Capital Group,Fixed Income,ARS,104152.31238750013,0.0,1450.9999493601,EST
2025-12-23,Grit Capital Group,Fixed Income,ARS,131215.53047190997,0.0,1450.9999493601,EST
2025-12-23,Aldazabal,Fixed Income,ARS,68917.99030323925,0.0,1450.9999493601,EST
2025-12-23,Puente Hnos,Fixed Income,ARS,137835.9799172986,0.0,1450.9999493601,RBALANCEADO
2025-12-29,Aldazabal,Fixed Income,ARS,82336.37632938,0.0,1456.9999962118,RETORNO TOTAL
2025-12-29,Grit Capital Group,Fixed Income,ARS,115966.98726102001,0.0,1456.9999962118,EST
2025-12-29,Grit Capital Group,Fixed Income,ARS,89193.54861900001,0.0,1456.9999962118,EST
2025-12-30,Banco Santander,Fixed Income,ARS,34327.49024180004,0.0,1455.00004947,GESTII
2025-12-30,Aldazabal,Fixed Income,ARS,716673.5151520008,0.0,1455.00004947,PERF
2025-12-30,Invertir en Bolsa (IEB),Fixed Income,ARS,579037.7810000007,0.0,1455.00004947,PERF
2025-12-30,Invertir en Bolsa (IEB),Fixed Income,ARS,583034.3444380007,0.0,1455.00004947,PERF
2026-01-02,Invertir en Bolsa (IEB),Fixed Income,ARS,145220.33862,0.0,1475.0000036875,PERF
2026-01-02,Invertir en Bolsa (IEB),Fixed Income,ARS,145852.47421164,0.0,1475.0000036875,PERF
2026-01-05,Invertir en Bolsa (IEB),Fixed Income,ARS,166541.49443360002,0.0,1470.00001911,PERF
2026-01-05,Invertir en Bolsa (IEB),Fixed Income,ARS,166346.93661300003,0.0,1470.00001911,PERF
2026-01-06,Grit Capital Group,Fixed Income,ARS,330250.9344907388,0.0,1467.5000110063,PERF
2026-01-13,Grit Capital Group,Fixed Income,ARS,34369.087254768005,0.0,1456.9999962118,GESTII
2026-01-13,Grit Capital Group,Fixed Income,ARS,567006.72762384,0.0,1456.9999962118,LIQUIDEZ PLUS
2026-01-13,Grit Capital Group,Fixed Income,ARS,354169.25280828,0.0,1456.9999962118,EST
2026-01-16,Puente Hnos,Fixed Income,ARS,209492.30790180003,0.0,1429.99999857,EST
2026-01-16,Aldazabal,Fixed Income,ARS,20880.559461440003,0.0,1429.99999857,GESTII
2026-01-19,Aldazabal,Fixed Income,ARS,139900.531608432,0.0,1429.99999857,LIQUIDEZ PLUS
2026-01-19,Aldazabal,Fixed Income,ARS,139907.580559488,0.0,1429.99999857,EST
2026-01-19,Aldazabal,Fixed Income,ARS,48903.384664288,0.0,1429.99999857,PERF
2026-01-19,Aldazabal,Fixed Income,ARS,35012.139895152,0.0,1429.99999857,EST
2026-01-19,Aldazabal,Fixed Income,ARS,48905.84620275201,0.0,1429.99999857,EST
2026-01-19,Aldazabal,Fixed Income,ARS,35010.377657388,0.0,1429.99999857,LIQUIDEZ PLUS
2026-01-20,Grit Capital Group,Fixed Income,ARS,139451.44531169513,0.0,1434.5000121933,LIQUIDEZ PLUS
2026-01-20,Allaria,Fixed Income,ARS,348623.62896418787,0.0,1434.5000121933,LIQUIDEZ PLUS
2026-01-21,Puente Hnos,Fixed Income,ARS,343411.4073750065,0.0,1430.4999468569,LIQUIDEZ PLUS
2026-01-21,Aldazabal,Fixed Income,ARS,695036.7262750132,0.0,1430.4999468569,LIQUIDEZ PLUS
2026-01-22,Aldazabal,Fixed Income,ARS,209877.93067864634,0.0,1429.4999909227,LIQUIDEZ PLUS
2026-01-22,Puente Hnos,Fixed Income,ARS,104922.98072921818,0.0,1429.4999909227,RBALANCEADO
2026-01-23,Aldazabal,Fixed Income,ARS,45294.430859964,0.0,1433.0000127537,LIQUIDEZ PLUS
2026-01-23,Aldazabal,Fixed Income,ARS,34936.245327588,0.0,1433.0000127537,LIQUIDEZ PLUS
2026-01-23,Aldazabal,Fixed Income,ARS,34926.133673805,0.0,1433.0000127537,LIQUIDEZ PLUS
2026-01-23,Aldazabal,Fixed Income,ARS,34922.721252342,0.0,1433.0000127537,EST
2026-01-23,Aldazabal,Fixed Income,ARS,34617.02690754,0.0,1433.0000127537,LIQUIDEZ PLUS
2026-01-23,Aldazabal,Fixed Income,ARS,34752.267660000005,0.0,1433.0000127537,EST
2026-01-23,BTG Pactual,Fixed Income,ARS,69905.7914225,0.0,1433.0000127537,RETORNO TOTAL
2026-01-23,Aldazabal,Fixed Income,ARS,34933.63541833,0.0,1433.0000127537,EST
2026-01-23,Aldazabal,Fixed Income,ARS,45292.169869056,0.0,1433.0000127537,EST
2026-01-23,Allaria,Fixed Income,ARS,34848.5691246,0.0,1433.0000127537,EST
2026-01-23,Puente Hnos,Fixed Income,ARS,34842.183918795,0.0,1433.0000127537,EST
2026-01-23,Aldazabal,Fixed Income,ARS,34614.0959934,0.0,1433.0000127537,EST
2026-01-26,Puente Hnos,Fixed Income,ARS,556651.4295700614,0.0,1437.4999460938,LIQUIDEZ PLUS
2026-01-27,Allaria,Fixed Income,ARS,2095320.6202499636,0.0,1442.5000025244,RMIXTA
2026-01-28,Banco Santander,Fixed Income,ARS,110701.59766529717,0.0,1444.4999292917,RBALANCEADO
2026-01-29,Aldazabal,Fixed Income,ARS,27626.792629590545,0.0,1444.4999292917,LIQUIDEZ PLUS
2026-01-29,Grit Capital Group,Fixed Income,ARS,902808.3607587707,0.0,1444.4999292917,PERF
2026-01-29,Aldazabal,Fixed Income,ARS,27628.163346168545,0.0,1444.4999292917,VAL
2026-01-29,Grit Capital Group,Fixed Income,ARS,903477.8161117206,0.0,1444.4999292917,PERF
2026-01-29,Grit Capital Group,Fixed Income,ARS,2479956.9869944914,0.0,1444.4999292917,RMIXTA
2026-01-29,Grit Capital Group,Fixed Income,ARS,2481795.9381471593,0.0,1444.4999292917,RMIXTA
2026-01-30,Aldazabal,Fixed Income,ARS,96558.53441699999,0.0,1447.000007235,RBALANCEADO
2026-02-02,Aldazabal,Fixed Income,ARS,20654.721603000027,0.0,1450.9999493601,RBALANCEADO
2026-02-03,Aldazabal,Fixed Income,ARS,345811.15262655576,0.0,1446.0000673836,LIQUIDEZ PLUS
2026-02-03,Allaria,Fixed Income,ARS,346103.9257802708,0.0,1446.0000673836,LIQUIDEZ PLUS
2026-02-04,Aldazabal,Fixed Income,ARS,138217.45343789042,0.0,1447.4999721356,LIQUIDEZ PLUS
2026-02-04,Aldazabal,Fixed Income,ARS,69053.34847953722,0.0,1447.4999721356,EST
2026-02-04,Aldazabal,Fixed Income,ARS,623256.799562471,0.0,1447.4999721356,RMIXTA
2026-02-04,Aldazabal,Fixed Income,ARS,69049.94951574122,0.0,1447.4999721356,RMIXTA
2026-02-04,Aldazabal,Fixed Income,ARS,207149.84854722364,0.0,1447.4999721356,RMIXTA
2026-02-04,Aldazabal,Fixed Income,ARS,207160.04543861165,0.0,1447.4999721356,PERF
2026-02-04,Aldazabal,Fixed Income,ARS,623287.362602783,0.0,1447.4999721356,PERF
2026-02-04,Puente Hnos,Fixed Income,ARS,69194.12913855122,0.0,1447.4999721356,LOW
2026-02-04,Aldazabal,Fixed Income,ARS,69164.93397391321,0.0,1447.4999721356,LOW
2026-02-04,Aldazabal,Fixed Income,ARS,138204.18918893044,0.0,1447.4999721356,PERF
2026-02-10,Banco Santander,Fixed Income,ARS,2772.6353170200123,0.0,1405.9999077664,VAL
2026-02-12,Banco Santander,Fixed Income,ARS,736989.2697900007,0.0,1394.9999574525,LIQUIDEZ PLUS
2026-02-13,Grit Capital Group,Fixed Income,ARS,2934.476568119948,0.0,1399.5000146248,RBALANCEADO
2026-02-13,Allaria,Fixed Income,ARS,31398.28477370944,0.0,1399.5000146248,RBALANCEADO
2026-02-13,BBVA,Licitaciones,ARS,61450.518257447984,0.0,1399.5000146248,BALANCEADO
2026-02-13,Puente Hnos,Fixed Income,ARS,24821.68605715456,0.0,1399.5000146248,EST
2026-02-13,BBVA,Licitaciones,ARS,44949.97466424838,0.0,1399.5000146248,RFIJA
2026-02-13,Banco Galicia,Licitaciones,ARS,195784.20588545562,0.0,1399.5000146248,RCAP
2026-02-13,Allaria,Fixed Income,ARS,31399.80674582644,0.0,1399.5000146248,VAL
2026-02-18,Grit Capital Group,Fixed Income,ARS,21459.16970680002,0.0,1395.9999575616,VAL
2026-02-19,Grit Capital Group,Fixed Income,ARS,1909922.5939680003,0.0,1389.0000088896,LIQUIDEZ PLUS
2026-02-19,Grit Capital Group,Fixed Income,ARS,29053.995494400002,0.0,1389.0000088896,EST
2026-02-19,Puente Hnos,Fixed Income,ARS,21551.655729600003,0.0,1389.0000088896,GESTII
2026-02-19,Aldazabal,Fixed Income,ARS,1485.6011424,0.0,1389.0000088896,VAL
2026-02-20,Aldazabal,Fixed Income,ARS,2101.5262031400007,0.0,1375.9999735808,VAL
2026-02-20,Aldazabal,Fixed Income,ARS,2099.796551944001,0.0,1375.9999735808,GESTII
2026-02-20,Aldazabal,Fixed Income,ARS,72695.71360506002,0.0,1375.9999735808,LIQUIDEZ PLUS
2026-02-23,Allaria,Fixed Income,ARS,10582.998792800196,0.0,1370.5000145958,GESTII
2026-02-23,Banco Santander,Fixed Income,ARS,138312.65814025255,0.0,1370.5000145958,RBALANCEADO
2026-02-23,Allaria,Fixed Income,ARS,10583.509555290195,0.0,1370.5000145958,PERF
2026-02-23,Aldazabal,Fixed Income,ARS,865057.7069491359,0.0,1370.5000145958,PERF
2026-02-24,Aldazabal,Fixed Income,ARS,36470.480382000045,0.0,1380.5000502502,EST
2026-02-24,Aldazabal,Fixed Income,ARS,3762.2236950000047,0.0,1380.5000502502,VAL
2026-02-25,Allaria,Fixed Income,ARS,143134.38509350008,0.0,1398.9999668437,LIQUIDEZ PLUS
2026-02-25,Allaria,Fixed Income,ARS,143138.5309120401,0.0,1398.9999668437,PERF
2026-02-26,Aldazabal,Fixed Income,ARS,313584.8131780205,0.0,1407.9999459328,RMIXTA
2026-02-27,BAVSA,Fixed Income,ARS,3296535.3710960015,0.0,1397.0000262636,GEST
2026-02-27,Comafi Bursátil,Fixed Income,ARS,3296850.3317200015,0.0,1397.0000262636,GEST
2026-02-27,Aldazabal,Fixed Income,ARS,164446.66834720006,0.0,1397.0000262636,PERF
2026-02-27,Latin Securities,Fixed Income,ARS,1348840.3468680005,0.0,1397.0000262636,PERF
2026-02-27,Aldazabal,Fixed Income,ARS,47337.303190230494,0.0,1397.0000262636,GESTII
2026-02-27,Aldazabal,Fixed Income,ARS,164441.01337236006,0.0,1397.0000262636,EST
2026-02-27,Aldazabal,Fixed Income,ARS,47339.56412791168,0.0,1397.0000262636,LIQUIDEZ PLUS
2026-02-27,Latin Securities,Fixed Income,ARS,1348840.3449424459,0.0,1397.0000262636,PERF
2026-02-27,Comafi Bursátil,Fixed Income,ARS,19289.97816276001,0.0,1397.0000262636,PyMES
2026-03-02,Comafi Bursátil,Fixed Income,ARS,36068.81830440003,0.0,1394.9999574525,PERF
2026-03-03,Comafi Bursátil,Fixed Income,ARS,240593.64607200018,0.0,1414.999961795,EST
2026-03-03,Comafi Bursátil,Fixed Income,ARS,473674.92445000034,0.0,1414.999961795,LIQUIDEZ PLUS
2026-03-04,Banco Santander,Fixed Income,ARS,178373.7942437532,0.0,1400.5000065123,LIQUIDEZ PLUS
2026-03-04,BBVA,Fixed Income,ARS,365126.73875200655,0.0,1400.5000065123,LIQUIDEZ PLUS
2026-03-04,Aldazabal,Fixed Income,ARS,42873.866276895766,0.0,1400.5000065123,LOW
2026-03-04,Grit Capital Group,Fixed Income,ARS,178436.2719300032,0.0,1400.5000065123,RBALANCEADO
2026-03-05,Aldazabal,Fixed Income,ARS,355449.48994854145,0.0,1406.9999089671,RBALANCEADO
2026-03-05,Grit Capital Group,Fixed Income,ARS,355416.51197910146,0.0,1406.9999089671,RBALANCEADO
2026-03-05,Aldazabal,Fixed Income,ARS,355199.52546897146,0.0,1406.9999089671,LIQUIDEZ PLUS
2026-03-06,Grit Capital Group,Fixed Income,ARS,3508.651183275001,0.0,1415.9999784768,EST
2026-03-06,Aldazabal,Fixed Income,ARS,2081.9068113060007,0.0,1415.9999784768,LIQUIDEZ PLUS
2026-03-06,Banco Comafi,Fixed Income,ARS,5054731.715250001,0.0,1415.9999784768,GEST
2026-03-06,Puente Hnos,Fixed Income,ARS,560961.3432723752,0.0,1415.9999784768,RETORNO TOTAL
2026-03-06,Grit Capital Group,Fixed Income,ARS,1123115.8362804004,0.0,1415.9999784768,RETORNO TOTAL
2026-03-06,Puente Hnos,Fixed Income,ARS,561709.4011933502,0.0,1415.9999784768,RETORNO TOTAL
2026-03-06,Aldazabal,Fixed Income,ARS,2081.8079412480006,0.0,1415.9999784768,GESTII
2026-03-06,Aldazabal,Fixed Income,ARS,11875.706395200003,0.0,1415.9999784768,PERF
2026-03-06,Aldazabal,Fixed Income,ARS,970609.5839623053,0.0,1415.9999784768,PERF
2026-03-09,Aldazabal,Fixed Income,ARS,1487.2881582000005,0.0,1415.9999784768,PERF
2026-03-10,Puente Hnos,Fixed Income,ARS,17869.799642604008,0.0,1400.000028,PERF
2026-03-10,Allaria,Fixed Income,ARS,164371.99671256007,0.0,1400.000028,EST
2026-03-10,Allaria,Fixed Income,ARS,164379.78242669007,0.0,1400.000028,LIQUIDEZ PLUS
2026-03-10,Grit Capital Group,Fixed Income,ARS,64851.07013155003,0.0,1400.000028,BALANCEADO
2026-03-11,Grit Capital Group,Fixed Income,ARS,214899.7203653297,0.0,1395.9999575616,RBALANCEADO
2026-03-11,Grit Capital Group,Fixed Income,ARS,35816.62050859604,0.0,1395.9999575616,GESTII
2026-03-11,Aldazabal,Fixed Income,ARS,29369.628600573098,0.0,1395.9999575616,RMIXTA
2026-03-11,Grit Capital Group,Fixed Income,ARS,716332.399147565,0.0,1395.9999575616,PERF
2026-03-12,Grit Capital Group,Fixed Income,ARS,1075886.4759218695,0.0,1394.5000082973,LIQUIDEZ PLUS
2026-03-13,Aldazabal,Fixed Income,ARS,717.6598356468033,0.0,1400.000028,RMIXTA
2026-03-16,BBVA,Licitaciones,ARS,117446.71146436283,0.0,1395.9999575616,VAL
2026-03-16,Aldazabal,Fixed Income,ARS,214899.71968481393,0.0,1395.9999575616,EST
2026-03-16,Grit Capital Group,Fixed Income,ARS,229571.9267497602,0.0,1395.9999575616,EST
2026-03-16,BBVA,Fixed Income,ARS,228073.0728360002,0.0,1395.9999575616,EST
2026-03-16,Aldazabal,Fixed Income,ARS,18249.284222400016,0.0,1395.9999575616,LOW
2026-03-16,Aldazabal,Fixed Income,ARS,82894.34349420007,0.0,1395.9999575616,PyMES
2026-03-17,Comafi Bursátil,Fixed Income,ARS,181517.80978031908,0.0,1395.9999575616,RBALANCEADO
2026-03-17,Puente Hnos,Fixed Income,ARS,220184.81001740045,0.0,1395.9999575616,PyMES
2026-03-17,Puente Hnos,Fixed Income,ARS,220184.81082685606,0.0,1395.9999575616,PyMES
2026-03-17,Aldazabal,Fixed Income,ARS,181517.808806107,0.0,1395.9999575616,RBALANCEADO
2026-03-17,Grit Capital Group,Fixed Income,ARS,122149.00084800011,0.0,1395.9999575616,RBALANCEADO
2026-03-17,Comafi Bursátil,Fixed Income,ARS,429585.3998788804,0.0,1395.9999575616,LIQUIDEZ PLUS
2026-03-17,Aldazabal,Fixed Income,ARS,181517.80989493226,0.0,1395.9999575616,RBALANCEADO
2026-03-17,Comafi Bursátil,Fixed Income,ARS,181517.80989493226,0.0,1395.9999575616,RBALANCEADO
2026-03-17,Aldazabal,Fixed Income,ARS,3728512.389679155,0.0,1395.9999575616,PERF
2026-03-17,Aldazabal,Fixed Income,ARS,3728512.389184885,0.0,1395.9999575616,PERF
2026-03-17,Aldazabal,Fixed Income,ARS,56951.95015540805,0.0,1395.9999575616,LOW
2026-03-17,BBVA,Fixed Income,ARS,136129.08723288012,0.0,1395.9999575616,RBALANCEADO
2026-03-17,Aldazabal,Fixed Income,ARS,56954.62923858405,0.0,1395.9999575616,LIQUIDEZ PLUS
2026-03-17,Allaria,Fixed Income,ARS,66415.04499896006,0.0,1395.9999575616,GESTII
2026-03-17,Aldazabal,Fixed Income,ARS,422467.76000634365,0.0,1395.9999575616,EST
2026-03-17,Aldazabal,Fixed Income,ARS,422467.76009230356,0.0,1395.9999575616,EST
2026-03-17,Allaria,Fixed Income,ARS,66415.04494165347,0.0,1395.9999575616,GESTII
2026-03-17,Puente Hnos,Fixed Income,ARS,117169.67525250255,0.0,1395.9999575616,VAL
2026-03-17,BBVA,Fixed Income,ARS,1784602.0156988925,0.0,1395.9999575616,RMIXTA
2026-03-17,BBVA,Fixed Income,ARS,1784602.015706056,0.0,1395.9999575616,RMIXTA
2026-03-18,Banco de la Provincia de Cordoba,Fixed Income,ARS,1189233.803694036,0.0,1394.0000287164,LIQUIDEZ PLUS
2026-03-19,Aldazabal,Fixed Income,ARS,37299.72010793333,0.0,1394.5000082973,LIQUIDEZ PLUS
2026-03-19,Aldazabal,Fixed Income,ARS,20324.876178815637,0.0,1394.5000082973,LOW
2026-03-19,Aldazabal,Fixed Income,ARS,37296.37123739033,0.0,1394.5000082973,LOW
2026-03-19,Grit Capital Group,Fixed Income,ARS,7927.5725594998585,0.0,1394.5000082973,RMIXTA
2026-03-19,Grit Capital Group,Fixed Income,ARS,774.2564170496682,0.0,1394.5000082973,RMIXTA
2026-03-19,Aldazabal,Fixed Income,ARS,20326.253016383638,0.0,1394.5000082973,LIQUIDEZ PLUS
2026-03-20,Comafi Bursátil,Fixed Income,ARS,1479858.4158307028,0.0,1390.4999375666,GEST
2026-03-20,Comafi Bursátil,Fixed Income,ARS,1466011.1394088888,0.0,1390.4999375666,GEST
2026-03-20,Grit Capital Group,Fixed Income,ARS,143833.15948219574,0.0,1390.4999375666,EST
2026-03-20,Comafi Bursátil,Fixed Income,ARS,140116.51114559526,0.0,1390.4999375666,MULTI
2026-03-20,WIN Securities,Fixed Income,ARS,686.0841731999767,0.0,1390.4999375666,MULTI
2026-03-25,Max Capital,Fixed Income,ARS,145240.46925500006,0.0,1377.500024795,RBALANCEADO
2026-03-25,Comafi Bursátil,Fixed Income,ARS,419825.7637680002,0.0,1377.500024795,EST
2026-03-25,Comafi Bursátil,Fixed Income,ARS,694702.0321850185,0.0,1377.500024795,EST
2026-03-26,Aldazabal,Fixed Income,ARS,13524.563752708458,0.0,1367.9999102592,LIQUIDEZ PLUS
2026-03-26,Aldazabal,Fixed Income,ARS,13523.360499705546,0.0,1367.9999102592,LOW
2026-03-27,Puente Hnos,Fixed Income,ARS,1063.5804619199807,0.0,1382.5000107144,VAL
2026-03-27,BBVA,Fixed Income,ARS,217533.01820561607,0.0,1382.5000107144,RBALANCEADO
2026-03-27,BBVA,Fixed Income,ARS,217085.06160872607,0.0,1382.5000107144,RBALANCEADO
2026-03-30,BBVA,Fixed Income,ARS,1123876.680626076,0.0,1397.9999653296,PERF
2026-03-30,Comafi Bursátil,Fixed Income,ARS,1401287.588400001,0.0,1397.9999653296,GEST
2026-04-01,Max Capital,Fixed Income,ARS,1423959.7985000005,0.0,1394.0000287164,PERF
2026-04-01,Max Capital,Fixed Income,ARS,1427470.9175094506,0.0,1394.0000287164,PERF
2026-04-06,Max Capital,Fixed Income,ARS,1434303.5380984803,0.0,1392.9999800801,PERF
2026-04-06,Max Capital,Fixed Income,ARS,1433596.5747000005,0.0,1392.9999800801,PERF
2026-04-07,Max Capital,Fixed Income,ARS,1434111.40129998,0.0,1392.4999119244,PERF
2026-04-07,Grit Capital Group,Fixed Income,ARS,1182817.3459083284,0.0,1392.4999119244,PERF
2026-04-07,Max Capital,Fixed Income,ARS,1434818.6185799,0.0,1392.4999119244,PERF
2026-04-07,Max Capital,Fixed Income,ARS,196659.51289113433,0.0,1392.4999119244,PERF
2026-04-07,Max Capital,Fixed Income,ARS,196744.10504011138,0.0,1392.4999119244,PERF
2026-04-07,Aldazabal,Fixed Income,ARS,106261.39691133665,0.0,1392.4999119244,VAL
2026-04-07,BBVA,Fixed Income,ARS,179254.5894347975,0.0,1392.4999119244,EST
2026-04-08,BBVA,Fixed Income,ARS,364061.9702034952,0.0,1387.5000398906,EST
2026-04-08,Aldazabal,Fixed Income,ARS,537221.0647927419,0.0,1387.5000398906,EST
2026-04-08,BBVA,Fixed Income,ARS,364061.97151520685,0.0,1387.5000398906,EST
2026-04-08,BBVA,Fixed Income,ARS,360432.4783727079,0.0,1387.5000398906,PERF
2026-04-08,Max Capital,Fixed Income,ARS,1648163.7234261334,0.0,1387.5000398906,PERF
2026-04-08,BBVA,Fixed Income,ARS,967562.8190294333,0.0,1387.5000398906,PERF
2026-04-08,Max Capital,Fixed Income,ARS,1647351.3039900311,0.0,1387.5000398906,PERF
2026-04-08,BBVA,Fixed Income,ARS,360432.47959072585,0.0,1387.5000398906,PERF
2026-04-09,Max Capital,Fixed Income,ARS,1660058.0170200046,0.0,1380.999926807,PERF
2026-04-09,Max Capital,Fixed Income,ARS,1660831.1698488167,0.0,1380.999926807,PERF
2026-04-09,BBVA,Fixed Income,ARS,116619.53105411537,0.0,1380.999926807,GESTII
2026-04-09,BBVA,Fixed Income,ARS,218486.61433141978,0.0,1380.999926807,LIQUIDEZ PLUS
2026-04-10,BBVA,Fixed Income,ARS,14674.817371500001,0.0,1370.0000137,GESTII
2026-04-10,BBVA,Fixed Income,ARS,14674.816094127751,0.0,1370.0000137,GESTII
2026-04-10,BBVA,Fixed Income,ARS,151170.1185904886,0.0,1370.0000137,RBALANCEADO
2026-04-13,Max Capital,Fixed Income,ARS,1979359.5991029055,0.0,1354.0000682416,PERF
2026-04-13,Aldazabal,Fixed Income,ARS,73855.23918759255,0.0,1354.0000682416,GESTII
2026-04-13,Max Capital,Fixed Income,ARS,1980281.4779043007,0.0,1354.0000682416,PERF
2026-04-13,BBVA,Fixed Income,ARS,44382.01401130011,0.0,1354.0000682416,VAL
2026-04-14,Max Capital,Fixed Income,ARS,1965763.3041223702,0.0,1364.0000556512,PERF
2026-04-14,Max Capital,Fixed Income,ARS,1964848.1839544289,0.0,1364.0000556512,PERF
2026-04-15,Max Capital,Fixed Income,ARS,1982290.3366936855,0.0,1358.9999499888,PERF
2026-04-15,Max Capital,Fixed Income,ARS,778887.597625536,0.0,1358.9999499888,PERF
2026-04-15,BBVA,Fixed Income,ARS,3679.176993377525,0.0,1358.9999499888,PyMES
2026-04-15,Banco de la Provincia de Cordoba,Fixed Income,ARS,186313.1773199011,0.0,1358.9999499888,RBALANCEADO
2026-04-15,Max Capital,Fixed Income,ARS,1983213.5898770357,0.0,1358.9999499888,PERF
2026-04-15,BBVA,Fixed Income,ARS,36847.68347520005,0.0,1358.9999499888,GESTII
2026-04-15,Max Capital,Fixed Income,ARS,778887.5981994875,0.0,1358.9999499888,PERF
2026-04-15,BBVA,Fixed Income,ARS,1103134.6984320015,0.0,1358.9999499888,LIQUIDEZ PLUS
2026-04-15,Banco de la Provincia de Cordoba,Fixed Income,ARS,400100.80621009675,0.0,1358.9999499888,RBALANCEADO
2026-04-15,Puente Hnos,Fixed Income,ARS,100874.86611101775,0.0,1358.9999499888,GESTII
2026-04-15,BBVA,Fixed Income,ARS,202008.7373235463,0.0,1358.9999499888,EST
2026-04-16,Allaria,Fixed Income,ARS,51693.51812460006,0.0,1358.000046172,GESTII
2026-04-16,Allaria,Fixed Income,ARS,51693.51812460006,0.0,1358.000046172,LIQUIDEZ PLUS
2026-04-16,Allaria,Fixed Income,ARS,4612.960078800005,0.0,1358.000046172,LIQUIDEZ PLUS
2026-04-16,Max Capital,Fixed Income,ARS,1998307.4993550412,0.0,1358.000046172,PERF
2026-04-16,Allaria,Fixed Income,ARS,4612.665528000005,0.0,1358.000046172,GESTII
2026-04-16,Aldazabal,Fixed Income,ARS,73755.52032000008,0.0,1358.000046172,VAL
2026-04-16,Max Capital,Fixed Income,ARS,1997377.2394013975,0.0,1358.000046172,PERF
2026-04-17,Max Capital,Fixed Income,ARS,2010143.6584701207,0.0,1364.4999680707,PERF
2026-04-17,Max Capital,Fixed Income,ARS,2013001.9374377008,0.0,1364.4999680707,PERF
2026-04-20,Max Capital,Fixed Income,ARS,1997639.466526585,0.0,1377.0000236844,PERF
2026-04-20,BBVA,Fixed Income,ARS,290486.56111837336,0.0,1377.0000236844,EST
2026-04-20,Puente Hnos,Fixed Income,ARS,254141.93462658007,0.0,1377.0000236844,LIQUIDEZ PLUS
2026-04-20,WIN Securities,Fixed Income,ARS,72947.16650130002,37.567791655940006,1377.0000236844,RBALANCEADO
2026-04-20,BBVA,Fixed Income,ARS,32679.738290486566,0.0,1377.0000236844,VAL
2026-04-20,Max Capital,Fixed Income,ARS,46426.469789700015,0.0,1377.0000236844,VAL
2026-04-20,Max Capital,Fixed Income,ARS,1996695.8357512397,0.0,1377.0000236844,PERF
2026-04-20,Aldazabal,Fixed Income,ARS,79953.72719414956,0.0,1377.0000236844,PyMES
2026-04-20,BBVA,Fixed Income,ARS,84518.7359246365,0.0,1377.0000236844,PyMES
2026-04-21,Max Capital,Fixed Income,ARS,1997431.9050765126,0.0,1375.4999254479,PERF
2026-04-21,Max Capital,Fixed Income,ARS,1998362.2461083983,0.0,1375.4999254479,PERF
2026-04-21,BBVA,Fixed Income,ARS,212061.080748527,0.0,1375.4999254479,RETORNO TOTAL
2026-04-22,Max Capital,Fixed Income,ARS,1999548.8387905862,0.0,1378.0000093704,PERF
2026-04-22,Max Capital,Fixed Income,ARS,1998604.2620553547,0.0,1378.0000093704,PERF
2026-04-23,Max Capital,Fixed Income,ARS,1978028.555092054,0.0,1392.0000089088,PERF
2026-04-23,Cohen,Fixed Income,ARS,218925.580962382,1100.101041809928,1392.0000089088,RCAP
2026-04-23,Max Capital,Fixed Income,ARS,1978949.862485583,0.0,1392.0000089088,PERF
2026-04-23,Cohen,Fixed Income,ARS,514623.3396518129,2585.981290920984,1392.0000089088,RCAP
2026-04-23,WIN Securities,Fixed Income,ARS,72226.06107510952,37.196422175736,1392.0000089088,BALANCEADO
2026-04-23,WIN Securities,Fixed Income,ARS,68713.90204586321,35.387665003403995,1392.0000089088,BALANCEADO
2026-04-24,Allaria,Fixed Income,ARS,3512.6473373549375,0.0,1399.5000146248,GESTII
2026-04-24,Max Capital,Fixed Income,ARS,3138368.3305194643,0.0,1399.5000146248,PERF
2026-04-24,Max Capital,Fixed Income,ARS,3133989.3627481475,0.0,1399.5000146248,PERF
2026-04-24,Allaria,Fixed Income,ARS,3512.740227671937,0.0,1399.5000146248,PERF
2026-04-27,Max Capital,Fixed Income,ARS,3095284.5069022914,0.0,1417.0000041093,PERF
2026-04-27,Max Capital,Fixed Income,ARS,3096768.541280486,0.0,1417.0000041093,PERF
2026-04-28,Max Capital,Fixed Income,ARS,3117633.049145911,0.0,1404.4999053367,PERF
2026-04-28,Max Capital,Fixed Income,ARS,3116053.7062840345,0.0,1404.4999053367,PERF
2026-04-29,Banco Mariva,Fixed Income,ARS,359361.6897535816,0.0,1391.500077437,PERF
2026-04-29,Max Capital,Fixed Income,ARS,3117035.5074567883,0.0,1391.500077437,PERF
2026-04-29,Banco Mariva,Fixed Income,ARS,287467.1652385233,0.0,1391.500077437,PERF
2026-04-29,Max Capital,Fixed Income,ARS,3118641.0088191135,0.0,1391.500077437,PERF
2026-04-29,Grit Capital Group,Fixed Income,ARS,43481.13304559935,0.0,1391.500077437,RBALANCEADO
2026-04-29,Banco Mariva,Fixed Income,ARS,359330.6567980682,0.0,1391.500077437,LIQUIDEZ PLUS
2026-04-29,Banco Mariva,Fixed Income,ARS,287459.56048867694,0.0,1391.500077437,LIQUIDEZ PLUS
2026-04-30,Allaria,Fixed Income,ARS,15918.225163425046,0.0,1390.9999244687,EST
2026-04-30,Allaria,Fixed Income,ARS,48906.20323073264,0.0,1390.9999244687,GESTII
2026-04-30,Allaria,Fixed Income,ARS,15918.645724195545,0.0,1390.9999244687,PERF
2026-04-30,Allaria,Fixed Income,ARS,25306.564997439073,0.0,1390.9999244687,PERF
2026-04-30,Allaria,Fixed Income,ARS,48909.34126109714,0.0,1390.9999244687,PERF
2026-04-30,Allaria,Fixed Income,ARS,25305.896413650073,0.0,1390.9999244687,LIQUIDEZ PLUS
2026-04-30,Max Capital,Fixed Income,ARS,3113135.8963114317,0.0,1390.9999244687,PERF
2026-04-30,Max Capital,Fixed Income,ARS,3105987.8652762766,0.0,1390.9999244687,PERF
2026-05-04,Max Capital,Fixed Income,ARS,3109182.815878485,0.0,1402.4999561719,PERF
2026-05-04,Max Capital,Fixed Income,ARS,3110843.913014173,0.0,1402.4999561719,PERF
2026-05-04,Banco Mariva,Fixed Income,ARS,59187.682106298504,0.0,1402.4999561719,PERF
2026-05-04,Banco Mariva,Fixed Income,ARS,59182.58542877738,0.0,1402.4999561719,LIQUIDEZ PLUS
2026-05-05,Max Capital,Fixed Income,ARS,3145779.320706109,0.0,1392.9999800801,PERF
2026-05-05,Max Capital,Fixed Income,ARS,3144056.6206958317,0.0,1392.9999800801,PERF
2026-05-06,Max Capital,Fixed Income,ARS,3158431.128105574,0.0,1387.9999905616,PERF
2026-05-06,Aldazabal,Fixed Income,ARS,619567.2232332301,0.0,1387.9999905616,RETORNO TOTAL
2026-05-06,Max Capital,Fixed Income,ARS,3159902.1155795534,0.0,1387.9999905616,PERF
2026-05-06,Aldazabal,Fixed Income,ARS,309783.6123730992,0.0,1387.9999905616,RETORNO TOTAL
2026-05-06,Aldazabal,Fixed Income,ARS,33836.31146928,0.0,1387.9999905616,RETORNO TOTAL
2026-05-07,Max Capital,Fixed Income,ARS,3151212.2855461375,0.0,1395.9999575616,PERF
2026-05-07,Max Capital,Fixed Income,ARS,3149728.0546342544,0.0,1395.9999575616,PERF
2026-05-08,Max Capital,Fixed Income,ARS,3152448.1895469525,0.0,1397.9999653296,PERF
2026-05-08,Max Capital,Fixed Income,ARS,3147946.172489666,0.0,1397.9999653296,PERF
2026-05-11,Max Capital,Fixed Income,ARS,3181656.9752943073,0.0,1391.500077437,PERF
2026-05-11,Max Capital,Fixed Income,ARS,3183173.6791552855,0.0,1391.500077437,PERF
2026-05-12,Max Capital,Fixed Income,ARS,3201953.433986007,0.0,1383.9999092096,PERF
2026-05-12,SyC Inversiones,Fixed Income,ARS,33216.76518480014,0.0,1383.9999092096,GESTII
2026-05-12,Aldazabal,Fixed Income,ARS,1413.08474587755,0.0,1383.9999092096,LOW
2026-05-12,Max Capital,Fixed Income,ARS,3200427.7464364995,0.0,1383.9999092096,PERF
2026-05-12,Grit Capital Group,Fixed Income,ARS,60407.527582676004,0.0,1383.9999092096,PERF
2026-05-12,Comafi Bursátil,Fixed Income,ARS,364866.07093665935,0.0,1383.9999092096,PERF
2026-05-13,Max Capital,Fixed Income,ARS,3182794.2339404617,0.0,1392.0000089088,PERF
2026-05-13,SyC Inversiones,Fixed Income,ARS,73937.63030266124,0.0,1392.0000089088,GESTII
2026-05-13,BBVA,Fixed Income,ARS,145280.171484,0.0,1392.0000089088,PERF
2026-05-13,Max Capital,Fixed Income,ARS,3184302.7932914393,0.0,1392.0000089088,PERF
2026-05-14,Allaria,Fixed Income,ARS,215637.42364297263,0.0,1390.9999244687,LIQUIDEZ PLUS
2026-05-14,Allaria,Fixed Income,ARS,287654.94013440085,0.0,1390.9999244687,EST
2026-05-14,Allaria,Fixed Income,ARS,215603.17489920062,0.0,1390.9999244687,EST
2026-05-14,Allaria,Fixed Income,ARS,287662.4311484668,0.0,1390.9999244687,LIQUIDEZ PLUS
2026-05-14,Allaria,Fixed Income,ARS,215623.87942944063,0.0,1390.9999244687,EST
2026-05-14,Allaria,Fixed Income,ARS,215608.7895652136,0.0,1390.9999244687,PERF
2026-05-15,Aldazabal,Fixed Income,ARS,87488.83167736029,0.0,1394.5000082973,LOW
2026-05-15,Allaria,Fixed Income,ARS,28687.44335745549,0.0,1394.5000082973,PERF
2026-05-15,Allaria,Fixed Income,ARS,358583.7196304936,0.0,1394.5000082973,LIQUIDEZ PLUS
2026-05-15,Allaria,Fixed Income,ARS,251015.12937773552,0.0,1394.5000082973,GESTII
2026-05-15,Allaria,Fixed Income,ARS,251008.60374134552,0.0,1394.5000082973,LIQUIDEZ PLUS
2026-05-15,Aldazabal,Fixed Income,ARS,87486.55367809095,0.0,1394.5000082973,EST
2026-05-15,Allaria,Fixed Income,ARS,28686.69757043949,0.0,1394.5000082973,EST
2026-05-15,Allaria,Fixed Income,ARS,358593.0419681936,0.0,1394.5000082973,PERF
2026-05-18,Max Capital,Fixed Income,ARS,3173644.1499561057,0.0,1397.0000262636,PERF
2026-05-18,Max Capital,Fixed Income,ARS,215025.33597184008,0.0,1397.0000262636,LIQUIDEZ PLUS
2026-05-18,BBVA,Fixed Income,ARS,26701.093170174066,0.0,1397.0000262636,LOW
2026-05-18,Max Capital,Fixed Income,ARS,3172159.921394174,0.0,1397.0000262636,PERF
2026-05-19,Allaria,Fixed Income,ARS,134946.2837472401,0.0,1397.9999653296,LIQUIDEZ PLUS
2026-05-19,Allaria,Fixed Income,ARS,134942.7787400001,0.0,1397.9999653296,EST
2026-05-19,BBVA,Fixed Income,ARS,308636.99372000573,0.0,1397.9999653296,EST
2026-05-19,Max Capital,Fixed Income,ARS,284543.6408192002,0.0,1397.9999653296,EST
2026-05-19,BBVA,Fixed Income,ARS,2717780.0877872123,0.0,1397.9999653296,PERF
2026-05-19,Max Capital,Fixed Income,ARS,3174416.162180457,0.0,1397.9999653296,PERF
2026-05-19,BBVA,Fixed Income,ARS,77056.9854160204,0.0,1397.9999653296,VAL
2026-05-19,Max Capital,Fixed Income,ARS,221840.77803384015,0.0,1397.9999653296,EST
2026-05-19,BBVA,Fixed Income,ARS,308636.9933408927,0.0,1397.9999653296,EST
2026-05-19,BBVA,Fixed Income,ARS,77056.98472217203,0.0,1397.9999653296,VAL
2026-05-19,BBVA,Fixed Income,ARS,2017242.2674811133,0.0,1397.9999653296,PERF
2026-05-19,Max Capital,Fixed Income,ARS,3172917.860877204,0.0,1397.9999653296,PERF
2026-05-19,BBVA,Fixed Income,ARS,2717780.1103194016,0.0,1397.9999653296,PERF
2026-05-19,BBVA,Fixed Income,ARS,2017242.7740476495,0.0,1397.9999653296,PERF
2026-05-19,Banco de la Provincia de Cordoba,Fixed Income,ARS,1649465.754154247,0.0,1397.9999653296,RMIXTA
2026-05-20,Aldazabal,Fixed Income,ARS,214759.23853231873,0.0,1397.0000262636,LIQUIDEZ PLUS
2026-05-20,Max Capital,Fixed Income,ARS,3175188.9592756676,0.0,1397.0000262636,PERF
2026-05-20,Aldazabal,Fixed Income,ARS,214745.87954187556,0.0,1397.0000262636,RMIXTA
2026-05-20,Max Capital,Fixed Income,ARS,3173674.440334921,0.0,1397.0000262636,PERF
2026-05-21,Max Capital,Fixed Income,ARS,3190804.6305882847,0.0,1389.5000759362,PERF
2026-05-21,Max Capital,Fixed Income,ARS,3192296.8704059785,0.0,1389.5000759362,PERF
2026-05-22,Max Capital,Fixed Income,ARS,3166737.618026541,0.0,1402.9999506144,PERF
2026-05-22,Max Capital,Fixed Income,ARS,3160856.2538138153,0.0,1402.9999506144,PERF
2026-05-22,Aldazabal,Fixed Income,ARS,12804.748668831216,0.0,1402.9999506144,LOW
2026-05-26,Max Capital,Fixed Income,ARS,3138778.824998086,0.0,1411.4999417051,PERF
2026-05-26,Max Capital,Fixed Income,ARS,3137324.833078312,0.0,1411.4999417051,PERF
2026-05-27,Max Capital,Fixed Income,ARS,3141080.1997011704,0.0,1412.5000035313,PERF
2026-05-27,Aldazabal,Fixed Income,ARS,42478.972955747966,0.0,1412.5000035313,PERF
2026-05-27,Max Capital,Fixed Income,ARS,3139597.2792305415,0.0,1412.5000035313,PERF
2026-05-27,Aldazabal,Fixed Income,ARS,42477.874768140086,0.0,1412.5000035313,GESTII
2026-05-28,Aldazabal,Fixed Income,ARS,354609.95059574593,0.0,1409.99991681,RBALANCEADO
2026-05-28,Aldazabal,Fixed Income,ARS,184827.11572749488,0.0,1409.99991681,RBALANCEADO
2026-05-28,Max Capital,Fixed Income,ARS,3145164.134500854,0.0,1409.99991681,PERF
2026-05-28,Max Capital,Fixed Income,ARS,3146664.6899085357,0.0,1409.99991681,PERF
2026-05-28,Aldazabal,Fixed Income,ARS,354619.1160147264,0.0,1409.99991681,LIQUIDEZ PLUS
2026-05-28,Invertir en Bolsa (IEB),Fixed Income,ARS,695095.040925501,0.0,1409.99991681,PERF
2026-05-28,Invertir en Bolsa (IEB),Fixed Income,ARS,695095.0410106074,0.0,1409.99991681,PERF
2026-05-29,BBVA,Fixed Income,ARS,132495.26811338647,0.0,1407.9999459328,VAL
2026-05-29,BBVA,Fixed Income,ARS,132495.26902957968,0.0,1407.9999459328,VAL
2026-06-01,Banco de la Provincia de Cordoba,Fixed Income,ARS,64621.35341344459,0.0,1425.9999432452,VAL
2026-06-01,Aldazabal,Fixed Income,ARS,24545.69526163115,0.0,1425.9999432452,LIQUIDEZ PLUS
2026-06-01,Aldazabal,Fixed Income,ARS,66621.63504284543,0.0,1425.9999432452,LIQUIDEZ PLUS
2026-06-01,Aldazabal,Fixed Income,ARS,66619.9173709678,0.0,1425.9999432452,RBALANCEADO
2026-06-01,Allaria,Fixed Income,ARS,210269.85409104032,0.0,1425.9999432452,RBALANCEADO
2026-06-01,Allaria,Fixed Income,ARS,210275.26783599632,0.0,1425.9999432452,LIQUIDEZ PLUS
2026-06-01,Aldazabal,Fixed Income,ARS,24544.18019144463,0.0,1425.9999432452,PyMES
2026-06-02,BBVA,Fixed Income,ARS,212032.7669545621,0.0,1427.0000976068,PyMES
2026-06-02,BBVA,Fixed Income,ARS,3133641.9513911963,0.0,1427.0000976068,PERF
2026-06-02,BBVA,Fixed Income,ARS,3133641.9513351345,0.0,1427.0000976068,PERF
2026-06-02,Grit Capital Group,Fixed Income,ARS,9023.10166733281,0.0,1427.0000976068,MULTI
2026-06-02,Aldazabal,Fixed Income,ARS,105089.74503330502,0.0,1427.0000976068,VAL
2026-06-04,BBVA,Fixed Income,ARS,336277.5988165304,0.0,1436.5000882011,LIQUIDEZ PLUS
2026-06-04,BBVA,Fixed Income,ARS,284063.5603795904,0.0,1436.5000882011,GESTII
2026-06-04,Aldazabal,Fixed Income,ARS,20334.605462210533,0.0,1436.5000882011,VAL
2026-06-05,Puente Hnos,Fixed Income,ARS,11227.876142172718,0.0,1440.5000033132,VAL
2026-06-08,Aldazabal,Fixed Income,ARS,1375406.6429010774,0.0,1446.4999691172,PERF
2026-06-11,Comafi Bursátil,Fixed Income,ARS,101736.47772125185,0.0,1432.4999573831,RETORNO TOTAL
2026-06-11,Grit Capital Group,Fixed Income,ARS,13924.339604476221,0.0,1432.4999573831,VAL
2026-06-17,Banco Hipotecario BYMA,Fixed Income,ARS,7227417.55863065,0.0,1441.50003647,GEST
2026-06-18,Aldazabal,Fixed Income,ARS,179186.77267677482,0.0,1450.9999493601,LIQUIDEZ PLUS
2026-06-18,Aldazabal,Fixed Income,ARS,179191.34085749937,0.0,1450.9999493601,EST
2026-06-18,Aldazabal,Fixed Income,ARS,218959.6906189503,0.0,1450.9999493601,EST
2026-06-19,Banco Comafi,Fixed Income,ARS,3054353.5245362907,0.0,1450.9999493601,GEST
2026-06-19,Banco de la Provincia de Cordoba,Fixed Income,ARS,1352749.7377692016,0.0,1450.9999493601,PERF
2026-06-19,Banco de la Provincia de Cordoba,Fixed Income,ARS,1352749.8749160017,0.0,1450.9999493601,PERF
2026-06-22,Banco de la Provincia de Cordoba,Fixed Income,ARS,1118166.2146999834,0.0,1461.5000690559,PERF
2026-06-22,Banco de la Provincia de Cordoba,Fixed Income,ARS,1118166.2167458266,0.0,1461.5000690559,PERF
2026-06-22,Banco de la Provincia de Cordoba,Fixed Income,ARS,307902.8250752606,0.0,1461.5000690559,LIQUIDEZ PLUS
2026-06-22,Banco de la Provincia de Cordoba,Fixed Income,ARS,376344.814636449,0.0,1461.5000690559,LIQUIDEZ PLUS
2026-06-22,Banco de la Provincia de Cordoba,Fixed Income,ARS,102634.27412418599,0.0,1461.5000690559,EST
2026-06-23,Banco de la Provincia de Cordoba,Fixed Income,ARS,203245.1356182441,0.0,1471.4999160509,LIQUIDEZ PLUS
2026-06-23,Banco de la Provincia de Cordoba,Fixed Income,ARS,267434.6058110054,0.0,1471.4999160509,LIQUIDEZ PLUS
2026-06-24,Banco de la Provincia de Cordoba,Fixed Income,ARS,169157.26192632408,0.0,1479.0000480675,RBALANCEADO
2026-06-25,WIN Securities,Fixed Income,ARS,2705.785507545467,1.3934800879770026,1476.9999354551,LIQUIDEZ PLUS
2026-06-25,BBVA,Fixed Income,ARS,39869.81571658312,0.0,1476.9999354551,VAL
2026-06-25,WIN Securities,Fixed Income,ARS,3382.234548616107,1.7418484173510034,1476.9999354551,EST
2026-06-26,Aldazabal,Fixed Income,ARS,54163.847160460464,0.0,1476.9999354551,EST
2026-06-26,Aldazabal,Fixed Income,ARS,304671.64628639194,0.0,1476.9999354551,LIQUIDEZ PLUS
2026-06-26,Aldazabal,Fixed Income,ARS,304679.3663341227,0.0,1476.9999354551,PERF
2026-06-26,Aldazabal,Fixed Income,ARS,54165.219611434455,0.0,1476.9999354551,PERF
2026-06-29,Aldazabal,Fixed Income,ARS,101248.73900101274,0.0,1481.4999179249,LIQUIDEZ PLUS
2026-06-29,Aldazabal,Fixed Income,ARS,30376.47099099014,0.0,1481.4999179249,PERF
2026-06-29,Aldazabal,Fixed Income,ARS,101251.30388134382,0.0,1481.4999179249,PERF
2026-06-29,Aldazabal,Fixed Income,ARS,30374.62169625387,0.0,1481.4999179249,EST
2026-06-30,Aldazabal,Fixed Income,ARS,5060.7280006748,0.0,1482.0000717288,EST
2026-06-30,BBVA,Licitaciones,ARS,1106612.6320000025,0.0,1482.0000717288,PERF
2026-06-30,Aldazabal,Fixed Income,ARS,5061.036016854224,0.0,1482.0000717288,PERF
2026-07-02,Banco de la Provincia de Cordoba,Fixed Income,ARS,60718.88894785262,0.0,1488.000023808,VAL
2026-07-02,Banco de la Provincia de Cordoba,Fixed Income,ARS,467983.8652407528,0.0,1488.000023808,EST
2026-07-02,Allaria,Fixed Income,ARS,1434979.8157500005,0.0,1488.000023808,PERF
2026-07-02,Allaria,Fixed Income,ARS,1434969.6342985504,0.0,1488.000023808,PERF
2026-07-03,Aldazabal,Fixed Income,ARS,138100.44373124803,0.0,1488.4999240121,PERF
2026-07-03,Aldazabal,Fixed Income,ARS,105077.6002583985,0.0,1488.4999240121,PERF
2026-07-03,Aldazabal,Fixed Income,ARS,138108.84144749804,0.0,1488.4999240121,LIQUIDEZ PLUS
2026-07-03,Aldazabal,Fixed Income,ARS,10077.259190963898,0.0,1488.4999240121,EST
2026-07-03,Aldazabal,Fixed Income,ARS,80748.74446484885,0.0,1488.4999240121,RVARIABLE
2026-07-03,Aldazabal,Fixed Income,ARS,105083.9825227485,0.0,1488.4999240121,RVARIABLE
2026-07-03,Aldazabal,Fixed Income,ARS,80743.84019855884,0.0,1488.4999240121,GESTII
2026-07-06,Aldazabal,Fixed Income,ARS,25619.012734392105,0.0,1486.4999051613,PERF
2026-07-06,Aldazabal,Fixed Income,ARS,25617.458748420107,0.0,1486.4999051613,LOW
2026-07-14,BBVA,Fixed Income,ARS,783113.4738169699,0.0,1471.4999160509,RBALANCEADO
2026-07-14,BBVA,Fixed Income,ARS,207196.38694797838,0.0,1471.4999160509,EST
2026-07-14,Banco de la Provincia de Cordoba,Fixed Income,ARS,489215.1147462919,0.0,1471.4999160509,EST
2026-07-16,Banco de la Provincia de Cordoba,Fixed Income,ARS,21362.045887749307,0.0,1475.9999456832,VAL
2026-07-16,Banco de la Provincia de Cordoba,Fixed Income,ARS,17701.966748993353,0.0,1475.9999456832,VAL
2026-07-17,Banco de la Provincia de Cordoba,Fixed Income,ARS,11063.092914090004,0.0,1477.99997044,VAL
2026-07-17,Banco de la Provincia de Cordoba,Fixed Income,ARS,63690.254020760425,0.0,1477.99997044,VAL
2026-07-20,BBVA,Fixed Income,ARS,110702.70722010893,0.0,1481.0001015966,EST
2026-07-22,Banco de la Provincia de Cordoba,Fixed Income,ARS,20260.821651840048,0.0,1483.0000735568,EST
2026-07-22,Banco de la Provincia de Cordoba,Fixed Income,ARS,355905.5892115467,0.0,1483.0000735568,GESTII
2026-07-22,BBVA,Fixed Income,ARS,531979.7443488013,0.0,1483.0000735568,LIQUIDEZ PLUS
2026-07-22,BBVA,Fixed Income,ARS,698988.5017698196,0.0,1483.0000735568,LIQUIDEZ PLUS
2026-07-23,Invertir en Bolsa (IEB),Fixed Income,ARS,570181.353300001,0.0,1488.9999385043,PERF
2026-07-24,Balanz Capital,Fixed Income,ARS,396526.4027200007,0.0,1496.9999372757,PERF
2026-07-24,Balanz Capital,Fixed Income,ARS,397092.2010069007,0.0,1496.9999372757,PERF
2026-07-24,Invertir en Bolsa (IEB),Fixed Income,ARS,567394.813353001,0.0,1496.9999372757,PERF
2026-07-27,Banco de la Provincia de Cordoba,Fixed Income,ARS,475583.18625960086,0.0,1496.9999372757,EST
2026-07-27,Banco de la Provincia de Cordoba,Fixed Income,ARS,1203740.865400002,0.0,1496.9999372757,PERF
2026-07-28,Banco de la Provincia de Cordoba,Fixed Income,ARS,67069.42164900027,0.0,1498.0000949732,RBALANCEADO
2026-07-28,Banco de la Provincia de Cordoba,Fixed Income,ARS,78624.82812600031,0.0,1498.0000949732,RBALANCEADO
2026-07-31,Banco Comafi,Fixed Income,ARS,269257.2496929004,0.0,1484.9999413425,EST
2025-01-13,INVIU,Fixed Income,ARS,192486.78008999102,0.0,1039.4999589398,RCAP
2025-01-13,INVIU,Fixed Income,ARS,228963.93400798933,0.0,1039.4999589398,RCAP
2025-01-24,BAVSA,Fixed Income,ARS,191675.4212782504,0.0,1046.0000487436,RCAP
2025-11-13,Max Capital,Fixed Income,ARS,1422475.774679987,0.0,1405.9999077664,GEST
2025-11-13,Max Capital,Fixed Income,ARS,1423323.414315962,0.0,1405.9999077664,GEST
2026-06-30,BBVA,Fixed Income,ARS,202428.90113361526,0.0,1482.0000717288,RCAP
2026-07-23,Allaria,Fixed Income,ARS,13038.779249045572,0.0,1488.9999385043,GESTII
2026-07-23,Allaria,Fixed Income,ARS,1440499.751635017,0.0,1488.9999385043,PERF
2026-07-24,Banco de la Provincia de Cordoba,Fixed Income,ARS,160320.8083206483,0.0,1496.9999372757,RCAP
2026-07-29,Allaria,Fixed Income,ARS,66845.167326204,0.0,1495.9999952128,RBALANCEADO
2026-07-31,Allaria,Fixed Income,ARS,33737.706383144454,0.0,1484.9999413425,RCAP
2026-07-31,Allaria,Fixed Income,ARS,472016.5196547535,0.0,1484.9999413425,INC
2025-01-29,TPCG,Fixed Income,ARS,306174.9233512596,0.0,1051.5000542048,MULTI
2025-01-29,TPCG,Fixed Income,ARS,306174.7417060003,0.0,1051.5000542048,MULTI
2025-01-29,Banco Mariva,Fixed Income,ARS,170493.5028040264,0.0,1051.5000542048,RFIJA
2025-01-29,TPCG,Fixed Income,ARS,306175.07218624954,0.0,1051.5000542048,MULTI
2025-01-29,Banco Mariva,Fixed Income,ARS,170493.50289912862,0.0,1051.5000542048,RFIJA
2025-01-29,Banco Mariva,Fixed Income,ARS,170493.50281353662,0.0,1051.5000542048,RFIJA
2025-01-29,Banco Mariva,Fixed Income,ARS,170493.50299423086,0.0,1051.5000542048,RFIJA
2025-01-29,Allaria,Fixed Income,ARS,499892.1237312861,0.0,1051.5000542048,PERF
2025-01-29,Allaria,Fixed Income,ARS,499892.12312263186,0.0,1051.5000542048,PERF
2025-01-29,Allaria,Fixed Income,ARS,499892.12338891806,0.0,1051.5000542048,PERF
2025-01-29,TPCG,Fixed Income,ARS,426141.9656691012,0.0,1051.5000542048,PERF
2025-01-29,TPCG,Fixed Income,ARS,426238.59571642615,0.0,1051.5000542048,PERF
2025-01-29,TPCG,Fixed Income,ARS,426237.1630013312,0.0,1051.5000542048,PERF
2025-01-29,Banco Mariva,Fixed Income,ARS,448108.26133179385,0.0,1051.5000542048,PERF
2025-01-29,Banco Mariva,Fixed Income,ARS,447452.49383350165,0.0,1051.5000542048,PERF
2025-01-29,Banco Mariva,Fixed Income,ARS,447014.24457411526,0.0,1051.5000542048,PERF
2025-01-29,Banco Mariva,Fixed Income,ARS,447891.8187751912,0.0,1051.5000542048,PERF
2025-01-30,Allaria,Fixed Income,ARS,235376.0472038319,0.0,1050.9999844452,LIQUIDEZ PLUS
2025-01-30,Allaria,Fixed Income,ARS,235376.04710868443,0.0,1050.9999844452,LIQUIDEZ PLUS
2025-01-30,Allaria,Fixed Income,ARS,235376.04668052078,0.0,1050.9999844452,LIQUIDEZ PLUS
2025-01-30,Allaria,Fixed Income,ARS,235376.04685178626,0.0,1050.9999844452,LIQUIDEZ PLUS
2025-01-30,Allaria,Fixed Income,ARS,170928.34228235602,0.0,1050.9999844452,GESTII
2025-01-30,Allaria,Fixed Income,ARS,170928.34232041502,0.0,1050.9999844452,GESTII
2025-01-30,Allaria,Fixed Income,ARS,170928.34222526755,0.0,1050.9999844452,GESTII
2025-01-30,Allaria,Fixed Income,ARS,170928.34260585744,0.0,1050.9999844452,GESTII
2025-01-30,Allaria,Fixed Income,ARS,177474.95495774256,0.0,1050.9999844452,GESTII
2025-01-30,Allaria,Fixed Income,ARS,177474.9545866674,0.0,1050.9999844452,GESTII
2025-01-30,Allaria,Fixed Income,ARS,177474.95469132962,0.0,1050.9999844452,GESTII
2025-01-30,Allaria,Fixed Income,ARS,177474.95503386055,0.0,1050.9999844452,GESTII
2025-01-30,Allaria,Fixed Income,ARS,193024.76303754668,0.0,1050.9999844452,GESTII
2025-01-30,Allaria,Fixed Income,ARS,193024.76344668088,0.0,1050.9999844452,GESTII
2025-01-30,Allaria,Fixed Income,ARS,193024.76298997298,0.0,1050.9999844452,GESTII
2025-01-30,Allaria,Fixed Income,ARS,7911.678632792178,0.0,1050.9999844452,LIQUIDEZ PLUS
2025-01-30,Allaria,Fixed Income,ARS,7911.678604247933,0.0,1050.9999844452,LIQUIDEZ PLUS
2025-01-30,Allaria,Fixed Income,ARS,7911.679308339286,0.0,1050.9999844452,LIQUIDEZ PLUS
2025-01-30,Allaria,Fixed Income,ARS,7911.679127559074,0.0,1050.9999844452,LIQUIDEZ PLUS
2025-01-30,Allaria,Fixed Income,ARS,196190.42583416065,0.0,1050.9999844452,EST
2025-01-30,Allaria,Fixed Income,ARS,193024.76306609093,0.0,1050.9999844452,GESTII
2025-01-30,Allaria,Fixed Income,ARS,232484.76403068888,0.0,1050.9999844452,GESTII
2025-01-30,Allaria,Fixed Income,ARS,232484.76352640725,0.0,1050.9999844452,GESTII
2025-01-30,Allaria,Fixed Income,ARS,232484.76428758708,0.0,1050.9999844452,GESTII
2025-01-30,Allaria,Fixed Income,ARS,232484.76412583634,0.0,1050.9999844452,GESTII
2025-01-30,Allaria,Fixed Income,ARS,40393.34006499556,0.0,1050.9999844452,LIQUIDEZ PLUS
2025-01-30,Allaria,Fixed Income,ARS,40393.33981761211,0.0,1050.9999844452,LIQUIDEZ PLUS
2025-01-30,Allaria,Fixed Income,ARS,40393.339351389455,0.0,1050.9999844452,LIQUIDEZ PLUS
2025-01-30,Allaria,Fixed Income,ARS,40393.33989373009,0.0,1050.9999844452,LIQUIDEZ PLUS
2025-01-30,Allaria,Fixed Income,ARS,11802.413875912644,0.0,1050.9999844452,VAL
2025-01-30,Allaria,Fixed Income,ARS,11802.413362116251,0.0,1050.9999844452,VAL
2025-01-30,Allaria,Fixed Income,ARS,11802.413780765162,0.0,1050.9999844452,VAL
2025-01-30,Allaria,Fixed Income,ARS,11802.413381145747,0.0,1050.9999844452,VAL
2025-01-30,Allaria,Fixed Income,ARS,19404.373788611945,0.0,1050.9999844452,VAL
2025-01-30,Allaria,Fixed Income,ARS,19404.373408022024,0.0,1050.9999844452,VAL
2025-01-30,Allaria,Fixed Income,ARS,19404.3737600677,0.0,1050.9999844452,VAL
2025-01-30,Allaria,Fixed Income,ARS,19404.37353171375,0.0,1050.9999844452,VAL
2025-01-30,Macro Securities / Banco Macro,Fixed Income,ARS,93125.4322536132,0.0,1050.9999844452,RMIXTA
2025-01-30,Macro Securities / Banco Macro,Fixed Income,ARS,93125.43246293765,0.0,1050.9999844452,RMIXTA
2025-01-30,Macro Securities / Banco Macro,Fixed Income,ARS,93125.43259614412,0.0,1050.9999844452,RMIXTA
2025-01-31,Banco Santander,Fixed Income,ARS,2311201.478575165,0.0,1051.5000542048,PERF
2025-01-31,Latin Securities,Fixed Income,ARS,190203.9730765874,0.0,1051.5000542048,GESTII
2025-01-31,Latin Securities,Fixed Income,ARS,285305.95961488114,0.0,1051.5000542048,GESTII
2025-02-03,Banco Mariva,Fixed Income,ARS,67990.5103465012,0.0,1053.7499959167,EST
2025-02-03,Banco Mariva,Fixed Income,ARS,68023.7250560012,0.0,1053.7499959167,PERF
2025-02-14,WIN Securities,Fixed Income,ARS,178937.52084722128,92.152822264586,1055.9999966208,LIQUIDEZ PLUS
2025-02-14,Allaria,Fixed Income,ARS,163272.02986906143,0.0,1055.9999966208,LIQUIDEZ PLUS
2025-02-14,Cocos Capital,Fixed Income,ARS,126287.48809351391,0.0,1055.9999966208,EST
2025-02-14,Banco Mariva,Fixed Income,ARS,101360.69022018755,0.0,1055.9999966208,LIQUIDEZ PLUS
2025-02-14,Allaria,Fixed Income,ARS,954390.2441146548,0.0,1055.9999966208,GESTII
2025-02-14,Banco Galicia,Fixed Income,ARS,764236.7601349516,0.0,1055.9999966208,GESTII
2025-02-14,Parakeet Capital,Fixed Income,ARS,30983.274171116176,0.0,1055.9999966208,VAL
2025-02-14,WIN Securities,Fixed Income,ARS,117799.62837885275,60.66680890625501,1055.9999966208,LIQUIDEZ PLUS
2025-02-14,Parakeet Capital,Fixed Income,ARS,31028.606803836996,0.0,1055.9999966208,VAL
2025-02-14,Parakeet Capital,Fixed Income,ARS,1434076.8556401825,0.0,1055.9999966208,PERF
2025-02-14,Parakeet Capital,Fixed Income,ARS,1368651.7187546857,0.0,1055.9999966208,PERF
2025-02-19,Allaria,Fixed Income,ARS,171444.63408869362,0.0,1058.5000144485,RFIJA
2025-02-19,Banco Supervielle,Fixed Income,ARS,170529.46964204533,0.0,1058.5000144485,RFIJA
2025-02-19,Banco Supervielle,Fixed Income,ARS,170196.6460471552,0.0,1058.5000144485,RFIJA
2025-02-19,Banco Supervielle,Fixed Income,ARS,170110.66106013802,0.0,1058.5000144485,RFIJA
2025-02-20,Banco Galicia,Fixed Income,ARS,94450.79504133237,0.0,1058.7500397031,GESTII
2025-02-20,Banco Galicia,Fixed Income,ARS,94404.33364992237,0.0,1058.7500397031,GESTII
2025-02-24,Banco Hipotecario BYMA,Fixed Income,ARS,975524.6613400349,0.0,1060.2499772576,GEST
2025-02-24,Criteria,Fixed Income,ARS,1462484.4746714518,1608.7329182612098,1060.2499772576,GEST
2025-03-19,Banco Galicia,Fixed Income,ARS,93544.75868100705,0.0,1068.9999943343,LIQUIDEZ PLUS
2025-03-28,Banco Comafi,Fixed Income,ARS,187301.58408000006,0.0,1071.0000184212,GEST
2025-03-28,Banco Hipotecario BYMA,Fixed Income,ARS,187301.58408000006,0.0,1071.0000184212,GEST
2025-03-28,WIN Securities,Fixed Income,ARS,187697.13318617514,96.66402261375603,1071.0000184212,GEST
2025-04-08,Invertir en Bolsa (IEB),Fixed Income,ARS,262543.22947788006,0.0,1075.750012909,MULTI
2025-04-08,Invertir en Bolsa (IEB),Fixed Income,ARS,255412.77732082407,0.0,1075.750012909,MULTI
2025-04-08,Invertir en Bolsa (IEB),Fixed Income,ARS,224567.66404932004,0.0,1075.750012909,MULTI
2025-04-08,WIN Securities,Fixed Income,ARS,1707.8750155268804,0.8795537891200002,1075.750012909,MULTI
2025-04-16,Allaria,Fixed Income,ARS,1770799.2392549904,0.0,1124.9999859375,GEST
2025-04-22,Criteria,Fixed Income,ARS,181159.41939311597,199.275362,1104.0000017664,GEST
2025-04-28,Allaria,Fixed Income,ARS,172243.4199164413,0.0,1178.0000480624,GEST
2025-05-09,Allaria,Fixed Income,ARS,132102.57190208402,0.0,1135.9999872768,LIQUIDEZ PLUS
2025-05-09,Allaria,Fixed Income,ARS,70486.347620433,0.0,1135.9999872768,GESTII
2025-05-09,Banco Santander,Fixed Income,ARS,1761245.6183175,0.0,1135.9999872768,PERF
2025-05-09,Banco Santander,Fixed Income,ARS,26502.99325458,0.0,1135.9999872768,VAL
2025-05-09,Cocos Capital,Fixed Income,ARS,54297.498847568604,0.0,1135.9999872768,RBALANCEADO
2025-05-09,Banco Santander,Fixed Income,ARS,168864.2703771953,0.0,1135.9999872768,RBALANCEADO
2025-05-09,Banco Santander,Fixed Income,ARS,131683.10006640002,0.0,1135.9999872768,PyMES
2025-05-09,Latin Securities,Fixed Income,ARS,57958.4478322332,0.0,1135.9999872768,RMIXTA
2025-05-12,Latin Securities,Fixed Income,ARS,70927.7241840794,0.0,1129.99993898,GESTII
2025-05-13,Allaria,Fixed Income,ARS,88849.20453132,0.0,1125.5000033765,GESTII
2025-05-13,Banco Santander,Fixed Income,ARS,1778782.75788,0.0,1125.5000033765,PERF
2025-05-13,Parakeet Capital,Fixed Income,ARS,17768.982487785903,0.0,1125.5000033765,VAL
2025-05-13,Allaria,Fixed Income,ARS,88849.20453132,0.0,1125.5000033765,LIQUIDEZ PLUS
2025-05-13,Allaria,Fixed Income,ARS,88849.39960906265,0.0,1125.5000033765,EST
2025-05-14,Allaria,Fixed Income,ARS,53000.842070751045,0.0,1132.0000335072,EST
2025-05-14,Allaria,Fixed Income,ARS,8833.791257954408,0.0,1132.0000335072,VAL
2025-05-14,Alynk BYMA,Fixed Income,ARS,221253.4073201571,0.0,1132.0000335072,RMIXTA
2025-05-14,Allaria,Fixed Income,ARS,220950.3750853106,0.0,1132.0000335072,RMIXTA
2025-05-14,Banco Santander,Fixed Income,ARS,221054.6807359334,0.0,1132.0000335072,RMIXTA
2025-05-15,Allaria,Fixed Income,ARS,219720.55685320013,0.0,1138.0000286776,RMIXTA
2025-05-21,Banco Santander,Fixed Income,ARS,174684.44506488048,0.0,1145.00005954,LIQUIDEZ PLUS
2025-05-21,Allaria,Fixed Income,ARS,87400.30113204024,0.0,1145.00005954,LIQUIDEZ PLUS
2025-05-27,Allaria,Fixed Income,ARS,86580.08961904774,0.0,1154.9999543775,EST
2025-05-27,Banco Santander,Fixed Income,ARS,173160.18017316045,0.0,1154.9999543775,GESTII
2025-05-27,Allaria,Fixed Income,ARS,43378.356691800065,0.0,1154.9999543775,EST
2025-05-27,Allaria,Fixed Income,ARS,43256.27876490007,0.0,1154.9999543775,EST
2025-05-27,Allaria,Fixed Income,ARS,866133.3675456013,0.0,1154.9999543775,PERF
2025-05-27,Allaria,Fixed Income,ARS,346134.21280650055,0.0,1154.9999543775,GESTII
2025-05-27,Allaria,Fixed Income,ARS,346666.6803600005,0.0,1154.9999543775,GESTII
2025-05-27,Allaria,Fixed Income,ARS,346753.2604500005,0.0,1154.9999543775,GESTII
2025-05-27,WIN Securities,Fixed Income,ARS,309590.4481422426,159.43907989091724,1154.9999543775,RMIXTA
2025-05-27,Allaria,Fixed Income,ARS,47576.192355450075,0.0,1154.9999543775,VAL
2025-05-27,Allaria,Fixed Income,ARS,47556.884995380075,0.0,1154.9999543775,VAL
2025-05-27,Allaria,Fixed Income,ARS,47582.729152245076,0.0,1154.9999543775,VAL
2025-05-27,Allaria,Fixed Income,ARS,47618.68369911982,0.0,1154.9999543775,VAL
2025-05-27,Allaria,Fixed Income,ARS,1731878.8562880028,0.0,1154.9999543775,PERF
2025-05-27,Allaria,Fixed Income,ARS,866150.6835636013,0.0,1154.9999543775,PERF
2025-05-27,Allaria,Fixed Income,ARS,129859.7886792452,0.0,1154.9999543775,PyMES
2025-05-27,Latin Securities,Fixed Income,ARS,130831.17399900021,0.0,1154.9999543775,PyMES
2025-05-27,Allaria,Fixed Income,ARS,1731294.4406805027,0.0,1154.9999543775,PERF
2025-05-27,Banco Santander,Fixed Income,ARS,262984.5627688426,0.0,1154.9999543775,RMIXTA
2025-05-27,Parakeet Capital,Fixed Income,ARS,262921.3194763012,0.0,1154.9999543775,RMIXTA
2025-05-29,Allaria,Fixed Income,ARS,84538.672865248,0.0,1183.0000526435,LIQUIDEZ PLUS
2025-05-29,Allaria,Fixed Income,ARS,211521.5459550004,0.0,1183.0000526435,GESTII
2025-05-29,Allaria,Fixed Income,ARS,84530.84955198666,0.0,1183.0000526435,GESTII
2025-05-29,Allaria,Fixed Income,ARS,84530.85016060877,0.0,1183.0000526435,GESTII
2025-05-29,Allaria,Fixed Income,ARS,84538.55579847381,0.0,1183.0000526435,LIQUIDEZ PLUS
2025-06-13,Allaria,Fixed Income,ARS,144794.52224481513,0.0,1181.9999841612,GESTII
2025-06-13,Parakeet Capital,Fixed Income,ARS,65065.30290233191,0.0,1181.9999841612,GESTII
2025-06-13,Banco Santander,Fixed Income,ARS,155057.07314375462,0.0,1181.9999841612,LIQUIDEZ PLUS
2025-06-19,Allaria,Fixed Income,ARS,1044233.7496005024,0.0,1142.0000555012,PERF
2025-06-23,Banco Supervielle,Fixed Income,ARS,340439.8807385646,0.0,1170.999951989,LIQUIDEZ PLUS
2025-06-23,Macro Securities / Banco Macro,Fixed Income,ARS,45424.43439869558,0.0,1170.999951989,EST
2025-06-23,Banco Santander,Fixed Income,ARS,85504.48898817765,0.0,1170.999951989,GESTII
2025-06-23,Banco Comafi,Fixed Income,ARS,85468.84551959415,0.0,1170.999951989,GESTII
2025-06-24,Allaria,Fixed Income,ARS,169904.20682024673,0.0,1174.5000534985,GESTII
2025-06-24,Allaria,Fixed Income,ARS,212761.16527679592,0.0,1174.5000534985,GESTII
2025-06-24,Allaria,Fixed Income,ARS,33685.82222039936,0.0,1174.5000534985,RBALANCEADO
2025-06-24,Allaria,Fixed Income,ARS,34369.51737869934,0.0,1174.5000534985,RBALANCEADO
2025-06-25,Banco Santander,Fixed Income,ARS,60095.30695038951,0.0,1191.5000294301,RMIXTA
2025-06-25,Banco Comafi,Fixed Income,ARS,841666.7857571652,0.0,1191.5000294301,GEST
2025-07-08,Latin Securities,Fixed Income,ARS,7968.06604382848,0.0,1255.0000771825,EST
2025-07-15,WIN Securities,Fixed Income,ARS,1590.0285841488,0.818865085916,1259.99998992,EST
2025-07-16,WIN Securities,Fixed Income,ARS,71435.52393721581,0.0,1261.0000184106,LIQUIDEZ PLUS
2025-07-17,Max Capital,Fixed Income,ARS,39264.02102138412,0.0,1273.9999291656,BALANCEADO
2025-07-17,Max Capital,Fixed Income,ARS,62651.6239700865,0.0,1273.9999291656,BALANCEADO
2025-07-18,Allaria,Fixed Income,ARS,155645.41680000012,0.0,1285.99996142,GESTII
2025-07-21,Banco Supervielle,Fixed Income,ARS,18788.00331095852,0.0,1275.0000414375,GESTII
2025-07-21,Banco Santander,Fixed Income,ARS,77013.5644303925,0.0,1275.0000414375,GESTII
2025-07-21,Banco Santander,Fixed Income,ARS,195670.58187600021,0.0,1275.0000414375,GESTII
2025-07-21,Banco Santander,Fixed Income,ARS,311468.22517140035,0.0,1275.0000414375,LIQUIDEZ PLUS
2025-07-21,Banco Santander,Fixed Income,ARS,18865.59938686802,0.0,1275.0000414375,GESTII
2025-07-21,Banco Santander,Fixed Income,ARS,117599.99617800013,0.0,1275.0000414375,PERF
2025-07-21,Max Capital,Fixed Income,ARS,945140.753596651,0.0,1275.0000414375,PERF
2025-07-22,Latin Securities,Fixed Income,ARS,398110.9314518852,0.0,1256.5000317266,PERF
2025-07-22,Latin Securities,Fixed Income,ARS,398110.34410609823,0.0,1256.5000317266,PERF
2025-07-22,Latin Securities,Fixed Income,ARS,8547.453934594787,0.0,1256.5000317266,VAL
2025-07-22,Banco Galicia,Fixed Income,ARS,28547.552005000587,0.0,1256.5000317266,EST
2025-07-22,Banco Santander,Fixed Income,ARS,46421.648648785456,0.0,1256.5000317266,GESTII
2025-07-22,Puente Hnos,Fixed Income,ARS,198782.1461944436,0.0,1256.5000317266,LIQUIDEZ PLUS
2025-07-22,Latin Securities,Fixed Income,ARS,8546.645227890176,0.0,1256.5000317266,VAL
2025-07-22,Alchemy Valores,Fixed Income,ARS,33258.412212354684,0.0,1256.5000317266,PERF
2025-07-22,Allaria,Fixed Income,ARS,15578.98886250032,0.0,1256.5000317266,PERF
2025-07-23,Pharos Capital BYMA,Fixed Income,ARS,12392.064881999535,0.0,1285.5000479492,EST
2025-07-23,Max Capital,Fixed Income,ARS,11911.318108799553,0.0,1285.5000479492,EST
2025-07-23,Pharos Capital BYMA,Fixed Income,ARS,9089.47301763286,0.0,1285.5000479492,EST
2025-07-23,Balanz Capital,Fixed Income,ARS,427421.22092998395,0.0,1285.5000479492,PERF
2025-07-24,Balanz Capital,Fixed Income,ARS,27844.14190904327,0.0,1272.000035616,LIQUIDEZ PLUS
2025-07-25,Allaria,Fixed Income,ARS,15229.453125,0.0,1280.0,VAL
2025-07-25,Cohen,Fixed Income,ARS,62501.9609375,0.0,1280.0,BALANCEADO
2025-07-25,Max Capital,Fixed Income,ARS,31565.625,0.0,1280.0,GESTII
2025-07-25,Max Capital,Fixed Income,ARS,919392.6810390626,0.0,1280.0,PERF
2025-07-25,Max Capital,Fixed Income,ARS,919392.6805781251,0.0,1280.0,PERF
2025-08-12,Allaria,Fixed Income,ARS,116356.13167935786,0.0,1317.4999700269,PyMES
2025-08-12,Allaria,Fixed Income,ARS,464250.87074386165,0.0,1317.4999700269,PERF
2025-08-12,Aldazabal,Fixed Income,ARS,898142.6837116664,0.0,1317.4999700269,PERF
2025-08-12,Allaria,Fixed Income,ARS,1215028.4906399776,0.0,1317.4999700269,PERF
2025-08-12,Allaria,Fixed Income,ARS,1216204.9612549776,0.0,1317.4999700269,PERF
2025-08-12,Allaria,Fixed Income,ARS,1213895.6632897276,0.0,1317.4999700269,PERF
2025-08-12,Cocos Capital,Fixed Income,ARS,14947.097114239725,0.0,1317.4999700269,VAL
2025-08-12,Aldazabal,Fixed Income,ARS,299018.23830171046,0.0,1317.4999700269,LIQUIDEZ PLUS
2025-08-12,Aldazabal,Fixed Income,ARS,224980.89392286516,0.0,1317.4999700269,LIQUIDEZ PLUS
2025-08-12,Aldazabal,Fixed Income,ARS,483687.9461765672,0.0,1317.4999700269,LIQUIDEZ PLUS
2025-08-12,Allaria,Fixed Income,ARS,742977.1117793756,0.0,1317.4999700269,PERF
2025-08-12,Latin Securities,Fixed Income,ARS,26644.40288319951,0.0,1317.4999700269,EST
2025-08-12,Aldazabal,Fixed Income,ARS,43525.35976059959,0.0,1317.4999700269,RMIXTA
2025-08-12,Allaria,Fixed Income,ARS,521442.13640928833,0.0,1317.4999700269,RMIXTA
2025-08-12,Aldazabal,Fixed Income,ARS,513277.9737112198,0.0,1317.4999700269,RMIXTA
2025-08-12,Aldazabal,Fixed Income,ARS,328671.56355317315,0.0,1317.4999700269,RMIXTA
2025-08-12,Alchemy Valores,Fixed Income,ARS,51480.0129358752,0.0,1317.4999700269,VAL
2025-08-12,Cocos Capital,Fixed Income,ARS,7453.634856477072,0.0,1317.4999700269,VAL
2025-08-12,Aldazabal,Fixed Income,ARS,602213.2914536617,0.0,1317.4999700269,GESTII
2025-08-12,Allaria,Fixed Income,ARS,539694.6612344,0.0,1317.4999700269,GESTII
2025-08-12,Allaria,Fixed Income,ARS,430902.22430017113,0.0,1317.4999700269,GESTII
2025-08-13,Aldazabal,Fixed Income,ARS,15232.292228484395,0.0,1313.0000396526,VAL
2025-08-13,Macro Securities / Banco Macro,Fixed Income,ARS,154618.96181946393,0.0,1313.0000396526,RBALANCEADO
2025-08-13,Latin Securities,Fixed Income,ARS,49181.34504937685,0.0,1313.0000396526,RBALANCEADO
2025-08-13,Alchemy Valores,Fixed Income,ARS,30701.82694790003,0.0,1313.0000396526,RBALANCEADO
2025-08-13,Puente Hnos,Fixed Income,ARS,30091.392846000028,0.0,1313.0000396526,RBALANCEADO
2025-08-13,Aldazabal,Fixed Income,ARS,147753.2325904038,0.0,1313.0000396526,MULTI
2025-08-18,BTG Pactual,Fixed Income,ARS,62093.96712000001,0.0,1293.0000082752,PERF
2025-08-18,Aldazabal,Fixed Income,ARS,62529.00192000001,0.0,1293.0000082752,PERF
2025-08-19,Max Capital,Fixed Income,ARS,62698.25994,0.0,1292.49998449,PERF
2025-08-19,Allaria,Fixed Income,ARS,27713.86153179264,0.0,1292.49998449,VAL
2025-08-19,BTG Pactual,Fixed Income,ARS,62379.111000000004,0.0,1292.49998449,PERF
2025-08-22,Latin Securities,Fixed Income,ARS,90839.55684781514,0.0,1320.9999494057,MULTI
2025-08-27,Allaria,Fixed Income,ARS,1023490.1942400002,0.0,1349.4999832662,GEST
2025-08-27,Aldazabal,Fixed Income,ARS,36363.73627899481,0.0,1349.4999832662,BALANCEADO
2025-09-16,Criteria,Fixed Income,ARS,483411.5086788,531.7526595466801,1468.9999870728,GEST
2025-09-25,Grit Capital Group,Fixed Income,ARS,653515.3710000023,0.0,1336.9999219192,GEST
2025-09-25,Max Capital,Fixed Income,ARS,654637.2858000023,0.0,1336.9999219192,GEST
2025-10-06,BTG Pactual,Fixed Income,ARS,36287.27276356,0.0,1429.99999857,VAL
2025-10-07,Aldazabal,Fixed Income,ARS,578057.5415160558,0.0,1429.4999909227,PERF
2025-10-07,Puente Hnos,Fixed Income,ARS,231568.56747255503,0.0,1429.4999909227,RMIXTA
2025-10-13,Max Capital,Fixed Income,ARS,244758.7742703572,0.0,1419.99990344,RMIXTA
2025-10-21,Grit Capital Group,Fixed Income,ARS,301894.16300233983,0.0,1490.5000001491,PERF
2025-10-24,Aldazabal,Fixed Income,ARS,37401.14014325001,0.0,1491.9999707568,VAL
2025-10-24,Max Capital,Fixed Income,ARS,290538.3137776609,0.0,1491.9999707568,PERF
2025-10-28,Comafi Bursátil,Fixed Income,ARS,3279659.8213100005,0.0,1470.00001911,GEST
2025-10-30,Grit Capital Group,Fixed Income,ARS,690803.2067625001,0.0,1437.9999836068,GEST
2025-10-31,Grit Capital Group,Fixed Income,ARS,1192041.4837500013,0.0,1445.0000469625,GEST
2025-11-10,Cocos Capital,Fixed Income,ARS,26047.167521119824,0.0,1420.4999449556,MULTI
2025-11-14,Aldazabal,Fixed Income,ARS,2138.2752926585945,0.0,1402.9999506144,MULTI
2025-11-27,Aldazabal,Fixed Income,ARS,2751.977972480173,0.0,1453.4999916424,MULTI
2025-11-27,WIN Securities,Fixed Income,ARS,44386.42513998211,22.859009419364607,1453.4999916424,PERF
2025-11-27,WIN Securities,Fixed Income,ARS,44235.10317144775,22.781080282349613,1453.4999916424,PERF
2025-12-01,WIN Securities,Fixed Income,ARS,19791.64892400494,10.19269760474984,1451.4999437544,GESTII
2025-12-01,WIN Securities,Fixed Income,ARS,3412.4797739834466,1.7574303126749724,1451.4999437544,GESTII
2025-12-01,WIN Securities,Fixed Income,ARS,3397.3914303054216,1.7496590412749726,1451.4999437544,GESTII
2025-12-01,WIN Securities,Fixed Income,ARS,19746.82102009769,10.16961114157484,1451.4999437544,GESTII
2025-12-05,Max Capital,Fixed Income,ARS,9115.58665795519,0.0,1435.0000236775,MULTI
2025-12-05,Aldazabal,Fixed Income,ARS,5682.229871400002,0.0,1435.0000236775,MULTI
2025-12-09,Aldazabal,Fixed Income,ARS,42508.80521560355,0.0,1441.9999501068,MULTI
2026-02-04,WIN Securities,Fixed Income,ARS,68891.19304981813,35.47896441354062,1447.4999721356,GEST
2026-02-05,Banco Santander,Fixed Income,ARS,701891.319382527,0.0,1441.9999501068,LIQUIDEZ PLUS
2026-02-09,Allaria,Fixed Income,ARS,2349134.9226065683,0.0,1415.9999784768,LIQUIDEZ PLUS
2026-02-09,Allaria,Fixed Income,ARS,57196.3276490452,0.0,1415.9999784768,VAL
2026-02-09,Allaria,Fixed Income,ARS,90901.30780825356,0.0,1415.9999784768,GESTII
2026-02-09,Allaria,Fixed Income,ARS,158311.2660574612,0.0,1415.9999784768,PyMES
2026-02-12,Aldazabal,Fixed Income,ARS,631483.8902280006,0.0,1394.9999574525,LIQUIDEZ PLUS
2026-02-13,Aldazabal,Fixed Income,ARS,71323.54299886205,0.0,1399.5000146248,VAL
2026-02-18,Aldazabal,Fixed Income,ARS,14802.292713600014,0.0,1395.9999575616,VAL
2026-02-19,Puente Hnos,Fixed Income,ARS,360355.2892704,0.0,1389.0000088896,LIQUIDEZ PLUS
2026-02-20,Allaria,Fixed Income,ARS,114690.97821950863,0.0,1375.9999735808,LIQUIDEZ PLUS
2026-02-27,Aldazabal,Fixed Income,ARS,94074.04475968285,0.0,1397.0000262636,GESTII
2026-02-27,Aldazabal,Fixed Income,ARS,94080.3318748116,0.0,1397.0000262636,LIQUIDEZ PLUS
2026-02-27,Banco Hipotecario BYMA,Fixed Income,ARS,2123120.933600001,0.0,1397.0000262636,GEST
2026-02-27,Comafi Bursátil,Fixed Income,ARS,2123120.933600001,0.0,1397.0000262636,GEST
2026-02-27,BAVSA,Fixed Income,ARS,2091624.8712000009,0.0,1397.0000262636,GEST
2026-02-27,Aldazabal,Fixed Income,ARS,81469.24667882913,0.0,1397.0000262636,GESTII
2026-02-27,BBVA,Fixed Income,ARS,180343.59002400006,0.0,1397.0000262636,RBALANCEADO
2026-03-06,Banco Comafi,Fixed Income,ARS,6110999.386672501,0.0,1415.9999784768,GEST
2026-03-12,Grit Capital Group,Fixed Income,ARS,1075886.4762087108,0.0,1394.5000082973,LIQUIDEZ PLUS
2026-04-09,Max Capital,Fixed Income,ARS,556299.8122500016,0.0,1380.999926807,LIQUIDEZ PLUS
2026-04-09,INVIU,Fixed Income,ARS,239208.91926750066,0.0,1380.999926807,INC
2026-04-09,INVIU,Fixed Income,ARS,77881.97371500022,0.0,1380.999926807,BALANCEADO
2026-04-09,Allaria,Fixed Income,ARS,556299.8122500016,0.0,1380.999926807,LIQUIDEZ PLUS
2026-04-09,INVIU,Fixed Income,ARS,239208.91926750066,0.0,1380.999926807,RCAP
2026-04-13,INVIU,Fixed Income,ARS,241592.30687840062,0.0,1354.0000682416,RCAP
2026-04-13,INVIU,Fixed Income,ARS,68375.18119200018,0.0,1354.0000682416,INC
2026-04-13,WIN Securities,Fixed Income,ARS,79771.0447240002,41.082088032860106,1354.0000682416,INC
2026-04-13,INVIU,Fixed Income,ARS,10256.277178800026,0.0,1354.0000682416,BALANCEADO
2026-04-16,BBVA,Fixed Income,ARS,194035.3395000002,0.0,1358.000046172,RBALANCEADO
2026-04-30,BBVA,Fixed Income,ARS,87079.164074193,0.0,1390.9999244687,GESTII
2026-05-05,Banco Comafi,Fixed Income,ARS,2344366.1284562373,0.0,1392.9999800801,GEST
2026-05-18,Aldazabal,Fixed Income,ARS,14310.90890776236,0.0,1397.0000262636,LOW
2026-05-28,Grit Capital Group,Fixed Income,ARS,709737.6305270024,0.0,1409.99991681,PERF
2026-06-01,Banco de la Provincia de Cordoba,Fixed Income,ARS,64621.35290853574,0.0,1425.9999432452,VAL
2026-06-01,BBVA,Fixed Income,ARS,708274.504346408,0.0,1425.9999432452,PERF
2026-06-04,Grit Capital Group,Fixed Income,ARS,487326.66691072186,0.0,1436.5000882011,EST
2026-06-05,Puente Hnos,Fixed Income,ARS,3278.2654280725105,0.0,1440.5000033132,VAL
2026-06-09,WIN Securities,Fixed Income,ARS,37751.560000000056,19.442053400000027,1441.0000540375,RBALANCEADO
2026-06-11,Grit Capital Group,Fixed Income,ARS,11818.812079358557,0.0,1432.4999573831,VAL
2026-06-11,Comafi Bursátil,Fixed Income,ARS,27964.81758588051,0.0,1432.4999573831,VAL
2026-06-11,Puente Hnos,Fixed Income,ARS,27905.727147822396,0.0,1432.4999573831,VAL
2026-06-16,Option Securities,Fixed Income,ARS,208794.7661566808,55.33061964481621,1436.5000882011,GEST
2026-06-17,Banco Hipotecario BYMA,Fixed Income,ARS,7227417.557853681,0.0,1441.50003647,GEST
2026-06-19,Banco Comafi,Fixed Income,ARS,3054353.523909137,0.0,1450.9999493601,GEST
2026-06-25,Aldazabal,Fixed Income,ARS,43433.38016479565,0.0,1476.9999354551,INC
2026-06-25,Aldazabal,Fixed Income,ARS,43430.699257434084,0.0,1476.9999354551,BALANCEADO
2026-06-25,Aldazabal,Fixed Income,ARS,43433.38016479565,0.0,1476.9999354551,RCAP
2026-06-29,Banco Hipotecario BYMA,Fixed Income,ARS,1987688.2640160061,0.0,1481.4999179249,GEST
2026-06-29,Cocos Capital,Fixed Income,ARS,1157731.5580566544,0.0,1481.4999179249,GEST
2026-06-30,Banco Comafi,Fixed Income,ARS,1145512.7650700025,0.0,1482.0000717288,GEST
2026-07-01,Option Securities,Fixed Income,ARS,2209714.0000926186,0.0,1488.9999385043,GEST
2026-07-06,Aldazabal,Fixed Income,ARS,13966.319458155118,0.0,1486.4999051613,LOW
2026-07-08,Banco Hipotecario BYMA,Fixed Income,ARS,738129.0204480002,0.0,1488.000023808,GEST
2026-07-27,Banco de la Provincia de Cordoba,Fixed Income,ARS,476556.48623358185,0.0,1496.9999372757,EST
2026-07-27,Banco de la Provincia de Cordoba,Fixed Income,ARS,1392778.8138684544,0.0,1496.9999372757,PERF
2026-07-28,Banco de la Provincia de Cordoba,Fixed Income,ARS,37506.67318950015,0.0,1498.0000949732,RBALANCEADO
2026-07-31,BBVA,Licitaciones,ARS,1337698.4629266313,0.0,1484.9999413425,GEST
2026-07-31,BBVA,Licitaciones,ARS,1337698.4629266313,0.0,1484.9999413425,PERF
2026-07-31,BBVA,Licitaciones,ARS,106850.7856886195,0.0,1484.9999413425,VAL
2025-02-24,WIN Securities,Fixed Income,USDMEP,57054.4,29.39,1060.2499772576,RDOLAR
2025-04-16,WIN Securities,Fixed Income,USDC,57088.8,29.4,1124.9999859375,RDOLAR
2025-07-29,Max Capital,Fixed Income,ARS,541136.5322457157,0.0,1291.0000641627,PERF
2025-07-29,Max Capital,Fixed Income,USDC,66299.78,0.0,1291.0000641627,PERF
2025-07-29,Max Capital,Fixed Income,USDMEP,540299.53,0.0,1291.0000641627,PERF
2025-07-29,Max Capital,Fixed Income,ARS,66505.2018767209,0.0,1291.0000641627,PERF
2025-12-12,Latin Securities,Fixed Income,ARS,22119.271897800034,0.0,1441.0000540375,RETORNO TOTAL
2025-12-12,Aldazabal,Fixed Income,ARS,7159.544492100011,0.0,1441.0000540375,RETORNO TOTAL
2025-01-02,Allaria,Fixed Income,USDC,2244.0,0.0,1031.5000517297,RDOLAR
2025-01-02,Allaria,Fixed Income,USDC,10098.02,0.0,1031.5000517297,RDOLAR
2025-01-02,Allaria,Fixed Income,USDC,23341.59,0.0,1031.5000517297,RDOLAR
2025-01-03,WIN Securities,Fixed Income,ARS,29.221888546798585,0.015050847419999272,1032.5000025813,RDOLAR
2025-01-07,Latin Securities,Fixed Income,USDMEP,349576.5,0.0,1035.5000481508,CAP
2025-01-08,Latin Securities,Fixed Income,USDMEP,99826.0,0.0,1035.5000481508,CAP
2025-01-09,WIN Securities,Fixed Income,USDMEP,148900.0,76.68,1036.9999508462,RDOLAR
2025-01-09,WIN Securities,Fixed Income,ARS,1642.8279467225038,0.0,1036.9999508462,RDOLAR
2025-01-09,WIN Securities,Fixed Income,ARS,1739.030940675004,0.8956027425480021,1036.9999508462,CAP
2025-01-10,Latin Securities,Fixed Income,USDMEP,24885.5,0.0,1036.9999508462,RMIXTA
2025-01-10,WIN Securities,Fixed Income,ARS,230388.14978250055,118.64989954878828,1036.9999508462,RDOLAR
2025-01-10,Allaria,Fixed Income,USDMEP,496290.0,0.0,1036.9999508462,CAP
2025-01-10,WIN Securities,Fixed Income,USDMEP,429796.63,221.35,1036.9999508462,RDOLAR
2025-01-10,DA Valores MAE,Fixed Income,USDMEP,620200.0,0.0,1036.9999508462,PERF
2025-01-10,Latin Securities,Fixed Income,USDMEP,19159.1,0.0,1036.9999508462,RBALANCEADO
2025-01-13,WIN Securities,Fixed Income,USDMEP,199822.41,102.91,1039.4999589398,RDOLAR
2025-01-13,WIN Securities,Fixed Income,ARS,963.4663199231551,0.4961808757799768,1039.4999589398,RDOLAR
2025-01-14,Latin Securities,Fixed Income,USDMEP,199626.0,0.0,1039.9999584,CAP
2025-01-14,WIN Securities,Fixed Income,ARS,1105684.6596120019,569.427599700181,1039.9999584,RDOLAR
2025-01-15,WIN Securities,Fixed Income,USDMEP,249719.02,128.61,1040.9999929212,RDOLAR
2025-01-16,Allaria,Fixed Income,USDMEP,399620.0,0.0,1041.5000266624,CAP
2025-01-16,Allaria,Fixed Income,USDMEP,181382.02,0.0,1041.5000266624,RDOLAR
2025-01-16,Allaria,Fixed Income,USDC,178000.02,0.0,1041.5000266624,RDOLAR
2025-01-17,WIN Securities,Fixed Income,ARS,770.2640225280005,0.39668745984000026,1041.5000266624,RDOLAR
2025-01-17,Latin Securities,Fixed Income,USDMEP,199868.6,0.0,1041.5000266624,CAP
2025-01-20,WIN Securities,Fixed Income,USDMEP,403140.01,207.62,1041.5000266624,RDOLAR
2025-01-20,WIN Securities,Fixed Income,USDMEP,115491.74,59.48,1041.5000266624,CAP
2025-01-20,WIN Securities,Fixed Income,ARS,432.0293696409603,0.22249639372800015,1041.5000266624,CAP
2025-01-20,WIN Securities,Fixed Income,USDMEP,403995.84,208.06,1041.5000266624,RDOLAR
2025-01-20,WIN Securities,Fixed Income,USDMEP,86311.55,44.63,1041.5000266624,CAP
2025-01-20,WIN Securities,Fixed Income,ARS,288238.11072000023,148.4426270208001,1041.5000266624,PERF
2025-01-21,WIN Securities,Fixed Income,USDMEP,195640.0,100.75,1047.0000412518,RDOLAR
2025-01-21,WIN Securities,Fixed Income,USDC,13934.2,7.18,1047.0000412518,GEST
2025-01-21,WIN Securities,Fixed Income,USDMEP,195464.8,100.66,1047.0000412518,RDOLAR
2025-01-21,WIN Securities,Fixed Income,ARS,111748.77210139637,57.55060900280209,1047.0000412518,RDOLAR
2025-01-21,WIN Securities,Fixed Income,USDC,3883.97,2.0,1047.0000412518,RDOLAR
2025-01-21,WIN Securities,Fixed Income,USDMEP,3955.36,2.04,1047.0000412518,RDOLAR
2025-01-22,Allaria,Fixed Income,USDC,1300000.0,0.0,1047.0000412518,CAP
2025-01-22,Allaria,Fixed Income,USDC,1399860.0,0.0,1047.0000412518,CAP
2025-01-22,Allaria,Fixed Income,USDMEP,1321450.0,0.0,1047.0000412518,CAP
2025-01-22,WIN Securities,Fixed Income,ARS,15802.215232216025,8.138137215174012,1047.0000412518,GEST
2025-01-23,Allaria,Fixed Income,USDC,300000.0,0.0,1047.0000412518,CAP
2025-01-23,Allaria,Fixed Income,USDMEP,304800.0,0.0,1047.0000412518,CAP
2025-01-24,WIN Securities,Fixed Income,USDMEP,357177.5,183.95,1046.0000487436,RDOLAR
2025-01-28,Latin Securities,Fixed Income,USDMEP,59490.0,0.0,1050.4999486831,CAP
2025-01-29,Latin Securities,Fixed Income,USDMEP,111009.81,0.0,1051.5000542048,CAP
2025-01-29,Latin Securities,Fixed Income,USDC,109693.49,0.0,1051.5000542048,CAP
2025-01-30,WIN Securities,Fixed Income,USDMEP,1340796.06,690.51,1050.9999844452,RDOLAR
2025-02-03,Latin Securities,Fixed Income,USDMEP,205557.45,0.0,1053.7499959167,CAP
2025-02-03,Latin Securities,Fixed Income,USDC,203019.7,0.0,1053.7499959167,CAP
2025-02-05,Criteria,Fixed Income,USDC,79000.13,0.0,1054.0000037944,RDOLAR
2025-02-06,WIN Securities,Fixed Income,USDMEP,15048.0,7.75,1054.0000037944,RDOLAR
2025-02-07,WIN Securities,Fixed Income,ARS,1238.2116805063706,0.6376839134199848,1053.499995628,CAP
2025-02-07,WIN Securities,Fixed Income,USDMEP,1098.03,0.57,1053.499995628,CAP
2025-02-10,Allaria,Fixed Income,USDC,284020.0,0.0,1055.4999834814,CAP
2025-02-10,Cocos Capital,Fixed Income,USDMEP,299874.0,0.0,1055.4999834814,CAP
2025-02-11,WIN Securities,Fixed Income,USDMEP,699.44,0.0,1055.7500423092,CAP
2025-02-11,WIN Securities,Fixed Income,USDC,694.86,0.0,1055.7500423092,CAP
2025-02-13,WIN Securities,Fixed Income,USDC,249.9,0.0,1056.7500118356,CAP
2025-02-18,WIN Securities,Fixed Income,ARS,661.7247371922796,0.34078904003201005,1058.2499952643,CAP
2025-02-18,WIN Securities,Fixed Income,ARS,590.9705672559975,0.304351525104009,1058.2499952643,RDOLAR
2025-02-19,Parakeet Capital,Fixed Income,ARS,149653.37537811356,0.0,1058.5000144485,RFIJA
2025-02-19,Latin Securities,Fixed Income,ARS,99400.94337629237,0.0,1058.5000144485,RFIJA
2025-02-24,WIN Securities,Fixed Income,ARS,283.52558967041017,0.14601273597800524,1060.2499772576,RDOLAR
2025-02-24,Criteria,Fixed Income,USDMEP,323750.0,323.62,1060.2499772576,RDOLAR
2025-02-24,Criteria,Fixed Income,USDMEP,323500.0,323.63,1060.2499772576,RDOLAR
2025-02-25,WIN Securities,Fixed Income,USDMEP,589261.52,303.47,1060.5000427382,RDOLAR
2025-02-25,Latin Securities,Fixed Income,USDMEP,256404.36,0.0,1060.5000427382,CAP
2025-02-25,Latin Securities,Fixed Income,USDC,254999.94,0.0,1060.5000427382,CAP
2025-02-26,Allaria,Fixed Income,ARS,149470.86639894656,0.0,1060.9999648809,RFIJA
2025-02-26,Allaria,Fixed Income,ARS,149471.25848190015,0.0,1060.9999648809,RFIJA
2025-02-27,Criteria,Fixed Income,USDC,2181462.64,0.0,1061.749999708,RDOLAR
2025-02-28,Criteria,Fixed Income,USDMEP,116710.98,0.0,1062.9999687478,RDOLAR
2025-03-05,Allaria,Fixed Income,ARS,188.01015707520443,0.0,1063.4999890991,RDOLAR
2025-03-05,TPCG,Fixed Income,USDC,251100.3,0.0,1063.4999890991,CAP
2025-03-05,TPCG,Fixed Income,USDMEP,251351.4,0.0,1063.4999890991,CAP
2025-03-06,Allaria,Fixed Income,USDC,96951.68,0.0,1063.4999890991,CAP
2025-03-06,Allaria,Fixed Income,USDC,165667.04,49.7,1063.4999890991,RDOLAR
2025-03-06,WIN Securities,Fixed Income,USDC,1025479.87,528.12,1063.4999890991,RDOLAR
2025-03-06,Allaria,Fixed Income,USDMEP,97000.16,0.0,1063.4999890991,CAP
2025-03-06,Allaria,Fixed Income,USDMEP,499927.5,149.98,1063.4999890991,RDOLAR
2025-03-07,Latin Securities,Fixed Income,USDC,70000.08,0.0,1065.0000410025,CAP
2025-03-07,Allaria,Fixed Income,ARS,703911.2405050511,0.0,1065.0000410025,PERF
2025-03-07,Latin Securities,Fixed Income,USDMEP,70070.08,0.0,1065.0000410025,CAP
2025-03-10,WIN Securities,Fixed Income,ARS,1220.0522257117855,0.6283274976959718,1065.7499511887,CAP
2025-03-10,WIN Securities,Fixed Income,USDC,849628.99,437.55,1065.7499511887,RDOLAR
2025-03-11,WIN Securities,Fixed Income,USDMEP,328450.0,168.58,1065.5000151834,RDOLAR
2025-03-12,WIN Securities,Fixed Income,USDC,24980.45,12.82,1065.7499511887,RDOLAR
2025-03-13,WIN Securities,Fixed Income,USDC,1998.8,1.03,1066.2499477538,CAP
2025-03-13,WIN Securities,Fixed Income,USDMEP,2003.15,1.03,1066.2499477538,CAP
2025-03-14,WIN Securities,Fixed Income,ARS,777.3787016319654,0.40034703016798223,1066.2499477538,CAP
2025-03-14,WIN Securities,Fixed Income,USDC,160999.98,82.62,1066.2499477538,RDOLAR
2025-03-17,WIN Securities,Fixed Income,ARS,524.3418304608002,0.0,1067.7500200737,RDOLAR
2025-03-17,Invertir en Bolsa (IEB),Fixed Income,USDMEP,134932.0,0.0,1067.7500200737,CAP
2025-03-18,Alchemy Valores,Fixed Income,USDMEP,220569.36,0.0,1067.9999863296,CAP
2025-03-20,Allaria,Fixed Income,ARS,2291753.773605603,0.0,1068.9999943343,PERF
2025-03-20,Allaria,Fixed Income,ARS,2291753.610368932,0.0,1068.9999943343,PERF
2025-03-20,Allaria,Fixed Income,USDMEP,1871267.4,0.0,1068.9999943343,CAP
2025-03-20,Allaria,Fixed Income,USDMEP,600562.0,0.0,1068.9999943343,CAP
2025-03-20,WIN Securities,Fixed Income,USDMEP,1302.0,0.67,1068.9999943343,CAP
2025-03-20,Allaria,Fixed Income,USDMEP,1270752.0,0.0,1068.9999943343,CAP
2025-03-20,Allaria,Fixed Income,ARS,114415.6928421375,0.0,1068.9999943343,RMIXTA
2025-03-20,WIN Securities,Fixed Income,USDMEP,200270.11,103.14,1068.9999943343,RDOLAR
2025-03-20,Allaria,Fixed Income,ARS,114415.3167897501,0.0,1068.9999943343,RMIXTA
2025-03-21,WIN Securities,Fixed Income,USDMEP,491818.56,253.29,1068.7500166992,RDOLAR
2025-03-21,WIN Securities,Fixed Income,USDC,77464.2,39.89,1068.7500166992,RDOLAR
2025-03-21,Invertir en Bolsa (IEB),Fixed Income,USDC,121999.69,0.0,1068.7500166992,CAP
2025-03-21,Invertir en Bolsa (IEB),Fixed Income,USDMEP,122121.39,0.0,1068.7500166992,CAP
2025-03-21,WIN Securities,Fixed Income,USDC,1723.96,0.89,1068.7500166992,RDOLAR
2025-03-25,WIN Securities,Fixed Income,USDMEP,200215.72,103.11,1071.0000184212,RDOLAR
2025-03-26,WIN Securities,Fixed Income,USDC,278105.7,143.22,1071.2500170061,RDOLAR
2025-03-26,WIN Securities,Fixed Income,ARS,121236.80516988075,62.43694650006165,1071.2500170061,RDOLAR
2025-03-26,WIN Securities,Fixed Income,USDC,327372.25,168.6,1071.2500170061,RDOLAR
2025-03-27,WIN Securities,Fixed Income,USDC,86784.24,44.69,1071.2500170061,RDOLAR
2025-03-27,WIN Securities,Fixed Income,USDMEP,198875.62,102.42,1071.2500170061,RDOLAR
2025-03-28,Allaria,Fixed Income,ARS,467411.7566664002,0.0,1071.0000184212,PERF
2025-03-28,WIN Securities,Fixed Income,ARS,4713.725409120002,2.4275723205240007,1071.0000184212,RMIXTA
2025-03-31,WIN Securities,Fixed Income,USDC,359.21,0.19,1073.24995326,RDOLAR
2025-04-01,WIN Securities,Fixed Income,USDC,34999.55,18.02,1072.5000372694,RDOLAR
2025-04-01,WIN Securities,Fixed Income,USDMEP,334262.44,172.14,1072.5000372694,RDOLAR
2025-04-03,WIN Securities,Fixed Income,USDMEP,99574.8,51.28,1074.2500123539,RDOLAR
2025-04-03,WIN Securities,Fixed Income,USDMEP,99981.8,51.49,1074.2500123539,RDOLAR
2025-04-04,Allaria,Fixed Income,ARS,46579.600903680046,0.0,1073.4999662921,PERF
2025-04-07,WIN Securities,Fixed Income,USDMEP,199980.07,12.99,1075.49999188,RDOLAR
2025-04-07,WIN Securities,Fixed Income,USDMEP,164636.0,84.79,1075.49999188,RDOLAR
2025-04-08,WIN Securities,Fixed Income,ARS,2837.555160000001,1.4613432313600003,1075.750012909,CAP
2025-04-08,WIN Securities,Fixed Income,ARS,175020.44512262245,90.13552297136002,1075.750012909,RDOLAR
2025-04-10,WIN Securities,Fixed Income,ARS,12970.048935850078,6.67957288016104,1076.7499852216,RDOLAR
2025-04-10,WIN Securities,Fixed Income,ARS,19189.691463750118,9.882693425633061,1076.7499852216,RDOLAR
2025-04-11,WIN Securities,Fixed Income,USDC,199383.65,102.68,1073.9999959188,RDOLAR
2025-04-14,Latin Securities,Fixed Income,USDMEP,28971.14,0.0,1194.9999766975,CAP
2025-04-14,Latin Securities,Fixed Income,USDC,28999.98,0.0,1194.9999766975,CAP
2025-04-14,Invertir en Bolsa (IEB),Fixed Income,USDMEP,401740.2,0.0,1194.9999766975,CAP
2025-04-16,WIN Securities,Fixed Income,USDC,161922.8,83.39,1124.9999859375,RDOLAR
2025-04-16,WIN Securities,Fixed Income,USDMEP,2086944.48,1074.77,1124.9999859375,RDOLAR
2025-04-16,WIN Securities,Fixed Income,USDMEP,2030028.38,1045.47,1124.9999859375,RDOLAR
2025-04-16,WIN Securities,Fixed Income,USDC,1915669.37,986.57,1124.9999859375,RDOLAR
2025-04-21,WIN Securities,Fixed Income,USDMEP,10208.12,5.25,1093.9999789952,RDOLAR
2025-04-21,WIN Securities,Fixed Income,USDMEP,501019.87,258.02,1093.9999789952,RDOLAR
2025-04-21,WIN Securities,Fixed Income,USDC,367446.44,189.23,1093.9999789952,RDOLAR
2025-04-21,WIN Securities,Fixed Income,ARS,914.8089755168003,0.4711243234880001,1093.9999789952,CAP
2025-04-22,WIN Securities,Fixed Income,USDC,439017.87,226.1,1104.0000017664,RDOLAR
2025-04-22,WIN Securities,Fixed Income,USDC,343236.17,176.77,1104.0000017664,RDOLAR
2025-04-22,Allaria,Fixed Income,ARS,1607114.5807619502,0.0,1104.0000017664,PERF
2025-04-22,Allaria,Fixed Income,ARS,1607249.9974284002,0.0,1104.0000017664,PERF
2025-04-23,Criteria,Fixed Income,USDMEP,2599.16,2.6,1159.9999536,GEST
2025-04-24,Latin Securities,Fixed Income,ARS,91751.87863296024,0.0,1173.9999398912,RFIJA
2025-04-24,Latin Securities,Fixed Income,ARS,91794.72360960025,0.0,1173.9999398912,RFIJA
2025-04-24,Criteria,Fixed Income,ARS,2647.887529098247,2.9126747658240077,1173.9999398912,GEST
2025-04-24,Alchemy Valores,Fixed Income,USDC,314000.02,0.0,1173.9999398912,CAP
2025-04-24,Alchemy Valores,Fixed Income,USDMEP,317926.17,0.0,1173.9999398912,CAP
2025-04-28,Latin Securities,Fixed Income,USDMEP,202399.78,0.0,1178.0000480624,RDOLAR
2025-04-28,Latin Securities,Fixed Income,USDC,199999.78,0.0,1178.0000480624,RDOLAR
2025-04-30,Latin Securities,Fixed Income,USDMEP,17186.74,0.0,1169.99993799,CAP
2025-04-30,WIN Securities,Fixed Income,USDMEP,2279.34,1.17,1169.99993799,RFIJA
2025-04-30,Latin Securities,Fixed Income,USDC,16999.74,0.0,1169.99993799,CAP
2025-04-30,Allaria,Fixed Income,ARS,85957.26951300024,0.0,1169.99993799,PERF
2025-05-05,WIN Securities,Fixed Income,USDC,677715.86,349.03,1200.000048,RDOLAR
2025-05-05,Latin Securities,Fixed Income,ARS,1003.3332932000015,0.0,1200.000048,RDOLAR
2025-05-05,WIN Securities,Fixed Income,ARS,415.32831672020063,0.21389999144400032,1200.000048,RDOLAR
2025-05-06,WIN Securities,Fixed Income,USDC,680933.02,350.68,1194.0000542076,RDOLAR
2025-05-06,Invertir en Bolsa (IEB),Fixed Income,USDMEP,84839.92,0.0,1194.0000542076,CAP
2025-05-06,Invertir en Bolsa (IEB),Fixed Income,USDC,83999.92,0.0,1194.0000542076,CAP
2025-05-07,Allaria,Fixed Income,USDC,24999.71,0.0,1124.0000193328,CAP
2025-05-07,WIN Securities,Fixed Income,USDMEP,431.93,0.23,1124.0000193328,RDOLAR
2025-05-07,WIN Securities,Fixed Income,ARS,444.3295297240801,0.22882561884000005,1124.0000193328,RDOLAR
2025-05-07,Allaria,Fixed Income,USDMEP,25199.71,0.0,1124.0000193328,CAP
2025-05-13,WIN Securities,Fixed Income,USDMEP,269770.76,138.94,1125.5000033765,RDOLAR
2025-05-13,WIN Securities,Fixed Income,USDMEP,269985.82,139.04,1125.5000033765,RDOLAR
2025-05-13,WIN Securities,Fixed Income,USDMEP,270001.2,139.05,1125.5000033765,RDOLAR
2025-05-15,Invertir en Bolsa (IEB),Fixed Income,USDMEP,21293.44,0.0,1138.0000286776,CAP
2025-05-15,WIN Securities,Fixed Income,ARS,878.6282731134005,0.4524955949240003,1138.0000286776,RDOLAR
2025-05-15,Invertir en Bolsa (IEB),Fixed Income,USDC,20999.54,0.0,1138.0000286776,CAP
2025-05-16,WIN Securities,Fixed Income,USDMEP,562632.0,289.76,1142.0000555012,RDOLAR
2025-05-16,WIN Securities,Fixed Income,USDMEP,562876.8,289.88,1142.0000555012,RDOLAR
2025-05-16,WIN Securities,Fixed Income,USDMEP,562797.2,289.84,1142.0000555012,RDOLAR
2025-05-20,WIN Securities,Fixed Income,USDMEP,63499.9,32.7,1143.0000505206,RDOLAR
2025-05-20,WIN Securities,Fixed Income,USDMEP,63494.93,32.7,1143.0000505206,RDOLAR
2025-05-20,WIN Securities,Fixed Income,USDMEP,63484.89,32.69,1143.0000505206,RDOLAR
2025-05-27,Banco Santander,Fixed Income,ARS,2092979.5718501823,0.0,1154.9999543775,PERF
2025-05-27,Allaria,Fixed Income,ARS,2092979.35799736,0.0,1154.9999543775,PERF
2025-05-27,Allaria,Fixed Income,ARS,2092979.4766120834,0.0,1154.9999543775,PERF
2025-05-27,Banco Santander,Fixed Income,ARS,2092979.4766120834,0.0,1154.9999543775,PERF
2025-05-27,Criteria,Fixed Income,USDMEP,2988.04,2.99,1154.9999543775,GEST
2025-05-27,Criteria,Fixed Income,ARS,2987.1221959134045,3.285835627626005,1154.9999543775,GEST
2025-05-27,WIN Securities,Fixed Income,ARS,0.9739394324100016,0.0005021645220000008,1154.9999543775,PERF
2025-05-28,WIN Securities,Fixed Income,USDMEP,148579.03,76.52,1159.9999536,RDOLAR
2025-05-29,Criteria,Fixed Income,USDC,11955.68,11.96,1183.0000526435,GEST
2025-05-29,Criteria,Fixed Income,ARS,11980.990143092768,0.0,1183.0000526435,GEST
2025-05-30,Latin Securities,Fixed Income,ARS,302940.38901456073,0.0,1188.0000589248,PERF
2025-06-04,WIN Securities,Fixed Income,USDMEP,99927.65,51.46,1185.5000539995,RDOLAR
2025-06-06,WIN Securities,Fixed Income,USDMEP,4598.75,2.37,1184.9999389725,RDOLAR
2025-06-06,WIN Securities,Fixed Income,ARS,1270.6211624834032,0.0,1184.9999389725,RDOLAR
2025-06-10,Allaria,Fixed Income,USDC,348952.75,0.0,1188.5000262064,RDOLAR
2025-06-10,WIN Securities,Fixed Income,USDMEP,76792.41,39.55,1188.5000262064,RDOLAR
2025-06-10,Allaria,Fixed Income,USDMEP,349999.61,0.0,1188.5000262064,RDOLAR
2025-06-11,WIN Securities,Fixed Income,ARS,507645.5053303685,261.437431591248,1181.9999841612,RMIXTA
2025-06-12,Criteria,Fixed Income,USDMEP,2974.1,2.97,1184.9999389725,GEST
2025-06-12,Criteria,Fixed Income,ARS,2978.9475542596806,0.0,1184.9999389725,GEST
2025-06-18,Invertir en Bolsa (IEB),Fixed Income,USDC,84702.93,0.0,1142.0000555012,CAP
2025-06-18,Invertir en Bolsa (IEB),Fixed Income,USDMEP,84999.51,0.0,1142.0000555012,CAP
2025-06-23,WIN Securities,Fixed Income,ARS,52967.03889240009,0.0,1170.999951989,RFIJA
2025-06-23,WIN Securities,Fixed Income,ARS,53010.575529539485,0.0,1170.999951989,RFIJA
2025-06-25,Latin Securities,Fixed Income,ARS,620756.0904163542,0.0,1191.5000294301,PERF
2025-06-26,Balanz Capital,Fixed Income,ARS,84358.93798002182,0.0,1188.5000262064,PERF
2025-06-27,Balanz Capital,Fixed Income,ARS,84620.18571486001,0.0,1188.9999903691,PERF
2025-06-30,WIN Securities,Fixed Income,ARS,25.396430963850012,0.013078837880000006,1205.0000271125,RDOLAR
2025-06-30,WIN Securities,Fixed Income,USDC,2480.4,1.28,1205.0000271125,RDOLAR
2025-07-01,Invertir en Bolsa (IEB),Fixed Income,USDC,174388.85,0.0,1222.0000083096,CAP
2025-07-01,WIN Securities,Fixed Income,ARS,23.804009658100004,0.012258592388000002,1222.0000083096,RDOLAR
2025-07-01,Invertir en Bolsa (IEB),Fixed Income,USDMEP,174998.51,0.0,1222.0000083096,CAP
2025-07-01,Macro Securities / Banco Macro,Fixed Income,ARS,65387.659129832005,0.0,1222.0000083096,PERF
2025-07-02,Latin Securities,Fixed Income,ARS,89062.43572908011,0.0,1230.00004551,PERF
2025-07-03,WIN Securities,Fixed Income,ARS,6.9281885942200025,0.0035662064030000007,1230.9999769803,RDOLAR
2025-07-04,WIN Securities,Fixed Income,ARS,55.61007415120002,0.028643379902000006,1230.9999769803,RDOLAR
2025-07-04,Balanz Capital,Fixed Income,ARS,37393.404436056015,0.0,1230.9999769803,VAL
2025-07-07,WIN Securities,Fixed Income,ARS,1585.0711213760044,0.8163132493440022,1264.0000647168,RDOLAR
2025-07-07,Alchemy Valores,Fixed Income,ARS,146364.5494681604,0.0,1264.0000647168,PERF
2025-07-07,Allaria,Fixed Income,ARS,281090.41282336076,0.0,1264.0000647168,PERF
2025-07-08,Balanz Capital,Fixed Income,ARS,142310.74822000053,0.0,1255.0000771825,PERF
2025-07-11,Balanz Capital,Fixed Income,ARS,58611.391590718165,0.0,1261.499991611,VAL
2025-07-11,WIN Securities,Fixed Income,ARS,300.19817877000594,0.15460166571300307,1261.499991611,RDOLAR
2025-07-11,Criteria,Fixed Income,USDMEP,2996.0,3.0,1261.499991611,GEST
2025-07-14,Criteria,Fixed Income,ARS,2968.359375,3.2651953125,1280.0,GEST
2025-07-14,PP Inversiones (PPI),Fixed Income,USDMEP,50000.0,0.0,1280.0,CAP
2025-07-15,WIN Securities,Fixed Income,USDC,124677.12,64.21,1259.99998992,RDOLAR
2025-07-16,WIN Securities,Fixed Income,USDC,9801.33,5.05,1261.0000184106,RDOLAR
2025-07-16,Invertir en Bolsa (IEB),Fixed Income,USDMEP,620237.92,0.0,1261.0000184106,CAP
2025-07-16,Invertir en Bolsa (IEB),Fixed Income,USDC,618999.92,0.0,1261.0000184106,CAP
2025-07-18,WIN Securities,Fixed Income,USDC,1477.5,0.76,1285.99996142,RDOLAR
2025-07-21,Invertir en Bolsa (IEB),Fixed Income,USDMEP,361363.5,0.0,1275.0000414375,CAP
2025-07-21,Max Capital,Fixed Income,ARS,164700.93582369018,0.0,1275.0000414375,PERF
2025-07-22,Latin Securities,Fixed Income,USDMEP,1205094.0,0.0,1256.5000317266,CAP
2025-07-23,Puente Hnos,Fixed Income,USDMEP,73073.2,0.0,1285.5000479492,AHDOLARES
2025-07-24,Invertir en Bolsa (IEB),Fixed Income,USDMEP,66065.76,0.0,1272.000035616,CAP
2025-07-24,Invertir en Bolsa (IEB),Fixed Income,USDC,65999.76,0.0,1272.000035616,CAP
2025-07-29,Aldazabal,Fixed Income,ARS,244983.7213642006,0.0,1291.0000641627,PERF
2025-07-29,Aldazabal,Fixed Income,USDMEP,21199.56,0.0,1291.0000641627,RBALANCEADO
2025-07-29,Aldazabal,Fixed Income,USDMEP,83145.0,0.0,1291.0000641627,RMIXTA
2025-07-29,Aldazabal,Fixed Income,ARS,21215.984987393585,0.0,1291.0000641627,RBALANCEADO
2025-07-31,Pharos Capital BYMA,Fixed Income,USDMEP,28153.0,0.0,1374.000071448,AHDOLARES
2025-08-01,WIN Securities,Fixed Income,ARS,499.64426113944086,0.25731670504400045,1364.0000556512,AHDOLARES
2025-08-01,WIN Securities,Fixed Income,USDMEP,499.47,0.26,1364.0000556512,AHDOLARES
2025-08-01,Aldazabal,Fixed Income,ARS,110222.72277564018,0.0,1364.0000556512,PERF
2025-08-04,Invertir en Bolsa (IEB),Fixed Income,USDMEP,89999.32,0.0,1360.00003264,CAP
2025-08-04,Invertir en Bolsa (IEB),Fixed Income,USDC,89774.88,0.0,1360.00003264,CAP
2025-08-06,WIN Securities,Fixed Income,ARS,756.8506502500032,0.38977480034400164,1331.9999126208,RDOLAR
2025-08-06,WIN Securities,Fixed Income,ARS,1148.273348600005,0.5913588976520027,1331.9999126208,CAP
2025-08-07,WIN Securities,Fixed Income,ARS,321.7571588700001,0.16570889609400005,1326.0000228072,RDOLAR
2025-08-08,Allaria,Fixed Income,USDMEP,105999.34,0.0,1326.0000228072,AHDOLARES
2025-08-08,Allaria,Fixed Income,USDC,105735.0,0.0,1326.0000228072,AHDOLARES
2025-08-11,WIN Securities,Fixed Income,ARS,151.03866313107062,0.07779123034800033,1321.9999161852,RDOLAR
2025-08-11,WIN Securities,Fixed Income,ARS,7.44780682620003,0.003835098579000016,1321.9999161852,RDOLAR
2025-08-12,Allaria,Fixed Income,USDC,5089.8,0.0,1317.4999700269,AHDOLARES
2025-08-12,Aldazabal,Fixed Income,USDMEP,5000.47,0.0,1317.4999700269,AHDOLARES
2025-08-12,Allaria,Fixed Income,USDMEP,5099.98,0.0,1317.4999700269,AHDOLARES
2025-08-13,Aldazabal,Fixed Income,ARS,7615.837165279707,0.0,1313.0000396526,VAL
2025-08-18,Aldazabal,Fixed Income,ARS,1594.5862233600003,0.0,1293.0000082752,CAP
2025-08-18,WIN Securities,Fixed Income,USDMEP,49165.07,25.32,1293.0000082752,RDOLAR
2025-08-19,WIN Securities,Fixed Income,USDMEP,13886.36,7.15,1292.49998449,RDOLAR
2025-08-20,Criteria,Fixed Income,USDMEP,2649.15,2.65,1301.0000136605,GEST
2025-08-20,Criteria,Fixed Income,ARS,2653.8008945025003,2.919108347520001,1301.0000136605,GEST
2025-08-25,Grit Capital Group,Fixed Income,ARS,110177.68129280003,0.0,1361.9999825664,PERF
2025-08-26,Grit Capital Group,Fixed Income,ARS,110826.39127679795,0.0,1356.5000021026,PERF
2025-08-27,Grit Capital Group,Fixed Income,ARS,111307.79056139482,0.0,1349.4999832662,PERF
2025-08-27,WIN Securities,Fixed Income,ARS,176.04298106400003,0.09066320972000001,1349.4999832662,RDOLAR
2025-09-01,Balanz Capital,Fixed Income,USDC,165000.0,0.0,1341.999969134,CAP
2025-09-01,Balanz Capital,Fixed Income,USDMEP,165082.5,0.0,1341.999969134,CAP
2025-09-03,Aldazabal,Fixed Income,ARS,184664.42413806572,0.0,1360.9999211981,RMIXTA
2025-09-03,Aldazabal,Fixed Income,ARS,589893.3096875191,0.0,1360.9999211981,RMIXTA
2025-09-04,Aldazabal,Fixed Income,ARS,2198.146845640978,0.0,1362.4999148438,CAP
2025-09-04,Allaria,Fixed Income,USDC,20159.76,0.0,1362.4999148438,AHDOLARES
2025-09-04,Aldazabal,Fixed Income,USDMEP,29996.84,0.0,1362.4999148438,AHDOLARES
2025-09-04,Allaria,Fixed Income,USDMEP,20200.08,0.0,1362.4999148438,AHDOLARES
2025-09-04,Aldazabal,Fixed Income,USDMEP,62097.47,0.0,1362.4999148438,CAP
2025-09-04,Aldazabal,Fixed Income,USDC,64169.37,0.0,1362.4999148438,CAP
2025-09-08,Aldazabal,Fixed Income,ARS,168792.75893280003,0.0,1409.0000157808,PERF
2025-09-09,Aldazabal,Fixed Income,USDMEP,155034.0,0.0,1416.5000154399,CAP
2025-09-09,Criteria,Fixed Income,ARS,97.09706918519659,0.10680550536599624,1416.5000154399,RDOLAR
2025-09-09,Aldazabal,Fixed Income,USDMEP,154860.0,0.0,1416.5000154399,CAP
2025-09-12,Aldazabal,Fixed Income,USDC,354999.84,0.0,1453.0000964792,CAP
2025-09-12,Aldazabal,Fixed Income,USDMEP,356419.84,0.0,1453.0000964792,CAP
2025-09-16,Criteria,Fixed Income,USDMEP,2973.08,2.97,1468.9999870728,GEST
2025-09-16,Criteria,Fixed Income,ARS,2978.9653087200004,3.276861839592,1468.9999870728,GEST
2025-09-22,Latin Securities,Fixed Income,ARS,142045.2291761277,0.0,1407.9999459328,PERF
2025-09-23,Grit Capital Group,Fixed Income,ARS,228429.51374400003,0.0,1368.9999811078,PERF
2025-09-23,Grit Capital Group,Fixed Income,USDC,120000.0,0.0,1368.9999811078,CAP
2025-09-23,Grit Capital Group,Fixed Income,USDMEP,450294.0,0.0,1368.9999811078,CAP
2025-09-23,Grit Capital Group,Fixed Income,USDMEP,120540.0,0.0,1368.9999811078,CAP
2025-09-25,Aldazabal,Fixed Income,USDC,299999.07,0.0,1336.9999219192,CAP
2025-09-25,Aldazabal,Fixed Income,USDMEP,305850.69,0.0,1336.9999219192,CAP
2025-09-25,Latin Securities,Fixed Income,USDMEP,712950.0,0.0,1336.9999219192,CAP
2025-09-25,Latin Securities,Fixed Income,USDMEP,712949.55,0.0,1336.9999219192,CAP
2025-09-25,Grit Capital Group,Fixed Income,ARS,585714.460159352,0.0,1336.9999219192,PERF
2025-09-25,Grit Capital Group,Fixed Income,ARS,585714.8326350655,0.0,1336.9999219192,PERF
2025-09-26,Allaria,Fixed Income,ARS,829411.7504400003,0.0,1326.0000228072,RMIXTA
2025-09-26,Invertir en Bolsa (IEB),Fixed Income,USDMEP,10999.69,0.0,1326.0000228072,CAP
2025-09-26,Invertir en Bolsa (IEB),Fixed Income,USDC,10799.8,0.0,1326.0000228072,CAP
2025-09-29,Grit Capital Group,Fixed Income,USDMEP,400725.0,0.0,1360.00003264,CAP
2025-09-30,Aldazabal,Fixed Income,USDMEP,500193.0,0.0,1379.99996412,CAP
2025-09-30,Aldazabal,Fixed Income,ARS,724246.3956420005,0.0,1379.99996412,PERF
2025-10-01,Aldazabal,Fixed Income,USDC,238001.18,0.0,1422.9999770897,CAP
2025-10-01,Aldazabal,Fixed Income,USDMEP,245260.56,0.0,1422.9999770897,CAP
2025-10-02,Aldazabal,Fixed Income,ARS,47735.82927778314,0.0,1424.5000040598,RFIJA
2025-10-06,Grit Capital Group,Fixed Income,USDMEP,200091.8,0.0,1429.99999857,CAP
2025-10-06,Puente Hnos,Fixed Income,USDMEP,127970.7,0.0,1429.99999857,AHDOLARES
2025-10-06,Aldazabal,Fixed Income,ARS,35695.52451122001,0.0,1429.99999857,PERF
2025-10-07,WIN Securities,Fixed Income,ARS,2122.1129200860832,1.092885631283981,1429.4999909227,AHDOLARES
2025-10-07,WIN Securities,Fixed Income,USDMEP,1999.95,1.03,1429.4999909227,AHDOLARES
2025-10-08,Aldazabal,Fixed Income,ARS,99431.11898055,0.0,1429.99999857,PERF
2025-10-13,Puente Hnos,Fixed Income,ARS,363380.1303436517,0.0,1419.99990344,RMIXTA
2025-10-13,Aldazabal,Fixed Income,ARS,363380.43316057365,0.0,1419.99990344,RMIXTA
2025-10-13,Aldazabal,Fixed Income,ARS,363380.31104788935,0.0,1419.99990344,RMIXTA
2025-10-13,Aldazabal,Fixed Income,ARS,755281.7415000035,0.0,1419.99990344,RMIXTA
2025-10-14,Aldazabal,Fixed Income,USDMEP,20000.16,0.0,1360.00003264,CAP
2025-10-14,Aldazabal,Fixed Income,USDMEP,20379.94,0.0,1360.00003264,CAP
2025-10-16,Grit Capital Group,Fixed Income,USDMEP,300300.0,0.0,1401.9999248528,CAP
2025-10-17,BTG Pactual,Fixed Income,USDC,99900.24,0.0,1449.999942,RDOLAR
2025-10-17,BTG Pactual,Fixed Income,USDMEP,23999.93,0.0,1449.999942,RDOLAR
2025-10-17,BTG Pactual,Fixed Income,USDMEP,100899.87,0.0,1449.999942,RDOLAR
2025-10-17,BTG Pactual,Fixed Income,USDC,23762.11,0.0,1449.999942,RDOLAR
2025-10-23,Aldazabal,Fixed Income,USDC,62999.47,0.0,1479.0000480675,CAP
2025-10-23,Aldazabal,Fixed Income,USDMEP,63755.49,0.0,1479.0000480675,CAP
2025-10-24,Aldazabal,Fixed Income,USDMEP,130869.0,0.0,1491.9999707568,CAP
2025-10-24,Allaria,Fixed Income,USDMEP,190056.25,0.0,1491.9999707568,CAP
2025-10-24,Allaria,Fixed Income,USDMEP,1793478.0,0.0,1491.9999707568,CAP
2025-10-24,Latin Securities,Fixed Income,USDMEP,189882.0,0.0,1491.9999707568,CAP
2025-10-27,WIN Securities,Fixed Income,USDMEP,1604.35,0.82,1435.0000236775,CAP
2025-10-28,Alchemy Valores,Fixed Income,ARS,136054.26013605652,0.0,1470.00001911,PERF
2025-10-30,Aldazabal,Fixed Income,USDC,987.16,0.0,1437.9999836068,CAP
2025-10-30,Aldazabal,Fixed Income,ARS,4174.956514910221,0.0,1437.9999836068,VAL
2025-10-30,Aldazabal,Fixed Income,USDMEP,1000.0,0.0,1437.9999836068,CAP
2025-11-03,Aldazabal,Fixed Income,ARS,5844.432915510013,0.0,1482.0000717288,VAL
2025-11-04,Latin Securities,Fixed Income,ARS,173314.5695482863,0.0,1454.0000194836,RETORNO TOTAL
2025-11-04,Grit Capital Group,Fixed Income,ARS,173314.84516726472,0.0,1454.0000194836,RETORNO TOTAL
2025-11-04,Invertir en Bolsa (IEB),Fixed Income,ARS,58459.776107973245,0.0,1454.0000194836,RMIXTA
2025-11-04,Aldazabal,Fixed Income,ARS,44703.80889202811,0.0,1454.0000194836,RMIXTA
2025-11-05,Aldazabal,Fixed Income,ARS,161926.1903155684,0.0,1452.0000720192,RETORNO TOTAL
2025-11-05,Allaria,Fixed Income,ARS,10331.044942125625,0.0,1452.0000720192,RETORNO TOTAL
2025-11-05,Allaria,Fixed Income,ARS,10330.936126704026,0.0,1452.0000720192,VAL
2025-11-10,Aldazabal,Fixed Income,USDMEP,55687.58,0.0,1420.4999449556,CAP
2025-11-10,Aldazabal,Fixed Income,USDC,54999.58,0.0,1420.4999449556,CAP
2025-11-11,Criteria,Fixed Income,USDMEP,2785.97,2.79,1420.4999449556,GEST
2025-11-11,Criteria,Fixed Income,ARS,2854.1397445296793,0.0,1420.4999449556,GEST
2025-11-12,WIN Securities,Fixed Income,ARS,1403.371109868,0.72273371365,1411.9999949168,VAL
2025-11-13,Allaria,Fixed Income,ARS,2139.4027008000094,0.0,1405.9999077664,CAP
2025-11-14,WIN Securities,Fixed Income,USDC,201491.2,103.77,1402.9999506144,RDOLAR
2025-11-18,Aldazabal,Fixed Income,ARS,34267.42788608002,0.0,1400.000028,VAL
2025-11-20,WIN Securities,Fixed Income,ARS,180.57684571680008,0.09299649308800005,1424.9999715,RDOLAR
2025-11-25,WIN Securities,Fixed Income,ARS,206.98445994300366,0.10659758409000189,1447.4999721356,RDOLAR
2025-11-25,Aldazabal,Fixed Income,ARS,154956.51179120567,0.0,1447.4999721356,RMIXTA
2025-11-28,Criteria,Fixed Income,USDMEP,2946.3,43.47,1451.4999437544,GEST
2025-11-28,Criteria,Fixed Income,ARS,3033.4965005999525,3.3369825612749477,1451.4999437544,GEST
2025-12-01,WIN Securities,Fixed Income,USDMEP,3577.26,1.84,1451.4999437544,RETORNO TOTAL
2025-12-02,Aldazabal,Fixed Income,USDC,130000.14,0.0,1455.00004947,AHDOLARES
2025-12-02,Aldazabal,Fixed Income,USDMEP,133835.85,0.0,1455.00004947,AHDOLARES
2025-12-04,Latin Securities,Fixed Income,USDC,369999.91,0.0,1443.9999491712,RDOLAR
2025-12-04,Latin Securities,Fixed Income,USDMEP,380359.91,0.0,1443.9999491712,RDOLAR
2025-12-04,Allaria,Fixed Income,USDMEP,2840550.4,0.0,1443.9999491712,CAP
2025-12-05,Latin Securities,Fixed Income,USDMEP,541497.42,0.0,1435.0000236775,RDOLAR
2025-12-05,WIN Securities,Fixed Income,ARS,1396.3192800966203,0.7191080020720003,1435.0000236775,RDOLAR
2025-12-05,Latin Securities,Fixed Income,USDC,530099.82,0.0,1435.0000236775,RDOLAR
2025-12-09,Aldazabal,Fixed Income,ARS,153016.64878952166,0.0,1441.9999501068,MULTI
2025-12-09,Allaria,Fixed Income,USDMEP,99999.78,0.0,1441.9999501068,CAP
2025-12-09,Aldazabal,Fixed Income,USDMEP,150000.24,0.0,1441.9999501068,MULTI
2025-12-09,Allaria,Fixed Income,USDC,97895.04,0.0,1441.9999501068,CAP
2025-12-09,Allaria,Fixed Income,USDMEP,499961.5,0.0,1441.9999501068,CAP
2025-12-12,Aldazabal,Fixed Income,ARS,278973.3222241354,0.0,1441.0000540375,RETORNO TOTAL
2025-12-12,Latin Securities,Fixed Income,ARS,197554.7392953753,0.0,1441.0000540375,RETORNO TOTAL
2025-12-12,Aldazabal,Fixed Income,ARS,35878.65431034505,0.0,1441.0000540375,RETORNO TOTAL
2025-12-12,Aldazabal,Fixed Income,ARS,16306.071560625023,0.0,1441.0000540375,RETORNO TOTAL
2025-12-12,WIN Securities,Fixed Income,ARS,175.26022937500025,0.09026370237500013,1441.0000540375,RDOLAR
2025-12-15,Aldazabal,Fixed Income,USDMEP,399201.17,0.0,1438.4999552627,RMIXTA
2025-12-15,Aldazabal,Fixed Income,USDMEP,238525.64,0.0,1438.4999552627,RMIXTA
2025-12-15,Allaria,Fixed Income,USDMEP,642840.5,0.0,1438.4999552627,CAP
2025-12-15,Aldazabal,Fixed Income,USDMEP,806297.79,0.0,1438.4999552627,CAP
2025-12-15,Aldazabal,Fixed Income,USDMEP,806297.44,0.0,1438.4999552627,CAP
2025-12-15,Allaria,Fixed Income,USDMEP,642840.66,0.0,1438.4999552627,CAP
2025-12-15,Grit Capital Group,Fixed Income,ARS,1369051.1374679536,0.0,1438.4999552627,PERF
2025-12-15,Allaria,Fixed Income,USDMEP,634653.0,0.0,1438.4999552627,RMIXTA
2025-12-15,Allaria,Fixed Income,ARS,617624.6295661163,0.0,1438.4999552627,PERF
2025-12-15,Allaria,Fixed Income,ARS,755636.7631596444,0.0,1438.4999552627,PERF
2025-12-16,Grit Capital Group,Fixed Income,USDMEP,1336267.8,0.0,1450.9999493601,PERF
2025-12-16,Criteria,Fixed Income,ARS,2784.011124040004,3.062412236444004,1450.9999493601,GEST
2025-12-16,Criteria,Fixed Income,USDMEP,2690.4,2.69,1450.9999493601,GEST
2025-12-16,Aldazabal,Fixed Income,USDC,315687.06,0.0,1450.9999493601,CAP
2025-12-16,Aldazabal,Fixed Income,USDMEP,325001.01,0.0,1450.9999493601,CAP
2025-12-16,Grit Capital Group,Fixed Income,USDMEP,1336230.0,0.0,1450.9999493601,PERF
2025-12-23,Aldazabal,Fixed Income,USDC,399999.6,0.0,1450.9999493601,CAP
2025-12-23,Aldazabal,Fixed Income,USDMEP,413201.13,0.0,1450.9999493601,CAP
2025-12-29,Aldazabal,Fixed Income,ARS,377531.43543594,0.0,1456.9999962118,RETORNO TOTAL
2026-01-02,WIN Securities,Fixed Income,ARS,67.45966084829999,0.0,1475.0000036875,RDOLAR
2026-01-05,WIN Securities,Fixed Income,ARS,68.31972700300001,0.0,1470.00001911,CAP
2026-01-09,WIN Securities,Fixed Income,ARS,11615.042921855567,5.981747820114024,1464.9999069725,RETORNO TOTAL
2026-01-09,WIN Securities,Fixed Income,USDMEP,11399.51,5.87,1464.9999069725,RETORNO TOTAL
2026-01-12,WIN Securities,Fixed Income,ARS,597.1379852999797,0.30752299598998956,1467.5000110063,CAP
2026-01-13,Aldazabal,Fixed Income,ARS,7603.335640908001,8.363671950366001,1456.9999962118,RETORNO TOTAL
2026-01-13,Aldazabal,Fixed Income,ARS,7610.289450123059,8.371317798018001,1456.9999962118,RETORNO TOTAL
2026-01-13,Aldazabal,Fixed Income,ARS,2420.2628752014,2.66228552511,1456.9999962118,RETORNO TOTAL
2026-01-13,Aldazabal,Fixed Income,ARS,178168.84054560002,0.0,1456.9999962118,RETORNO TOTAL
2026-01-14,Aldazabal,Fixed Income,USDMEP,89999.84,0.0,1453.0000964792,PERF
2026-01-14,Aldazabal,Fixed Income,ARS,91858.21844294052,0.0,1453.0000964792,PERF
2026-01-15,Aldazabal,Fixed Income,ARS,110886.21374600017,0.0,1441.0000540375,RCAP
2026-01-19,WIN Securities,Fixed Income,ARS,3488.4881153766005,1.7965734283700001,1429.99999857,GEST
2026-01-19,WIN Securities,Fixed Income,USDMEP,3397.32,1.75,1429.99999857,GEST
2026-01-20,Allaria,Fixed Income,USDMEP,111402.06,0.0,1434.5000121933,RDOLAR
2026-01-20,Allaria,Fixed Income,USDC,108000.06,0.0,1434.5000121933,RDOLAR
2026-01-22,Aldazabal,Fixed Income,USDMEP,19979.88,0.0,1429.4999909227,RBALANCEADO
2026-01-26,WIN Securities,Fixed Income,USDMEP,102614.23,52.85,1437.4999460938,RDOLAR
2026-01-26,WIN Securities,Fixed Income,USDMEP,199979.17,102.99,1437.4999460938,RDOLAR
2026-01-26,Aldazabal,Fixed Income,USDMEP,1029999.85,0.0,1437.4999460938,CAP
2026-01-26,Puente Hnos,Fixed Income,USDMEP,608100.0,0.0,1437.4999460938,CAP
2026-01-26,Aldazabal,Fixed Income,USDC,999999.85,0.0,1437.4999460938,CAP
2026-01-27,WIN Securities,Fixed Income,USDMEP,99986.4,51.5,1442.5000025244,RDOLAR
2026-02-02,WIN Securities,Fixed Income,ARS,100.50103727730013,0.051757410490000065,1450.9999493601,RDOLAR
2026-02-05,WIN Securities,Fixed Income,USDMEP,43082.92,22.19,1441.9999501068,RDOLAR
2026-02-06,WIN Securities,Fixed Income,USDMEP,61872.28,31.87,1432.000045824,RDOLAR
2026-02-06,Allaria,Fixed Income,USDC,499999.92,0.0,1432.000045824,CAP
2026-02-06,Allaria,Fixed Income,USDMEP,515254.02,0.0,1432.000045824,CAP
2026-02-09,Allaria,Fixed Income,USDC,270000.03,0.0,1415.9999784768,CAP
2026-02-09,WIN Securities,Fixed Income,USDMEP,1999.98,1.03,1415.9999784768,CAP
2026-02-09,Allaria,Fixed Income,USDMEP,277830.03,0.0,1415.9999784768,CAP
2026-02-09,WIN Securities,Fixed Income,ARS,2031.1220647713606,1.0460240271990005,1415.9999784768,CAP
2026-02-09,WIN Securities,Fixed Income,ARS,4062.7392566688914,2.092309353837001,1415.9999784768,AHDOLARES
2026-02-09,WIN Securities,Fixed Income,USDMEP,3999.85,2.06,1415.9999784768,AHDOLARES
2026-02-10,WIN Securities,Fixed Income,ARS,1441.0171642320063,0.7421266489680033,1405.9999077664,RDOLAR
2026-02-11,WIN Securities,Fixed Income,ARS,2830.499943390001,1.4577071137030007,1400.000028,VAL
2026-02-13,Aldazabal,Fixed Income,ARS,71323.54337756873,0.0,1399.5000146248,VAL
2026-02-13,Aldazabal,Fixed Income,ARS,32302.036104029423,0.0,1399.5000146248,VAL
2026-02-19,Latin Securities,Fixed Income,ARS,996630.663168,0.0,1389.0000088896,PERF
2026-02-19,Allaria,Fixed Income,ARS,572365.0071360001,0.0,1389.0000088896,RMIXTA
2026-02-20,Grit Capital Group,Fixed Income,ARS,1003640.6442699003,0.0,1375.9999735808,PERF
2026-02-20,Comafi Bursátil,Fixed Income,ARS,800210.7711780003,0.0,1375.9999735808,PERF
2026-02-20,Aldazabal,Fixed Income,ARS,78887.55238673402,0.0,1375.9999735808,RMIXTA
2026-02-20,Puente Hnos,Fixed Income,ARS,202220.93411520007,0.0,1375.9999735808,PERF
2026-02-20,Aldazabal,Fixed Income,ARS,2143.7791109280006,0.0,1375.9999735808,PERF
2026-02-23,Allaria,Fixed Income,ARS,2186.0634572000404,0.0,1370.5000145958,RDOLAR
2026-02-25,Comafi Bursátil,Fixed Income,USDMEP,216403.83,0.0,1398.9999668437,CAP
2026-02-25,Comafi Bursátil,Fixed Income,USDC,210000.06,0.0,1398.9999668437,CAP
2026-03-09,WIN Securities,Fixed Income,ARS,2444.9152914000006,0.0,1415.9999784768,CAP
2026-03-18,Grit Capital Group,Fixed Income,USDC,250000.35,0.0,1394.0000287164,CAP
2026-03-18,Grit Capital Group,Fixed Income,USDC,258501.29,0.0,1394.0000287164,CAP
2026-03-20,Comafi Bursátil,Fixed Income,USDMEP,300576.0,0.0,1390.4999375666,CAP
2026-03-26,Criteria,Fixed Income,USDMEP,6999.89,7.0,1367.9999102592,GEST
2026-03-26,Criteria,Fixed Income,ARS,7163.467063490691,7.879810458436033,1367.9999102592,GEST
2026-03-26,WIN Securities,Fixed Income,USDMEP,150738.0,77.62,1367.9999102592,RDOLAR
2026-03-26,WIN Securities,Fixed Income,USDMEP,260839.91,134.33,1367.9999102592,RDOLAR
2026-03-27,Aldazabal,Fixed Income,USDC,119000.22,0.0,1382.5000107144,CAP
2026-03-27,Aldazabal,Fixed Income,USDMEP,123046.28,0.0,1382.5000107144,CAP
2026-03-30,Grit Capital Group,Fixed Income,USDMEP,5175.29,0.0,1397.9999653296,CAP
2026-03-30,Grit Capital Group,Fixed Income,USDC,5000.31,0.0,1397.9999653296,CAP
2026-03-31,WIN Securities,Fixed Income,USDMEP,314216.82,161.82,1392.0000089088,RDOLAR
2026-03-31,BBVA,Licitaciones,USDMEP,23466.31,0.0,1392.0000089088,AHDOLARES
2026-03-31,BBVA,Licitaciones,USDMEP,45999.53,0.0,1392.0000089088,AHDOLARES
2026-04-07,Aldazabal,Fixed Income,ARS,106261.49971924261,0.0,1392.4999119244,VAL
2026-04-07,Max Capital,Fixed Income,ARS,287261.83504542796,0.0,1392.4999119244,RBALANCEADO
2026-04-07,Grit Capital Group,Fixed Income,ARS,1182816.893197348,0.0,1392.4999119244,PERF
2026-04-08,WIN Securities,Fixed Income,USDMEP,200805.91,103.41,1387.5000398906,RDOLAR
2026-04-09,WIN Securities,Fixed Income,USDMEP,204702.58,105.42,1380.999926807,RDOLAR
2026-04-09,WIN Securities,Fixed Income,USDMEP,6273.0,3.23,1380.999926807,CAP
2026-04-10,Aldazabal,Fixed Income,ARS,3284.7152956200002,0.0,1370.0000137,CAP
2026-04-10,Aldazabal,Fixed Income,ARS,1460.0802773700002,0.0,1370.0000137,RDOLAR
2026-04-10,WIN Securities,Fixed Income,ARS,715.7226205800001,0.36859853646000007,1370.0000137,VAL
2026-04-10,Grit Capital Group,Fixed Income,USDMEP,602280.0,0.0,1370.0000137,CAP
2026-04-10,WIN Securities,Fixed Income,USDMEP,80060.37,41.23,1370.0000137,RDOLAR
2026-04-13,BBVA,Fixed Income,ARS,73854.96415067879,0.0,1354.0000682416,VAL
2026-04-14,Comafi Bursátil,Fixed Income,USDMEP,14964.3,0.0,1364.0000556512,VAL
2026-04-14,Aldazabal,Fixed Income,USDMEP,470400.0,0.0,1364.0000556512,PERF
2026-04-14,Comafi Bursátil,Fixed Income,USDMEP,139924.26,0.0,1364.0000556512,RMIXTA
2026-04-17,WIN Securities,Fixed Income,ARS,366.9836656046402,0.0,1364.4999680707,CAP
2026-04-20,BBVA,Fixed Income,ARS,32679.86545097821,0.0,1377.0000236844,VAL
2026-04-20,BBVA,Fixed Income,ARS,15933.529137708005,0.0,1377.0000236844,VAL
2026-04-20,WIN Securities,Fixed Income,USDMEP,10000.0,5.15,1377.0000236844,RVARIABLE
2026-04-20,WIN Securities,Fixed Income,ARS,10239.651240000003,5.273420388600002,1377.0000236844,RVARIABLE
2026-04-20,Aldazabal,Fixed Income,USDMEP,24499.84,0.0,1377.0000236844,CAP
2026-04-20,BBVA,Fixed Income,ARS,363141.9472761081,0.0,1377.0000236844,PERF
2026-04-21,Aldazabal,Fixed Income,USDC,74999.66,0.0,1375.4999254479,CAP
2026-04-21,Comafi Bursátil,Fixed Income,USDMEP,31925.0,0.0,1375.4999254479,CAP
2026-04-21,Aldazabal,Fixed Income,USDMEP,77738.0,0.0,1375.4999254479,CAP
2026-04-23,Max Capital,Fixed Income,USDMEP,1594669.64,0.0,1392.0000089088,CAP
2026-04-27,WIN Securities,Fixed Income,USDMEP,499.99,0.26,1417.0000041093,RDOLAR
2026-04-27,WIN Securities,Fixed Income,ARS,510.77275786949997,0.263048693662,1417.0000041093,RDOLAR
2026-04-30,Max Capital,Fixed Income,USDMEP,9999.78,0.0,1390.9999244687,RDOLAR
2026-04-30,Max Capital,Fixed Income,USDMEP,9950.66,0.0,1390.9999244687,RDOLAR
2026-04-30,Grit Capital Group,Fixed Income,ARS,215671.80933858527,0.0,1390.9999244687,RCAP
2026-05-06,WIN Securities,Fixed Income,USDMEP,32957.68,16.97,1387.9999905616,CAP
2026-05-06,WIN Securities,Fixed Income,ARS,33839.567953452,17.42737764012,1387.9999905616,CAP
2026-05-07,WIN Securities,Fixed Income,USDMEP,126946.34,65.37,1395.9999575616,RETORNO TOTAL
2026-05-07,WIN Securities,Fixed Income,ARS,3585.7651519872034,1.8466691105800015,1395.9999575616,RDOLAR
2026-05-07,WIN Securities,Fixed Income,ARS,130104.15868296011,67.00364100539207,1395.9999575616,RETORNO TOTAL
2026-05-11,Zofingen,Fixed Income,USDC,151041.6,0.0,1391.500077437,RDOLAR
2026-05-11,Zofingen,Fixed Income,USDC,349621.4,0.0,1391.500077437,RDOLAR
2026-05-12,WIN Securities,Fixed Income,ARS,329.76880776000144,0.16983382617000073,1383.9999092096,AHDOLARES
2026-05-12,WIN Securities,Fixed Income,ARS,1780.7515619040078,0.917088210450004,1383.9999092096,CAP
2026-05-12,WIN Securities,Fixed Income,USDMEP,1731.78,0.9,1383.9999092096,CAP
2026-05-12,WIN Securities,Fixed Income,USDMEP,320.65,0.16,1383.9999092096,AHDOLARES
2026-05-15,BBVA,Licitaciones,USDMEP,145884.61,0.0,1394.5000082973,AHDOLARES
2026-05-20,Aldazabal,Fixed Income,USDC,209998.72,0.0,1397.0000262636,CAP
2026-05-20,Invertir en Bolsa (IEB),Fixed Income,USDMEP,167299.0,0.0,1397.0000262636,CAP
2026-05-20,Aldazabal,Fixed Income,USDMEP,218503.78,0.0,1397.0000262636,CAP
2026-05-21,Invertir en Bolsa (IEB),Fixed Income,USDMEP,167253.6,0.0,1389.5000759362,CAP
2026-05-26,WIN Securities,Fixed Income,USDMEP,163659.01,84.28,1411.4999417051,RDOLAR
2026-05-28,Grit Capital Group,Fixed Income,ARS,283902.05930341297,0.0,1409.99991681,PERF
2026-05-29,Aldazabal,Fixed Income,ARS,709686.397990594,0.0,1407.9999459328,PERF
2026-05-29,Aldazabal,Fixed Income,USDMEP,1605027.11,0.0,1407.9999459328,CAP
2026-05-29,Aldazabal,Fixed Income,USDC,1549999.62,0.0,1407.9999459328,CAP
2026-06-01,Comafi Bursátil,Fixed Income,ARS,140520.2019461402,0.0,1425.9999432452,VAL
2026-06-02,Puente Hnos,Fixed Income,ARS,42032.2045531682,0.0,1427.0000976068,VAL
2026-06-02,Puente Hnos,Fixed Income,ARS,42037.43258364452,0.0,1427.0000976068,VAL
2026-06-04,Aldazabal,Fixed Income,ARS,10910.840262897242,0.0,1436.5000882011,VAL
2026-06-04,Aldazabal,Fixed Income,ARS,10901.942943568842,0.0,1436.5000882011,VAL
2026-06-05,Aldazabal,Fixed Income,ARS,6581.008662405971,0.0,1440.5000033132,VAL
2026-06-05,Aldazabal,Fixed Income,ARS,6564.876243144222,0.0,1440.5000033132,VAL
2026-06-05,Grit Capital Group,Fixed Income,USDMEP,2999947.5,0.0,1440.5000033132,CAP
2026-06-08,Puente Hnos,Fixed Income,ARS,453466.99108491564,0.0,1446.4999691172,RMIXTA
2026-06-08,Aldazabal,Fixed Income,ARS,2183060.9567362843,0.0,1446.4999691172,PERF
2026-06-10,WIN Securities,Fixed Income,ARS,1560.5236066350285,0.8036719261780146,1432.4999573831,AHDOLARES
2026-06-11,Puente Hnos,Fixed Income,ARS,13962.828687645706,0.0,1432.4999573831,VAL
2026-06-11,BAVSA,Fixed Income,USDMEP,1074753.26,0.0,1432.4999573831,RDOLAR
2026-06-16,Aldazabal,Fixed Income,ARS,1462.2582603739736,0.0,1436.5000882011,VAL
2026-06-16,Aldazabal,Fixed Income,ARS,1466.8992486027655,0.0,1436.5000882011,VAL
2026-06-18,Allaria,Fixed Income,USDC,33000.12,0.0,1450.9999493601,RDOLAR
2026-06-18,Allaria,Fixed Income,USDMEP,33957.12,0.0,1450.9999493601,RDOLAR
2026-06-25,Puente Hnos,Fixed Income,ARS,23149.448878929492,0.0,1476.9999354551,VAL
2026-06-25,Puente Hnos,Fixed Income,ARS,26243.774674273398,0.0,1476.9999354551,VAL
2026-06-26,Option Securities,Fixed Income,USDMEP,339102.97,0.0,1476.9999354551,RDOLAR
2026-06-30,BBVA,Licitaciones,USDMEP,967000.0,0.0,1482.0000717288,CAP
2026-07-02,Allaria,Fixed Income,ARS,80525.17344278003,0.0,1488.000023808,VAL
2026-07-02,Allaria,Fixed Income,ARS,141245.85661103405,0.0,1488.000023808,VAL
2026-07-06,Puente Hnos,Fixed Income,USDMEP,49999.78,0.0,1486.4999051613,INCOME DOLAR
2026-07-08,Zofingen,Fixed Income,ARS,2239.9853136226006,0.22399865233000008,1488.000023808,RDOLAR
2026-07-08,Allaria,Fixed Income,USDMEP,1459500.0,0.0,1488.000023808,CAP
2026-07-08,Zofingen,Fixed Income,USDMEP,2185.59,0.0,1488.000023808,RDOLAR
2026-07-08,Allaria,Fixed Income,ARS,100805.99838710403,0.0,1488.000023808,RCAP
2026-07-08,Allaria,Fixed Income,ARS,100806.30887097002,0.0,1488.000023808,RCAP
2026-07-14,Grit Capital Group,Fixed Income,USDMEP,1118790.72,0.0,1471.4999160509,CAP
2026-07-14,Banco Comafi,Fixed Income,ARS,680815.5332340137,0.0,1471.4999160509,GEST
2026-07-14,Allaria,Fixed Income,USDMEP,3510720.0,0.0,1471.4999160509,CAP
2026-07-14,Grit Capital Group,Fixed Income,USDMEP,1118791.5,0.0,1471.4999160509,CAP
2026-07-14,Invertir en Bolsa (IEB),Fixed Income,USDMEP,102322.5,0.0,1471.4999160509,RETORNO TOTAL
2026-07-14,Allaria,Fixed Income,USDMEP,97520.0,0.0,1471.4999160509,INCOME DOLAR
2026-07-14,Aldazabal,Fixed Income,USDMEP,96000.0,0.0,1471.4999160509,INCOME DOLAR
2026-07-15,Invertir en Bolsa (IEB),Fixed Income,USDMEP,83550.0,0.0,1474.499997051,INCOME DOLAR
2026-07-15,Allaria,Fixed Income,USDMEP,41800.0,0.0,1474.499997051,INCOME DOLAR
2026-07-15,Option Securities,Fixed Income,USDMEP,97480.0,0.0,1474.499997051,INCOME DOLAR
2026-07-15,Aldazabal,Fixed Income,USDMEP,97450.0,0.0,1474.499997051,INCOME DOLAR
2026-07-15,Aldazabal,Fixed Income,USDMEP,48700.0,0.0,1474.499997051,INCOME DOLAR
2026-07-15,Invertir en Bolsa (IEB),Fixed Income,USDMEP,177287.0,0.0,1474.499997051,CAP
2026-07-16,Invertir en Bolsa (IEB),Fixed Income,USDMEP,177241.6,0.0,1475.9999456832,CAP
2026-07-16,Allaria,Fixed Income,ARS,11359.281447831856,0.0,1475.9999456832,VAL
2026-07-16,Allaria,Fixed Income,ARS,6294.824418641409,0.0,1475.9999456832,VAL
2026-07-16,Invertir en Bolsa (IEB),Fixed Income,USDMEP,23948.75,0.0,1475.9999456832,VAL
2026-07-17,Puente Hnos,Fixed Income,ARS,24989.94062158501,0.0,1477.99997044,VAL
2026-07-17,Puente Hnos,Fixed Income,ARS,33877.76353276501,0.0,1477.99997044,VAL
2026-07-17,Puente Hnos,Fixed Income,USDMEP,48545.0,0.0,1477.99997044,INCOME DOLAR
2026-07-17,ONE618,Fixed Income,ARS,636705.0195000003,0.0,1477.99997044,GEST
2026-07-17,BBVA,Licitaciones,USDMEP,513253.21,0.0,1477.99997044,CAP
2026-07-17,Allaria,Fixed Income,USDMEP,971500.0,0.0,1477.99997044,CAP
2026-07-20,Latin Securities,Fixed Income,USDMEP,488800.23,0.0,1481.0001015966,CAP
2026-07-20,Latin Securities,Fixed Income,USDC,470000.22,0.0,1481.0001015966,CAP
2026-07-20,Puente Hnos,Fixed Income,ARS,8687.03519070004,0.0,1481.0001015966,VAL
2026-07-21,Allaria,Fixed Income,ARS,101446.7078624971,0.0,1477.4998928813,VAL
2026-07-21,Banco Comafi,Fixed Income,ARS,46348.565119998675,0.0,1477.4998928813,GEST
2026-07-23,ONE618,Fixed Income,USDMEP,520999.89,0.0,1488.9999385043,CAP
2026-07-23,ONE618,Fixed Income,USDC,499999.9,0.0,1488.9999385043,CAP
2026-07-24,Aldazabal,Fixed Income,ARS,31062.391415074657,0.0,1496.9999372757,VAL
2026-07-24,Puente Hnos,Fixed Income,ARS,160309.79295612528,0.0,1496.9999372757,RCAP
2026-07-24,Aldazabal,Fixed Income,ARS,31062.427353619914,0.0,1496.9999372757,PERF
2026-07-28,Banco Comafi,Fixed Income,ARS,243101.51996787096,0.0,1498.0000949732,GEST
2026-07-29,Puente Hnos,Fixed Income,ARS,430313.5210962546,0.0,1495.9999952128,RBALANCEADO
2026-07-29,Balanz Capital,Fixed Income,USDMEP,174790.0,0.0,1495.9999952128,CAP
2026-07-29,Aldazabal,Fixed Income,USDMEP,103300.0,0.0,1495.9999952128,AHDOLARES
2026-07-30,Balanz Capital,Fixed Income,USDMEP,174744.6,0.0,1488.000023808,CAP
2026-07-31,Puente Hnos,Fixed Income,ARS,168464.97635133626,0.0,1484.9999413425,INC
2026-07-31,Puente Hnos,Fixed Income,ARS,154882.06739730295,0.0,1484.9999413425,RCAP
2026-07-31,Puente Hnos,Fixed Income,ARS,154882.00611783925,0.0,1484.9999413425,RCAP
2025-05-13,WIN Securities,Fixed Income,ARS,443811.63794,226.3439353494,1125.5000033765,GEST
2025-05-26,Criteria,Fixed Income,ARS,0.18389942603999998,0.000185266872,1133.5000031738,GEST
2025-05-29,Criteria,Fixed Income,ARS,0.7837869473700015,0.0,1183.0000526435,GEST
2025-08-19,BTG Pactual,Fixed Income,ARS,40202.08945728,0.0,1292.49998449,VAL
2025-08-19,Allaria,Fixed Income,ARS,12465.764172800002,0.0,1292.49998449,VAL
2025-08-19,Allaria,Fixed Income,ARS,818471.9634,0.0,1292.49998449,LIQUIDEZ PLUS
2025-08-19,Allaria,Fixed Income,ARS,12467.002083840001,0.0,1292.49998449,PERF
2025-08-19,Aldazabal,Fixed Income,ARS,779497.108,0.0,1292.49998449,PERF
2025-08-21,Aldazabal,Fixed Income,ARS,172368.82726991846,0.0,1314.9999546325,PyMES
2025-08-21,Allaria,Fixed Income,ARS,121954.37683100015,0.0,1314.9999546325,PERF
2025-08-21,Max Capital,Fixed Income,ARS,121954.37683100015,0.0,1314.9999546325,PERF
2025-08-21,BTG Pactual,Fixed Income,ARS,242657.8030485003,0.0,1314.9999546325,GESTII
2025-09-08,Allaria,Fixed Income,ARS,36728.17560000001,0.0,1409.0000157808,GESTII
2025-09-09,Pharos Capital BYMA,Fixed Income,ARS,73420.40159999742,0.0,1416.5000154399,LIQUIDEZ PLUS
2025-09-11,Grit Capital Group,Fixed Income,ARS,26053.630451200028,0.0,1432.000045824,VAL
2025-09-11,Grit Capital Group,Fixed Income,ARS,193984.8052450002,0.0,1432.000045824,GESTII
2025-09-11,Grit Capital Group,Fixed Income,ARS,695417.2263500007,0.0,1432.000045824,LIQUIDEZ PLUS
2025-09-11,Grit Capital Group,Fixed Income,ARS,163593.01651083352,0.0,1432.000045824,PyMES
2025-09-11,Grit Capital Group,Fixed Income,ARS,743553.0488320008,0.0,1432.000045824,PERF
2025-11-10,Alchemy Valores,Fixed Income,ARS,211193.2500563222,0.0,1420.4999449556,INC
2025-11-10,Alchemy Valores,Fixed Income,ARS,70397.75001408088,0.0,1420.4999449556,BALANCEADO
2025-12-01,Alchemy Valores,Fixed Income,ARS,70272.13502066718,0.0,1451.4999437544,BALANCEADO
2025-12-02,Comafi Bursátil,Fixed Income,ARS,209695.10150266896,0.0,1455.00004947,INC
2026-04-16,BBVA,Fixed Income,ARS,194035.3392569958,0.0,1358.000046172,RBALANCEADO
2026-04-16,Aldazabal,Fixed Income,ARS,368188.50008836563,0.0,1358.000046172,PERF
2026-04-17,BBVA,Fixed Income,ARS,219796.5606580801,0.0,1364.4999680707,RBALANCEADO
2026-04-17,Aldazabal,Fixed Income,ARS,24161.378359440012,0.0,1364.4999680707,LOW
2026-04-17,Aldazabal,Fixed Income,ARS,476661.9752433002,0.0,1364.4999680707,RMIXTA
2026-04-17,BBVA,Licitaciones,ARS,254037.83361762564,0.0,1364.4999680707,GEST
2026-04-17,BBVA,Licitaciones,ARS,291259.88477810496,0.0,1364.4999680707,GEST
2026-04-20,Banco de la Provincia de Cordoba,Fixed Income,ARS,473028.3143040001,0.0,1377.0000236844,RMIXTA
2026-04-20,BBVA,Fixed Income,ARS,84518.7352783039,0.0,1377.0000236844,PyMES
2026-04-21,BBVA,Fixed Income,ARS,212061.08045772364,0.0,1375.4999254479,RETORNO TOTAL
2026-04-24,Aldazabal,Fixed Income,ARS,338953.30994846416,0.0,1399.5000146248,LIQUIDEZ PLUS
2026-04-24,Aldazabal,Fixed Income,ARS,500113.4926873456,0.0,1399.5000146248,PERF
2026-04-30,BBVA,Fixed Income,ARS,87079.16458461717,0.0,1390.9999244687,GESTII
2026-06-18,Aldazabal,Fixed Income,ARS,82708.74181830628,0.0,1450.9999493601,EST
2026-06-18,Aldazabal,Fixed Income,ARS,82701.58770365274,0.0,1450.9999493601,RBALANCEADO
2026-07-06,Aldazabal,Fixed Income,ARS,23292.433373040098,0.0,1486.4999051613,LOW
2026-07-24,Aldazabal,Fixed Income,ARS,28056.1130659987,0.0,1496.9999372757,RMIXTA
2026-07-24,Aldazabal,Fixed Income,ARS,28058.325698021938,0.0,1496.9999372757,PERF
2025-01-02,Allaria,Fixed Income,ARS,686833.5477172143,0.0,1031.5000517297,BALANCEADO
2025-01-03,Banco Supervielle,Fixed Income,ARS,96392.45399630234,0.0,1032.5000025813,LIQUIDEZ PLUS
2025-01-06,Banco Santander,Fixed Income,ARS,48299.61478236003,0.0,1034.99997309,GESTII
2025-01-06,Latin Securities,Fixed Income,ARS,48308.37082123504,0.0,1034.99997309,GESTII
2025-01-06,Invertir en Bolsa (IEB),Fixed Income,ARS,26082.889644338706,0.0,1034.99997309,RCAP
2025-01-07,Allaria,Fixed Income,ARS,192586.27786269112,0.0,1035.5000481508,RFIJA
2025-01-07,Allaria,Fixed Income,ARS,192982.0808380091,0.0,1035.5000481508,RFIJA
2025-01-07,Banco Santander,Fixed Income,ARS,193111.5042989151,0.0,1035.5000481508,RFIJA
2025-01-08,Banco Supervielle,Fixed Income,ARS,193144.84857549108,0.0,1035.5000481508,GESTII
2025-01-08,Banco Santander,Fixed Income,ARS,191852.42951439114,0.0,1035.5000481508,GESTII
2025-01-09,Alchemy Valores,Fixed Income,ARS,289750.83340632066,0.0,1036.9999508462,LIQUIDEZ PLUS
2025-01-10,DA Valores MAE,Fixed Income,ARS,48233.946355720116,0.0,1036.9999508462,EST
2025-01-10,Allaria,Fixed Income,ARS,241117.72714739878,0.0,1036.9999508462,PERF
2025-01-10,Banco Galicia,Fixed Income,ARS,192814.44501211445,0.0,1036.9999508462,PERF
2025-01-10,DA Valores MAE,Fixed Income,ARS,128084.6155215483,0.0,1036.9999508462,PERF
2025-01-13,INVIU,Fixed Income,ARS,433602.7107299798,0.0,1039.4999589398,RCAP
2025-01-13,Banco Galicia,Fixed Income,ARS,24038.20008370688,0.0,1039.4999589398,PERF
2025-01-13,Allaria,Fixed Income,ARS,192326.67426356103,0.0,1039.4999589398,GESTII
2025-01-13,Banco Galicia,Fixed Income,ARS,144182.54537774328,0.0,1039.4999589398,GESTII
2025-01-13,Allaria,Fixed Income,ARS,192045.87194366704,0.0,1039.4999589398,GESTII
2025-01-13,Alchemy Valores,Fixed Income,ARS,144248.20194599326,0.0,1039.4999589398,GESTII
2025-01-13,Banco Galicia,Fixed Income,ARS,384794.24319358205,0.0,1039.4999589398,GESTII
2025-01-13,Banco Santander,Fixed Income,ARS,96156.38042154902,0.0,1039.4999589398,GESTII
2025-01-13,WIN Securities,Fixed Income,ARS,142669.71961332104,72.76156131563661,1039.4999589398,GEST
2025-01-14,WIN Securities,Fixed Income,ARS,230380.78413830829,117.4941970074602,1039.9999584,GEST
2025-01-14,Banco Mariva,Fixed Income,ARS,21989.827802670035,0.0,1039.9999584,VAL
2025-01-15,Banco Santander,Fixed Income,ARS,28792.565037288005,0.0,1040.9999929212,PERF
2025-01-16,Alchemy Valores,Fixed Income,ARS,144243.01118976012,0.0,1041.5000266624,GESTII
2025-01-16,Banco Galicia,Fixed Income,ARS,144795.0034944001,0.0,1041.5000266624,GESTII
2025-01-16,Banco Santander,Fixed Income,ARS,144022.4226212353,0.0,1041.5000266624,GESTII
2025-01-16,Banco Galicia,Fixed Income,ARS,96015.36000000007,0.0,1041.5000266624,GESTII
2025-01-20,Banco Galicia,Fixed Income,ARS,96171.64660185607,0.0,1041.5000266624,RFIJA
2025-01-20,DA Valores MAE,Fixed Income,ARS,1940601.588342683,0.0,1041.5000266624,PERF
2025-01-20,DA Valores MAE,Fixed Income,ARS,501654.01308180514,0.0,1041.5000266624,GESTII
2025-01-20,DA Valores MAE,Fixed Income,ARS,162886.0255948801,0.0,1041.5000266624,LIQUIDEZ PLUS
2025-01-20,Allaria,Fixed Income,ARS,983913.442886708,0.0,1041.5000266624,PERF
2025-01-20,DA Valores MAE,Fixed Income,ARS,28747.73330150402,0.0,1041.5000266624,VAL
2025-01-20,DA Valores MAE,Fixed Income,ARS,57495.46660300804,0.0,1041.5000266624,RBALANCEADO
2025-01-20,DA Valores MAE,Fixed Income,ARS,191651.23177159694,0.0,1041.5000266624,RMIXTA
2025-01-21,Allaria,Fixed Income,ARS,95157.58937400015,0.0,1047.0000412518,RMIXTA
2025-01-21,Banco Galicia,Fixed Income,ARS,129465.1333900002,0.0,1047.0000412518,RMIXTA
2025-01-21,Banco Galicia,Fixed Income,ARS,11209.972815251618,0.0,1047.0000412518,VAL
2025-01-21,Banco Galicia,Fixed Income,ARS,76370.49460322793,0.0,1047.0000412518,EST
2025-01-21,Allaria,Fixed Income,ARS,309174.9562998821,0.0,1047.0000412518,GESTII
2025-01-21,Banco Galicia,Fixed Income,ARS,7684.836373435212,0.0,1047.0000412518,VAL
2025-01-21,Allaria,Fixed Income,ARS,90824.10625916155,0.0,1047.0000412518,GESTII
2025-01-21,Banco Santander,Fixed Income,ARS,165340.0502191264,0.0,1047.0000412518,RFIJA
2025-01-21,Banco Galicia,Fixed Income,ARS,165088.69932167526,0.0,1047.0000412518,RFIJA
2025-01-23,WIN Securities,Fixed Income,ARS,381.9098225840806,0.1947755415140003,1047.0000412518,BALANCEADO
2025-01-23,Allaria,Fixed Income,ARS,196505.89512299726,0.0,1047.0000412518,EST
2025-01-23,Allaria,Fixed Income,ARS,120937.44509179819,0.0,1047.0000412518,EST
2025-01-23,Allaria,Fixed Income,ARS,75553.57763445935,0.0,1047.0000412518,EST
2025-01-23,Allaria,Fixed Income,ARS,196504.43182792596,0.0,1047.0000412518,LIQUIDEZ PLUS
2025-01-23,Allaria,Fixed Income,ARS,75568.56693663858,0.0,1047.0000412518,PERF
2025-01-23,Allaria,Fixed Income,ARS,120959.43171939418,0.0,1047.0000412518,PERF
2025-01-29,Allaria,Fixed Income,ARS,1999568.4941643267,0.0,1051.5000542048,PERF
2025-01-29,TPCG,Fixed Income,ARS,1704955.689570345,0.0,1051.5000542048,PERF
2025-01-29,Banco Mariva,Fixed Income,ARS,1789809.9762089471,0.0,1051.5000542048,PERF
2025-01-29,Banco Mariva,Fixed Income,ARS,430487.4659681531,0.0,1051.5000542048,RFIJA
2025-01-29,Banco Mariva,Fixed Income,ARS,251486.54832926477,0.0,1051.5000542048,RFIJA
2025-01-29,Macro Securities / Banco Macro,Fixed Income,ARS,198389.75106640343,0.0,1051.5000542048,RMIXTA
2025-01-29,Macro Securities / Banco Macro,Fixed Income,ARS,173934.8269823086,0.0,1051.5000542048,RMIXTA
2025-01-30,Allaria,Fixed Income,ARS,77617.49639136501,0.0,1050.9999844452,VAL
2025-01-30,Allaria,Fixed Income,ARS,47209.65626483041,0.0,1050.9999844452,VAL
2025-01-30,Allaria,Fixed Income,ARS,772099.0556706436,0.0,1050.9999844452,GESTII
2025-01-30,Allaria,Fixed Income,ARS,929939.0575309382,0.0,1050.9999844452,GESTII
2025-01-30,Allaria,Fixed Income,ARS,683713.3726308513,0.0,1050.9999844452,GESTII
2025-01-30,Allaria,Fixed Income,ARS,709899.8202115602,0.0,1050.9999844452,GESTII
2025-01-30,Allaria,Fixed Income,ARS,161573.36109728005,0.0,1050.9999844452,LIQUIDEZ PLUS
2025-01-30,Allaria,Fixed Income,ARS,941504.1899570974,0.0,1050.9999844452,LIQUIDEZ PLUS
2025-01-30,Allaria,Fixed Income,ARS,31646.717880360007,0.0,1050.9999844452,LIQUIDEZ PLUS
2025-01-30,Allaria,Fixed Income,ARS,196282.80547396746,0.0,1050.9999844452,EST
2025-01-31,Banco Santander,Fixed Income,ARS,451457.9890906419,0.0,1051.5000542048,GESTII
2025-01-31,Banco Supervielle,Fixed Income,ARS,834126.442973222,0.0,1051.5000542048,LIQUIDEZ PLUS
2025-01-31,Banco Santander,Fixed Income,ARS,487256.9577635131,0.0,1051.5000542048,GESTII
2025-01-31,Banco Santander,Fixed Income,ARS,2312049.809487211,0.0,1051.5000542048,PERF
2025-01-31,TPCG,Fixed Income,ARS,3890280.705304909,0.0,1051.5000542048,PERF
2025-02-03,Allaria,Fixed Income,ARS,45646.020959797286,0.0,1053.7499959167,VAL
2025-02-05,Banco Supervielle,Fixed Income,ARS,284647.3629221386,0.0,1054.0000037944,LIQUIDEZ PLUS
2025-02-05,Banco Santander,Fixed Income,ARS,955993.4600309093,0.0,1054.0000037944,PERF
2025-02-07,WIN Securities,Fixed Income,ARS,94.98528753229775,0.04843853840699885,1053.499995628,RCAP
2025-02-14,BBVA,Fixed Income,ARS,77259.09115632,0.0,1055.9999966208,MULTI
2025-02-14,BBVA,Fixed Income,ARS,704291.1480870651,0.0,1055.9999966208,LIQUIDEZ PLUS
2025-02-14,BBVA,Fixed Income,ARS,620230.21031807,0.0,1055.9999966208,INC
2025-02-14,Alchemy Valores,Fixed Income,ARS,189767.51481180152,0.0,1055.9999966208,RMIXTA
2025-02-14,Banco Santander,Fixed Income,ARS,200885.41730950002,0.0,1055.9999966208,RMIXTA
2025-02-14,BBVA,Fixed Income,ARS,164975.75810368,0.0,1055.9999966208,RBALANCEADO
2025-02-17,WIN Securities,Fixed Income,ARS,472.543637875776,0.24099431895300003,1055.9999966208,BALANCEADO
2025-02-17,WIN Securities,Fixed Income,ARS,472.91524772545,0.241183712893,1055.9999966208,BALANCEADO
2025-02-17,WIN Securities,Fixed Income,ARS,19.2187500615,0.009801136395,1055.9999966208,RCAP
2025-02-17,DA Valores MAE,Fixed Income,ARS,713260.494706676,0.0,1055.9999966208,LIQUIDEZ PLUS
2025-02-18,WIN Securities,Fixed Income,ARS,309.1745820592092,0.1576754082180047,1058.2499952643,BALANCEADO
2025-02-19,Allaria,Fixed Income,ARS,163375.23395321015,0.0,1058.5000144485,RFIJA
2025-02-19,Banco Galicia,Fixed Income,ARS,153161.88454137035,0.0,1058.5000144485,RFIJA
2025-02-19,WIN Securities,Fixed Income,ARS,302.18979275749723,0.15411431060300365,1058.5000144485,BALANCEADO
2025-02-19,WIN Securities,Fixed Income,ARS,302.2359902060872,0.1513084532960036,1058.5000144485,BALANCEADO
2025-02-19,Alchemy Valores,Fixed Income,ARS,749073.2065914178,0.0,1058.5000144485,RFIJA
2025-02-20,Latin Securities,Fixed Income,ARS,188709.90933424473,0.0,1058.7500397031,GESTII
2025-02-20,Banco Galicia,Fixed Income,ARS,188832.87131310476,0.0,1058.7500397031,GESTII
2025-02-20,Banco Supervielle,Fixed Income,ARS,188284.95161700473,0.0,1058.7500397031,GESTII
2025-02-20,Banco Galicia,Fixed Income,ARS,186550.4062275047,0.0,1058.7500397031,GESTII
2025-02-21,WIN Securities,Fixed Income,ARS,188.89890200720475,0.09634002000000241,1058.7500397031,BALANCEADO
2025-02-21,WIN Securities,Fixed Income,ARS,47.21805726120119,0.024085005000000603,1058.7500397031,BALANCEADO
2025-02-25,Allaria,Fixed Income,ARS,94227.48135114292,0.0,1060.5000427382,RCAP
2025-02-27,Alchemy Valores,Fixed Income,ARS,42477.984471300755,0.0,1061.749999708,PyMES
2025-02-28,BBVA,Fixed Income,ARS,1007864.5639680008,0.0,1062.9999687478,LIQUIDEZ PLUS
2025-02-28,Banco Santander,Fixed Income,ARS,385653.8213100003,0.0,1062.9999687478,PERF
2025-02-28,BBVA,Fixed Income,ARS,660199.4549696005,0.0,1062.9999687478,LIQUIDEZ PLUS
2025-02-28,BBVA,Fixed Income,ARS,293494.83459300024,0.0,1062.9999687478,VAL
2025-02-28,BBVA,Fixed Income,ARS,260524.86184569623,0.0,1062.9999687478,VAL
2025-02-28,Banco Galicia,Fixed Income,ARS,1984995.3546900016,0.0,1062.9999687478,GESTII
2025-02-28,Banco Santander,Fixed Income,ARS,1148698.763781151,0.0,1062.9999687478,GESTII
2025-03-05,Banco Santander,Fixed Income,ARS,235182.23090145554,0.0,1063.4999890991,PERF
2025-03-06,Banco Supervielle,Fixed Income,ARS,65886.22540500155,0.0,1063.4999890991,PERF
2025-03-11,Banco Supervielle,Fixed Income,ARS,2808.540551249935,0.0,1065.5000151834,RFIJA
2025-03-13,WIN Securities,Fixed Income,ARS,93.28245240201986,0.04756858380799789,1066.2499477538,VAL
2025-03-13,BBVA,Fixed Income,ARS,600725.1877004533,0.0,1066.2499477538,LIQUIDEZ PLUS
2025-03-13,BBVA,Fixed Income,ARS,555262.9580402153,0.0,1066.2499477538,INC
2025-03-13,INVIU,Fixed Income,ARS,103165.15283468906,0.0,1066.2499477538,RCAP
2025-03-13,INVIU,Fixed Income,ARS,103165.09446188434,0.0,1066.2499477538,RCAP
2025-03-14,Banco Santander,Fixed Income,ARS,42920.51792959809,0.0,1066.2499477538,PyMES
2025-03-14,WIN Securities,Fixed Income,ARS,0.4689331999999792,2.813599199999875e-05,1066.2499477538,RFIJA
2025-03-18,Banco Supervielle,Fixed Income,ARS,238503.74837120002,0.0,1067.9999863296,RFIJA
2025-03-18,Banco Santander,Fixed Income,ARS,663554.3717893761,0.0,1067.9999863296,GESTII
2025-03-18,Allaria,Fixed Income,ARS,138941.94934400002,0.0,1067.9999863296,GESTII
2025-03-19,Banco Galicia,Fixed Income,ARS,89835.9518325384,0.0,1068.9999943343,EST
2025-03-19,Allaria,Fixed Income,ARS,93509.70348905325,0.0,1068.9999943343,LIQUIDEZ PLUS
2025-03-21,Banco Galicia,Fixed Income,ARS,406355.39014193224,0.0,1068.7500166992,INC
2025-03-21,Banco Supervielle,Fixed Income,ARS,408943.8672944698,0.0,1068.7500166992,INC
2025-03-21,Banco Santander,Fixed Income,ARS,608562.4831228008,0.0,1068.7500166992,INC
2025-03-21,WIN Securities,Fixed Income,ARS,1496.9871953230518,0.7634619763750137,1068.7500166992,VAL
2025-03-25,Banco Galicia,Fixed Income,ARS,895312.6363279803,0.0,1071.0000184212,LIQUIDEZ PLUS
2025-03-25,Banco Galicia,Fixed Income,ARS,895313.1302588775,0.0,1071.0000184212,LIQUIDEZ PLUS
2025-03-28,WIN Securities,Fixed Income,ARS,373424.36332500016,192.31354477810808,1071.0000184212,GEST
2025-03-28,WIN Securities,Fixed Income,ARS,411.1680601548002,0.2096918731440001,1071.0000184212,BALANCEADO
2025-03-28,Allaria,Fixed Income,ARS,473570.8602019202,0.0,1071.0000184212,LIQUIDEZ PLUS
2025-03-28,Allaria,Fixed Income,ARS,140098.97051280006,0.0,1071.0000184212,PyMES
2025-03-28,INVIU,Fixed Income,ARS,41238.66875848202,0.0,1071.0000184212,RCAP
2025-03-31,Allaria,Fixed Income,ARS,40413.36444343877,0.0,1073.24995326,VAL
2025-03-31,Allaria,Fixed Income,ARS,40413.40916740996,0.0,1073.24995326,VAL
2025-03-31,Allaria,Fixed Income,ARS,40413.423609525664,0.0,1073.24995326,VAL
2025-03-31,Banco Santander,Fixed Income,ARS,1477210.8078684679,0.0,1073.24995326,PERF
2025-03-31,Allaria,Fixed Income,ARS,612768.9528449298,0.0,1073.24995326,GESTII
2025-03-31,Allaria,Fixed Income,ARS,612767.7434342086,0.0,1073.24995326,GESTII
2025-03-31,Allaria,Fixed Income,ARS,612768.1776294289,0.0,1073.24995326,GESTII
2025-03-31,Banco Santander,Fixed Income,ARS,251886.00537913057,0.0,1073.24995326,LIQUIDEZ PLUS
2025-03-31,Banco Santander,Fixed Income,ARS,251885.11788782707,0.0,1073.24995326,LIQUIDEZ PLUS
2025-03-31,Alchemy Valores,Fixed Income,ARS,233025.3420839548,0.0,1073.24995326,GESTII
2025-04-01,Allaria,Fixed Income,ARS,27865.509521183383,0.0,1072.5000372694,VAL
2025-04-01,Banco Comafi,Fixed Income,ARS,299580.40916999336,0.0,1072.5000372694,GEST
2025-04-01,Criteria,Fixed Income,ARS,74615.38202249835,82.07692022474818,1072.5000372694,GEST
2025-04-01,Allaria,Fixed Income,ARS,279719.9063636428,0.0,1072.5000372694,RCAP
2025-04-03,Cocos Capital,Fixed Income,ARS,18622.16036299157,0.0,1074.2500123539,VAL
2025-04-03,Latin Securities,Fixed Income,ARS,465276.82034164923,0.0,1074.2500123539,GESTII
2025-04-03,Cocos Capital,Fixed Income,ARS,3943.7311159223086,0.0,1074.2500123539,VAL
2025-04-03,Latin Securities,Fixed Income,ARS,279166.0922049895,0.0,1074.2500123539,LIQUIDEZ PLUS
2025-04-03,Cocos Capital,Fixed Income,ARS,3944.5851070691083,0.0,1074.2500123539,LIQUIDEZ PLUS
2025-04-03,Cocos Capital,Fixed Income,ARS,18626.43869666357,0.0,1074.2500123539,GESTII
2025-04-04,INVIU,Fixed Income,ARS,190590.5840003804,0.0,1073.4999662921,RCAP
2025-04-04,INVIU,Fixed Income,ARS,190591.02601250418,0.0,1073.4999662921,RCAP
2025-04-07,Banco Hipotecario BYMA,Fixed Income,ARS,930765.6974038285,0.0,1075.49999188,GEST
2025-04-07,Banco Hipotecario BYMA,Fixed Income,ARS,1859598.340399757,0.0,1075.49999188,GEST
2025-04-07,Banco Comafi,Fixed Income,ARS,675137.1506109844,0.0,1075.49999188,GEST
2025-04-08,Criteria,Fixed Income,ARS,183876.0362224906,0.0,1075.750012909,GEST
2025-04-08,Criteria,Fixed Income,ARS,188790.31780888292,0.0,1075.750012909,GEST
2025-04-08,Allaria,Fixed Income,ARS,64980.71035200002,0.0,1075.750012909,RMIXTA
2025-04-08,Invertir en Bolsa (IEB),Fixed Income,ARS,69692.35333520002,0.0,1075.750012909,MULTI
2025-04-08,INVIU,Fixed Income,ARS,230536.50906251845,0.0,1075.750012909,RCAP
2025-04-08,INVIU,Fixed Income,ARS,232395.96281664007,0.0,1075.750012909,RCAP
2025-04-08,INVIU,Fixed Income,ARS,232395.76760400005,0.0,1075.750012909,RCAP
2025-04-08,WIN Securities,Fixed Income,ARS,929.2121664000002,0.47390192320000013,1075.750012909,VAL
2025-04-09,Criteria,Fixed Income,ARS,378159.32567140047,415.9752582385405,1076.4999627531,GEST
2025-04-10,Banco Supervielle,Fixed Income,ARS,130790.11091977579,0.0,1076.7499852216,PERF
2025-04-11,Banco Santander,Fixed Income,ARS,371295.34591743996,0.0,1073.9999959188,PERF
2025-04-11,Cocos Capital,Fixed Income,ARS,23288.53416670872,0.0,1073.9999959188,GESTII
2025-04-11,Banco Comafi,Fixed Income,ARS,437219.27540444996,0.0,1073.9999959188,GEST
2025-04-11,Banco Comafi,Fixed Income,ARS,1159497.2111099998,0.0,1073.9999959188,GEST
2025-04-11,Banco Galicia,Fixed Income,ARS,111478.35237892499,0.0,1073.9999959188,GESTII
2025-04-14,Criteria,Fixed Income,ARS,27083.14697163601,0.0,1194.9999766975,GEST
2025-04-16,Allaria,Fixed Income,ARS,1793103.8890804653,0.0,1124.9999859375,GEST
2025-04-16,DA Valores MAE,Fixed Income,ARS,17662.9735541205,0.0,1124.9999859375,VAL
2025-04-21,Banco Santander,Fixed Income,ARS,684889.817537453,0.0,1093.9999789952,GESTII
2025-04-21,Cocos Capital,Fixed Income,ARS,498917.23078579217,0.0,1093.9999789952,GESTII
2025-04-21,Banco Santander,Fixed Income,ARS,684889.3595849762,0.0,1093.9999789952,GESTII
2025-04-21,Alchemy Valores,Fixed Income,ARS,411491.46585310414,0.0,1093.9999789952,LIQUIDEZ PLUS
2025-04-22,Banco Santander,Fixed Income,ARS,18051.612289958,0.0,1104.0000017664,VAL
2025-04-22,Banco Supervielle,Fixed Income,ARS,138260.14470632002,0.0,1104.0000017664,RBALANCEADO
2025-04-22,Banco Supervielle,Fixed Income,ARS,138269.19271355192,0.0,1104.0000017664,RBALANCEADO
2025-04-23,BBVA,Fixed Income,ARS,86214.64241410294,0.0,1159.9999536,RBALANCEADO
2025-04-23,BBVA,Fixed Income,ARS,86213.80948303513,0.0,1159.9999536,RBALANCEADO
2025-04-23,INVIU,Fixed Income,ARS,862068.9913793113,0.0,1159.9999536,RCAP
2025-04-23,Banco Santander,Fixed Income,ARS,602937.675841645,0.0,1159.9999536,GESTII
2025-04-23,Banco Supervielle,Fixed Income,ARS,86183.05103352894,0.0,1159.9999536,EST
2025-04-23,Banco Supervielle,Fixed Income,ARS,86181.21034380014,0.0,1159.9999536,EST
2025-04-25,Allaria,Fixed Income,ARS,181627.93761425366,0.0,1169.4999557344,LIQUIDEZ PLUS
2025-04-25,Allaria,Fixed Income,ARS,171008.98466850392,0.0,1169.4999557344,LIQUIDEZ PLUS
2025-04-25,Banco Supervielle,Fixed Income,ARS,85522.70524644195,0.0,1169.4999557344,LIQUIDEZ PLUS
2025-04-25,Allaria,Fixed Income,ARS,85504.85146209795,0.0,1169.4999557344,LIQUIDEZ PLUS
2025-04-25,Banco Galicia,Fixed Income,ARS,85510.81982487196,0.0,1169.4999557344,LIQUIDEZ PLUS
2025-04-29,INVIU,Fixed Income,ARS,55794.1271223178,0.0,1164.9999982525,RCAP
2025-04-29,WIN Securities,Fixed Income,ARS,325.14184598127497,0.165828326429,1164.9999982525,BALANCEADO
2025-04-29,Invertir en Bolsa (IEB),Fixed Income,ARS,300429.1008798282,0.0,1164.9999982525,LIQUIDEZ PLUS
2025-04-29,Banco Galicia,Fixed Income,ARS,257509.56605150038,0.0,1164.9999982525,LIQUIDEZ PLUS
2025-04-30,Cocos Capital,Fixed Income,USDMEP,110144.0,0.0,1169.99993799,PERF
2025-04-30,Cocos Capital,Fixed Income,ARS,110520.56612254727,0.0,1169.99993799,PERF
2025-05-05,WIN Securities,Fixed Income,ARS,58.33292266668308,0.029749998810000046,1200.000048,BALANCEADO
2025-05-05,WIN Securities,Fixed Income,ARS,58.292689334959086,0.029733332144000046,1200.000048,BALANCEADO
2025-05-05,WIN Securities,Fixed Income,ARS,58.33449766662008,0.029749998810000046,1200.000048,BALANCEADO
2025-05-05,WIN Securities,Fixed Income,ARS,58.33366433332009,0.029749998810000046,1200.000048,BALANCEADO
2025-05-06,WIN Securities,Fixed Income,ARS,66.99243414447314,0.03416247751100007,1194.0000542076,BALANCEADO
2025-05-06,WIN Securities,Fixed Income,ARS,33.51895995227607,0.017093801569000037,1194.0000542076,BALANCEADO
2025-05-06,WIN Securities,Fixed Income,ARS,192.6167500491694,0.09823282636100021,1194.0000542076,BALANCEADO
2025-05-06,WIN Securities,Fixed Income,ARS,1088.7763157286843,0.5552763567000012,1194.0000542076,RBALANCEADO
2025-05-07,Banco Santander,Fixed Income,ARS,153121.7255691533,0.0,1124.0000193328,LIQUIDEZ PLUS
2025-05-07,Alchemy Valores,Fixed Income,ARS,244818.50646527825,0.0,1124.0000193328,GESTII
2025-05-08,Banco Santander,Fixed Income,ARS,268648.5732444503,0.0,1113.9999605644,GESTII
2025-05-08,Latin Securities,Fixed Income,ARS,314184.3798833479,0.0,1113.9999605644,GESTII
2025-05-08,Cocos Capital,Fixed Income,ARS,314182.4437971034,0.0,1113.9999605644,GESTII
2025-05-08,Banco Santander,Fixed Income,ARS,247768.9423437315,0.0,1113.9999605644,GESTII
2025-05-08,Latin Securities,Fixed Income,ARS,269466.99786947283,0.0,1113.9999605644,GESTII
2025-05-08,Banco Santander,Fixed Income,ARS,269206.0799966816,0.0,1113.9999605644,GESTII
2025-05-08,Banco Supervielle,Fixed Income,ARS,404184.93351820053,0.0,1113.9999605644,GESTII
2025-05-08,Cocos Capital,Fixed Income,ARS,314225.9292564525,0.0,1113.9999605644,LIQUIDEZ PLUS
2025-05-08,Invertir en Bolsa (IEB),Fixed Income,ARS,690206.7389755088,0.0,1113.9999605644,GESTII
2025-05-08,Allaria,Fixed Income,ARS,22464.955463122977,0.0,1113.9999605644,RCAP
2025-05-09,Latin Securities,Fixed Income,ARS,440140.06126759684,0.0,1135.9999872768,RCAP
2025-05-09,Cocos Capital,Fixed Income,ARS,54297.643213767406,0.0,1135.9999872768,RBALANCEADO
2025-05-09,Banco Santander,Fixed Income,ARS,168864.96668002,0.0,1135.9999872768,RBALANCEADO
2025-05-09,Allaria,Fixed Income,ARS,109987.67288679151,0.0,1135.9999872768,GESTII
2025-05-09,Latin Securities,Fixed Income,ARS,57904.930226000004,0.0,1135.9999872768,RMIXTA
2025-05-09,Cocos Capital,Fixed Income,ARS,70431.88230292159,0.0,1135.9999872768,LIQUIDEZ PLUS
2025-05-09,Cocos Capital,Fixed Income,ARS,70421.48952111504,0.0,1135.9999872768,GESTII
2025-05-13,WIN Securities,Fixed Income,ARS,888228.7856427326,452.99668455838,1125.5000033765,GEST
2025-05-13,WIN Securities,Fixed Income,ARS,887560.433898847,452.65582272022,1125.5000033765,GEST
2025-05-13,Latin Securities,Fixed Income,ARS,444246.91959129303,0.0,1125.5000033765,RCAP
2025-05-13,Allaria,Fixed Income,ARS,444246.11950244603,0.0,1125.5000033765,RCAP
2025-05-14,Criteria,Fixed Income,ARS,2652.5179603547263,0.0,1132.0000335072,GEST
2025-05-14,Criteria,Fixed Income,ARS,2650090.294004324,0.0,1132.0000335072,GEST
2025-05-14,Invertir en Bolsa (IEB),Fixed Income,ARS,66253.99097174406,0.0,1132.0000335072,BALANCEADO
2025-05-14,Invertir en Bolsa (IEB),Fixed Income,ARS,66253.72286221136,0.0,1132.0000335072,BALANCEADO
2025-05-15,Cohen,Fixed Income,ARS,61635.21373677503,0.0,1138.0000286776,BALANCEADO
2025-05-15,Allaria,Fixed Income,ARS,61526.75591877003,0.0,1138.0000286776,BALANCEADO
2025-05-15,Criteria,Fixed Income,ARS,1758214.2063872023,0.0,1138.0000286776,GEST
2025-05-15,Banco Galicia,Fixed Income,ARS,1726808.9938306347,0.0,1138.0000286776,GEST
2025-05-15,Criteria,Fixed Income,ARS,1756772.9561071773,0.0,1138.0000286776,GEST
2025-05-15,Banco Galicia,Fixed Income,ARS,87970.99954060005,0.0,1138.0000286776,GESTII
2025-05-15,Banco Galicia,Fixed Income,ARS,298343.6401091568,0.0,1138.0000286776,GESTII
2025-05-15,Banco Galicia,Fixed Income,ARS,87735.49866780004,0.0,1138.0000286776,LIQUIDEZ PLUS
2025-05-15,Banco Galicia,Fixed Income,ARS,87970.99954060005,0.0,1138.0000286776,LIQUIDEZ PLUS
2025-05-15,Banco Galicia,Fixed Income,ARS,873598.3259642324,0.0,1138.0000286776,RCAP
2025-05-15,Banco Galicia,Fixed Income,ARS,439366.36985942617,0.0,1138.0000286776,RCAP
2025-05-16,INVIU,Fixed Income,ARS,175131.0562872296,0.0,1142.0000555012,RCAP
2025-05-16,INVIU,Fixed Income,ARS,262696.98635726975,0.0,1142.0000555012,RCAP
2025-05-16,INVIU,Fixed Income,ARS,87565.3188616635,0.0,1142.0000555012,RCAP
2025-05-16,Banco Santander,Fixed Income,ARS,166374.16923470574,0.0,1142.0000555012,INC
2025-05-16,Banco Santander,Fixed Income,ARS,166374.82917337772,0.0,1142.0000555012,INC
2025-05-20,Banco Santander,Fixed Income,ARS,523870.493030401,0.0,1143.0000505206,LIQUIDEZ PLUS
2025-05-20,Banco Santander,Fixed Income,ARS,525180.8114326774,0.0,1143.0000505206,LIQUIDEZ PLUS
2025-05-20,Banco Santander,Fixed Income,ARS,524937.2891337298,0.0,1143.0000505206,LIQUIDEZ PLUS
2025-05-21,Allaria,Fixed Income,ARS,126733.61786400035,0.0,1145.00005954,LIQUIDEZ PLUS
2025-05-21,Banco Santander,Fixed Income,ARS,126733.61786400035,0.0,1145.00005954,LIQUIDEZ PLUS
2025-05-21,Allaria,Fixed Income,ARS,2755478.271736964,0.0,1145.00005954,PERF
2025-05-23,Banco Galicia,Fixed Income,ARS,132333.34766652,0.0,1133.5000031738,RCAP
2025-05-26,Banco Santander,Fixed Income,ARS,440957.9220118992,0.0,1133.5000031738,LIQUIDEZ PLUS
2025-05-26,Latin Securities,Fixed Income,ARS,88222.355288928,0.0,1133.5000031738,GESTII
2025-05-26,Banco Santander,Fixed Income,ARS,176413.53775041792,0.0,1133.5000031738,LIQUIDEZ PLUS
2025-05-26,Latin Securities,Fixed Income,ARS,176445.6492633408,0.0,1133.5000031738,LIQUIDEZ PLUS
2025-05-27,Allaria,Fixed Income,ARS,73541.99424690011,0.0,1154.9999543775,GESTII
2025-05-27,Allaria,Fixed Income,ARS,87259.31080605014,0.0,1154.9999543775,GESTII
2025-05-27,Allaria,Fixed Income,ARS,86648.05537065014,0.0,1154.9999543775,GESTII
2025-05-29,Allaria,Fixed Income,ARS,84530.85046491983,0.0,1183.0000526435,GESTII
2025-05-29,Allaria,Fixed Income,ARS,84530.84999154707,0.0,1183.0000526435,GESTII
2025-05-29,Allaria,Fixed Income,ARS,84530.84976331377,0.0,1183.0000526435,GESTII
2025-05-29,Allaria,Fixed Income,ARS,84530.85052409144,0.0,1183.0000526435,GESTII
2025-05-29,Allaria,Fixed Income,ARS,84712.59132750017,0.0,1183.0000526435,GESTII
2025-05-29,Allaria,Fixed Income,ARS,84536.608224596,0.0,1183.0000526435,LIQUIDEZ PLUS
2025-05-29,Allaria,Fixed Income,ARS,84536.62127615923,0.0,1183.0000526435,LIQUIDEZ PLUS
2025-05-29,Allaria,Fixed Income,ARS,84536.66820768715,0.0,1183.0000526435,LIQUIDEZ PLUS
2025-05-29,Allaria,Fixed Income,ARS,84536.78382898378,0.0,1183.0000526435,LIQUIDEZ PLUS
2025-05-29,Banco Galicia,Fixed Income,ARS,333150.99727959884,0.0,1183.0000526435,LIQUIDEZ PLUS
2025-05-29,Banco Galicia,Fixed Income,ARS,330619.839928161,0.0,1183.0000526435,LIQUIDEZ PLUS
2025-05-29,Banco Galicia,Fixed Income,ARS,334627.93478783965,0.0,1183.0000526435,LIQUIDEZ PLUS
2025-05-29,Banco Galicia,Fixed Income,ARS,335587.47477049934,0.0,1183.0000526435,LIQUIDEZ PLUS
2025-05-29,Banco Galicia,Fixed Income,ARS,334361.18206936354,0.0,1183.0000526435,LIQUIDEZ PLUS
2025-05-30,Invertir en Bolsa (IEB),Fixed Income,ARS,1607678.708137924,0.0,1188.0000589248,RMIXTA
2025-05-30,Allaria,Fixed Income,ARS,193198.8961412405,0.0,1188.0000589248,RMIXTA
2025-06-02,Allaria,Fixed Income,ARS,305498.61135163385,0.0,1179.4999604278,RMIXTA
2025-06-02,Banco Santander,Fixed Income,ARS,127172.61811996631,0.0,1179.4999604278,INC
2025-06-02,Allaria,Fixed Income,ARS,127199.20731967145,0.0,1179.4999604278,INC
2025-06-02,Banco Santander,Fixed Income,ARS,127172.54263034955,0.0,1179.4999604278,INC
2025-06-02,Allaria,Fixed Income,ARS,127178.19417780494,0.0,1179.4999604278,INC
2025-06-04,Cocos Capital,Fixed Income,ARS,4204.555557111853,0.0,1185.5000539995,INC
2025-06-05,Banco Galicia,Fixed Income,ARS,67172.34069529866,0.0,1190.9999468814,RMIXTA
2025-06-05,Banco Santander,Fixed Income,ARS,125859.09545378583,0.0,1190.9999468814,INC
2025-06-05,Latin Securities,Fixed Income,ARS,283893.81618811254,0.0,1190.9999468814,INC
2025-06-05,Banco Santander,Fixed Income,ARS,265926.6920786344,0.0,1190.9999468814,INC
2025-06-05,Allaria,Fixed Income,ARS,266557.8229716023,0.0,1190.9999468814,INC
2025-06-06,Banco Santander,Fixed Income,ARS,143462.11709294037,0.0,1184.9999389725,GESTII
2025-06-06,Parakeet Capital,Fixed Income,ARS,1687.6279181364664,0.0,1184.9999389725,RBALANCEADO
2025-06-06,Parakeet Capital,Fixed Income,ARS,16877.513729951446,0.0,1184.9999389725,LIQUIDEZ PLUS
2025-06-06,Latin Securities,Fixed Income,ARS,8437.520434532302,0.0,1184.9999389725,RMIXTA
2025-06-09,Pharos Capital BYMA,Fixed Income,ARS,168771.07198284942,0.0,1184.9999389725,RMIXTA
2025-06-09,Banco Supervielle,Fixed Income,ARS,126590.04651938738,0.0,1184.9999389725,RMIXTA
2025-06-09,Banco Santander,Fixed Income,ARS,84387.92393247595,0.0,1184.9999389725,LIQUIDEZ PLUS
2025-06-09,Banco Santander,Fixed Income,ARS,126554.9265175787,0.0,1184.9999389725,RMIXTA
2025-06-11,Latin Securities,Fixed Income,ARS,1219839.271845,0.0,1181.9999841612,PERF
2025-06-11,Allaria,Fixed Income,ARS,1488168.5363120167,0.0,1181.9999841612,PERF
2025-06-11,Alchemy Valores,Fixed Income,ARS,84602.21433163922,0.0,1181.9999841612,RMIXTA
2025-06-11,Macro Securities / Banco Macro,Fixed Income,ARS,507608.0566750444,0.0,1181.9999841612,RMIXTA
2025-06-12,Macro Securities / Banco Macro,Fixed Income,ARS,421850.0951430014,0.0,1184.9999389725,RMIXTA
2025-06-12,Alchemy Valores,Fixed Income,ARS,506623.32009953976,0.0,1184.9999389725,LIQUIDEZ PLUS
2025-06-12,Latin Securities,Fixed Income,ARS,50376.06470407197,0.0,1184.9999389725,RFIJA
2025-06-12,Banco Galicia,Fixed Income,ARS,422835.4648140011,0.0,1184.9999389725,GESTII
2025-06-12,BTG Pactual,Fixed Income,ARS,506281.5315587309,0.0,1184.9999389725,LIQUIDEZ PLUS
2025-06-12,INVIU,Fixed Income,ARS,1978979.2164912692,0.0,1184.9999389725,RCAP
2025-06-12,INVIU,Fixed Income,ARS,1977215.2920628742,0.0,1184.9999389725,RCAP
2025-06-12,Allaria,Fixed Income,ARS,1012208.9128882526,0.0,1184.9999389725,PERF
2025-06-12,Alchemy Valores,Fixed Income,ARS,253164.28645568225,0.0,1184.9999389725,RMIXTA
2025-06-13,Banco Santander,Fixed Income,ARS,155057.84776305433,0.0,1181.9999841612,LIQUIDEZ PLUS
2025-06-13,Allaria,Fixed Income,ARS,144794.58738864004,0.0,1181.9999841612,GESTII
2025-06-17,WIN Securities,Fixed Income,ARS,163.79379965520025,0.08435345165000013,1159.9999536,INC
2025-06-17,WIN Securities,Fixed Income,ARS,172.40439482721027,0.08792241731000014,1159.9999536,INC
2025-06-17,WIN Securities,Fixed Income,ARS,172.41479137935028,0.08793103800000014,1159.9999536,INC
2025-06-17,WIN Securities,Fixed Income,ARS,172.40490344792028,0.08792241731000014,1159.9999536,INC
2025-06-17,WIN Securities,Fixed Income,ARS,172.3787913779103,0.08791379662000014,1159.9999536,INC
2025-06-17,Cohen,Fixed Income,ARS,56011.284662865175,0.0,1159.9999536,BALANCEADO
2025-06-17,Cohen,Fixed Income,ARS,56034.494206897005,0.0,1159.9999536,BALANCEADO
2025-06-17,Cohen,Fixed Income,ARS,56034.45913793009,0.0,1159.9999536,BALANCEADO
2025-06-19,Banco Hipotecario BYMA,Fixed Income,ARS,876532.3567000021,0.0,1142.0000555012,GEST
2025-06-19,Allaria,Fixed Income,ARS,350286.3948850129,0.0,1142.0000555012,LIQUIDEZ PLUS
2025-06-19,Allaria,Fixed Income,ARS,1047241.6303650024,0.0,1142.0000555012,PERF
2025-06-23,WIN Securities,Fixed Income,ARS,467798.96025576076,0.0,1170.999951989,RFIJA
2025-06-23,WIN Securities,Fixed Income,ARS,467415.90302400076,0.0,1170.999951989,RFIJA
2025-06-23,Banco Supervielle,Fixed Income,ARS,340440.2039153498,0.0,1170.999951989,LIQUIDEZ PLUS
2025-06-23,Allaria,Fixed Income,ARS,45425.02321170008,0.0,1170.999951989,EST
2025-06-23,Macro Securities / Banco Macro,Fixed Income,ARS,45425.02321170008,0.0,1170.999951989,EST
2025-06-23,Banco Comafi,Fixed Income,ARS,85468.97703112815,0.0,1170.999951989,GESTII
2025-06-23,Banco Santander,Fixed Income,ARS,85505.00948350214,0.0,1170.999951989,GESTII
2025-06-25,Balanz Capital,Fixed Income,ARS,551405.7771649793,0.0,1191.5000294301,LIQUIDEZ PLUS
2025-06-25,Balanz Capital,Fixed Income,ARS,285354.5876055274,0.0,1191.5000294301,LIQUIDEZ PLUS
2025-06-25,Macro Securities / Banco Macro,Fixed Income,ARS,60873.989264349475,0.0,1191.5000294301,EST
2025-06-25,Banco Galicia,Fixed Income,ARS,377675.1892949907,0.0,1191.5000294301,GESTII
2025-06-25,Banco Galicia,Fixed Income,ARS,377675.18898445775,0.0,1191.5000294301,GESTII
2025-06-25,Banco Santander,Fixed Income,ARS,377675.18985730706,0.0,1191.5000294301,GESTII
2025-06-25,Banco Santander,Fixed Income,ARS,60202.20719953254,0.0,1191.5000294301,RMIXTA
2025-06-25,Balanz Capital,Fixed Income,ARS,551405.7770726586,0.0,1191.5000294301,LIQUIDEZ PLUS
2025-06-25,Banco Comafi,Fixed Income,ARS,654991.4471871894,0.0,1191.5000294301,PERF
2025-06-25,Macro Securities / Banco Macro,Fixed Income,ARS,146983.62876563752,0.0,1191.5000294301,PyMES
2025-06-25,Macro Securities / Banco Macro,Fixed Income,ARS,12208.778548631495,0.0,1191.5000294301,VAL
2025-06-26,Allaria,Fixed Income,ARS,395307.10108575854,0.0,1188.5000262064,GESTII
2025-06-27,Banco Galicia,Fixed Income,ARS,1677664.3533704102,0.0,1188.9999903691,GEST
2025-06-27,Banco Galicia,Fixed Income,ARS,199663.58446,0.0,1188.9999903691,RCAP
2025-06-27,INVIU,Fixed Income,ARS,1880387.8162572137,0.0,1188.9999903691,RCAP
2025-06-27,INVIU,Fixed Income,ARS,1875525.6673532382,0.0,1188.9999903691,RCAP
2025-06-30,INVIU,Fixed Income,ARS,2004149.3325083,0.0,1205.0000271125,RCAP
2025-06-30,INVIU,Fixed Income,ARS,2005690.2541665751,0.0,1205.0000271125,RCAP
2025-06-30,Pharos Capital BYMA,Fixed Income,ARS,167244.8095150001,0.0,1205.0000271125,LIQUIDEZ PLUS
2025-06-30,Invertir en Bolsa (IEB),Fixed Income,ARS,24886.30649400001,0.0,1205.0000271125,GESTII
2025-07-01,Pharos Capital BYMA,Fixed Income,ARS,45005.1404468292,0.0,1222.0000083096,LIQUIDEZ PLUS
2025-07-01,Latin Securities,Fixed Income,ARS,28631.603733292002,0.0,1222.0000083096,EST
2025-07-01,Banco Santander,Fixed Income,ARS,81831.97505729053,0.0,1222.0000083096,LIQUIDEZ PLUS
2025-07-01,Pharos Capital BYMA,Fixed Income,ARS,163656.28481185087,0.0,1222.0000083096,PERF
2025-07-02,Macro Securities / Banco Macro,Fixed Income,ARS,85363.87814234951,0.0,1230.00004551,LIQUIDEZ PLUS
2025-07-02,Banco Santander,Fixed Income,ARS,69158.47744113633,0.0,1230.00004551,GESTII
2025-07-03,Cocos Capital,Fixed Income,ARS,49554.88411107926,0.0,1230.9999769803,LIQUIDEZ PLUS
2025-07-03,Cocos Capital,Fixed Income,ARS,49551.387929047996,0.0,1230.9999769803,GESTII
2025-07-04,Allaria,Fixed Income,ARS,4049.268962805001,0.0,1230.9999769803,GESTII
2025-07-04,Max Capital,Fixed Income,ARS,37469.65951465501,0.0,1230.9999769803,VAL
2025-07-04,Allaria,Fixed Income,ARS,4049.268962805001,0.0,1230.9999769803,LIQUIDEZ PLUS
2025-07-07,Banco Santander,Fixed Income,ARS,468025.41053076996,0.0,1264.0000647168,PERF
2025-07-07,Banco Santander,Fixed Income,ARS,594326.69591541,0.0,1264.0000647168,PERF
2025-07-08,Max Capital,Fixed Income,ARS,1359421.430339805,0.0,1255.0000771825,PERF
2025-07-08,Banco Santander,Fixed Income,ARS,159362.3168924446,0.0,1255.0000771825,RCAP
2025-07-08,Pharos Capital BYMA,Fixed Income,ARS,39837.63260974655,0.0,1255.0000771825,PERF
2025-07-08,Pharos Capital BYMA,Fixed Income,ARS,35855.622974162055,0.0,1255.0000771825,LIQUIDEZ PLUS
2025-07-08,Alchemy Valores,Fixed Income,ARS,17529.971670910727,0.0,1255.0000771825,GESTII
2025-07-08,Banco Santander,Fixed Income,ARS,39814.441694838126,0.0,1255.0000771825,INC
2025-07-08,Banco Santander,Fixed Income,ARS,39839.94974107815,0.0,1255.0000771825,INC
2025-07-08,Alchemy Valores,Fixed Income,ARS,26471.7840293558,0.0,1255.0000771825,EST
2025-07-08,Latin Securities,Fixed Income,ARS,3983.127245077515,0.0,1255.0000771825,EST
2025-07-08,Banco Galicia,Fixed Income,ARS,23107.18423627869,0.0,1255.0000771825,BALANCEADO
2025-07-10,Banco Santander,Fixed Income,ARS,79639.47466392528,0.0,1255.0000771825,LIQUIDEZ PLUS
2025-07-11,Allaria,Fixed Income,ARS,20733.01638837041,0.0,1261.499991611,VAL
2025-07-11,Max Capital,Fixed Income,ARS,20490.289474350408,0.0,1261.499991611,VAL
2025-07-11,Max Capital,Fixed Income,ARS,15992.731299376155,0.0,1261.499991611,VAL
2025-07-11,Allaria,Fixed Income,ARS,3942.211679010078,0.0,1261.499991611,VAL
2025-07-11,Allaria,Fixed Income,ARS,1053491.1524674888,0.0,1261.499991611,RMIXTA
2025-07-11,Allaria,Fixed Income,ARS,21356.456741307422,0.0,1261.499991611,GESTII
2025-07-11,Allaria,Fixed Income,ARS,39285.29554464078,0.0,1261.499991611,LIQUIDEZ PLUS
2025-07-14,Latin Securities,Fixed Income,ARS,16093.765625,0.0,1280.0,INC
2025-07-14,Latin Securities,Fixed Income,ARS,15561.688828125,0.0,1280.0,INC
2025-07-14,Allaria,Fixed Income,ARS,7812.365625,0.0,1280.0,GESTII
2025-07-14,Allaria,Fixed Income,ARS,7813.4574999999995,0.0,1280.0,LIQUIDEZ PLUS
2025-07-14,BBVA,Fixed Income,ARS,906724.0828125,0.0,1280.0,PERF
2025-07-14,Banco Santander,Fixed Income,ARS,906724.0828125,0.0,1280.0,PERF
2025-07-14,Banco Supervielle,Fixed Income,ARS,906724.0828125,0.0,1280.0,PERF
2025-07-15,Banco Supervielle,Fixed Income,ARS,2710476.21216,0.0,1259.99998992,PERF
2025-07-15,INVIU,Fixed Income,ARS,2184929.5659635635,0.0,1259.99998992,RCAP
2025-07-15,INVIU,Fixed Income,ARS,2182539.700309524,0.0,1259.99998992,RCAP
2025-07-15,WIN Securities,Fixed Income,ARS,4612.38098928,2.3523174791360004,1259.99998992,RMIXTA
2025-07-15,Banco Galicia,Fixed Income,ARS,1049729.7379216475,0.0,1259.99998992,RMIXTA
2025-07-15,WIN Securities,Fixed Income,ARS,23807.833523796002,12.142000097136002,1259.99998992,INC
2025-07-15,Banco Santander,Fixed Income,ARS,79356.2299999292,0.0,1259.99998992,GESTII
2025-07-15,Banco Supervielle,Fixed Income,ARS,254670.2401326,0.0,1259.99998992,GESTII
2025-07-16,INVIU,Fixed Income,ARS,2178602.395971945,0.0,1261.0000184106,RCAP
2025-07-16,INVIU,Fixed Income,ARS,2176843.7434440926,0.0,1261.0000184106,RCAP
2025-07-16,INVIU,Fixed Income,ARS,1587.2800006163545,0.0,1261.0000184106,RCAP
2025-07-16,INVIU,Fixed Income,ARS,1586.0433551149804,0.0,1261.0000184106,RCAP
2025-07-17,Balanz Capital,Fixed Income,ARS,15094.781059050047,0.0,1273.9999291656,VAL
2025-07-17,Banco Santander,Fixed Income,ARS,6278.647130882419,0.0,1273.9999291656,RCAP
2025-07-17,BTG Pactual,Fixed Income,ARS,156743.99992375763,0.0,1273.9999291656,BALANCEADO
2025-07-17,Banco Galicia,Fixed Income,ARS,1562087.998940005,0.0,1273.9999291656,GEST
2025-07-17,Banco Galicia,Fixed Income,ARS,39009.42132120012,0.0,1273.9999291656,INC
2025-07-17,Banco Galicia,Fixed Income,ARS,39052.19997350012,0.0,1273.9999291656,INC
2025-07-17,Banco Galicia,Fixed Income,ARS,1561175.5185125049,0.0,1273.9999291656,GEST
2025-07-17,Banco Comafi,Fixed Income,ARS,3149548.84073501,0.0,1273.9999291656,GEST
2025-07-17,Cohen,Fixed Income,ARS,39165.30673018132,0.0,1273.9999291656,BALANCEADO
2025-07-17,Max Capital,Fixed Income,ARS,39135.619130414525,0.0,1273.9999291656,BALANCEADO
2025-07-17,BTG Pactual,Fixed Income,ARS,39229.148962930325,0.0,1273.9999291656,BALANCEADO
2025-07-17,Cohen,Fixed Income,ARS,78323.05741598648,0.0,1273.9999291656,BALANCEADO
2025-07-21,Latin Securities,Fixed Income,ARS,39215.68432549026,0.0,1275.0000414375,INC
2025-07-21,Allaria,Fixed Income,ARS,39214.95166669054,0.0,1275.0000414375,INC
2025-07-21,Allaria,Fixed Income,ARS,117646.96715686574,0.0,1275.0000414375,INC
2025-07-22,Banco Santander,Fixed Income,ARS,48163.78708470099,0.0,1256.5000317266,GESTII
2025-07-22,Pharos Capital BYMA,Fixed Income,ARS,242699.4884997775,0.0,1256.5000317266,LIQUIDEZ PLUS
2025-07-22,Parakeet Capital,Fixed Income,ARS,124154.32396419055,0.0,1256.5000317266,LIQUIDEZ PLUS
2025-07-23,Latin Securities,Fixed Income,ARS,362963.4166053633,0.0,1285.5000479492,GESTII
2025-07-23,Pharos Capital BYMA,Fixed Income,ARS,233613.37129399122,0.0,1285.5000479492,GESTII
2025-07-23,Latin Securities,Fixed Income,ARS,362617.0630982512,0.0,1285.5000479492,GESTII
2025-07-23,Latin Securities,Fixed Income,ARS,397766.98481321766,0.0,1285.5000479492,LIQUIDEZ PLUS
2025-07-23,Latin Securities,Fixed Income,ARS,397387.4204166403,0.0,1285.5000479492,LIQUIDEZ PLUS
2025-07-23,Pharos Capital BYMA,Fixed Income,ARS,232740.94814489127,0.0,1285.5000479492,GESTII
2025-07-23,Max Capital,Fixed Income,ARS,388378.04852398543,0.0,1285.5000479492,PERF
2025-07-23,Pharos Capital BYMA,Fixed Income,ARS,387250.08279398544,0.0,1285.5000479492,PERF
2025-07-24,WIN Securities,Fixed Income,ARS,86.79245040000006,0.04426100505000003,1272.000035616,LIQUIDEZ PLUS
2025-07-24,WIN Securities,Fixed Income,ARS,86.33647557000006,0.04403301763500003,1272.000035616,LIQUIDEZ PLUS
2025-07-25,Banco Galicia,Fixed Income,ARS,42968.409375,0.0,1280.0,BALANCEADO
2025-07-25,Alchemy Valores,Fixed Income,ARS,85781.25,0.0,1280.0,LIQUIDEZ PLUS
2025-07-25,Pharos Capital BYMA,Fixed Income,ARS,104652.721875,0.0,1280.0,LIQUIDEZ PLUS
2025-07-25,WIN Securities,Fixed Income,ARS,4963.947414062501,2.5316171874999998,1280.0,LIQUIDEZ PLUS
2025-07-25,Banco Galicia,Fixed Income,ARS,39062.3896875,0.0,1280.0,BALANCEADO
2025-07-25,Cohen,Fixed Income,ARS,62500.096875,0.0,1280.0,BALANCEADO
2025-07-25,Banco Galicia,Fixed Income,ARS,156662.5,0.0,1280.0,GESTII
2025-07-25,Pharos Capital BYMA,Fixed Income,ARS,785690.1042421875,0.0,1280.0,LIQUIDEZ PLUS
2025-07-25,WIN Securities,Fixed Income,ARS,85320.3125,43.513359375,1280.0,LIQUIDEZ PLUS
2025-07-25,Pharos Capital BYMA,Fixed Income,ARS,785585.9375,0.0,1280.0,LIQUIDEZ PLUS
2025-07-25,Alchemy Valores,Fixed Income,ARS,50780.94296875,0.0,1280.0,RCAP
2025-07-28,WIN Securities,Fixed Income,ARS,0.0037374518720000045,0.0,1294.99995338,LIQUIDEZ PLUS
2025-07-28,WIN Securities,Fixed Income,ARS,45173.74680000006,23.26447960200003,1294.99995338,GESTII
2025-07-28,WIN Securities,Fixed Income,ARS,112818.53688000015,58.10154649320007,1294.99995338,LIQUIDEZ PLUS
2025-07-28,Aldazabal,Fixed Income,ARS,58274.13337200007,0.0,1294.99995338,GESTII
2025-07-29,Aldazabal,Fixed Income,ARS,27110.764764136427,0.0,1291.0000641627,INC
2025-07-29,Aldazabal,Fixed Income,ARS,21145.82544014465,0.0,1291.0000641627,RBALANCEADO
2025-07-29,WIN Securities,Fixed Income,ARS,4075.4830739783133,2.078489439689005,1291.0000641627,LIQUIDEZ PLUS
2025-07-29,Aldazabal,Fixed Income,ARS,27110.76460921777,0.0,1291.0000641627,INC
2025-07-29,WIN Securities,Fixed Income,ARS,4060.585661860465,2.070898425349005,1291.0000641627,LIQUIDEZ PLUS
2025-07-29,WIN Securities,Fixed Income,ARS,775.2269173194019,0.395367912186001,1291.0000641627,RCAP
2025-07-29,Aldazabal,Fixed Income,ARS,852738.9196638021,0.0,1291.0000641627,PERF
2025-07-30,Aldazabal,Fixed Income,ARS,760.979417888771,0.0,1314.9999546325,RCAP
2025-07-30,WIN Securities,Fixed Income,ARS,41787.07368500005,21.170913277925024,1314.9999546325,GESTII
2025-07-30,WIN Securities,Fixed Income,ARS,41236.12309565005,21.170913277925024,1314.9999546325,GESTII
2025-07-30,BBVA,Fixed Income,ARS,176186.5406791961,0.0,1314.9999546325,RMIXTA
2025-07-30,BBVA,Fixed Income,ARS,136357.18341154716,0.0,1314.9999546325,PyMES
2025-07-30,BBVA,Fixed Income,ARS,265139.9353830692,0.0,1314.9999546325,RFIJA
2025-07-30,WIN Securities,Fixed Income,ARS,722.9725040300038,0.3723270090430004,1314.9999546325,LIQUIDEZ PLUS
2025-07-30,Aldazabal,Fixed Income,ARS,389440.62494140497,0.0,1314.9999546325,LIQUIDEZ PLUS
2025-07-30,Allaria,Fixed Income,ARS,1960425.9231480022,0.0,1314.9999546325,GEST
2025-07-30,WIN Securities,Fixed Income,ARS,43916.351325000054,39.799910118344044,1314.9999546325,GESTII
2025-07-30,WIN Securities,Fixed Income,ARS,88517.1133200001,39.79990251378105,1314.9999546325,GESTII
2025-07-30,WIN Securities,Fixed Income,ARS,88403.04487500011,39.79990251378105,1314.9999546325,GESTII
2025-07-30,WIN Securities,Fixed Income,ARS,88288.9764300001,39.799910118344044,1314.9999546325,GESTII
2025-07-30,BBVA,Fixed Income,ARS,1517097.3361725577,0.0,1314.9999546325,GEST
2025-07-30,Aldazabal,Fixed Income,ARS,57743.80427353007,0.0,1314.9999546325,LIQUIDEZ PLUS
2025-07-30,Alchemy Valores,Fixed Income,ARS,202931.7755182565,0.0,1314.9999546325,GESTII
2025-07-30,WIN Securities,Fixed Income,ARS,726.3511581389629,0.37407605853300047,1314.9999546325,LIQUIDEZ PLUS
2025-07-30,Puente Hnos,Fixed Income,ARS,41501.90257250005,0.0,1314.9999546325,LIQUIDEZ PLUS
2025-07-30,BBVA,Fixed Income,ARS,659220.0911841578,0.0,1314.9999546325,LIQUIDEZ PLUS
2025-07-30,Alchemy Valores,Fixed Income,ARS,202931.7756703478,0.0,1314.9999546325,GESTII
2025-07-30,Aldazabal,Fixed Income,ARS,132490.49886750017,0.0,1314.9999546325,GESTII
2025-07-30,Aldazabal,Fixed Income,ARS,389440.62497182324,0.0,1314.9999546325,LIQUIDEZ PLUS
2025-07-30,Banco Hipotecario BYMA,Fixed Income,ARS,545247.1671000007,0.0,1314.9999546325,GEST
2025-07-30,BBVA,Fixed Income,ARS,756965.6810126544,0.0,1314.9999546325,GEST
2025-07-30,Aldazabal,Fixed Income,ARS,44163.49962250005,0.0,1314.9999546325,GESTII
2025-07-30,Pharos Capital BYMA,Fixed Income,ARS,44201.522437500054,0.0,1314.9999546325,GESTII
2025-07-30,WIN Securities,Fixed Income,ARS,41916.35125600005,21.377339140560025,1314.9999546325,GESTII
2025-07-30,Latin Securities,Fixed Income,ARS,88631.1817650001,0.0,1314.9999546325,GESTII
2025-07-31,Puente Hnos,Fixed Income,ARS,522032.02417893446,0.0,1374.000071448,PERF
2025-07-31,Puente Hnos,Fixed Income,ARS,349585.134660001,0.0,1374.000071448,PERF
2025-07-31,Aldazabal,Fixed Income,ARS,363900.9996870461,0.0,1374.000071448,RCAP
2025-07-31,Aldazabal,Fixed Income,ARS,54583.097307239346,0.0,1374.000071448,PyMES
2025-07-31,Alchemy Valores,Fixed Income,ARS,32753.13075680809,0.0,1374.000071448,PyMES
2025-07-31,Allaria,Fixed Income,ARS,170458.83509538366,0.0,1374.000071448,PERF
2025-07-31,Allaria,Fixed Income,ARS,215707.1049404358,0.0,1374.000071448,PERF
2025-07-31,Puente Hnos,Fixed Income,ARS,349824.47962572094,0.0,1374.000071448,PERF
2025-07-31,INVIU,Fixed Income,ARS,3638.35788940801,0.0,1374.000071448,RCAP
2025-07-31,Allaria,Fixed Income,ARS,170447.24004504047,0.0,1374.000071448,RMIXTA
2025-07-31,Allaria,Fixed Income,ARS,215688.81847850457,0.0,1374.000071448,RMIXTA
2025-07-31,Latin Securities,Fixed Income,ARS,94369.37050763989,0.0,1374.000071448,GESTII
2025-07-31,Criteria,Fixed Income,ARS,259935.23817914637,262.5345933351007,1374.000071448,GEST
2025-07-31,WIN Securities,Fixed Income,ARS,94597.72108528532,48.244837374820136,1374.000071448,GESTII
2025-07-31,Banco Santander,Fixed Income,ARS,58203.897992320155,0.0,1374.000071448,GESTII
2025-07-31,WIN Securities,Fixed Income,ARS,12048.773951338573,6.144875954120017,1374.000071448,PERF
2025-07-31,WIN Securities,Fixed Income,ARS,534206.6680000015,275.1164340200007,1374.000071448,PERF
2025-08-01,Allaria,Fixed Income,ARS,218099.04095493155,0.0,1364.0000556512,PERF
2025-08-01,Max Capital,Fixed Income,ARS,131281.93599267062,0.0,1364.0000556512,PyMES
2025-08-01,Allaria,Fixed Income,ARS,715386.8329823052,0.0,1364.0000556512,PERF
2025-08-01,Allaria,Fixed Income,ARS,370533.7092224006,0.0,1364.0000556512,PERF
2025-08-01,Puente Hnos,Fixed Income,ARS,1428452.6150402478,0.0,1364.0000556512,LIQUIDEZ PLUS
2025-08-01,Puente Hnos,Fixed Income,ARS,1232272.3816587708,0.0,1364.0000556512,LIQUIDEZ PLUS
2025-08-01,Aldazabal,Fixed Income,ARS,6690.6155628000115,0.0,1364.0000556512,RCAP
2025-08-01,Alchemy Valores,Fixed Income,ARS,265991.00820915046,0.0,1364.0000556512,GESTII
2025-08-01,Alchemy Valores,Fixed Income,ARS,152615.07991699976,0.0,1364.0000556512,GESTII
2025-08-01,Alchemy Valores,Fixed Income,ARS,161785.50659563227,0.0,1364.0000556512,GESTII
2025-08-01,Alchemy Valores,Fixed Income,ARS,680213.3377531609,0.0,1364.0000556512,GESTII
2025-08-01,Max Capital,Fixed Income,ARS,10900.791344104018,0.0,1364.0000556512,VAL
2025-08-01,Banco Comafi,Fixed Income,ARS,1323546.5002515023,0.0,1364.0000556512,GEST
2025-08-04,Allaria,Fixed Income,ARS,16911.470064712954,0.0,1360.00003264,LIQUIDEZ PLUS
2025-08-04,Pharos Capital BYMA,Fixed Income,ARS,406726.71095914714,0.0,1360.00003264,GESTII
2025-08-04,Allaria,Fixed Income,ARS,16911.353020598115,0.0,1360.00003264,GESTII
2025-08-04,Pharos Capital BYMA,Fixed Income,ARS,1376273.3144547346,0.0,1360.00003264,LIQUIDEZ PLUS
2025-08-04,Cocos Capital,Fixed Income,ARS,14707.45339702112,0.0,1360.00003264,VAL
2025-08-04,Pharos Capital BYMA,Fixed Income,ARS,90464.5407700275,0.0,1360.00003264,PERF
2025-08-04,Aldazabal,Fixed Income,ARS,2149325.905916178,0.0,1360.00003264,PERF
2025-08-05,Alchemy Valores,Fixed Income,ARS,89279.04749999681,0.0,1338.4999431138,GESTII
2025-08-05,WIN Securities,Fixed Income,ARS,90175.57349999678,46.44042035249834,1338.4999431138,GESTII
2025-08-05,Aldazabal,Fixed Income,ARS,22562.570999999196,0.0,1338.4999431138,PERF
2025-08-05,Aldazabal,Fixed Income,ARS,29884.19940231494,0.0,1338.4999431138,INC
2025-08-05,Aldazabal,Fixed Income,ARS,10459.470089652226,0.0,1338.4999431138,INC
2025-08-05,Alchemy Valores,Fixed Income,ARS,89951.4419999968,0.0,1338.4999431138,GESTII
2025-08-05,WIN Securities,Fixed Income,ARS,89353.75799999681,46.01718536999836,1338.4999431138,GESTII
2025-08-05,WIN Securities,Fixed Income,ARS,11275.308659999599,0.0,1338.4999431138,GESTII
2025-08-07,Aldazabal,Fixed Income,ARS,75716.06204610002,0.0,1326.0000228072,PERF
2025-08-07,Aldazabal,Fixed Income,ARS,11312.21727903469,0.0,1326.0000228072,RCAP
2025-08-08,WIN Securities,Fixed Income,ARS,1509.0780283425006,0.7771794738120003,1326.0000228072,RCAP
2025-08-08,WIN Securities,Fixed Income,ARS,1160902.935575456,597.8650047996782,1326.0000228072,LIQUIDEZ PLUS
2025-08-08,WIN Securities,Fixed Income,ARS,453533.2838658942,231.30197188887607,1326.0000228072,LIQUIDEZ PLUS
2025-08-08,Latin Securities,Fixed Income,ARS,255195.1813346248,0.0,1326.0000228072,LIQUIDEZ PLUS
2025-08-08,Alchemy Valores,Fixed Income,ARS,226470.5843400001,0.0,1326.0000228072,LIQUIDEZ PLUS
2025-08-08,Puente Hnos,Fixed Income,ARS,226470.5843400001,0.0,1326.0000228072,LIQUIDEZ PLUS
2025-08-08,Cohen,Fixed Income,ARS,7541.398912520217,0.0,1326.0000228072,INC
2025-08-08,Cohen,Fixed Income,ARS,11311.973410260603,0.0,1326.0000228072,INC
2025-08-08,Cohen,Fixed Income,ARS,18853.646734540805,0.0,1326.0000228072,INC
2025-08-08,Cohen,Fixed Income,ARS,18853.41596531401,0.0,1326.0000228072,INC
2025-08-08,Aldazabal,Fixed Income,ARS,26394.77782655281,0.0,1326.0000228072,INC
2025-08-08,Alchemy Valores,Fixed Income,ARS,150828.96120664687,0.0,1326.0000228072,LIQUIDEZ PLUS
2025-08-11,Aldazabal,Fixed Income,ARS,34077.914414700135,0.0,1321.9999161852,PERF
2025-08-12,Puente Hnos,Fixed Income,ARS,164781.78742999697,0.0,1317.4999700269,LIQUIDEZ PLUS
2025-08-12,WIN Securities,Fixed Income,ARS,164555.60146659697,83.92335674796446,1317.4999700269,LIQUIDEZ PLUS
2025-08-12,Allaria,Fixed Income,ARS,263845.16729279514,0.0,1317.4999700269,GESTII
2025-08-12,Aldazabal,Fixed Income,ARS,263984.8257399951,0.0,1317.4999700269,GESTII
2025-08-12,Pharos Capital BYMA,Fixed Income,ARS,264185.2052511951,0.0,1317.4999700269,GESTII
2025-08-12,Allaria,Fixed Income,ARS,1214233.0447015776,0.0,1317.4999700269,PERF
2025-08-12,Aldazabal,Fixed Income,ARS,1208356.7637329777,0.0,1317.4999700269,PERF
2025-08-12,Aldazabal,Fixed Income,ARS,1206239.1166259777,0.0,1317.4999700269,PERF
2025-08-13,Aldazabal,Fixed Income,ARS,71440.25199330409,0.0,1313.0000396526,RBALANCEADO
2025-08-13,Aldazabal,Fixed Income,ARS,71440.2519628395,0.0,1313.0000396526,RBALANCEADO
2025-08-13,Aldazabal,Fixed Income,ARS,71440.25254928276,0.0,1313.0000396526,RBALANCEADO
2025-08-13,Allaria,Fixed Income,ARS,665687.8815565458,0.0,1313.0000396526,LIQUIDEZ PLUS
2025-08-13,Aldazabal,Fixed Income,ARS,11078.445971600011,0.0,1313.0000396526,GESTII
2025-08-13,WIN Securities,Fixed Income,ARS,275328.24758760026,140.41740626967612,1313.0000396526,LIQUIDEZ PLUS
2025-08-13,Allaria,Fixed Income,ARS,145204.10947622205,0.0,1313.0000396526,GESTII
2025-08-13,Puente Hnos,Fixed Income,ARS,276237.6154200003,0.0,1313.0000396526,LIQUIDEZ PLUS
2025-08-13,Allaria,Fixed Income,ARS,665687.881876424,0.0,1313.0000396526,LIQUIDEZ PLUS
2025-08-13,Allaria,Fixed Income,ARS,152322.05937550214,0.0,1313.0000396526,LIQUIDEZ PLUS
2025-08-13,Cocos Capital,Fixed Income,ARS,7615.889792848567,0.0,1313.0000396526,PERF
2025-08-13,Allaria,Fixed Income,ARS,145204.10635360217,0.0,1313.0000396526,GESTII
2025-08-14,WIN Securities,Fixed Income,ARS,88897.45300000008,45.78219600510004,1297.00003891,LIQUIDEZ PLUS
2025-08-14,WIN Securities,Fixed Income,ARS,84616.13699119978,43.154231550400034,1297.00003891,LIQUIDEZ PLUS
2025-08-14,Allaria,Fixed Income,ARS,159694.29833947174,0.0,1297.00003891,GESTII
2025-08-14,Allaria,Fixed Income,ARS,104015.41708000009,0.0,1297.00003891,GESTII
2025-08-14,Max Capital,Fixed Income,ARS,461634.52740000037,0.0,1297.00003891,LIQUIDEZ PLUS
2025-08-14,WIN Securities,Fixed Income,ARS,159622.76885048422,82.20572613830007,1297.00003891,GESTII
2025-08-14,BTG Pactual,Fixed Income,ARS,231016.1438019752,0.0,1297.00003891,LIQUIDEZ PLUS
2025-08-14,Allaria,Fixed Income,ARS,159708.06509310653,0.0,1297.00003891,LIQUIDEZ PLUS
2025-08-14,Max Capital,Fixed Income,ARS,303061.28620500024,0.0,1297.00003891,LIQUIDEZ PLUS
2025-08-14,Allaria,Fixed Income,ARS,104024.3607960001,0.0,1297.00003891,LIQUIDEZ PLUS
2025-08-14,Macro Securities / Banco Macro,Fixed Income,ARS,84755.20886058197,0.0,1297.00003891,LIQUIDEZ PLUS
2025-08-14,Puente Hnos,Fixed Income,ARS,89360.05900000008,0.0,1297.00003891,LIQUIDEZ PLUS
2025-08-18,Banco Comafi,Fixed Income,ARS,1547231.2352640003,0.0,1293.0000082752,GEST
2025-08-18,Banco Santander,Fixed Income,ARS,1547030.1525120002,0.0,1293.0000082752,GEST
2025-08-18,WIN Securities,Fixed Income,ARS,1723.9604916735364,0.879218865216,1293.0000082752,LIQUIDEZ PLUS
2025-08-18,BBVA,Licitaciones,ARS,130807.40442192002,0.0,1293.0000082752,INC
2025-08-18,BBVA,Licitaciones,ARS,196831.39858560002,0.0,1293.0000082752,BALANCEADO
2025-08-18,Aldazabal,Fixed Income,ARS,93488.01177600001,0.0,1293.0000082752,GESTII
2025-08-18,BBVA,Licitaciones,ARS,670038.6654720001,0.0,1293.0000082752,LIQUIDEZ PLUS
2025-08-18,BBVA,Licitaciones,ARS,669528.22464,0.0,1293.0000082752,LIQUIDEZ PLUS
2025-08-18,BBVA,Licitaciones,ARS,160303.94328960002,0.0,1293.0000082752,MULTI
2025-08-18,Pharos Capital BYMA,Fixed Income,ARS,1726.114459177152,0.0,1293.0000082752,LIQUIDEZ PLUS
2025-08-18,BBVA,Licitaciones,ARS,29775.715200000002,0.0,1293.0000082752,VAL
2025-08-18,BBVA,Licitaciones,ARS,176102.08704,0.0,1293.0000082752,PyMES
2025-08-18,BBVA,Licitaciones,ARS,269993.8111104,0.0,1293.0000082752,RFIJA
2025-08-18,Banco Galicia,Licitaciones,ARS,51107.30825760001,0.0,1293.0000082752,RCAP
2025-08-19,Allaria,Fixed Income,ARS,1604781.450592,0.0,1292.49998449,PERF
2025-08-19,Allaria,Fixed Income,ARS,820489.91313408,0.0,1292.49998449,PERF
2025-08-19,WIN Securities,Fixed Income,ARS,773.63459342288,0.39455319622400004,1292.49998449,LIQUIDEZ PLUS
2025-08-19,Puente Hnos,Fixed Income,ARS,232108.31980657642,0.0,1292.49998449,GESTII
2025-08-19,Max Capital,Fixed Income,ARS,77361.70305600001,0.0,1292.49998449,PERF
2025-08-19,Allaria,Fixed Income,ARS,820415.3908894721,0.0,1292.49998449,LIQUIDEZ PLUS
2025-08-19,Pharos Capital BYMA,Fixed Income,ARS,1011832.3397474039,0.0,1292.49998449,PERF
2025-08-19,WIN Securities,Fixed Income,ARS,179828.6471560095,92.61175352913601,1292.49998449,GESTII
2025-08-20,Aldazabal,Fixed Income,ARS,63771.23338113226,0.0,1301.0000136605,RCAP
2025-08-20,Aldazabal,Fixed Income,ARS,5380.475354727146,0.0,1301.0000136605,BALANCEADO
2025-08-20,BTG Pactual,Fixed Income,ARS,267486.54600000003,0.0,1301.0000136605,GESTII
2025-08-20,Allaria,Fixed Income,ARS,41493.65592096535,0.0,1301.0000136605,INC
2025-08-20,Alchemy Valores,Fixed Income,ARS,818601.0667851655,0.0,1301.0000136605,LIQUIDEZ PLUS
2025-08-20,Aldazabal,Fixed Income,ARS,301217.52181800007,0.0,1301.0000136605,LIQUIDEZ PLUS
2025-08-20,Allaria,Fixed Income,ARS,262405.03676050424,0.0,1301.0000136605,LIQUIDEZ PLUS
2025-08-20,Pharos Capital BYMA,Fixed Income,ARS,179400.45930000002,0.0,1301.0000136605,GESTII
2025-08-20,Alchemy Valores,Fixed Income,ARS,122982.31930822447,0.0,1301.0000136605,GESTII
2025-08-20,Aldazabal,Fixed Income,ARS,264488.85195000004,0.0,1301.0000136605,GESTII
2025-08-20,Aldazabal,Fixed Income,ARS,13076.193090985907,0.0,1301.0000136605,INC
2025-08-21,Aldazabal,Fixed Income,ARS,75829.43227391009,0.0,1314.9999546325,GESTII
2025-08-21,Puente Hnos,Fixed Income,ARS,3041.4810935242535,0.0,1314.9999546325,GESTII
2025-08-21,Aldazabal,Fixed Income,ARS,245124.26281420153,0.0,1314.9999546325,GESTII
2025-08-21,Aldazabal,Fixed Income,ARS,95057.03826045641,0.0,1314.9999546325,PERF
2025-08-21,Aldazabal,Fixed Income,ARS,172368.8272395002,0.0,1314.9999546325,PyMES
2025-08-22,Aldazabal,Fixed Income,ARS,807527.6615112013,0.0,1320.9999494057,PERF
2025-08-22,Aldazabal,Fixed Income,ARS,810816.1037264748,0.0,1320.9999494057,PERF
2025-08-22,Puente Hnos,Fixed Income,ARS,261506.4445350004,0.0,1320.9999494057,LIQUIDEZ PLUS
2025-08-22,Puente Hnos,Fixed Income,ARS,262484.8700077504,0.0,1320.9999494057,LIQUIDEZ PLUS
2025-08-25,WIN Securities,Fixed Income,ARS,44130.32361920001,22.506468716864006,1361.9999825664,EST
2025-08-25,Aldazabal,Fixed Income,ARS,441792.9571968001,0.0,1361.9999825664,PERF
2025-08-25,Aldazabal,Fixed Income,ARS,29404.677322048006,0.0,1361.9999825664,VAL
2025-08-25,Aldazabal,Fixed Income,ARS,441171.0776000001,0.0,1361.9999825664,PERF
2025-08-26,WIN Securities,Fixed Income,ARS,3685.9566548101047,1.898267597499965,1356.5000021026,EST
2025-08-26,Aldazabal,Fixed Income,ARS,91405.00096410752,0.0,1356.5000021026,RFIJA
2025-08-26,Alchemy Valores,Fixed Income,ARS,44305.19712999918,0.0,1356.5000021026,EST
2025-08-27,Grit Capital Group,Fixed Income,ARS,341126.34732000006,0.0,1349.4999832662,PERF
2025-08-27,Aldazabal,Fixed Income,ARS,37264.97378553881,0.0,1349.4999832662,BALANCEADO
2025-08-28,Puente Hnos,Fixed Income,ARS,30006.609527437617,0.0,1333.0000833125,PERF
2025-08-28,Alchemy Valores,Fixed Income,ARS,769972.0831595655,0.0,1333.0000833125,PERF
2025-08-28,Grit Capital Group,Fixed Income,ARS,112573.13625000043,0.0,1333.0000833125,GESTII
2025-08-28,Grit Capital Group,Fixed Income,ARS,75033.03357000029,0.0,1333.0000833125,LIQUIDEZ PLUS
2025-08-28,Alchemy Valores,Fixed Income,ARS,769971.311216628,0.0,1333.0000833125,PERF
2025-08-28,Aldazabal,Fixed Income,ARS,472618.12571268,0.0,1333.0000833125,RCAP
2025-08-29,Puente Hnos,Fixed Income,ARS,1251862.9200000009,0.0,1341.999969134,PERF
2025-08-29,BBVA,Licitaciones,ARS,51877.271461433586,0.0,1341.999969134,VAL
2025-08-29,BBVA,Licitaciones,ARS,1856425.4185994242,0.0,1341.999969134,GEST
2025-08-29,Puente Hnos,Fixed Income,ARS,1255774.9916250007,0.0,1341.999969134,PERF
2025-08-29,WIN Securities,Fixed Income,ARS,74515.64994038752,38.37555975000002,1341.999969134,GESTII
2025-08-29,Cocos Capital,Fixed Income,ARS,74515.64994038752,0.0,1341.999969134,GESTII
2025-08-29,BBVA,Licitaciones,ARS,40760.47031155937,0.0,1341.999969134,RBALANCEADO
2025-09-03,Aldazabal,Fixed Income,ARS,28648.054561000095,0.0,1360.9999211981,VAL
2025-09-03,WIN Securities,Fixed Income,ARS,56.53196506600018,0.028831743036000095,1360.9999211981,LIQUIDEZ PLUS
2025-09-04,Allaria,Fixed Income,ARS,22573.212419999258,0.0,1362.4999148438,VAL
2025-09-04,Aldazabal,Fixed Income,ARS,366605.5274265935,0.0,1362.4999148438,PERF
2025-09-04,Aldazabal,Fixed Income,ARS,366605.527499988,0.0,1362.4999148438,PERF
2025-09-04,Grit Capital Group,Fixed Income,ARS,1468.0827339569519,0.0,1362.4999148438,RFIJA
2025-09-04,Allaria,Fixed Income,ARS,146338.3577699952,0.0,1362.4999148438,LIQUIDEZ PLUS
2025-09-04,Grit Capital Group,Fixed Income,ARS,294085.30278399034,0.0,1362.4999148438,LIQUIDEZ PLUS
2025-09-04,Allaria,Fixed Income,ARS,22577.616089999257,0.0,1362.4999148438,VAL
2025-09-04,Allaria,Fixed Income,ARS,110395.60322999637,0.0,1362.4999148438,GESTII
2025-09-04,Allaria,Fixed Income,ARS,146592.9632904952,0.0,1362.4999148438,LIQUIDEZ PLUS
2025-09-04,Aldazabal,Fixed Income,ARS,220162.28898949278,0.0,1362.4999148438,LIQUIDEZ PLUS
2025-09-05,WIN Securities,Fixed Income,ARS,554.4465094350004,0.0,1354.999963415,BALANCEADO
2025-09-05,WIN Securities,Fixed Income,ARS,554.2071293547365,0.5654096093620005,1354.999963415,BALANCEADO
2025-09-05,Allaria,Fixed Income,ARS,31843.543295200026,0.0,1354.999963415,GESTII
2025-09-05,Grit Capital Group,Fixed Income,ARS,7388.4134836200055,0.0,1354.999963415,VAL
2025-09-05,BTG Pactual,Fixed Income,ARS,5123.025968580004,0.0,1354.999963415,RFIJA
2025-09-05,WIN Securities,Fixed Income,ARS,554.8125168249564,0.28295941723400025,1354.999963415,INC
2025-09-05,Aldazabal,Fixed Income,ARS,7383.026029600006,0.0,1354.999963415,MULTI
2025-09-05,Aldazabal,Fixed Income,ARS,73859.78059200005,0.0,1354.999963415,PERF
2025-09-05,Aldazabal,Fixed Income,ARS,22172.91572782002,0.0,1354.999963415,LIQUIDEZ PLUS
2025-09-08,Banco Santander,Fixed Income,ARS,196593.32640000005,0.0,1409.0000157808,PERF
2025-09-08,Allaria,Fixed Income,ARS,346297.7486764688,0.0,1409.0000157808,PERF
2025-09-08,Aldazabal,Fixed Income,ARS,72625.97505600001,0.0,1409.0000157808,LIQUIDEZ PLUS
2025-09-08,Aldazabal,Fixed Income,ARS,72562.09996800001,0.0,1409.0000157808,GESTII
2025-09-09,WIN Securities,Fixed Income,ARS,1565.380851274745,0.7983409725899719,1416.5000154399,BALANCEADO
2025-09-09,Pharos Capital BYMA,Fixed Income,ARS,75108.08248523736,0.0,1416.5000154399,LIQUIDEZ PLUS
2025-09-09,Aldazabal,Fixed Income,ARS,71706.31760879749,0.0,1416.5000154399,LIQUIDEZ PLUS
2025-09-09,WIN Securities,Fixed Income,ARS,1201.9433331748078,0.6129968164739784,1416.5000154399,INC
2025-09-09,Banco Santander,Fixed Income,ARS,106301.94024617627,0.0,1416.5000154399,RFIJA
2025-09-10,WIN Securities,Fixed Income,ARS,211.76025296173466,0.10799438724700236,1423.4999051237,INC
2025-09-10,WIN Securities,Fixed Income,ARS,501.53744122516105,0.25578505392900563,1423.4999051237,BALANCEADO
2025-09-11,Grit Capital Group,Fixed Income,ARS,34810.710827398034,0.0,1432.000045824,INC
2025-09-11,Aldazabal,Fixed Income,ARS,188335.1895040002,0.0,1432.000045824,GESTII
2025-09-11,Aldazabal,Fixed Income,ARS,34916.76424579204,0.0,1432.000045824,INC
2025-09-11,Grit Capital Group,Fixed Income,ARS,679347.0453000007,0.0,1432.000045824,LIQUIDEZ PLUS
2025-09-11,Grit Capital Group,Fixed Income,ARS,25975.03408500003,0.0,1432.000045824,VAL
2025-09-11,Grit Capital Group,Fixed Income,ARS,728655.3537780008,0.0,1432.000045824,PERF
2025-09-11,Grit Capital Group,Fixed Income,ARS,163043.2908720002,0.0,1432.000045824,PyMES
2025-09-12,Grit Capital Group,Fixed Income,ARS,522746.1456062423,0.0,1453.0000964792,PERF
2025-09-12,Aldazabal,Fixed Income,ARS,32423.948294400143,0.0,1453.0000964792,VAL
2025-09-12,Grit Capital Group,Fixed Income,ARS,521376.4278720023,0.0,1453.0000964792,PERF
2025-09-12,Aldazabal,Fixed Income,ARS,34299.722430000154,0.0,1453.0000964792,INC
2025-09-12,BBVA,Licitaciones,ARS,166402.05364464072,0.0,1453.0000964792,INC
2025-09-12,BBVA,Licitaciones,ARS,171548.50891200075,0.0,1453.0000964792,LIQUIDEZ PLUS
2025-09-12,BBVA,Licitaciones,ARS,211409.82766920092,0.0,1453.0000964792,LIQUIDEZ PLUS
2025-09-12,Pharos Capital BYMA,Fixed Income,ARS,56078.592284640246,0.0,1453.0000964792,LIQUIDEZ PLUS
2025-09-12,BBVA,Licitaciones,ARS,19599.417143196086,0.0,1453.0000964792,RBALANCEADO
2025-09-12,BBVA,Licitaciones,ARS,182699.1619912808,0.0,1453.0000964792,BALANCEADO
2025-09-15,Allaria,Fixed Income,ARS,623140.59548357,0.0,1466.9999103663,LIQUIDEZ PLUS
2025-09-15,Aldazabal,Fixed Income,ARS,96508.14763488914,0.0,1466.9999103663,GESTII
2025-09-15,Allaria,Fixed Income,ARS,238582.15487048487,0.0,1466.9999103663,PERF
2025-09-15,Allaria,Fixed Income,ARS,83826.81548309996,0.0,1466.9999103663,VAL
2025-09-15,Allaria,Fixed Income,ARS,238613.47308644067,0.0,1466.9999103663,LIQUIDEZ PLUS
2025-09-16,Puente Hnos,Fixed Income,ARS,65781.4845816,0.0,1468.9999870728,LIQUIDEZ PLUS
2025-09-16,Grit Capital Group,Fixed Income,ARS,373798.6766726823,0.0,1468.9999870728,RFIJA
2025-09-16,Allaria,Fixed Income,ARS,38124.345202750876,0.0,1468.9999870728,RBALANCEADO
2025-09-16,WIN Securities,Fixed Income,ARS,782.8470865350721,0.39925119480000004,1468.9999870728,BALANCEADO
2025-09-16,Aldazabal,Fixed Income,ARS,119130.470755632,0.0,1468.9999870728,LIQUIDEZ PLUS
2025-09-16,Aldazabal,Fixed Income,ARS,38587.35520682536,0.0,1468.9999870728,RBALANCEADO
2025-09-16,Allaria,Fixed Income,ARS,38121.038123075756,0.0,1468.9999870728,LIQUIDEZ PLUS
2025-09-16,Allaria,Fixed Income,ARS,29982.709589920003,0.0,1468.9999870728,LIQUIDEZ PLUS
2025-09-16,Grit Capital Group,Fixed Income,ARS,373798.67650930583,0.0,1468.9999870728,RFIJA
2025-09-17,Aldazabal,Fixed Income,ARS,467955.2399050526,0.0,1474.499997051,LIQUIDEZ PLUS
2025-09-18,Invertir en Bolsa (IEB),Fixed Income,ARS,269908.76961407997,0.0,1474.499997051,LIQUIDEZ PLUS
2025-09-18,Invertir en Bolsa (IEB),Fixed Income,ARS,269694.134144,0.0,1474.499997051,LIQUIDEZ PLUS
2025-09-18,Comafi Bursátil,Fixed Income,ARS,673709.055264,0.0,1474.499997051,GEST
2025-09-19,Alynk BYMA,Fixed Income,ARS,101692.35003480279,0.0,1474.7500667324,GESTII
2025-09-19,Allaria,Fixed Income,ARS,67639.93591200186,0.0,1474.7500667324,LIQUIDEZ PLUS
2025-09-19,Alynk BYMA,Fixed Income,ARS,61726.3915110017,0.0,1474.7500667324,LIQUIDEZ PLUS
2025-09-19,Aldazabal,Fixed Income,ARS,101612.4720930028,0.0,1474.7500667324,LIQUIDEZ PLUS
2025-09-19,Allaria,Fixed Income,ARS,67645.36056000186,0.0,1474.7500667324,GESTII
2025-09-19,Aldazabal,Fixed Income,ARS,1360.5017184000374,0.0,1474.7500667324,MULTI
2025-09-19,Alynk BYMA,Fixed Income,ARS,19869.129462000546,0.0,1474.7500667324,RMIXTA
2025-09-22,Latin Securities,Fixed Income,ARS,355112.93160508655,0.0,1407.9999459328,RMIXTA
2025-09-22,Puente Hnos,Fixed Income,ARS,355112.93160508655,0.0,1407.9999459328,RMIXTA
2025-09-22,Puente Hnos,Fixed Income,ARS,26464.395902596436,0.0,1407.9999459328,VAL
2025-09-22,Allaria,Fixed Income,ARS,644893.152576397,0.0,1407.9999459328,PERF
2025-09-22,Allaria,Fixed Income,ARS,644893.1527113402,0.0,1407.9999459328,PERF
2025-09-22,Allaria,Fixed Income,ARS,100910.85258236309,0.0,1407.9999459328,GESTII
2025-09-22,Puente Hnos,Fixed Income,ARS,26463.956982125037,0.0,1407.9999459328,VAL
2025-09-22,Allaria,Fixed Income,ARS,213068.1891619321,0.0,1407.9999459328,LIQUIDEZ PLUS
2025-09-22,Puente Hnos,Fixed Income,ARS,374486.3425052755,0.0,1407.9999459328,LIQUIDEZ PLUS
2025-09-22,Cocos Capital,Fixed Income,ARS,7094.85112471501,0.0,1407.9999459328,LIQUIDEZ PLUS
2025-09-22,Cohen,Fixed Income,ARS,46359.6015458337,0.0,1407.9999459328,INC
2025-09-22,Aldazabal,Fixed Income,ARS,45797.61843476491,0.0,1407.9999459328,INC
2025-09-22,Grit Capital Group,Fixed Income,ARS,216161.35731338023,0.0,1407.9999459328,GESTII
2025-09-22,Aldazabal,Fixed Income,ARS,91578.81956776303,0.0,1407.9999459328,INC
2025-09-22,Allaria,Fixed Income,ARS,78125.00317755694,0.0,1407.9999459328,GESTII
2025-09-22,WIN Securities,Fixed Income,ARS,357.9545592000005,0.18255682519200028,1407.9999459328,BALANCEADO
2025-09-22,Aldazabal,Fixed Income,ARS,7083.62953337501,0.0,1407.9999459328,LIQUIDEZ PLUS
2025-09-22,Puente Hnos,Fixed Income,ARS,374486.95898257196,0.0,1407.9999459328,LIQUIDEZ PLUS
2025-09-22,Parakeet Capital,Fixed Income,ARS,108345.88484230015,0.0,1407.9999459328,GESTII
2025-09-23,Aldazabal,Fixed Income,ARS,149644.08542520524,0.0,1368.9999811078,MULTI
2025-09-23,Max Capital,Fixed Income,ARS,292457.27211480006,0.0,1368.9999811078,LIQUIDEZ PLUS
2025-09-23,Grit Capital Group,Fixed Income,ARS,222284.03710696456,0.0,1368.9999811078,GESTII
2025-09-23,WIN Securities,Fixed Income,ARS,112563.91682000001,57.97041716230001,1368.9999811078,GESTII
2025-09-23,Banco Comafi,Fixed Income,ARS,730963.2679397401,0.0,1368.9999811078,GEST
2025-09-23,Puente Hnos,Fixed Income,ARS,112506.21074907949,0.0,1368.9999811078,GESTII
2025-09-23,Max Capital,Fixed Income,ARS,292457.27181531134,0.0,1368.9999811078,LIQUIDEZ PLUS
2025-09-23,WIN Securities,Fixed Income,ARS,0.9249817512600002,0.00046749452800000005,1368.9999811078,GESTII
2025-09-23,Allaria,Fixed Income,ARS,112401.75392513981,0.0,1368.9999811078,PyMES
2025-09-23,Aldazabal,Fixed Income,ARS,149644.08533755003,0.0,1368.9999811078,MULTI
2025-09-23,Allaria,Fixed Income,ARS,103737.32794728002,0.0,1368.9999811078,RBALANCEADO
2025-09-23,Allaria,Fixed Income,ARS,103726.05256363281,0.0,1368.9999811078,RBALANCEADO
2025-09-24,Aldazabal,Fixed Income,ARS,281269.1771610012,0.0,1337.4999130625,RMIXTA
2025-09-24,Grit Capital Group,Fixed Income,ARS,259022.63368880766,0.0,1337.4999130625,RMIXTA
2025-09-24,WIN Securities,Fixed Income,ARS,131.15638235694055,0.0675439296240003,1337.4999130625,GESTII
2025-09-24,Puente Hnos,Fixed Income,ARS,4485.981502803751,0.0,1337.4999130625,VAL
2025-09-24,Allaria,Fixed Income,ARS,44836.57824148039,0.0,1337.4999130625,VAL
2025-09-24,Puente Hnos,Fixed Income,ARS,44836.577987274766,0.0,1337.4999130625,VAL
2025-09-24,Allaria,Fixed Income,ARS,1121685.7551525647,0.0,1337.4999130625,PERF
2025-09-24,Allaria,Fixed Income,ARS,22598.132310000095,0.0,1337.4999130625,RMIXTA
2025-09-24,WIN Securities,Fixed Income,ARS,132.01043101058457,0.0679850511480003,1337.4999130625,GESTII
2025-09-25,Grit Capital Group,Fixed Income,ARS,748857.2613847225,0.0,1336.9999219192,GEST
2025-09-25,Aldazabal,Fixed Income,ARS,336574.4404786848,0.0,1336.9999219192,LIQUIDEZ PLUS
2025-09-25,Allaria,Fixed Income,ARS,187147.88228321343,0.0,1336.9999219192,LIQUIDEZ PLUS
2025-09-25,Aldazabal,Fixed Income,ARS,186985.80011967153,0.0,1336.9999219192,LIQUIDEZ PLUS
2025-09-25,Alchemy Valores,Fixed Income,ARS,163828.76990417458,0.0,1336.9999219192,GESTII
2025-09-25,BTG Pactual,Fixed Income,ARS,336574.43996260397,0.0,1336.9999219192,LIQUIDEZ PLUS
2025-09-25,WIN Securities,Fixed Income,ARS,5251.118840696754,2.704323269376009,1336.9999219192,GESTII
2025-09-25,Grit Capital Group,Fixed Income,ARS,229979.18164320005,0.0,1336.9999219192,RMIXTA
2025-09-25,Grit Capital Group,Fixed Income,ARS,536102.6072246226,0.0,1336.9999219192,RMIXTA
2025-09-25,WIN Securities,Fixed Income,ARS,5236.12910908089,2.6966044955520094,1336.9999219192,GESTII
2025-09-25,Grit Capital Group,Fixed Income,ARS,229979.18155344686,0.0,1336.9999219192,RMIXTA
2025-09-25,Grit Capital Group,Fixed Income,ARS,536102.6073592524,0.0,1336.9999219192,RMIXTA
2025-09-26,Banco Supervielle,Fixed Income,ARS,751956.0579562503,0.0,1326.0000228072,GEST
2025-09-29,Aldazabal,Fixed Income,ARS,199984.55402390013,0.0,1360.00003264,BALANCEADO
2025-09-29,Alchemy Valores,Fixed Income,ARS,70587.59389413304,0.0,1360.00003264,EST
2025-09-30,Grit Capital Group,Fixed Income,ARS,2168695.7085600016,0.0,1379.99996412,GEST
2025-09-30,Aldazabal,Fixed Income,ARS,108712.35789898508,0.0,1379.99996412,GESTII
2025-09-30,Banco Comafi,Fixed Income,ARS,364565.22687000025,0.0,1379.99996412,GEST
2025-09-30,BAVSA,Fixed Income,ARS,723521.7579420005,0.0,1379.99996412,GEST
2025-09-30,Banco Supervielle,Fixed Income,ARS,723409.5840260405,0.0,1379.99996412,GEST
2025-09-30,Aldazabal,Fixed Income,ARS,62018.50338784341,0.0,1379.99996412,GESTII
2025-09-30,Grit Capital Group,Fixed Income,ARS,1097434.8111420008,0.0,1379.99996412,PERF
2025-10-03,Aldazabal,Fixed Income,ARS,140230.52596047183,0.0,1424.5000040598,PERF
2025-10-03,Aldazabal,Fixed Income,ARS,237832.71381849545,0.0,1424.5000040598,RCAP
2025-10-03,Allaria,Fixed Income,ARS,351236.92423590616,0.0,1424.5000040598,GEST
2025-10-03,Aldazabal,Fixed Income,ARS,140242.60542691688,0.0,1424.5000040598,LIQUIDEZ PLUS
2025-10-03,Allaria,Fixed Income,ARS,43511.522515515564,0.0,1424.5000040598,RCAP
2025-10-06,Aldazabal,Fixed Income,ARS,349650.349972028,0.0,1429.99999857,RCAP
2025-10-07,Grit Capital Group,Fixed Income,ARS,433720.11468136247,0.0,1429.4999909227,PERF
2025-10-07,Aldazabal,Fixed Income,ARS,433718.0862378379,0.0,1429.4999909227,PERF
2025-10-07,Aldazabal,Fixed Income,ARS,433718.08599999244,0.0,1429.4999909227,PERF
2025-10-07,Grit Capital Group,Fixed Income,ARS,433718.08599999244,0.0,1429.4999909227,PERF
2025-10-07,Puente Hnos,Fixed Income,ARS,231568.567178746,0.0,1429.4999909227,RMIXTA
2025-10-07,Puente Hnos,Fixed Income,ARS,17488.632730849644,0.0,1429.4999909227,EST
2025-10-07,Alchemy Valores,Fixed Income,ARS,69954.52936341257,0.0,1429.4999909227,INC
2025-10-07,Alchemy Valores,Fixed Income,ARS,69954.52956628069,0.0,1429.4999909227,INC
2025-10-08,Puente Hnos,Fixed Income,ARS,84965.03477027972,0.0,1429.99999857,INC
2025-10-08,Aldazabal,Fixed Income,ARS,63107.6923708,0.0,1429.99999857,GESTII
2025-10-08,Puente Hnos,Fixed Income,ARS,2797.2024013986015,0.0,1429.99999857,RFIJA
2025-10-08,Puente Hnos,Fixed Income,ARS,700.06993077,0.0,1429.99999857,EST
2025-10-08,Aldazabal,Fixed Income,ARS,25185.0014237864,0.0,1429.99999857,RCAP
2025-10-08,Puente Hnos,Fixed Income,ARS,162482.51746318184,0.0,1429.99999857,LIQUIDEZ PLUS
2025-10-08,Puente Hnos,Fixed Income,ARS,700.1890916092801,0.0,1429.99999857,LIQUIDEZ PLUS
2025-10-08,Aldazabal,Fixed Income,ARS,74283.21685750001,0.0,1429.99999857,MULTI
2025-10-13,Aldazabal,Fixed Income,ARS,117583.10658720054,0.0,1419.99990344,LIQUIDEZ PLUS
2025-10-13,Max Capital,Fixed Income,ARS,90125.00612850042,0.0,1419.99990344,LIQUIDEZ PLUS
2025-10-13,Aldazabal,Fixed Income,ARS,220819.29452979655,0.0,1419.99990344,RMIXTA
2025-10-13,Aldazabal,Fixed Income,ARS,781012.4328271553,0.0,1419.99990344,RMIXTA
2025-10-13,Max Capital,Fixed Income,ARS,234670.15680264108,0.0,1419.99990344,LIQUIDEZ PLUS
2025-10-13,Aldazabal,Fixed Income,ARS,257078.74987572117,0.0,1419.99990344,LIQUIDEZ PLUS
2025-10-14,Aldazabal,Fixed Income,ARS,73400.63673838472,0.0,1360.00003264,INC
2025-10-14,Aldazabal,Fixed Income,ARS,65441.175230882385,0.0,1360.00003264,INC
2025-10-14,Aldazabal,Fixed Income,ARS,147058.8199264707,0.0,1360.00003264,PERF
2025-10-15,Aldazabal,Fixed Income,ARS,1305536.2658280008,0.0,1379.99996412,PERF
2025-10-15,Allaria,Fixed Income,ARS,43481.802702990644,0.0,1379.99996412,VAL
2025-10-15,Puente Hnos,Fixed Income,ARS,723608.258973235,0.0,1379.99996412,PERF
2025-10-15,Aldazabal,Fixed Income,ARS,50543.769430080036,0.0,1379.99996412,GESTII
2025-10-15,WIN Securities,Fixed Income,ARS,4017.1846189395537,2.0688551262540016,1379.99996412,GESTII
2025-10-15,Allaria,Fixed Income,ARS,43478.262130434814,0.0,1379.99996412,GESTII
2025-10-15,Puente Hnos,Fixed Income,ARS,481213.1496419767,0.0,1379.99996412,LIQUIDEZ PLUS
2025-10-15,Aldazabal,Fixed Income,ARS,145063.0472499001,0.0,1379.99996412,LIQUIDEZ PLUS
2025-10-15,Aldazabal,Fixed Income,ARS,143904.3515676001,0.0,1379.99996412,LIQUIDEZ PLUS
2025-10-15,Alchemy Valores,Fixed Income,ARS,79029.54553302906,0.0,1379.99996412,PERF
2025-10-15,Allaria,Fixed Income,ARS,29347.82658913045,0.0,1379.99996412,EST
2025-10-15,Grit Capital Group,Fixed Income,ARS,72406.95840432004,0.0,1379.99996412,LIQUIDEZ PLUS
2025-10-15,Max Capital,Fixed Income,ARS,72103.69752687005,0.0,1379.99996412,LIQUIDEZ PLUS
2025-10-15,WIN Securities,Fixed Income,ARS,3996.423973472241,2.0581594738020015,1379.99996412,GESTII
2025-10-16,Puente Hnos,Fixed Income,ARS,356633.04336660105,0.0,1401.9999248528,GEST
2025-10-16,Alchemy Valores,Fixed Income,ARS,16866.97665300005,0.0,1401.9999248528,VAL
2025-10-16,Aldazabal,Fixed Income,ARS,6265.840071940326,0.0,1401.9999248528,VAL
2025-10-16,Aldazabal,Fixed Income,ARS,290158.31692195794,0.0,1401.9999248528,INC
2025-10-16,Aldazabal,Fixed Income,ARS,1432.168407720004,0.0,1401.9999248528,RFIJA
2025-10-16,Alchemy Valores,Fixed Income,ARS,22824.537678459415,0.0,1401.9999248528,PERF
2025-10-16,Banco Santander,Fixed Income,ARS,175275.2863419736,0.0,1401.9999248528,RBALANCEADO
2025-10-16,Aldazabal,Fixed Income,ARS,21329.530387200062,0.0,1401.9999248528,GESTII
2025-10-16,Aldazabal,Fixed Income,ARS,71223.97065783308,0.0,1401.9999248528,MULTI
2025-10-16,Aldazabal,Fixed Income,ARS,112582.2509131533,0.0,1401.9999248528,PyMES
2025-10-17,Aldazabal,Fixed Income,ARS,34419.725514720056,0.0,1449.999942,PyMES
2025-10-17,Aldazabal,Fixed Income,ARS,34390.80137563206,0.0,1449.999942,RBALANCEADO
2025-10-17,Aldazabal,Fixed Income,ARS,359379.7465062243,0.0,1449.999942,PERF
2025-10-17,Aldazabal,Fixed Income,ARS,454114.0675162868,0.0,1449.999942,LIQUIDEZ PLUS
2025-10-17,Allaria,Fixed Income,ARS,21689.13997791043,0.0,1449.999942,EST
2025-10-17,Puente Hnos,Fixed Income,ARS,34482.7597931035,0.0,1449.999942,VAL
2025-10-17,Bull Market Brokers,Fixed Income,ARS,34482.76013103454,0.0,1449.999942,VAL
2025-10-17,Grit Capital Group,Fixed Income,ARS,383856.8429404806,0.0,1449.999942,LIQUIDEZ PLUS
2025-10-17,Grit Capital Group,Fixed Income,ARS,688353.4758100011,0.0,1449.999942,GEST
2025-10-17,Grit Capital Group,Fixed Income,ARS,688826.7516910011,0.0,1449.999942,GEST
2025-10-17,Comafi Bursátil,Fixed Income,ARS,689089.6827360011,0.0,1449.999942,GEST
2025-10-20,WIN Securities,Fixed Income,ARS,686.338981335,0.35003389742999996,1475.0000036875,RFIJA
2025-10-20,Alchemy Valores,Fixed Income,ARS,156610.16924237288,0.0,1475.0000036875,LIQUIDEZ PLUS
2025-10-20,Aldazabal,Fixed Income,ARS,517367.2987743783,0.0,1475.0000036875,PERF
2025-10-20,Puente Hnos,Fixed Income,ARS,517367.2987743783,0.0,1475.0000036875,PERF
2025-10-20,Allaria,Fixed Income,ARS,130801.64642553826,0.0,1475.0000036875,PyMES
2025-10-20,Allaria,Fixed Income,ARS,130801.647130623,0.0,1475.0000036875,PyMES
2025-10-20,Aldazabal,Fixed Income,ARS,517367.2986387851,0.0,1475.0000036875,PERF
2025-10-20,Puente Hnos,Fixed Income,ARS,517367.2986387851,0.0,1475.0000036875,PERF
2025-10-20,WIN Securities,Fixed Income,ARS,325423.72772203386,0.0,1475.0000036875,RCAP
2025-10-21,Grit Capital Group,Fixed Income,ARS,60774.93457962996,0.0,1490.5000001491,GESTII
2025-10-23,Allaria,Fixed Income,ARS,117417.09557542512,0.0,1479.0000480675,GESTII
2025-10-23,Allaria,Fixed Income,ARS,114945.75691335011,0.0,1479.0000480675,GESTII
2025-10-23,BTG Pactual,Fixed Income,ARS,167048.67611250016,0.0,1479.0000480675,INC
2025-10-23,Allaria,Fixed Income,ARS,114954.92324165262,0.0,1479.0000480675,PERF
2025-10-23,Allaria,Fixed Income,ARS,117426.46271508012,0.0,1479.0000480675,PERF
2025-10-28,Allaria,Fixed Income,ARS,620238.0871750001,0.0,1470.00001911,RCAP
2025-10-28,Puente Hnos,Fixed Income,ARS,533469.3808200001,0.0,1470.00001911,RCAP
2025-10-28,Aldazabal,Fixed Income,ARS,110764.10060088302,0.0,1470.00001911,RCAP
2025-10-28,Aldazabal,Fixed Income,ARS,17687.074341496605,0.0,1470.00001911,GESTII
2025-10-29,Cohen,Fixed Income,ARS,23002.55053832324,0.0,1436.0000620352,INC
2025-10-29,BTG Pactual,Fixed Income,ARS,208824.0404216984,0.0,1436.0000620352,RFIJA
2025-10-30,Aldazabal,Fixed Income,ARS,52167.323265083,0.0,1437.9999836068,LIQUIDEZ PLUS
2025-10-30,Aldazabal,Fixed Income,ARS,52130.34829943201,0.0,1437.9999836068,LIQUIDEZ PLUS
2025-10-30,Aldazabal,Fixed Income,ARS,150593.85159159606,0.0,1437.9999836068,BALANCEADO
2025-10-30,Aldazabal,Fixed Income,ARS,38459.488616463204,0.0,1437.9999836068,BALANCEADO
2025-11-03,Aldazabal,Fixed Income,ARS,67451.81859768015,0.0,1482.0000717288,LIQUIDEZ PLUS
2025-11-03,Grit Capital Group,Fixed Income,ARS,337333.00998887175,0.0,1482.0000717288,RETORNO TOTAL
2025-11-03,Allaria,Fixed Income,ARS,337672.04843400075,0.0,1482.0000717288,RETORNO TOTAL
2025-11-03,Aldazabal,Fixed Income,ARS,28434.479055620064,0.0,1482.0000717288,VAL
2025-11-03,Aldazabal,Fixed Income,ARS,40652.15727670009,0.0,1482.0000717288,GESTII
2025-11-03,Aldazabal,Fixed Income,ARS,674735.6211889498,0.0,1482.0000717288,PERF
2025-11-03,Aldazabal,Fixed Income,ARS,40490.88872850009,0.0,1482.0000717288,GESTII
2025-11-04,WIN Securities,Fixed Income,ARS,678.5591380875002,0.3494566665690001,1454.0000194836,VAL
2025-11-05,Aldazabal,Fixed Income,ARS,137831.05376964033,0.0,1452.0000720192,LIQUIDEZ PLUS
2025-11-05,Allaria,Fixed Income,ARS,68933.32991424017,0.0,1452.0000720192,GESTII
2025-11-05,Aldazabal,Fixed Income,ARS,69072.44836464018,0.0,1452.0000720192,GESTII
2025-11-05,Grit Capital Group,Fixed Income,ARS,275410.9367528407,0.0,1452.0000720192,LIQUIDEZ PLUS
2025-11-05,Aldazabal,Fixed Income,ARS,275598.0923909407,0.0,1452.0000720192,LIQUIDEZ PLUS
2025-11-05,Grit Capital Group,Fixed Income,ARS,275822.16262776067,0.0,1452.0000720192,LIQUIDEZ PLUS
2025-11-05,Aldazabal,Fixed Income,ARS,2066.1155104683294,0.0,1452.0000720192,VAL
2025-11-05,Allaria,Fixed Income,ARS,137753.19564678034,0.0,1452.0000720192,GESTII
2025-11-07,Alchemy Valores,Fixed Income,ARS,141342.7596113075,0.0,1414.999961795,INC
2025-11-07,Aldazabal,Fixed Income,ARS,152042.96403448866,0.0,1414.999961795,GESTII
2025-11-07,Aldazabal,Fixed Income,ARS,54527.80005882304,0.0,1414.999961795,GESTII
2025-11-07,Aldazabal,Fixed Income,ARS,43038.86998183748,0.0,1414.999961795,PERF
2025-11-07,Aldazabal,Fixed Income,ARS,54532.315818662275,0.0,1414.999961795,PERF
2025-11-07,Alchemy Valores,Fixed Income,ARS,10600.707600706737,0.0,1414.999961795,BALANCEADO
2025-11-07,Allaria,Fixed Income,ARS,141332.1592930001,0.0,1414.999961795,RCAP
2025-11-07,Aldazabal,Fixed Income,ARS,152054.30460016587,0.0,1414.999961795,PERF
2025-11-07,Allaria,Fixed Income,ARS,353356.900035336,0.0,1414.999961795,RMIXTA
2025-11-07,Aldazabal,Fixed Income,ARS,43038.86998183748,0.0,1414.999961795,GESTII
2025-11-10,Aldazabal,Fixed Income,ARS,292012.36176250986,0.0,1420.4999449556,LIQUIDEZ PLUS
2025-11-10,Max Capital,Fixed Income,ARS,283380.7219982554,0.0,1420.4999449556,LIQUIDEZ PLUS
2025-11-10,Grit Capital Group,Fixed Income,ARS,709333.9028826886,0.0,1420.4999449556,PERF
2025-11-10,Allaria,Fixed Income,ARS,492919.3714413594,0.0,1420.4999449556,LIQUIDEZ PLUS
2025-11-10,Banco Galicia,Licitaciones,ARS,211193.25000000402,0.0,1420.4999449556,RETORNO TOTAL
2025-11-10,Allaria,Fixed Income,ARS,352126.6239933817,0.0,1420.4999449556,RETORNO TOTAL
2025-11-10,Grit Capital Group,Fixed Income,ARS,130405.91846400248,0.0,1420.4999449556,RETORNO TOTAL
2025-11-10,Max Capital,Fixed Income,ARS,7158.384114064736,0.0,1420.4999449556,VAL
2025-11-10,Aldazabal,Fixed Income,ARS,36793.71064082205,0.0,1420.4999449556,GESTII
2025-11-10,Aldazabal,Fixed Income,ARS,20698.13538142657,0.0,1420.4999449556,GESTII
2025-11-10,Max Capital,Fixed Income,ARS,283380.7215829087,0.0,1420.4999449556,LIQUIDEZ PLUS
2025-11-10,Aldazabal,Fixed Income,ARS,292012.3615161177,0.0,1420.4999449556,LIQUIDEZ PLUS
2025-11-10,Banco Galicia,Licitaciones,ARS,287851.05001378973,0.0,1420.4999449556,LIQUIDEZ PLUS
2025-11-10,Banco Galicia,Licitaciones,ARS,281591.00000000536,0.0,1420.4999449556,LIQUIDEZ PLUS
2025-11-10,Grit Capital Group,Fixed Income,ARS,709333.9022843076,0.0,1420.4999449556,PERF
2025-11-10,Banco Galicia,Licitaciones,ARS,78824.84022447451,0.0,1420.4999449556,RBALANCEADO
2025-11-10,Banco Galicia,Licitaciones,ARS,196357.7586120345,0.0,1420.4999449556,RFIJA
2025-11-10,Max Capital,Fixed Income,ARS,26109.76297585092,0.0,1420.4999449556,PyMES
2025-11-11,Aldazabal,Fixed Income,ARS,422386.5028018385,0.0,1420.4999449556,LIQUIDEZ PLUS
2025-11-11,Cocos Capital,Fixed Income,ARS,334028.7411238378,0.0,1420.4999449556,LIQUIDEZ PLUS
2025-11-11,Aldazabal,Fixed Income,ARS,36864.80352636465,0.0,1420.4999449556,GESTII
2025-11-11,Aldazabal,Fixed Income,ARS,36861.17009433368,0.0,1420.4999449556,LIQUIDEZ PLUS
2025-11-12,Aldazabal,Fixed Income,ARS,84985.83555382436,0.0,1411.9999949168,RCAP
2025-11-17,WIN Securities,Fixed Income,ARS,968.7093998000021,0.4988824569750011,1387.0000644955,VAL
2025-11-17,Balanz Capital,Fixed Income,ARS,2162472.8626750046,0.0,1387.0000644955,GEST
2025-11-17,Grit Capital Group,Fixed Income,ARS,1080703.7276852722,0.0,1387.0000644955,LIQUIDEZ PLUS
2025-11-17,Grit Capital Group,Fixed Income,ARS,1080115.3061408964,0.0,1387.0000644955,LIQUIDEZ PLUS
2025-11-17,Grit Capital Group,Fixed Income,ARS,1080762.500739497,0.0,1387.0000644955,LIQUIDEZ PLUS
2025-11-17,Grit Capital Group,Fixed Income,ARS,1080115.3066600023,0.0,1387.0000644955,LIQUIDEZ PLUS
2025-11-18,Aldazabal,Fixed Income,ARS,21449.95671385801,0.0,1400.000028,VAL
2025-11-20,Allaria,Fixed Income,ARS,20754.31752385828,0.0,1424.9999715,PERF
2025-11-20,Allaria,Fixed Income,ARS,249733.6554087082,0.0,1424.9999715,PERF
2025-11-20,Allaria,Fixed Income,ARS,249709.2071906754,0.0,1424.9999715,LIQUIDEZ PLUS
2025-11-20,Allaria,Fixed Income,ARS,20752.32497645001,0.0,1424.9999715,GESTII
2025-11-20,Cohen,Fixed Income,ARS,21041.51726293561,0.0,1424.9999715,BALANCEADO
2025-11-27,Cohen,Fixed Income,ARS,36463.70924991339,0.0,1453.4999916424,BALANCEADO
2025-11-27,Alchemy Valores,Fixed Income,ARS,10476.960314800306,0.0,1453.4999916424,BALANCEADO
2025-11-28,Aldazabal,Fixed Income,ARS,516728.9900542419,0.0,1451.4999437544,LIQUIDEZ PLUS
2025-11-28,Comafi Bursátil,Fixed Income,ARS,687212.7031709892,0.0,1451.4999437544,LIQUIDEZ PLUS
2025-11-28,Banco Galicia,Licitaciones,ARS,37877.331815661906,0.0,1451.4999437544,BALANCEADO
2025-11-28,Grit Capital Group,Fixed Income,ARS,27524.39651954957,0.0,1451.4999437544,GESTII
2025-11-28,Banco Galicia,Licitaciones,ARS,417355.30105022347,0.0,1451.4999437544,LIQUIDEZ PLUS
2025-11-28,Comafi Bursátil,Fixed Income,ARS,689003.1958342391,0.0,1451.4999437544,PERF
2025-11-28,Banco Galicia,Licitaciones,ARS,73188.38795489135,0.0,1451.4999437544,RBALANCEADO
2025-11-28,Banco Galicia,Licitaciones,ARS,306248.4610576152,0.0,1451.4999437544,RFIJA
2025-12-01,Cocos Capital,Fixed Income,ARS,192625.50591411447,0.0,1451.4999437544,LIQUIDEZ PLUS
2025-12-03,Grit Capital Group,Fixed Income,ARS,41380.589131200184,0.0,1453.0000964792,RCAP
2025-12-03,Grit Capital Group,Fixed Income,ARS,23233.838003040535,0.0,1453.0000964792,RCAP
2025-12-04,Allaria,Fixed Income,ARS,219585.4994191603,0.0,1443.9999491712,RCAP
2025-12-04,Aldazabal,Fixed Income,ARS,79637.2604209601,0.0,1443.9999491712,BALANCEADO
2025-12-04,Banco Santander,Fixed Income,ARS,61244.41628322728,0.0,1443.9999491712,BALANCEADO
2025-12-05,Aldazabal,Fixed Income,ARS,183292.9491707883,0.0,1435.0000236775,LIQUIDEZ PLUS
2025-12-05,Aldazabal,Fixed Income,ARS,13936.711965166205,0.0,1435.0000236775,LIQUIDEZ PLUS
2025-12-05,Aldazabal,Fixed Income,ARS,13937.926599292505,0.0,1435.0000236775,GESTII
2025-12-05,Aldazabal,Fixed Income,ARS,3840.5574279200014,0.0,1435.0000236775,RFIJA
2025-12-05,Aldazabal,Fixed Income,ARS,26586.32815366008,0.0,1435.0000236775,PyMES
2025-12-05,Aldazabal,Fixed Income,ARS,183308.92380467107,0.0,1435.0000236775,PERF
2025-12-10,Aldazabal,Fixed Income,ARS,417394.3546992303,0.0,1437.4999460938,PERF
2025-12-10,Grit Capital Group,Fixed Income,ARS,652232.5160621749,0.0,1437.4999460938,LIQUIDEZ PLUS
2025-12-10,BTG Pactual,Fixed Income,ARS,412520.98938256624,0.0,1437.4999460938,LIQUIDEZ PLUS
2025-12-10,Aldazabal,Fixed Income,ARS,417391.31910259475,0.0,1437.4999460938,LIQUIDEZ PLUS
2025-12-10,Banco Santander,Fixed Income,ARS,412545.3176617394,0.0,1437.4999460938,LIQUIDEZ PLUS
2025-12-11,Aldazabal,Fixed Income,ARS,76257.66105107294,0.0,1436.0000620352,RETORNO TOTAL
2025-12-12,Allaria,Fixed Income,ARS,360023.03927498613,0.0,1441.0000540375,RETORNO TOTAL
2025-12-12,Allaria,Fixed Income,ARS,360023.0392888654,0.0,1441.0000540375,RETORNO TOTAL
2025-12-12,Banco Santander,Fixed Income,ARS,359229.180005658,0.0,1441.0000540375,RMIXTA
2025-12-12,Aldazabal,Fixed Income,ARS,138804.1072167752,0.0,1441.0000540375,LIQUIDEZ PLUS
2025-12-12,Aldazabal,Fixed Income,ARS,347005.669291243,0.0,1441.0000540375,LIQUIDEZ PLUS
2025-12-12,Aldazabal,Fixed Income,ARS,22205.887161727533,0.0,1441.0000540375,LIQUIDEZ PLUS
2025-12-12,Aldazabal,Fixed Income,ARS,346980.5002429155,0.0,1441.0000540375,PERF
2025-12-12,Aldazabal,Fixed Income,ARS,22204.276405368782,0.0,1441.0000540375,GESTII
2025-12-12,Aldazabal,Fixed Income,ARS,138792.0697432502,0.0,1441.0000540375,PERF
2025-12-12,Banco Santander,Fixed Income,ARS,359229.179506005,0.0,1441.0000540375,RMIXTA
2025-12-12,Alchemy Valores,Fixed Income,ARS,478313.65272944205,0.0,1441.0000540375,PERF
2025-12-12,Puente Hnos,Fixed Income,ARS,488693.2401542256,0.0,1441.0000540375,PERF
2025-12-12,Puente Hnos,Fixed Income,ARS,487881.5281305357,0.0,1441.0000540375,PERF
2025-12-12,Alchemy Valores,Fixed Income,ARS,478313.6531250007,0.0,1441.0000540375,PERF
2025-12-15,Banco Galicia,Licitaciones,ARS,186305.1847999937,0.0,1438.4999552627,RBALANCEADO
2025-12-15,WIN Securities,Fixed Income,ARS,278.0251459423666,0.14318387654199516,1438.4999552627,RETORNO TOTAL
2025-12-15,Puente Hnos,Fixed Income,ARS,220125.1368563116,0.0,1438.4999552627,RETORNO TOTAL
2025-12-15,Puente Hnos,Fixed Income,ARS,220125.13718999256,0.0,1438.4999552627,RETORNO TOTAL
2025-12-15,Banco Santander,Fixed Income,ARS,1739874.923765941,0.0,1438.4999552627,GEST
2025-12-15,Option Securities,Licitaciones,ARS,1739311.8371999413,0.0,1438.4999552627,GEST
2025-12-16,Alchemy Valores,Fixed Income,ARS,251626.25113875137,0.0,1450.9999493601,PERF
2025-12-16,Alchemy Valores,Fixed Income,ARS,251626.25110429237,0.0,1450.9999493601,PERF
2025-12-16,Aldazabal,Fixed Income,ARS,649207.4654691945,0.0,1450.9999493601,PERF
2025-12-16,Allaria,Fixed Income,ARS,1496932.998921115,0.0,1450.9999493601,PERF
2025-12-18,Aldazabal,Fixed Income,ARS,672037.2736263959,0.0,1450.9999493601,PERF
2025-12-18,Aldazabal,Fixed Income,ARS,672037.2734541009,0.0,1450.9999493601,PERF
2025-12-22,Aldazabal,Fixed Income,ARS,25190.964597635593,0.0,1452.0000720192,GESTII
2025-12-22,Aldazabal,Fixed Income,ARS,173720.10157632045,0.0,1452.0000720192,GESTII
2025-12-22,Aldazabal,Fixed Income,ARS,25192.24017608472,0.0,1452.0000720192,LIQUIDEZ PLUS
2025-12-22,Aldazabal,Fixed Income,ARS,173732.56714044043,0.0,1452.0000720192,LIQUIDEZ PLUS
2025-12-23,Aldazabal,Fixed Income,ARS,115646.90272663515,0.0,1450.9999493601,INC
2025-12-29,Allaria,Fixed Income,ARS,41317.77593446809,0.0,1456.9999962118,BALANCEADO
2025-12-29,Allaria,Fixed Income,ARS,123747.42651940975,0.0,1456.9999962118,BALANCEADO
2025-12-29,Allaria,Fixed Income,ARS,41320.7617546543,0.0,1456.9999962118,RBALANCEADO
2025-12-29,Invertir en Bolsa (IEB),Fixed Income,ARS,379958.82048,0.0,1456.9999962118,LIQUIDEZ PLUS
2025-12-29,Invertir en Bolsa (IEB),Fixed Income,ARS,380238.8479344,0.0,1456.9999962118,LIQUIDEZ PLUS
2025-12-29,WIN Securities,Fixed Income,ARS,8545.9849227,0.0,1456.9999962118,RCAP
2025-12-29,Allaria,Fixed Income,ARS,123756.30876377053,0.0,1456.9999962118,RBALANCEADO
2025-12-30,Aldazabal,Fixed Income,ARS,143642.60631202767,0.0,1455.00004947,RCAP
2025-12-30,Banco Santander,Fixed Income,ARS,68694.01828296008,0.0,1455.00004947,GESTII
2025-12-30,WIN Securities,Fixed Income,ARS,64682.185917644165,33.31132532789604,1455.00004947,BALANCEADO
2026-01-02,Puente Hnos,Fixed Income,ARS,184883.6179513503,0.0,1475.0000036875,RCAP
2026-01-06,Allaria,Fixed Income,ARS,136224.53049449538,0.0,1467.5000110063,RCAP
2026-01-06,Aldazabal,Fixed Income,ARS,2718091.972799908,0.0,1467.5000110063,RCAP
2026-01-06,WIN Securities,Fixed Income,ARS,14238.602959649515,7.332885805309751,1467.5000110063,RBALANCEADO
2026-01-08,Aldazabal,Fixed Income,ARS,20422.684148481003,0.0,1464.0000199104,GESTII
2026-01-08,Grit Capital Group,Fixed Income,ARS,340710.3778800001,0.0,1464.0000199104,PERF
2026-01-12,Aldazabal,Fixed Income,ARS,5755.911370799805,0.0,1467.5000110063,RETORNO TOTAL
2026-01-13,Puente Hnos,Fixed Income,ARS,6861.2217062400005,0.0,1456.9999962118,RETORNO TOTAL
2026-01-13,Aldazabal,Fixed Income,ARS,1932.87577716,0.0,1456.9999962118,RBALANCEADO
2026-01-13,Aldazabal,Fixed Income,ARS,27368.7378885918,0.0,1456.9999962118,RBALANCEADO
2026-01-13,Aldazabal,Fixed Income,ARS,396224.27378241374,0.0,1456.9999962118,LIQUIDEZ PLUS
2026-01-15,Puente Hnos,Fixed Income,ARS,117976.95602000017,0.0,1441.0000540375,MULTI
2026-01-15,Puente Hnos,Fixed Income,ARS,277295.4233280004,0.0,1441.0000540375,INC
2026-01-16,Aldazabal,Fixed Income,ARS,17473.811206285,0.0,1429.99999857,PERF
2026-01-19,Aldazabal,Fixed Income,ARS,35019.1021329212,0.0,1429.99999857,PERF
2026-01-19,Aldazabal,Fixed Income,ARS,17519.286730806,0.0,1429.99999857,LIQUIDEZ PLUS
2026-01-19,Grit Capital Group,Fixed Income,ARS,35033.622412656005,0.0,1429.99999857,RBALANCEADO
2026-01-19,Puente Hnos,Fixed Income,ARS,94439.328765768,0.0,1429.99999857,LIQUIDEZ PLUS
2026-01-19,Aldazabal,Fixed Income,ARS,17520.524493045003,0.0,1429.99999857,GESTII
2026-01-20,Aldazabal,Fixed Income,ARS,3472.3736198398788,0.0,1434.5000121933,LIQUIDEZ PLUS
2026-01-20,Aldazabal,Fixed Income,ARS,3472.073863829879,0.0,1434.5000121933,PERF
2026-01-21,Aldazabal,Fixed Income,ARS,69782.04383672432,0.0,1430.4999468569,LIQUIDEZ PLUS
2026-01-21,Puente Hnos,Fixed Income,ARS,69865.75582864933,0.0,1430.4999468569,LIQUIDEZ PLUS
2026-01-21,Puente Hnos,Fixed Income,ARS,419414.31827261596,0.0,1430.4999468569,LIQUIDEZ PLUS
2026-01-21,Aldazabal,Fixed Income,ARS,986088.8167800186,0.0,1430.4999468569,GEST
2026-01-21,Aldazabal,Fixed Income,ARS,69776.01098085532,0.0,1430.4999468569,PERF
2026-01-23,Aldazabal,Fixed Income,ARS,795.310530256,0.0,1433.0000127537,VAL
2026-01-23,Aldazabal,Fixed Income,ARS,795.366357192,0.0,1433.0000127537,LIQUIDEZ PLUS
2026-01-26,Aldazabal,Fixed Income,ARS,695547.167648212,0.0,1437.4999460938,LIQUIDEZ PLUS
2026-01-27,Puente Hnos,Fixed Income,ARS,144505.89746634962,0.0,1442.5000025244,RBALANCEADO
2026-01-27,Allaria,Fixed Income,ARS,82765.06384129488,0.0,1442.5000025244,RBALANCEADO
2026-01-27,Aldazabal,Fixed Income,ARS,49336.568371199144,0.0,1442.5000025244,RBALANCEADO
2026-01-27,Aldazabal,Fixed Income,ARS,49341.386395454145,0.0,1442.5000025244,LIQUIDEZ PLUS
2026-01-27,Banco Santander,Fixed Income,ARS,177469.67039999692,0.0,1442.5000025244,LIQUIDEZ PLUS
2026-01-27,Grit Capital Group,Fixed Income,ARS,2121455.8021799633,0.0,1442.5000025244,RMIXTA
2026-01-28,Grit Capital Group,Fixed Income,ARS,2481307.772488096,0.0,1444.4999292917,RMIXTA
2026-01-28,Grit Capital Group,Fixed Income,ARS,2479956.987402937,0.0,1444.4999292917,RMIXTA
2026-01-28,Grit Capital Group,Fixed Income,ARS,2479956.9886075063,0.0,1444.4999292917,RMIXTA
2026-01-28,Grit Capital Group,Fixed Income,ARS,2481448.431269644,0.0,1444.4999292917,RMIXTA
2026-01-28,Grit Capital Group,Fixed Income,ARS,903351.3078189236,0.0,1444.4999292917,PERF
2026-01-28,Grit Capital Group,Fixed Income,ARS,902808.3601357179,0.0,1444.4999292917,PERF
2026-01-28,Grit Capital Group,Fixed Income,ARS,903300.1025758495,0.0,1444.4999292917,PERF
2026-01-28,Grit Capital Group,Fixed Income,ARS,902808.3601495635,0.0,1444.4999292917,PERF
2026-01-29,Grit Capital Group,Fixed Income,ARS,902808.3601495635,0.0,1444.4999292917,PERF
2026-01-29,Grit Capital Group,Fixed Income,ARS,903423.0381789596,0.0,1444.4999292917,PERF
2026-01-29,Grit Capital Group,Fixed Income,ARS,2479956.987402937,0.0,1444.4999292917,RMIXTA
2026-01-29,Grit Capital Group,Fixed Income,ARS,2481645.4687593854,0.0,1444.4999292917,RMIXTA
2026-01-30,Aldazabal,Fixed Income,ARS,27614.89274375,0.0,1447.000007235,RBALANCEADO
2026-02-04,Aldazabal,Fixed Income,ARS,69049.12671779792,0.0,1447.4999721356,LIQUIDEZ PLUS
2026-02-04,Aldazabal,Fixed Income,ARS,414995.2826000653,0.0,1447.4999721356,LIQUIDEZ PLUS
2026-02-04,Aldazabal,Fixed Income,ARS,69099.93915400922,0.0,1447.4999721356,LOW
2026-02-04,Puente Hnos,Fixed Income,ARS,69035.93915277721,0.0,1447.4999721356,LOW
2026-02-04,Aldazabal,Fixed Income,ARS,69073.48664918222,0.0,1447.4999721356,LOW
2026-02-04,Aldazabal,Fixed Income,ARS,414960.3326857483,0.0,1447.4999721356,RMIXTA
2026-02-04,Aldazabal,Fixed Income,ARS,69043.30288348891,0.0,1447.4999721356,RMIXTA
2026-02-05,Aldazabal,Fixed Income,ARS,821359.251720001,0.0,1441.9999501068,RMIXTA
2026-02-05,Banco Santander,Fixed Income,ARS,701891.3197084633,0.0,1441.9999501068,LIQUIDEZ PLUS
2026-02-09,Allaria,Fixed Income,ARS,90901.30787887503,0.0,1415.9999784768,GESTII
2026-02-09,WIN Securities,Fixed Income,ARS,701.0847564192002,0.3575565026100001,1415.9999784768,RBALANCEADO
2026-02-09,Allaria,Fixed Income,ARS,2349134.9227125007,0.0,1415.9999784768,LIQUIDEZ PLUS
2026-02-09,Allaria,Fixed Income,ARS,57196.328553000014,0.0,1415.9999784768,VAL
2026-02-09,Puente Hnos,Fixed Income,ARS,839131.3686870002,0.0,1415.9999784768,PERF
2026-02-09,Allaria,Fixed Income,ARS,158311.26653062506,0.0,1415.9999784768,PyMES
2026-02-09,Puente Hnos,Fixed Income,ARS,838629.9562500003,0.0,1415.9999784768,PERF
2026-02-10,Aldazabal,Fixed Income,ARS,940475.6030038766,0.0,1405.9999077664,PERF
2026-02-10,Aldazabal,Fixed Income,ARS,14769.632547835265,0.0,1405.9999077664,GESTII
2026-02-12,Aldazabal,Fixed Income,ARS,712802.8891240007,0.0,1394.9999574525,LIQUIDEZ PLUS
2026-02-13,Banco Galicia,Licitaciones,ARS,74169.34541999867,0.0,1399.5000146248,GESTII
2026-02-13,BBVA,Licitaciones,ARS,1112540.1812999803,0.0,1399.5000146248,PERF
2026-02-13,Banco Galicia,Licitaciones,ARS,594067.9297976958,0.0,1399.5000146248,RETORNO TOTAL
2026-02-13,Aldazabal,Fixed Income,ARS,95741.9604142858,0.0,1399.5000146248,INC
2026-02-13,BBVA,Licitaciones,ARS,285816.3602072118,0.0,1399.5000146248,INC
2026-02-13,BBVA,Licitaciones,ARS,71454.09023579722,0.0,1399.5000146248,BALANCEADO
2026-02-13,BBVA,Licitaciones,ARS,278135.04532499507,0.0,1399.5000146248,LIQUIDEZ PLUS
2026-02-13,BBVA,Licitaciones,ARS,519185.41793999076,0.0,1399.5000146248,RMIXTA
2026-02-13,BBVA,Licitaciones,ARS,713166.7832297808,0.0,1399.5000146248,GEST
2026-02-13,Banco Galicia,Licitaciones,ARS,107181.13535726855,0.0,1399.5000146248,RCAP
2026-02-19,Aldazabal,Fixed Income,ARS,21551.2410427776,0.0,1389.0000088896,GESTII
2026-02-19,Aldazabal,Fixed Income,ARS,983777.3047909383,0.0,1389.0000088896,LIQUIDEZ PLUS
2026-02-23,Aldazabal,Fixed Income,ARS,40818.56213368875,0.0,1370.5000145958,BALANCEADO
2026-02-23,Allaria,Fixed Income,ARS,763.954752900014,0.0,1370.5000145958,RMIXTA
2026-02-23,Banco Santander,Fixed Income,ARS,1276576.061413609,0.0,1370.5000145958,RMIXTA
2026-02-23,Banco Santander,Fixed Income,ARS,1276576.0611801175,0.0,1370.5000145958,RMIXTA
2026-02-23,Allaria,Fixed Income,ARS,186793.1390613679,0.0,1370.5000145958,RCAP
2026-02-23,Allaria,Fixed Income,ARS,764.027718970014,0.0,1370.5000145958,PERF
2026-02-26,Criteria,Fixed Income,ARS,721563.6207123044,0.0,1407.9999459328,GEST
2026-02-27,Comafi Bursátil,Fixed Income,ARS,206129.8672772281,0.0,1397.0000262636,EST
2026-02-27,Aldazabal,Fixed Income,ARS,207212.5945296001,0.0,1397.0000262636,LIQUIDEZ PLUS
2026-02-27,Aldazabal,Fixed Income,ARS,81469.24633523572,0.0,1397.0000262636,GESTII
2026-03-03,Allaria,Fixed Income,ARS,35994.91263264003,0.0,1414.999961795,LIQUIDEZ PLUS
2026-03-03,Allaria,Fixed Income,ARS,35991.52040640003,0.0,1414.999961795,GESTII
2026-03-03,Allaria,Fixed Income,ARS,750.0353559400005,0.0,1414.999961795,INC
2026-03-03,Aldazabal,Fixed Income,ARS,520850.47342692036,0.0,1414.999961795,LIQUIDEZ PLUS
2026-03-03,INVIU,Fixed Income,ARS,423869.7994303503,0.0,1414.999961795,INC
2026-03-03,Allaria,Fixed Income,ARS,749.9646845600006,0.0,1414.999961795,RCAP
2026-03-03,INVIU,Fixed Income,ARS,51014.41833852004,0.0,1414.999961795,BALANCEADO
2026-03-03,INVIU,Fixed Income,ARS,377056.56848441425,0.0,1414.999961795,RCAP
2026-03-03,Allaria,Fixed Income,ARS,1125484.836041801,0.0,1414.999961795,PERF
2026-03-04,Grit Capital Group,Fixed Income,ARS,12153.944963120217,0.0,1400.5000065123,BALANCEADO
2026-03-04,Grit Capital Group,Fixed Income,ARS,31448.332592073562,0.0,1400.5000065123,INC
2026-03-04,Grit Capital Group,Fixed Income,ARS,64383.43418830115,0.0,1400.5000065123,LOW
2026-03-05,Aldazabal,Fixed Income,ARS,12860.555203080054,0.0,1406.9999089671,LOW
2026-03-05,Aldazabal,Fixed Income,ARS,138234.82770711958,0.0,1406.9999089671,RCAP
2026-03-06,Allaria,Fixed Income,ARS,970029.6334873884,0.0,1415.9999784768,PERF
2026-03-06,Aldazabal,Fixed Income,ARS,274978.18214577006,0.0,1415.9999784768,RCAP
2026-03-06,Aldazabal,Fixed Income,ARS,3756.532542975001,0.0,1415.9999784768,RMIXTA
2026-03-10,Grit Capital Group,Fixed Income,ARS,380772.37809883815,0.0,1400.000028,RCAP
2026-03-12,Aldazabal,Fixed Income,ARS,645392.6096414371,0.0,1394.5000082973,PERF
2026-03-12,Aldazabal,Fixed Income,ARS,45177.48266414405,0.0,1394.5000082973,GESTII
2026-03-12,Allaria,Fixed Income,ARS,1536.1778323799726,0.0,1394.5000082973,RMIXTA
2026-03-12,Aldazabal,Fixed Income,ARS,44460.379943419786,0.0,1394.5000082973,GESTII
2026-03-17,Aldazabal,Fixed Income,ARS,19312.321504000018,0.0,1395.9999575616,LOW
2026-03-17,Aldazabal,Fixed Income,ARS,19314.112335000016,0.0,1395.9999575616,LIQUIDEZ PLUS
2026-03-18,Aldazabal,Fixed Income,ARS,243902.4337560977,0.0,1394.0000287164,RETORNO TOTAL
2026-03-18,Grit Capital Group,Fixed Income,ARS,1080167.3519020674,0.0,1394.0000287164,PERF
2026-03-18,Aldazabal,Fixed Income,ARS,619739.6679292021,0.0,1394.0000287164,RETORNO TOTAL
2026-03-18,Aldazabal,Fixed Income,ARS,400009.0607985508,0.0,1394.0000287164,RETORNO TOTAL
2026-03-18,Puente Hnos,Fixed Income,ARS,210535.9067103061,0.0,1394.0000287164,EST
2026-03-18,Grit Capital Group,Fixed Income,ARS,1080167.3522248797,0.0,1394.0000287164,PERF
2026-03-19,Grit Capital Group,Fixed Income,ARS,774.2560011299862,0.0,1394.5000082973,RMIXTA
2026-03-19,Aldazabal,Fixed Income,ARS,19343.850727499655,0.0,1394.5000082973,LIQUIDEZ PLUS
2026-03-19,Aldazabal,Fixed Income,ARS,4260.623854175924,0.0,1394.5000082973,LIQUIDEZ PLUS
2026-03-19,WIN Securities,Fixed Income,ARS,773.7565748152813,0.39461455484099295,1394.5000082973,RMIXTA
2026-03-19,Grit Capital Group,Fixed Income,ARS,1828248.1677450533,0.0,1394.5000082973,RMIXTA
2026-03-19,Aldazabal,Fixed Income,ARS,32270.777864639425,0.0,1394.5000082973,GESTII
2026-03-19,Aldazabal,Fixed Income,ARS,19342.057970249654,0.0,1394.5000082973,LOW
2026-03-19,Aldazabal,Fixed Income,ARS,4260.279644783924,0.0,1394.5000082973,LOW
2026-03-19,Aldazabal,Fixed Income,ARS,18036.823126814677,0.0,1394.5000082973,GESTII
2026-03-30,BBVA,Fixed Income,ARS,1123876.681656119,0.0,1397.9999653296,PERF
2026-04-09,BBVA,Fixed Income,ARS,116619.53132927831,0.0,1380.999926807,GESTII
2026-04-09,BBVA,Fixed Income,ARS,218486.6154900006,0.0,1380.999926807,LIQUIDEZ PLUS
2026-04-10,BBVA,Fixed Income,ARS,151170.11892625503,0.0,1370.0000137,RBALANCEADO
2026-04-21,BBVA,Fixed Income,ARS,424122.1603920012,0.0,1375.4999254479,RETORNO TOTAL
2026-05-06,Aldazabal,Fixed Income,ARS,23054.755142363112,0.0,1387.9999905616,GESTII
2026-05-06,Aldazabal,Fixed Income,ARS,23056.70893200176,0.0,1387.9999905616,PERF
2026-05-07,BBVA,Fixed Income,ARS,28608.202875420026,0.0,1395.9999575616,VAL
2026-05-07,BBVA,Fixed Income,ARS,50189.82960600004,0.0,1395.9999575616,LOW
2026-05-07,Comafi Bursátil,Fixed Income,ARS,129672.00967268812,0.0,1395.9999575616,RETORNO TOTAL
2026-05-07,BBVA,Fixed Income,ARS,429825.7007457844,0.0,1395.9999575616,LIQUIDEZ PLUS
2026-05-08,Aldazabal,Fixed Income,ARS,24990.837529644017,0.0,1397.9999653296,LIQUIDEZ PLUS
2026-05-08,Aldazabal,Fixed Income,ARS,24989.056413720016,0.0,1397.9999653296,LOW
2026-05-12,Aldazabal,Fixed Income,ARS,2673.2680005108896,0.0,1383.9999092096,LOW
2026-05-12,Max Capital,Fixed Income,ARS,23278.14391866474,0.0,1383.9999092096,PERF
2026-05-12,Comafi Bursátil,Fixed Income,ARS,24702.40597741425,0.0,1383.9999092096,GESTII
2026-05-12,Comafi Bursátil,Fixed Income,ARS,252868.1524263011,0.0,1383.9999092096,GESTII
2026-05-12,Aldazabal,Fixed Income,ARS,72309.0365353803,0.0,1383.9999092096,GESTII
2026-05-12,SyC Inversiones,Fixed Income,ARS,72287.9382681003,0.0,1383.9999092096,GESTII
2026-05-12,Aldazabal,Fixed Income,ARS,131376.05815584166,0.0,1383.9999092096,RETORNO TOTAL
2026-05-12,Aldazabal,Fixed Income,ARS,131376.05775121736,0.0,1383.9999092096,RETORNO TOTAL
2026-05-12,Puente Hnos,Fixed Income,ARS,19512.754170210083,0.0,1383.9999092096,VAL
2026-05-12,Grit Capital Group,Fixed Income,ARS,60407.52745984362,0.0,1383.9999092096,PERF
2026-05-12,Comafi Bursátil,Fixed Income,ARS,679262.689068303,0.0,1383.9999092096,PERF
2026-05-13,Puente Hnos,Fixed Income,ARS,18312.71540004,0.0,1392.0000089088,PyMES
2026-05-13,Aldazabal,Fixed Income,ARS,61147.240987968,0.0,1392.0000089088,VAL
2026-05-22,Grit Capital Group,Fixed Income,ARS,35808.982016000045,0.0,1402.9999506144,GESTII
2026-05-22,Banco de la Provincia de Cordoba,Fixed Income,ARS,25391.611727712032,0.0,1402.9999506144,LOW
2026-05-22,Aldazabal,Fixed Income,ARS,12804.74901095525,0.0,1402.9999506144,LOW
2026-05-22,Banco de la Provincia de Cordoba,Fixed Income,ARS,25391.612105473985,0.0,1402.9999506144,LOW
2026-05-26,BBVA,Fixed Income,ARS,708466.018632629,0.0,1411.4999417051,LIQUIDEZ PLUS
2026-05-26,BBVA,Fixed Income,ARS,1416932.0670208384,0.0,1411.4999417051,LIQUIDEZ PLUS
2026-05-26,BBVA,Fixed Income,ARS,1604675.942999946,0.0,1411.4999417051,PERF
2026-05-26,BBVA,Fixed Income,ARS,1606801.3411040197,0.0,1411.4999417051,PERF
2026-05-26,BBVA,Fixed Income,ARS,194200.50947282984,0.0,1411.4999417051,GESTII
2026-05-26,Aldazabal,Fixed Income,ARS,963403.5178048259,0.0,1411.4999417051,RBALANCEADO
2026-05-28,Allaria,Fixed Income,ARS,389926.2641404013,0.0,1409.99991681,LIQUIDEZ PLUS
2026-05-28,Allaria,Fixed Income,ARS,389891.86697525135,0.0,1409.99991681,RBALANCEADO
2026-05-29,BBVA,Licitaciones,ARS,1278409.1400000018,0.0,1407.9999459328,LIQUIDEZ PLUS
2026-05-29,BBVA,Licitaciones,ARS,710227.300000001,0.0,1407.9999459328,PERF
2026-06-01,BBVA,Fixed Income,ARS,708274.9230000011,0.0,1425.9999432452,PERF
2026-06-01,Banco de la Provincia de Cordoba,Fixed Income,ARS,28491.007445302545,0.0,1425.9999432452,VAL
2026-06-02,BBVA,Fixed Income,ARS,2498511.006396872,0.0,1427.0000976068,LIQUIDEZ PLUS
2026-06-02,BBVA,Fixed Income,ARS,25121.36214995391,0.0,1427.0000976068,LOW
2026-06-02,BBVA,Fixed Income,ARS,192939.17683799885,0.0,1427.0000976068,GESTII
2026-06-02,BBVA,Fixed Income,ARS,3190618.733632737,0.0,1427.0000976068,PERF
2026-06-04,Aldazabal,Fixed Income,ARS,7472.958483032956,0.0,1436.5000882011,VAL
2026-06-04,BBVA,Fixed Income,ARS,336277.5990671395,0.0,1436.5000882011,LIQUIDEZ PLUS
2026-06-04,BBVA,Fixed Income,ARS,142975.4595401373,0.0,1436.5000882011,GESTII
2026-06-05,Aldazabal,Fixed Income,ARS,1041.4001433874578,0.0,1440.5000033132,LIQUIDEZ PLUS
2026-06-05,Puente Hnos,Fixed Income,ARS,4216.531132266427,0.0,1440.5000033132,VAL
2026-06-05,Aldazabal,Fixed Income,ARS,1041.3139858034838,0.0,1440.5000033132,GESTII
2026-06-08,BBVA,Fixed Income,ARS,12575.376798038607,0.0,1446.4999691172,LOW
2026-06-08,BBVA,Fixed Income,ARS,12575.376970869582,0.0,1446.4999691172,LOW
2026-06-09,Max Capital,Fixed Income,ARS,142252.85403401207,0.0,1441.0000540375,GESTII
2026-06-09,Max Capital,Fixed Income,ARS,338078.56204793876,0.0,1441.0000540375,LIQUIDEZ PLUS
2026-06-09,Max Capital,Fixed Income,ARS,338078.5617217764,0.0,1441.0000540375,LIQUIDEZ PLUS
2026-06-09,Max Capital,Fixed Income,ARS,142252.85360375533,0.0,1441.0000540375,GESTII
2026-06-10,BBVA,Fixed Income,ARS,90741.47155121829,0.0,1432.4999573831,GESTII
2026-06-10,Banco de la Provincia de Cordoba,Fixed Income,ARS,90788.81607618701,0.0,1432.4999573831,GESTII
2026-06-10,BBVA,Fixed Income,ARS,15386.56241237528,0.0,1432.4999573831,RBALANCEADO
2026-06-12,Aldazabal,Fixed Income,ARS,28008.444987442424,0.0,1428.0000245616,GESTII
2026-06-12,Aldazabal,Fixed Income,ARS,28011.203628851556,0.0,1428.0000245616,VAL
2026-06-16,Allaria,Fixed Income,ARS,1396728.0729600054,0.0,1436.5000882011,RMIXTA
2026-06-19,BBVA,Fixed Income,ARS,1578614.52759537,0.0,1450.9999493601,LIQUIDEZ PLUS
2026-06-24,BBVA,Fixed Income,ARS,202836.9421569542,0.0,1479.0000480675,LIQUIDEZ PLUS
2026-06-25,BBVA,Fixed Income,ARS,48064.961037473324,0.0,1476.9999354551,VAL
2026-06-25,BBVA,Fixed Income,ARS,18490.03468749996,0.0,1476.9999354551,VAL
2026-07-02,Banco de la Provincia de Cordoba,Fixed Income,ARS,200777.55431444087,0.0,1488.000023808,GESTII
2026-07-06,Aldazabal,Fixed Income,ARS,12478.40253846988,0.0,1486.4999051613,LOW
2026-07-06,Aldazabal,Fixed Income,ARS,2625.9321554254907,0.0,1486.4999051613,LOW
2026-07-06,Aldazabal,Fixed Income,ARS,2626.132148711039,0.0,1486.4999051613,PERF
2026-07-06,Aldazabal,Fixed Income,ARS,12479.616282240557,0.0,1486.4999051613,PERF
2026-07-14,BBVA,Fixed Income,ARS,237614.69245500478,0.0,1471.4999160509,RBALANCEADO
2026-07-16,BBVA,Fixed Income,ARS,338623.0585317893,0.0,1475.9999456832,LIQUIDEZ PLUS
2026-07-16,Banco de la Provincia de Cordoba,Fixed Income,ARS,8565.9130252527,0.0,1475.9999456832,VAL
2026-07-16,Banco de la Provincia de Cordoba,Fixed Income,ARS,5896.021707488505,0.0,1475.9999456832,VAL
2026-07-17,Banco de la Provincia de Cordoba,Fixed Income,ARS,17563.12186005811,0.0,1477.99997044,VAL
2026-07-17,Banco de la Provincia de Cordoba,Fixed Income,ARS,25478.326984532712,0.0,1477.99997044,VAL
2026-07-21,Banco de la Provincia de Cordoba,Fixed Income,ARS,314297.9929050372,0.0,1477.4998928813,RBALANCEADO
2026-07-22,BBVA,Fixed Income,ARS,698988.5020800016,0.0,1483.0000735568,LIQUIDEZ PLUS
2026-07-24,Aldazabal,Fixed Income,ARS,31062.12559008022,0.0,1496.9999372757,VAL
2026-07-24,Aldazabal,Fixed Income,ARS,31065.119965623184,0.0,1496.9999372757,PERF
2026-07-24,Banco de la Provincia de Cordoba,Fixed Income,ARS,317956.7408374175,0.0,1496.9999372757,RCAP
2026-07-31,BBVA,Fixed Income,ARS,84589.90233120012,0.0,1484.9999413425,VAL
2026-07-31,BBVA,Fixed Income,ARS,107744.11237710455,0.0,1484.9999413425,RETORNO TOTAL
2026-07-31,Banco de la Provincia de Cordoba,Fixed Income,ARS,44118.58563494002,0.0,1484.9999413425,PERF
2026-07-31,BBVA,Fixed Income,ARS,727526.7419292254,0.0,1484.9999413425,PERF
2026-07-31,Banco de la Provincia de Cordoba,Fixed Income,ARS,175441.08437100027,0.0,1484.9999413425,LIQUIDEZ PLUS
2026-07-31,Banco de la Provincia de Cordoba,Fixed Income,ARS,33998.31784125005,0.0,1484.9999413425,GESTII
2025-02-19,Allaria,Fixed Income,USDMEP,336000.0,0.0,1058.5000144485,RDOLAR
2025-11-20,LICITACION-Banco Provincia de Buenos Aires,Licitaciones,ARS,280014.72456871555,0.0,1424.9999715,RCAP
2025-11-20,LICITACION-Banco Provincia de Buenos Aires,Licitaciones,ARS,245427.23459275524,0.0,1424.9999715,RCAP
2025-11-20,LICITACION-Banco Provincia de Buenos Aires,Licitaciones,ARS,24536.49522757201,0.0,1424.9999715,BALANCEADO
2025-11-20,LICITACION-Banco Provincia de Buenos Aires,Licitaciones,ARS,24501.197184760786,0.0,1424.9999715,BALANCEADO
2025-11-20,LICITACION-Banco Provincia de Buenos Aires,Licitaciones,ARS,175305.55866400592,0.0,1424.9999715,INC
2025-11-20,LICITACION-Banco Provincia de Buenos Aires,Licitaciones,ARS,175009.1199282526,0.0,1424.9999715,INC
2025-12-29,Allaria,Fixed Income,ARS,9679.400093800621,0.0,1456.9999962118,RBALANCEADO
2025-12-29,Allaria,Fixed Income,ARS,9678.40957217828,0.0,1456.9999962118,BALANCEADO
2026-01-22,LICITACION-Banco Provincia de Buenos Aires,Licitaciones,ARS,95578.80438446834,0.0,1429.4999909227,RCAP
2026-04-09,Cohen,Fixed Income,ARS,155684.29500000042,0.0,1380.999926807,RCAP
2026-04-09,Cohen,Fixed Income,ARS,155684.29500000042,0.0,1380.999926807,INC
2026-04-09,Cohen,Fixed Income,ARS,50687.91000000014,0.0,1380.999926807,BALANCEADO
2026-04-14,Alchemy Valores,Fixed Income,ARS,157792.51555620026,0.0,1364.0000556512,INC
2026-04-14,Alchemy Valores,Fixed Income,ARS,75139.29312200012,0.0,1364.0000556512,BALANCEADO
2026-04-14,Alchemy Valores,Fixed Income,ARS,300557.1724880005,0.0,1364.0000556512,RCAP
2026-04-15,BAVSA,Fixed Income,ARS,205003.6867200003,0.0,1358.9999499888,RCAP
2026-04-15,BAVSA,Fixed Income,ARS,61501.106016000085,0.0,1358.9999499888,BALANCEADO
2026-04-15,BAVSA,Fixed Income,ARS,153752.7650400002,0.0,1358.9999499888,INC
2026-04-16,Cohen,Fixed Income,ARS,148379.96550000017,0.0,1358.000046172,RCAP
2026-04-22,INVIU,Fixed Income,ARS,191491.290425,0.0,1378.0000093704,RCAP
2026-04-22,INVIU,Fixed Income,ARS,200227.1394222,0.0,1378.0000093704,RCAP
2026-04-22,INVIU,Fixed Income,ARS,38298.258085,0.0,1378.0000093704,BALANCEADO
2026-04-22,INVIU,Fixed Income,ARS,153193.03234,0.0,1378.0000093704,INC
2026-04-22,INVIU,Fixed Income,ARS,148316.399572,0.0,1378.0000093704,INC
2026-04-24,BAVSA,Fixed Income,ARS,142908.17999999746,0.0,1399.5000146248,BALANCEADO
2026-04-24,BAVSA,Fixed Income,ARS,464451.5849999917,0.0,1399.5000146248,INC
2026-04-24,BAVSA,Fixed Income,ARS,886030.7159999842,0.0,1399.5000146248,RCAP
2026-04-30,BAVSA,Fixed Income,ARS,503235.11000000144,0.0,1390.9999244687,RCAP
2026-04-30,BAVSA,Fixed Income,ARS,287562.9200000008,0.0,1390.9999244687,INC
2026-05-06,BAVSA,Fixed Income,ARS,229582.134126,0.0,1387.9999905616,INC
2026-05-06,BAVSA,Fixed Income,ARS,229582.134126,0.0,1387.9999905616,RCAP
2026-05-07,INVIU,Fixed Income,ARS,298624.6509120003,0.0,1395.9999575616,RCAP
2026-05-07,INVIU,Fixed Income,ARS,298624.6509120003,0.0,1395.9999575616,INC
2026-05-15,BAVSA,Fixed Income,ARS,72699.8920019987,0.0,1394.5000082973,INC
2026-05-15,BAVSA,Fixed Income,ARS,145399.7840039974,0.0,1394.5000082973,RCAP
2026-05-18,BAVSA,Fixed Income,ARS,217516.10185200008,0.0,1397.0000262636,RCAP
2026-05-18,INVIU,Fixed Income,ARS,306485.3199360001,0.0,1397.0000262636,RCAP
2026-05-18,BAVSA,Fixed Income,ARS,288904.7905600001,0.0,1397.0000262636,RCAP
2026-05-18,BAVSA,Fixed Income,ARS,74810.30639600003,0.0,1397.0000262636,RCAP
2026-05-18,BAVSA,Fixed Income,ARS,74810.30639600003,0.0,1397.0000262636,INC
2026-05-18,BAVSA,Fixed Income,ARS,145010.73456800007,0.0,1397.0000262636,INC
2026-05-18,INVIU,Fixed Income,ARS,76621.32998400003,0.0,1397.0000262636,INC
2026-05-20,Cohen,Fixed Income,ARS,286327.84000000014,0.0,1397.0000262636,INC
2026-05-20,Cohen,Fixed Income,ARS,572655.6800000003,0.0,1397.0000262636,RCAP
2026-05-27,INVIU,Fixed Income,ARS,299893.80455998937,0.0,1412.5000035313,RCAP
2026-05-27,INVIU,Fixed Income,ARS,224920.35341999203,0.0,1412.5000035313,INC
2026-06-01,BAVSA,Fixed Income,ARS,228260.87865000035,0.0,1425.9999432452,RCAP
2026-06-04,BAVSA,Fixed Income,ARS,98836.88916288037,0.0,1436.5000882011,RCAP
2026-06-04,BAVSA,Fixed Income,ARS,221726.40476400085,0.0,1436.5000882011,RCAP
2026-06-04,BAVSA,Fixed Income,ARS,74876.43118400028,0.0,1436.5000882011,INC
2026-06-04,BAVSA,Fixed Income,ARS,147817.60317600056,0.0,1436.5000882011,INC
2026-06-10,BAVSA,Fixed Income,ARS,185270.51162000338,0.0,1432.4999573831,RCAP
2026-06-12,INVIU,Fixed Income,ARS,20966.264345262607,0.0,1428.0000245616,INC
2026-06-16,Alchemy Valores,Fixed Income,ARS,36404.45303800014,0.0,1436.5000882011,RBALANCEADO
2026-06-16,Alchemy Valores,Fixed Income,ARS,109213.35911400041,0.0,1436.5000882011,RCAP
2026-06-22,BAVSA,Fixed Income,ARS,279466.28853999585,0.0,1461.5000690559,RCAP
2026-06-22,BAVSA,Fixed Income,ARS,139733.14426999792,0.0,1461.5000690559,INC
2026-06-24,BAVSA,Fixed Income,ARS,138255.57360000015,0.0,1479.0000480675,INC
2026-06-24,BAVSA,Fixed Income,ARS,34563.89340000004,0.0,1479.0000480675,RCAP
2026-06-25,Aldazabal,Fixed Income,ARS,14018.957958600025,0.0,1476.9999354551,RCAP
2026-06-25,Aldazabal,Fixed Income,ARS,71266.08300600013,0.0,1476.9999354551,RCAP
2026-06-25,Aldazabal,Fixed Income,ARS,34634.395555500065,0.0,1476.9999354551,RCAP
2026-06-25,Aldazabal,Fixed Income,ARS,71259.31252500013,0.0,1476.9999354551,BALANCEADO
2026-06-25,Aldazabal,Fixed Income,ARS,14014.895670000025,0.0,1476.9999354551,BALANCEADO
2026-06-25,Aldazabal,Fixed Income,ARS,34631.010315000065,0.0,1476.9999354551,BALANCEADO
2026-06-25,Aldazabal,Fixed Income,ARS,71266.08300600013,0.0,1476.9999354551,INC
2026-06-25,Aldazabal,Fixed Income,ARS,14018.957958600025,0.0,1476.9999354551,INC
2026-06-30,WIN Securities,Fixed Income,ARS,9939.240774001473,5.118710953334012,1482.0000717288,RBALANCEADO
2026-07-02,WIN Securities,Fixed Income,ARS,14166.666440000005,7.295833216600003,1488.000023808,RBALANCEADO
2026-07-02,INVIU,Fixed Income,ARS,138951.61068000004,0.0,1488.000023808,INC
2026-07-02,INVIU,Fixed Income,ARS,208427.41602000006,0.0,1488.000023808,RCAP
2026-07-03,INVIU,Fixed Income,ARS,141954.99548999796,0.0,1488.4999240121,RBALANCEADO
2026-07-03,INVIU,Fixed Income,ARS,141954.99548999796,0.0,1488.4999240121,RCAP
2026-07-15,WIN Securities,Fixed Income,ARS,101119.0236,52.07630393596,1474.499997051,RBALANCEADO
2026-07-22,INVIU,Fixed Income,ARS,68354.68305600017,0.0,1483.0000735568,RCAP
2026-07-27,BAVSA,Fixed Income,ARS,35153.64208750006,0.0,1496.9999372757,INC
2026-07-30,Allaria,Fixed Income,ARS,100877.01451500003,0.0,1488.000023808,RETORNO TOTAL
2026-07-30,Allaria,Fixed Income,ARS,1008770.1451500003,0.0,1488.000023808,PERF
2026-07-30,Allaria,Fixed Income,ARS,201754.02903000006,0.0,1488.000023808,LIQUIDEZ PLUS
2026-07-30,BAVSA,Fixed Income,ARS,358198.9190000001,0.0,1488.000023808,RCAP
2026-07-30,Allaria,Fixed Income,ARS,33625.67150500001,0.0,1488.000023808,GESTII
2025-02-03,Allaria,Fixed Income,ARS,531435.3520000094,0.0,1053.7499959167,GEST
2025-05-29,Allaria,Fixed Income,ARS,487320.3502500009,0.0,1183.0000526435,GEST
2026-04-10,LICITACION BST,Licitaciones,ARS,255474.45000000004,0.0,1370.0000137,GEST
2025-01-03,Alchemy Valores,Fixed Income,USDMEP,60264.0,0.0,1032.5000025813,CAP
2025-01-08,Alchemy Valores,Fixed Income,USDMEP,100138.5,0.0,1035.5000481508,CAP
2025-01-08,Alchemy Valores,Fixed Income,USDMEP,99592.5,0.0,1035.5000481508,CAP
2025-01-16,Alchemy Valores,Fixed Income,USDMEP,99826.0,0.0,1041.5000266624,CAP
2025-01-21,WIN Securities,Fixed Income,USDMEP,2389.91,1.23,1047.0000412518,CAP
2025-01-22,Cocos Capital,Fixed Income,USDC,446672.4,0.0,1047.0000412518,CAP
2025-01-27,TPCG,Fixed Income,USDMEP,281957.5,0.0,1049.4999814763,RDOLAR
2025-01-27,Cocos Capital,Fixed Income,USDC,203416.6,0.0,1049.4999814763,CAP
2025-02-19,BAVSA,Fixed Income,USDMEP,794065.0,0.0,1058.5000144485,RDOLAR
2025-02-20,Allaria,Fixed Income,USDMEP,255854.0,0.0,1058.7500397031,RDOLAR
2025-02-20,Allaria,Fixed Income,USDMEP,296280.0,0.0,1058.7500397031,RDOLAR
2025-02-21,Allaria,Fixed Income,USDMEP,301800.0,0.0,1058.7500397031,RDOLAR
2025-03-11,Alchemy Valores,Fixed Income,USDMEP,128250.0,0.0,1065.5000151834,CAP
2025-05-14,Cocos Capital,Fixed Income,USDMEP,129599.5,0.0,1132.0000335072,CAP
2025-05-20,WIN Securities,Fixed Income,USDMEP,48735.4,25.1,1143.0000505206,RDOLAR
2025-05-22,WIN Securities,Fixed Income,USDMEP,19558.01,10.07,1135.5000111847,RDOLAR
2025-06-04,Macro Securities / Banco Macro,Fixed Income,USDC,100800.0,0.0,1185.5000539995,CAP
2025-06-06,Balanz Capital,Fixed Income,USDC,148920.0,0.0,1184.9999389725,CAP
2025-06-11,WIN Securities,Fixed Income,USDMEP,34694.36,0.0,1181.9999841612,RDOLAR
2025-09-09,Grit Capital Group,Fixed Income,USDMEP,205622.5,0.0,1416.5000154399,CAP
2025-09-09,Grit Capital Group,Fixed Income,USDMEP,204600.0,0.0,1416.5000154399,CAP
2025-09-17,WIN Securities,Fixed Income,USDMEP,16614.0,8.56,1474.499997051,RDOLAR
2025-09-22,WIN Securities,Fixed Income,USDMEP,50564.41,26.04,1407.9999459328,RDOLAR
2025-09-23,WIN Securities,Fixed Income,USDMEP,17610.0,9.07,1368.9999811078,RDOLAR
2025-10-24,Aldazabal,Fixed Income,USDMEP,99550.0,0.0,1491.9999707568,CAP
2025-10-24,Grit Capital Group,Fixed Income,USDMEP,101868.0,0.0,1491.9999707568,CAP
2025-10-24,Grit Capital Group,Fixed Income,USDMEP,101500.0,0.0,1491.9999707568,CAP
2025-11-17,Puente Hnos,Fixed Income,USDMEP,453343.66,0.0,1387.0000644955,CAP
2025-12-05,Puente Hnos,Fixed Income,USDMEP,309111.72,0.0,1435.0000236775,CAP
2025-12-11,TPCG,Licitaciones,USDC,147748.5,0.0,1436.0000620352,CAP
2025-12-16,Grit Capital Group,Fixed Income,USDMEP,1336226.2,0.0,1450.9999493601,PERF
2025-12-16,Grit Capital Group,Fixed Income,USDMEP,1336317.9,0.0,1450.9999493601,PERF
2026-01-12,Puente Hnos,Fixed Income,USDC,386982.4,0.0,1467.5000110063,CAP
2026-01-12,Puente Hnos,Fixed Income,USDC,200161.2,0.0,1467.5000110063,CAP
2026-01-26,Puente Hnos,Fixed Income,USDC,95760.0,0.0,1437.4999460938,CAP
2026-01-29,Allaria,Fixed Income,USDC,105460.0,0.0,1444.4999292917,CAP
2026-01-29,BTG Pactual,Fixed Income,USDC,46282.96,0.0,1444.4999292917,CAP
2026-03-18,BAVSA,Fixed Income,USDMEP,629442.0,0.0,1394.0000287164,RDOLAR
2026-03-18,Grit Capital Group,Fixed Income,USDMEP,199836.0,0.0,1394.0000287164,CAP
2026-03-18,Grit Capital Group,Fixed Income,USDMEP,199973.25,0.0,1394.0000287164,CAP
2026-03-19,Grit Capital Group,Fixed Income,USDMEP,199973.25,0.0,1394.5000082973,CAP
2026-03-20,Grit Capital Group,Fixed Income,USDMEP,201272.0,0.0,1390.4999375666,CAP
2026-03-25,Grit Capital Group,Fixed Income,USDMEP,100636.0,0.0,1377.500024795,CAP
2026-03-26,Grit Capital Group,Fixed Income,USDMEP,100636.0,0.0,1367.9999102592,CAP
2026-03-27,Grit Capital Group,Fixed Income,USDMEP,77106.0,0.0,1382.5000107144,CAP
2026-05-06,Allaria,Fixed Income,ARS,11052.759441153,0.0,1387.9999905616,CAP
2026-05-06,Allaria,Fixed Income,ARS,21370.658617942958,0.0,1387.9999905616,CAP
2026-05-06,Allaria,Fixed Income,ARS,1076.001815674161,0.0,1387.9999905616,CAP
2026-05-06,Allaria,Fixed Income,ARS,21370.4554767312,0.0,1387.9999905616,RETORNO TOTAL
2026-05-06,Allaria,Fixed Income,ARS,11052.5937351,0.0,1387.9999905616,RETORNO TOTAL
2026-05-06,Allaria,Fixed Income,ARS,1075.98999290751,0.0,1387.9999905616,RETORNO TOTAL
2026-07-17,Puente Hnos,Fixed Income,USDMEP,23900.0,0.0,1477.99997044,INCOME DOLAR
2026-07-17,Puente Hnos,Fixed Income,USDMEP,238750.0,0.0,1477.99997044,CAP
2026-07-28,Allaria,Fixed Income,USDMEP,24000.0,0.0,1498.0000949732,INCOME DOLAR
2026-07-28,Aldazabal,Fixed Income,USDMEP,54250.0,0.0,1498.0000949732,INCOME DOLAR
2026-07-28,Allaria,Fixed Income,USDMEP,52900.0,0.0,1498.0000949732,INCOME DOLAR
2026-07-28,Petrini Valores,Fixed Income,USDMEP,48000.0,0.0,1498.0000949732,CAP
2026-07-28,Puente Hnos,Fixed Income,USDMEP,24000.0,0.0,1498.0000949732,CAP
2026-07-29,Puente Hnos,Fixed Income,USDMEP,32550.0,0.0,1495.9999952128,INCOME DOLAR
2026-07-30,Allaria,Fixed Income,USDMEP,16025.0,0.0,1488.000023808,INCOME DOLAR
2026-07-30,Banco Santander,Licitaciones,USDC,491885.0,0.0,1488.000023808,CAP
2025-06-12,Allaria,Fixed Income,ARS,169310.82390938082,0.0,1184.9999389725,RMIXTA
2025-06-12,Allaria,Fixed Income,ARS,338477.6545624009,0.0,1184.9999389725,PERF
2025-07-18,Max Capital,Fixed Income,ARS,99922.24226671859,0.0,1285.99996142,PERF
2025-07-18,Max Capital,Fixed Income,USDMEP,100000.0,0.0,1285.99996142,PERF
2025-08-12,BTG Pactual,Fixed Income,ARS,301552.18902349443,0.0,1317.4999700269,PERF
2025-08-12,Allaria,Fixed Income,ARS,150840.23682819697,0.0,1317.4999700269,RMIXTA
2025-09-12,Grit Capital Group,Fixed Income,ARS,522832.8818358581,0.0,1453.0000964792,PERF
2025-09-12,Grit Capital Group,Fixed Income,ARS,521376.42811976554,0.0,1453.0000964792,PERF
2025-01-10,FYNSA,Fixed Income,USDC,450730.61,0.0,1036.9999508462,RDOLAR
2025-01-15,FYNSA,Fixed Income,USDC,474048.08,0.0,1040.9999929212,RDOLAR
2025-01-16,FYNSA,Fixed Income,USDC,493620.13,0.0,1041.5000266624,RDOLAR
2025-03-26,FYNSA,Fixed Income,USDC,1373362.71,0.0,1071.2500170061,RDOLAR
2025-04-22,Allaria,Fixed Income,USDC,507235.44,0.0,1104.0000017664,RDOLAR
2025-04-23,Allaria,Fixed Income,USDC,479055.0,0.0,1159.9999536,RDOLAR
2025-04-23,TPCG,Fixed Income,USDC,456953.17,0.0,1159.9999536,RDOLAR
2025-04-24,Allaria,Fixed Income,USDC,1876992.0,0.0,1173.9999398912,RDOLAR
2025-05-14,TPCG,Fixed Income,USDC,398074.5,0.0,1132.0000335072,RDOLAR
2025-06-11,Allaria,Fixed Income,USDC,349139.88,0.0,1181.9999841612,RDOLAR
2025-08-08,Allaria,Fixed Income,USDC,105081.8,0.0,1326.0000228072,AHDOLARES
2025-08-12,Allaria,Fixed Income,USDC,4943.95,0.0,1317.4999700269,AHDOLARES
2025-09-04,Allaria,Fixed Income,USDC,20029.31,0.0,1362.4999148438,AHDOLARES
2025-09-05,Allaria,Fixed Income,USDC,7929.76,0.0,1354.999963415,RDOLAR
2025-10-22,FYNSA,Fixed Income,USDC,488383.05,0.0,1488.9999385043,RDOLAR
2025-10-29,FYNSA,Fixed Income,USDC,39339.1,0.0,1436.0000620352,RDOLAR
2025-12-05,Allaria,Fixed Income,USDC,530169.36,0.0,1435.0000236775,RDOLAR
2026-01-08,Zofingen,Cauciones Colocadoras,USDMEP,452790.0,0.0,1464.0000199104,RDOLAR
2026-01-09,Zofingen,Cauciones Colocadoras,USDMEP,590400.0,0.0,1464.9999069725,RDOLAR
2026-01-12,Zofingen,Cauciones Colocadoras,USDMEP,590500.0,0.0,1467.5000110063,RDOLAR
2026-01-13,Zofingen,Cauciones Colocadoras,USDMEP,590500.0,0.0,1456.9999962118,RDOLAR
2026-01-15,Zofingen,Cauciones Colocadoras,USDMEP,386500.0,0.0,1441.0000540375,RDOLAR
2026-01-16,Zofingen,Cauciones Colocadoras,USDMEP,397000.0,0.0,1429.99999857,RDOLAR
2026-01-19,Zofingen,Cauciones Colocadoras,USDMEP,397000.0,0.0,1429.99999857,RDOLAR
2026-01-20,Zofingen,Cauciones Colocadoras,USDMEP,111000.0,0.0,1434.5000121933,RDOLAR
2026-01-20,Zofingen,Cauciones Colocadoras,USDMEP,397550.0,0.0,1434.5000121933,RDOLAR
2026-01-22,Zofingen,Cauciones Colocadoras,USDMEP,509000.0,0.0,1429.4999909227,RDOLAR
2026-01-26,Zofingen,Cauciones Colocadoras,USDMEP,34760.0,0.0,1437.4999460938,RDOLAR
2026-01-26,Zofingen,Cauciones Colocadoras,USDMEP,473240.0,0.0,1437.4999460938,RDOLAR
2026-01-28,Zofingen,Cauciones Colocadoras,USDMEP,105400.0,0.0,1444.4999292917,RDOLAR
2026-01-29,Zofingen,Cauciones Colocadoras,USDMEP,105400.0,0.0,1444.4999292917,RDOLAR
2026-02-02,Zofingen,Cauciones Colocadoras,USDMEP,105500.0,0.0,1450.9999493601,RDOLAR
2026-02-03,Zofingen,Cauciones Colocadoras,USDMEP,105500.0,0.0,1446.0000673836,RDOLAR
2026-02-05,Zofingen,Cauciones Colocadoras,USDMEP,105500.0,0.0,1441.9999501068,RDOLAR
2026-02-06,Zofingen,Cauciones Colocadoras,USDMEP,62400.0,0.0,1432.000045824,RDOLAR
2026-06-26,Zofingen,Cauciones Colocadoras,USDMEP,200000.0,0.0,1476.9999354551,RDOLAR
2026-01-08,Invertir en Bolsa (IEB),Cauciones Colocadoras,USDMEP,2460000.0,4.78,1464.0000199104,CAP
2026-01-14,Allaria,Cauciones Colocadoras,USDMEP,429000.0,0.0,1453.0000964792,CAP
2026-03-19,WIN Securities,Cauciones Colocadoras,USDMEP,195000.0,2.17,1394.5000082973,CAP
2026-04-09,WIN Securities,Cauciones Colocadoras,USDMEP,600000.0,6.66,1380.999926807,CAP
2026-07-08,WIN Securities,Cauciones Colocadoras,ARS,344623.6504000001,19.064791361630007,1488.000023808,CAP
2026-07-13,WIN Securities,Cauciones Colocadoras,ARS,346828.5932000008,3.825438411340009,1482.0000717288,CAP
2026-07-14,WIN Securities,Cauciones Colocadoras,ARS,349983.03050000704,3.8594225783180782,1471.4999160509,CAP
2026-07-15,WIN Securities,Cauciones Colocadoras,USDMEP,724622.0,3.41,1474.499997051,CAP
2025-01-02,WIN Securities,Cauciones Colocadoras,ARS,16674.744680000444,0.1839360062870049,1031.5000517297,PyMES
2025-01-03,WIN Securities,Cauciones Colocadoras,ARS,27021.791699998696,0.8957191260899567,1032.5000025813,PyMES
2025-01-06,WIN Securities,Cauciones Colocadoras,ARS,93719.80920000008,1.0338647611800007,1034.99997309,PyMES
2025-01-07,WIN Securities,Cauciones Colocadoras,ARS,96861.41509999553,1.0685368889899507,1035.5000481508,PyMES
2025-01-08,WIN Securities,Cauciones Colocadoras,ARS,65958.47109999695,0.7275905021399663,1035.5000481508,PyMES
2025-02-12,WIN Securities,Cauciones Colocadoras,ARS,47337.28000000007,0.5222154055040008,1056.24995775,PyMES
2025-02-20,WIN Securities,Cauciones Colocadoras,ARS,42502.95000000107,0.4687980934000118,1058.7500397031,PyMES
2025-02-21,WIN Securities,Cauciones Colocadoras,ARS,47225.500000001186,1.5647413817000393,1058.7500397031,PyMES
2025-02-24,WIN Securities,Cauciones Colocadoras,ARS,70738.03500000254,0.7802782530020279,1060.2499772576,PyMES
2025-02-25,WIN Securities,Cauciones Colocadoras,ARS,34700.61151999842,0.3827345437459826,1060.5000427382,PyMES
2025-03-05,WIN Securities,Cauciones Colocadoras,ARS,47014.57500000111,0.5186177768250122,1063.4999890991,PyMES
2025-03-06,WIN Securities,Cauciones Colocadoras,ARS,47014.57500000111,0.5185989709950122,1063.4999890991,PyMES
2025-03-19,WIN Securities,Cauciones Colocadoras,ARS,48456.50166,0.5345182441799999,1068.9999943343,PyMES
2025-03-20,WIN Securities,Cauciones Colocadoras,ARS,46772.685,0.5159307791609999,1068.9999943343,PyMES
2025-03-21,WIN Securities,Cauciones Colocadoras,ARS,37426.90000000067,1.6548397402250294,1068.7500166992,PyMES
2025-03-27,WIN Securities,Cauciones Colocadoras,ARS,46674.44499999974,0.514847133016997,1071.2500170061,PyMES
2025-03-28,WIN Securities,Cauciones Colocadoras,ARS,70028.01000000002,2.3207375884680013,1071.0000184212,PyMES
2025-03-28,WIN Securities,Cauciones Colocadoras,ARS,408029.87160000013,16.402744815912005,1071.0000184212,PyMES
2025-03-31,WIN Securities,Cauciones Colocadoras,ARS,93174.93999999692,1.027784810657966,1073.24995326,PyMES
2025-05-07,WIN Securities,Cauciones Colocadoras,ARS,40480.42635000001,0.44649465424200013,1124.0000193328,PyMES
2025-05-21,WIN Securities,Cauciones Colocadoras,ARS,31441.046400000087,0.3467860081680009,1145.00005954,PyMES
2025-05-22,WIN Securities,Cauciones Colocadoras,ARS,48436.811499998934,0.5342756442309883,1135.5000111847,PyMES
2025-06-04,WIN Securities,Cauciones Colocadoras,ARS,21088.147500000487,0.23260226692500538,1185.5000539995,PyMES
2025-07-25,WIN Securities,Cauciones Colocadoras,ARS,12890.625,0.427546875,1280.0,PyMES
2025-07-28,WIN Securities,Cauciones Colocadoras,ARS,40231.66168000005,0.4438841858640006,1294.99995338,PyMES
2025-07-29,WIN Securities,Cauciones Colocadoras,ARS,49186.67455000012,0.5427033037790013,1291.0000641627,PyMES
2025-08-07,WIN Securities,Cauciones Colocadoras,ARS,25641.02520000001,0.2829411716040001,1326.0000228072,PyMES
2025-08-11,WIN Securities,Cauciones Colocadoras,ARS,81694.40760000033,0.9016642024000037,1321.9999161852,PyMES
2025-08-20,WIN Securities,Cauciones Colocadoras,ARS,261375.86197500004,2.8857493932200007,1301.0000136605,PyMES
2025-08-21,WIN Securities,Cauciones Colocadoras,ARS,266159.7050000003,2.9382206336880037,1314.9999546325,PyMES
2025-08-22,WIN Securities,Cauciones Colocadoras,ARS,250492.06107000037,8.316593808306012,1320.9999494057,PyMES
2025-08-25,WIN Securities,Cauciones Colocadoras,ARS,59251.10208000001,0.6539941346560002,1361.9999825664,PyMES
2025-08-26,WIN Securities,Cauciones Colocadoras,ARS,25064.504199999537,0.27667526680299487,1356.5000021026,PyMES
2025-09-10,WIN Securities,Cauciones Colocadoras,ARS,21074.817000000465,0.23250440608300513,1423.4999051237,PyMES
2025-10-31,WIN Securities,Cauciones Colocadoras,ARS,114186.84750000012,3.7832317109550044,1445.0000469625,PyMES
2025-12-01,WIN Securities,Cauciones Colocadoras,ARS,157009.99574999753,1.731546742949973,1451.4999437544,PyMES
2025-12-02,WIN Securities,Cauciones Colocadoras,ARS,206185.56000000023,2.2738762113480027,1455.00004947,PyMES
2025-12-19,WIN Securities,Cauciones Colocadoras,ARS,30758.621920000052,1.0187034890240017,1449.999942,PyMES
2025-12-30,WIN Securities,Cauciones Colocadoras,ARS,274914.0800000003,9.12966979268401,1455.00004947,PyMES
2026-01-02,WIN Securities,Cauciones Colocadoras,ARS,324067.79579999996,10.757620312089,1475.0000036875,PyMES
2026-01-07,WIN Securities,Cauciones Colocadoras,ARS,52054.79400000001,0.57454793946,1460.0000146,PyMES
2026-01-23,WIN Securities,Cauciones Colocadoras,ARS,79225.400551,2.624766201343,1433.0000127537,PyMES
2026-01-29,WIN Securities,Cauciones Colocadoras,ARS,126060.92690450248,1.3902458278310275,1444.4999292917,PyMES
2026-01-30,WIN Securities,Cauciones Colocadoras,ARS,121741.5336,4.03615063635,1447.000007235,PyMES
2026-02-02,WIN Securities,Cauciones Colocadoras,ARS,128080.63851550016,1.4131909521460018,1450.9999493601,PyMES
2026-02-03,WIN Securities,Cauciones Colocadoras,ARS,167102.34352700037,1.8432848380310038,1446.0000673836,PyMES
2026-02-04,WIN Securities,Cauciones Colocadoras,ARS,35512.95405150062,0.3916960351740069,1447.4999721356,PyMES
2026-02-06,WIN Securities,Cauciones Colocadoras,ARS,2374.3016000000025,0.07865921536000009,1432.000045824,PyMES
2026-02-12,WIN Securities,Cauciones Colocadoras,ARS,85304.66210000007,0.9410251183070009,1394.9999574525,PyMES
2026-02-26,WIN Securities,Cauciones Colocadoras,ARS,3338.0683100000047,0.036818183232000055,1407.9999459328,PyMES
2026-02-27,WIN Securities,Cauciones Colocadoras,ARS,2147.458800000001,0.07110951906400004,1397.0000262636,PyMES
2026-03-02,WIN Securities,Cauciones Colocadoras,ARS,501.7921300000005,0.005534050348000005,1394.9999574525,PyMES
2026-03-03,WIN Securities,Cauciones Colocadoras,ARS,22261.484700000015,0.24550530698200018,1414.999961795,PyMES
2026-03-04,WIN Securities,Cauciones Colocadoras,ARS,499.82149000000896,0.005512317004000099,1400.5000065123,PyMES
2026-03-12,WIN Securities,Cauciones Colocadoras,ARS,430.2617399999923,0.004747221197999915,1394.5000082973,PyMES
2026-03-16,WIN Securities,Cauciones Colocadoras,ARS,86891.12012000008,0.9583453013400008,1395.9999575616,PyMES
2026-03-17,WIN Securities,Cauciones Colocadoras,ARS,358.16620000000034,0.003954154848000003,1395.9999575616,PyMES
2026-03-18,WIN Securities,Cauciones Colocadoras,ARS,1434.7202000000007,0.015824963806000004,1394.0000287164,PyMES
2026-04-01,WIN Securities,Cauciones Colocadoras,ARS,6456.2409000000025,0.3565853585080001,1394.0000287164,PyMES
2026-04-21,WIN Securities,Cauciones Colocadoras,ARS,1526.7176400000044,0.016837514544000048,1375.4999254479,PyMES
2026-04-22,WIN Securities,Cauciones Colocadoras,ARS,1523.94774,0.016806966504,1378.0000093704,PyMES
2026-05-28,WIN Securities,Cauciones Colocadoras,ARS,81134.75656000029,0.8948014712330031,1409.99991681,PyMES
2026-06-02,WIN Securities,Cauciones Colocadoras,ARS,4765.2414400000225,0.052557810000000246,1427.0000976068,PyMES
2026-06-29,WIN Securities,Cauciones Colocadoras,ARS,192372.60600000058,2.1218360946000066,1481.4999179249,PyMES
2026-07-16,WIN Securities,Cauciones Colocadoras,ARS,48102.98280000007,0.5305216997400007,1475.9999456832,PyMES
2026-07-20,WIN Securities,Cauciones Colocadoras,ARS,27751.517340000133,0.3060702018260015,1481.0001015966,PyMES
2026-07-27,WIN Securities,Cauciones Colocadoras,ARS,23328.19870624244,0.25728791993200045,1496.9999372757,PyMES
2025-06-17,WIN Securities,Cauciones Colocadoras,USDMEP,64000.0,0.71,1159.9999536,AHDOLARES
2025-06-18,WIN Securities,Cauciones Colocadoras,USDMEP,64000.0,0.71,1142.0000555012,AHDOLARES
2025-06-19,WIN Securities,Cauciones Colocadoras,USDMEP,64000.0,2.84,1142.0000555012,AHDOLARES
2025-06-25,WIN Securities,Cauciones Colocadoras,USDMEP,64000.0,0.71,1191.5000294301,AHDOLARES
2025-06-27,Balanz Capital,Cauciones Colocadoras,USDMEP,64000.0,2.13,1188.9999903691,AHDOLARES
2025-06-30,WIN Securities,Cauciones Colocadoras,USDMEP,64000.0,0.71,1205.0000271125,AHDOLARES
2025-07-01,WIN Securities,Cauciones Colocadoras,USDMEP,64000.0,0.71,1222.0000083096,AHDOLARES
2025-07-03,WIN Securities,Cauciones Colocadoras,USDMEP,65000.0,0.73,1230.9999769803,AHDOLARES
2025-07-07,WIN Securities,Cauciones Colocadoras,USDMEP,65000.0,0.73,1264.0000647168,AHDOLARES
2025-07-10,WIN Securities,Cauciones Colocadoras,USDMEP,72000.0,0.8,1255.0000771825,AHDOLARES
2025-07-11,WIN Securities,Cauciones Colocadoras,USDMEP,77000.0,2.57,1261.499991611,AHDOLARES
2025-07-15,WIN Securities,Cauciones Colocadoras,USDMEP,85000.0,0.94,1259.99998992,AHDOLARES
2025-07-16,WIN Securities,Cauciones Colocadoras,USDMEP,85000.0,0.94,1261.0000184106,AHDOLARES
2025-07-17,WIN Securities,Cauciones Colocadoras,USDMEP,90000.0,1.0,1273.9999291656,AHDOLARES
2025-07-18,WIN Securities,Cauciones Colocadoras,USDMEP,113000.0,3.76,1285.99996142,AHDOLARES
2026-03-10,Allaria,Pases Colocadores,ARS,1142857.119271429,0.0,1400.000028,LIQUIDEZ
2026-03-18,WIN Securities,Cauciones Colocadoras,ARS,5236728.730000002,57.75645505125002,1394.0000287164,LIQUIDEZ
2026-04-08,Allaria,Pases Colocadores,ARS,1225225.1892793025,0.0,1387.5000398906,LIQUIDEZ
2026-04-22,Allaria,Pases Colocadores,ARS,2757619.7196444124,0.0,1378.0000093704,LIQUIDEZ
2026-04-27,Allaria,Pases Colocadores,ARS,2540578.6805434013,0.0,1417.0000041093,LIQUIDEZ
2026-05-29,WIN Securities,Cauciones Colocadoras,ARS,6818182.080000009,225.7680981581313,1407.9999459328,LIQUIDEZ
2026-06-03,Allaria,Pases Colocadores,ARS,3128258.7375389985,0.0,1438.4999552627,LIQUIDEZ
2026-06-09,Allaria,Pases Colocadores,ARS,3122831.2416724544,0.0,1441.0000540375,LIQUIDEZ
2026-06-17,Allaria,Pases Colocadores,ARS,2844258.891619756,0.0,1441.50003647,LIQUIDEZ
2026-07-23,Allaria,Pases Colocadores,ARS,3492276.8397985282,0.0,1488.9999385043,LIQUIDEZ
2025-04-03,WIN Securities,Cauciones Colocadoras,ARS,359972.06939999165,3.970863347399908,1074.2500123539,GESTII
2025-12-16,WIN Securities,Cauciones Colocadoras,ARS,17229.497500000023,0.19002757382700025,1450.9999493601,GESTII
2025-05-13,WIN Securities,Cauciones Colocadoras,ARS,25972.432618662002,0.28646823548,1125.5000033765,RCAP
2025-05-20,WIN Securities,Cauciones Colocadoras,ARS,26888.05217987705,0.29656166668200057,1143.0000505206,RCAP
2026-03-03,WIN Securities,Cauciones Colocadoras,ARS,2826.8552000000022,0.03118021285600002,1414.999961795,RCAP
2026-01-28,WIN Securities,Cauciones Colocadoras,ARS,179913.47367350355,1.984188397576039,1444.4999292917,RETORNO TOTAL
2026-02-09,WIN Securities,Cauciones Colocadoras,ARS,165183.61833000006,1.8219915531180007,1415.9999784768,RETORNO TOTAL
2026-06-30,WIN Securities,Cauciones Colocadoras,ARS,66734.13982000016,0.7359446337460017,1482.0000717288,LOW
2026-04-10,WIN Securities,Cauciones Colocadoras,USDMEP,200000.0,0.01,1370.0000137,DOLARMM
2026-04-27,WIN Securities,Cauciones Colocadoras,USDMEP,700000.0,3.29,1417.0000041093,DOLARMM
2026-04-17,WIN Securities,Cauciones Colocadoras,ARS,47416.637240000025,1.5706046538280007,1364.4999680707,RVARIABLE
2025-02-12,WIN Securities,Cauciones Colocadoras,ARS,215763.32224000033,2.3804024620800037,1056.24995775,EST
2026-01-13,WIN Securities,Cauciones Colocadoras,ARS,454221.00324,5.012271804384,1456.9999962118,EST
2025-01-16,WIN Securities,Cauciones Colocadoras,ARS,967.6905657216007,0.010676908032000007,1041.5000266624,VAL
2025-01-22,WIN Securities,Cauciones Colocadoras,ARS,2391.4681006185638,0.02638013267600004,1047.0000412518,VAL
2025-01-30,WIN Securities,Cauciones Colocadoras,ARS,1987.8292777547924,0.021921979392000003,1050.9999844452,VAL
2025-01-31,WIN Securities,Cauciones Colocadoras,ARS,1414.1265747480281,0.046856868721001234,1051.5000542048,VAL
2025-02-20,WIN Securities,Cauciones Colocadoras,ARS,649.3315364529163,0.00716883090000018,1058.7500397031,VAL
2025-04-21,WIN Securities,Cauciones Colocadoras,ARS,14292.250338396581,0.15764168492800004,1093.9999789952,VAL
2025-05-23,WIN Securities,Cauciones Colocadoras,ARS,2760.874037262936,0.091468901376,1133.5000031738,VAL
2025-06-02,WIN Securities,Cauciones Colocadoras,ARS,2593.6994341995696,0.028613820374999425,1179.4999604278,VAL
2025-07-04,WIN Securities,Cauciones Colocadoras,ARS,3493.095110000001,0.11573517681900003,1230.9999769803,VAL
2025-07-08,WIN Securities,Cauciones Colocadoras,ARS,6374.501600000024,0.14070915469300052,1255.0000771825,VAL
2025-08-20,WIN Securities,Cauciones Colocadoras,ARS,51652.57440000001,0.5702690178400001,1301.0000136605,VAL
2025-10-03,WIN Securities,Cauciones Colocadoras,ARS,28080.028000000493,0.9303685477170164,1424.5000040598,VAL
2026-05-05,WIN Securities,Cauciones Colocadoras,ARS,50251.25700000001,0.5542354709550001,1392.9999800801,VAL
2025-08-11,WIN Securities,Cauciones Colocadoras,ARS,31770.04740000013,0.3506278588410014,1321.9999161852,RBALANCEADO
2026-05-05,WIN Securities,Cauciones Colocadoras,ARS,654702.0912000001,7.220825659611002,1392.9999800801,RBALANCEADO
2025-06-17,WIN Securities,Cauciones Colocadoras,ARS,90258.62430000014,0.9958190053500017,1159.9999536,BALANCEADO
2025-11-07,Option Securities,Cauciones Colocadoras,ARS,14840.98980000001,1.7476749588480014,1414.999961795,BALANCEADO
2025-12-12,WIN Securities,Cauciones Colocadoras,ARS,48577.37500000007,1.6090145128750024,1441.0000540375,BALANCEADO
2025-06-25,WIN Securities,Cauciones Colocadoras,ARS,16953.419639999298,0.18701636130599225,1191.5000294301,INC
2025-11-17,WIN Securities,Cauciones Colocadoras,ARS,277577.4925000006,3.0613192520250068,1387.0000644955,INC
2026-04-01,WIN Securities,Cauciones Colocadoras,ARS,420731.69865000015,23.26024342327801,1394.0000287164,INC
2025-03-28,WIN Securities,Cauciones Colocadoras,ARS,22518.457941347326,0.7462558228320003,1071.0000184212,GEST
2025-03-31,WIN Securities,Cauciones Colocadoras,ARS,22752.35056458874,0.25097601838399175,1073.24995326,GEST
2025-09-08,Criteria,Cauciones Colocadoras,ARS,1336266.8409600002,96.79198614091202,1409.0000157808,GEST
2025-09-26,Criteria,Cauciones Colocadoras,ARS,2262443.400000001,492.0334455340082,1326.0000228072,GEST
2026-05-11,Criteria,Cauciones Colocadoras,ARS,5030542.299999925,98.08422019737854,1391.500077437,GEST
2026-05-20,Criteria,Cauciones Colocadoras,ARS,5513528.887040002,107.50145825098404,1397.0000262636,GEST
2026-06-25,Option Securities,Cauciones Colocadoras,ARS,870006.8085000017,25.749317306694046,1476.9999354551,GEST
2025-08-04,WIN Securities,Cauciones Colocadoras,ARS,21617.646540000012,0.23847793545300014,1360.00003264,MULTI
2025-03-27,WIN Securities,Cauciones Colocadoras,ARS,178163.0534330374,1.9653208556149888,1071.2500170061,PERF
2025-10-13,WIN Securities,Cauciones Colocadoras,ARS,82042.25910000037,0.9059014700520043,1419.99990344,PERF
2025-10-16,WIN Securities,Cauciones Colocadoras,ARS,47788.87560000014,0.5274964619400015,1401.9999248528,PERF
2026-04-20,WIN Securities,Cauciones Colocadoras,ARS,1996695.8356640937,22.021052635036007,1377.0000236844,PERF
2026-04-29,WIN Securities,Cauciones Colocadoras,ARS,3117035.5074567883,34.37884106202349,1391.500077437,PERF
2026-05-21,WIN Securities,Cauciones Colocadoras,ARS,3190804.630228443,35.19023917077147,1389.5000759362,PERF
2026-03-04,WIN Securities,Cauciones Colocadoras,ARS,45697.96480000082,0.5039842889810091,1400.5000065123,RFIJA
2026-01-21,Zofingen,Cauciones Colocadoras,USDMEP,509000.0,0.0,1430.4999468569,RDOLAR
2026-01-30,Zofingen,Cauciones Colocadoras,USDMEP,105450.0,0.0,1447.000007235,RDOLAR
2025-02-06,WIN Securities,Cauciones Colocadoras,ARS,30170.777879999998,0.33279886028199995,1054.0000037944,PyMES
2025-04-01,WIN Securities,Cauciones Colocadoras,ARS,74592.07199999834,1.9974544760429558,1072.5000372694,PyMES
2025-07-10,WIN Securities,Cauciones Colocadoras,ARS,14183.266060000053,0.1564223011370006,1255.0000771825,PyMES
2025-07-14,WIN Securities,Cauciones Colocadoras,ARS,12812.5,0.14129687500000002,1280.0,PyMES
2025-09-17,WIN Securities,Cauciones Colocadoras,ARS,61037.64,0.6734079362400001,1474.499997051,PyMES
2026-07-08,WIN Securities,Cauciones Colocadoras,ARS,268.81720000000007,0.014858870730000005,1488.000023808,PyMES
2025-06-26,WIN Securities,Cauciones Colocadoras,USDMEP,64000.0,0.71,1188.5000262064,AHDOLARES
2025-07-14,WIN Securities,Cauciones Colocadoras,USDMEP,81000.0,0.91,1280.0,AHDOLARES
2025-07-23,WIN Securities,Cauciones Colocadoras,USDMEP,171000.0,1.9,1285.5000479492,AHDOLARES
2025-07-25,WIN Securities,Cauciones Colocadoras,USDMEP,158000.0,5.26,1280.0,AHDOLARES
2025-08-11,WIN Securities,Cauciones Colocadoras,USDMEP,55000.0,0.62,1321.9999161852,AHDOLARES
2025-02-11,WIN Securities,Cauciones Colocadoras,ARS,43855.077569999296,0.48382664411999227,1055.7500423092,GESTII
2025-08-18,Criteria,Cauciones Colocadoras,ARS,6561484.876800001,475.25266517184,1293.0000082752,GEST
2025-08-19,Criteria,Cauciones Colocadoras,ARS,1845261.144,133.58456639992,1292.49998449,GEST
2025-08-20,Criteria,Cauciones Colocadoras,ARS,2519600.2810000004,182.47881437913003,1301.0000136605,GEST
2025-08-22,Criteria,Cauciones Colocadoras,ARS,1135503.4500000018,247.4853614847454,1320.9999494057,GEST
2025-08-25,Criteria,Cauciones Colocadoras,ARS,2448605.0240000007,177.39893031769603,1361.9999825664,GEST
2025-08-26,Criteria,Cauciones Colocadoras,ARS,2229266.4911999586,161.504784121209,1356.5000021026,GEST
2025-08-27,Criteria,Cauciones Colocadoras,ARS,203779.18000000005,14.761667467224003,1349.4999832662,GEST
2025-08-29,Criteria,Cauciones Colocadoras,ARS,1532041.764000001,333.7194190019252,1341.999969134,GEST
2025-09-01,Criteria,Cauciones Colocadoras,ARS,1722056.671500001,124.74112805533507,1341.999969134,GEST
2025-09-02,Criteria,Cauciones Colocadoras,ARS,1775165.4224000059,128.58432045017543,1360.9999211981,GEST
2025-09-03,Criteria,Cauciones Colocadoras,ARS,1393607.7221300045,100.94944743204134,1360.9999211981,GEST
2025-09-04,Criteria,Cauciones Colocadoras,ARS,1393614.7659999542,100.94429988699669,1362.4999148438,GEST
2025-09-05,Criteria,Cauciones Colocadoras,ARS,1384870.8861000012,301.65552105982823,1354.999963415,GEST
2025-09-09,Criteria,Cauciones Colocadoras,ARS,1329050.4620399533,96.25425945206062,1416.5000154399,GEST
2025-09-10,Criteria,Cauciones Colocadoras,ARS,1052265.6128100231,76.19862116574868,1423.4999051237,GEST
2025-09-12,Criteria,Cauciones Colocadoras,ARS,2821747.9200000125,614.1483074655628,1453.0000964792,GEST
2025-09-15,Criteria,Cauciones Colocadoras,ARS,2726653.2000000104,197.45474962413073,1466.9999103663,GEST
2025-09-16,Criteria,Cauciones Colocadoras,ARS,2722940.8000000003,197.18529785504003,1468.9999870728,GEST
2025-09-17,Criteria,Cauciones Colocadoras,ARS,3187521.1999999997,230.82798961051998,1474.499997051,GEST
2025-09-22,Criteria,Cauciones Colocadoras,ARS,2414772.8200000036,174.87056069230223,1407.9999459328,GEST
2025-09-23,Criteria,Cauciones Colocadoras,ARS,2921840.8000000003,211.59007596596203,1368.9999811078,GEST
2025-09-24,Criteria,Cauciones Colocadoras,ARS,2033644.9920000087,147.22568433602464,1337.4999130625,GEST
2025-09-25,Criteria,Cauciones Colocadoras,ARS,1869858.0000000063,135.37054642471247,1336.9999219192,GEST
2025-09-29,Criteria,Cauciones Colocadoras,ARS,1470588.200000001,106.46596803305206,1360.00003264,GEST
2025-09-30,Criteria,Cauciones Colocadoras,ARS,4855072.590000004,351.4992410230382,1379.99996412,GEST
2025-10-02,Criteria,Cauciones Colocadoras,ARS,849420.847000015,61.495647420386085,1424.5000040598,GEST
2025-10-13,Criteria,Cauciones Colocadoras,ARS,612676.0980000028,44.400819920664205,1419.99990344,GEST
2025-10-14,Criteria,Cauciones Colocadoras,ARS,514705.8700000003,37.31592557500603,1360.00003264,GEST
2025-10-15,Criteria,Cauciones Colocadoras,ARS,555072.4782000004,40.27182713402403,1379.99996412,GEST
2025-10-16,Criteria,Cauciones Colocadoras,ARS,250713.28020000074,18.166826936652054,1401.9999248528,GEST
2025-10-16,Criteria,Cauciones Colocadoras,ARS,142653.36000000042,10.34250412069203,1401.9999248528,GEST
2025-10-31,Criteria,Cauciones Colocadoras,ARS,2422145.250000003,526.7303842653456,1445.0000469625,GEST
2025-11-07,Criteria,Cauciones Colocadoras,ARS,963250.9094000007,209.42217526570616,1414.999961795,GEST
2025-11-10,Criteria,Cauciones Colocadoras,ARS,2041534.7500000389,147.7924098100278,1420.4999449556,GEST
2025-11-12,Criteria,Cauciones Colocadoras,ARS,2402974.5129,173.955645102161,1411.9999949168,GEST
2025-11-13,Criteria,Cauciones Colocadoras,ARS,1422475.2000000062,102.97497830565645,1405.9999077664,GEST
2025-11-14,Criteria,Cauciones Colocadoras,ARS,413399.87200000056,89.87984635692811,1402.9999506144,GEST
2026-01-21,Allaria,Cauciones Colocadoras,ARS,480251.6781000091,7.756400148339147,1430.4999468569,GEST
2026-04-07,WIN Securities,Cauciones Colocadoras,ARS,5529623.329999923,60.987537071105145,1392.4999119244,LIQUIDEZ
2026-04-07,WIN Securities,Cauciones Colocadoras,ARS,861759.479999988,11.529896600001837,1392.4999119244,LIQUIDEZ
2026-04-08,WIN Securities,Cauciones Colocadoras,ARS,1081081.0500000203,14.464316701268274,1387.5000398906,LIQUIDEZ
2026-04-08,WIN Securities,Cauciones Colocadoras,ARS,4828828.690000091,53.256704775177,1387.5000398906,LIQUIDEZ
2026-04-09,WIN Securities,Cauciones Colocadoras,ARS,3041274.6000000085,40.69052351793011,1380.999926807,LIQUIDEZ
2026-04-09,WIN Securities,Cauciones Colocadoras,ARS,3330919.800000009,36.7361713894501,1380.999926807,LIQUIDEZ
2026-04-10,WIN Securities,Cauciones Colocadoras,ARS,2846715.3000000003,94.29096256074001,1370.0000137,LIQUIDEZ
2026-04-10,WIN Securities,Cauciones Colocadoras,ARS,3211678.8000000003,129.04665564384004,1370.0000137,LIQUIDEZ
2026-04-13,WIN Securities,Cauciones Colocadoras,ARS,5686853.480000014,62.721304076660154,1354.0000682416,LIQUIDEZ
2026-04-13,WIN Securities,Cauciones Colocadoras,ARS,1033973.3600000025,13.833788076780035,1354.0000682416,LIQUIDEZ
2026-04-14,WIN Securities,Cauciones Colocadoras,ARS,953079.1400000016,12.751634377094021,1364.0000556512,LIQUIDEZ
2026-04-15,WIN Securities,Cauciones Colocadoras,ARS,809418.7200000011,10.829448522144014,1358.9999499888,LIQUIDEZ
2026-04-15,WIN Securities,Cauciones Colocadoras,ARS,6181015.680000009,68.17129757860809,1358.9999499888,LIQUIDEZ
2026-04-16,WIN Securities,Cauciones Colocadoras,ARS,1251840.9000000013,16.748754953370018,1358.000046172,LIQUIDEZ
2026-04-17,WIN Securities,Cauciones Colocadoras,ARS,879443.0400000004,35.337728932436015,1364.4999680707,LIQUIDEZ
2026-04-17,WIN Securities,Cauciones Colocadoras,ARS,5789666.6800000025,191.7677802293961,1364.4999680707,LIQUIDEZ
2026-04-20,WIN Securities,Cauciones Colocadoras,ARS,6535947.6000000015,72.08588837522802,1377.0000236844,LIQUIDEZ
2026-04-21,WIN Securities,Cauciones Colocadoras,ARS,6361323.500000019,70.1599311018322,1375.4999254479,LIQUIDEZ
2026-04-22,WIN Securities,Cauciones Colocadoras,ARS,6240928.840000001,68.828214336032,1378.0000093704,LIQUIDEZ
2026-04-23,WIN Securities,Cauciones Colocadoras,ARS,6034482.72,66.54863463155999,1392.0000089088,LIQUIDEZ
2026-04-24,WIN Securities,Cauciones Colocadoras,ARS,6430868.099999885,212.9807623331182,1399.5000146248,LIQUIDEZ
2026-04-28,WIN Securities,Cauciones Colocadoras,ARS,6051976.200000027,66.7467328718163,1404.4999053367,LIQUIDEZ
2026-04-29,WIN Securities,Cauciones Colocadoras,ARS,8102766.347499879,89.36961054939667,1391.500077437,LIQUIDEZ
2026-05-06,WIN Securities,Cauciones Colocadoras,ARS,5691642.69,62.76936642106801,1387.9999905616,LIQUIDEZ
2026-05-07,WIN Securities,Cauciones Colocadoras,ARS,5659025.960000006,62.410345736816055,1395.9999575616,LIQUIDEZ
2026-05-08,WIN Securities,Cauciones Colocadoras,ARS,5972818.460000004,197.82733680883612,1397.9999653296,LIQUIDEZ
2026-05-12,WIN Securities,Cauciones Colocadoras,ARS,5274566.820000023,58.16963531881825,1383.9999092096,LIQUIDEZ
2026-05-14,WIN Securities,Cauciones Colocadoras,ARS,5319914.020000015,58.67144100038117,1390.9999244687,LIQUIDEZ
2026-05-18,WIN Securities,Cauciones Colocadoras,ARS,5368647.000000002,59.20896094843202,1397.0000262636,LIQUIDEZ
2026-05-19,WIN Securities,Cauciones Colocadoras,ARS,5579399.280000004,61.529522269852045,1397.9999653296,LIQUIDEZ
2026-05-20,WIN Securities,Cauciones Colocadoras,ARS,2863278.4000000013,31.57605524030001,1397.0000262636,LIQUIDEZ
2026-05-20,WIN Securities,Cauciones Colocadoras,ARS,2362204.680000001,31.603979362896016,1397.0000262636,LIQUIDEZ
2026-05-21,WIN Securities,Cauciones Colocadoras,ARS,5901403.059999912,65.08214829644402,1389.5000759362,LIQUIDEZ
2026-05-22,WIN Securities,Cauciones Colocadoras,ARS,6200998.0800000075,273.9014565408323,1402.9999506144,LIQUIDEZ
2026-05-26,WIN Securities,Cauciones Colocadoras,ARS,6376195.799999786,70.32087431763964,1411.4999417051,LIQUIDEZ
2026-05-27,WIN Securities,Cauciones Colocadoras,ARS,6088495.559999784,67.14698036310362,1412.5000035313,LIQUIDEZ
2026-05-28,WIN Securities,Cauciones Colocadoras,ARS,6312057.110000022,69.61255020643124,1409.99991681,LIQUIDEZ
2026-06-02,WIN Securities,Cauciones Colocadoras,ARS,8409249.600000039,92.73505322244444,1427.0000976068,LIQUIDEZ
2026-06-03,WIN Securities,Cauciones Colocadoras,ARS,6604101.699999777,72.82748923052154,1438.4999552627,LIQUIDEZ
2026-06-04,WIN Securities,Cauciones Colocadoras,ARS,8771318.640000034,96.72964251189637,1436.5000882011,LIQUIDEZ
2026-06-08,WIN Securities,Cauciones Colocadoras,ARS,6774974.220000121,74.71830785171832,1446.4999691172,LIQUIDEZ
2026-06-09,WIN Securities,Cauciones Colocadoras,ARS,6592643.750000009,72.70791538587511,1441.0000540375,LIQUIDEZ
2026-06-10,WIN Securities,Cauciones Colocadoras,ARS,6736474.895000123,74.29437568320836,1432.4999573831,LIQUIDEZ
2026-06-17,WIN Securities,Cauciones Colocadoras,ARS,6035379.659999794,66.56186442767174,1441.50003647,LIQUIDEZ
2026-06-18,WIN Securities,Cauciones Colocadoras,ARS,6822881.010000009,75.2425801587021,1450.9999493601,LIQUIDEZ
2026-06-19,WIN Securities,Cauciones Colocadoras,ARS,6409373.070000009,212.2522541339993,1450.9999493601,LIQUIDEZ
2026-06-22,WIN Securities,Cauciones Colocadoras,ARS,6637016.4499999015,73.19593222400891,1461.5000690559,LIQUIDEZ
2026-06-23,WIN Securities,Cauciones Colocadoras,ARS,7339449.960000148,80.94194821271064,1471.4999160509,LIQUIDEZ
2026-06-24,WIN Securities,Cauciones Colocadoras,ARS,7302231.000000007,80.54029488075008,1479.0000480675,LIQUIDEZ
2026-06-25,WIN Securities,Cauciones Colocadoras,ARS,6770481.000000013,74.67535194306915,1476.9999354551,LIQUIDEZ
2026-06-26,WIN Securities,Cauciones Colocadoras,ARS,7447529.100000014,246.73902229231248,1476.9999354551,LIQUIDEZ
2026-06-30,WIN Securities,Cauciones Colocadoras,ARS,1720647.690000004,18.977785856104045,1482.0000717288,LIQUIDEZ
2026-07-01,WIN Securities,Cauciones Colocadoras,ARS,6530836.973551639,72.01560404879112,1488.9999385043,LIQUIDEZ
2026-07-02,WIN Securities,Cauciones Colocadoras,ARS,6586021.400000002,72.62333889179003,1488.000023808,LIQUIDEZ
2026-07-03,WIN Securities,Cauciones Colocadoras,ARS,6516627.809999907,215.79346751608492,1488.4999240121,LIQUIDEZ
2026-07-07,WIN Securities,Cauciones Colocadoras,ARS,6996113.204147948,77.15052430035404,1491.9999707568,LIQUIDEZ
2026-07-08,WIN Securities,Cauciones Colocadoras,ARS,7056451.500000002,390.0100340824201,1488.000023808,LIQUIDEZ
2026-07-13,WIN Securities,Cauciones Colocadoras,ARS,7017543.520000016,77.40169665861617,1482.0000717288,LIQUIDEZ
2026-07-14,WIN Securities,Cauciones Colocadoras,ARS,6863744.870000139,75.69136007762253,1471.4999160509,LIQUIDEZ
2026-07-16,WIN Securities,Cauciones Colocadoras,ARS,7095093.28481217,78.24089041314011,1475.9999456832,LIQUIDEZ
2026-07-17,WIN Securities,Cauciones Colocadoras,ARS,9323391.502435355,308.7919547550001,1477.99997044,LIQUIDEZ
2026-07-20,WIN Securities,Cauciones Colocadoras,ARS,8451105.090071881,93.20319414643645,1481.0001015966,LIQUIDEZ
2026-07-21,WIN Securities,Cauciones Colocadoras,ARS,8468213.801085655,93.39341455443734,1477.4998928813,LIQUIDEZ
2026-07-22,WIN Securities,Cauciones Colocadoras,ARS,7314173.874573684,80.6642441447042,1483.0000735568,LIQUIDEZ
2026-07-23,WIN Securities,Cauciones Colocadoras,ARS,7625316.729969234,84.09514786533914,1488.9999385043,LIQUIDEZ
2026-07-24,WIN Securities,Cauciones Colocadoras,ARS,7828596.141645433,259.2770916920334,1496.9999372757,LIQUIDEZ
2026-07-27,WIN Securities,Cauciones Colocadoras,ARS,7635131.714033595,84.20141969370415,1496.9999372757,LIQUIDEZ
2026-07-29,WIN Securities,Cauciones Colocadoras,ARS,7381587.421348352,81.408670046604,1495.9999952128,LIQUIDEZ
2026-07-30,WIN Securities,Cauciones Colocadoras,ARS,6922042.900000002,76.35327834824002,1488.000023808,LIQUIDEZ
2026-07-31,WIN Securities,Cauciones Colocadoras,ARS,3838383.990000006,127.0840992959162,1484.9999413425,LIQUIDEZ
2025-12-04,Aldazabal,Pases Colocadores,ARS,4155124.7993698115,124.67651408390417,1443.9999491712,LIQUIDEZ
2025-12-05,Aldazabal,Pases Colocadores,ARS,4181184.600648085,125.52718259779104,1435.0000236775,LIQUIDEZ
2025-12-09,Aldazabal,Pases Colocadores,ARS,9708738.200298209,291.31534295052336,1441.9999501068,LIQUIDEZ
2025-12-10,Aldazabal,Pases Colocadores,ARS,5565217.599818945,55.68242991417615,1437.4999460938,LIQUIDEZ
2025-12-11,Aldazabal,Pases Colocadores,ARS,9749303.200724253,292.53251521774854,1436.0000620352,LIQUIDEZ
2025-12-15,Aldazabal,Pases Colocadores,ARS,15988877.799693586,479.7532509300418,1438.4999552627,LIQUIDEZ
2025-12-19,Aldazabal,Pases Colocadores,ARS,10344827.999820707,176.03212428266428,1449.999942,LIQUIDEZ
2025-12-22,Aldazabal,Pases Colocadores,ARS,8264462.39951104,140.54114316690035,1452.0000720192,LIQUIDEZ
2025-12-23,Aldazabal,Pases Colocadores,ARS,6891798.9993521795,117.27387039196215,1450.9999493601,LIQUIDEZ
2025-12-29,Aldazabal,Pases Colocadores,ARS,6863418.000123542,116.71571066722201,1456.9999962118,LIQUIDEZ
2025-12-30,Aldazabal,Pases Colocadores,ARS,2749140.7994226837,46.78058260190005,1455.00004947,LIQUIDEZ
2026-01-02,Aldazabal,Pases Colocadores,ARS,1355932.2005016948,23.073138925367996,1475.0000036875,LIQUIDEZ
2026-01-09,Aldazabal,Pases Colocadores,ARS,1023890.8499931783,17.427181993998072,1464.9999069725,LIQUIDEZ
2026-01-12,Aldazabal,Pases Colocadores,ARS,1090289.6001294348,18.080326951279385,1467.5000110063,LIQUIDEZ
2026-01-12,Aldazabal,Pases Colocadores,ARS,1022146.4998977506,17.874493903419392,1467.5000110063,LIQUIDEZ
2026-01-15,Aldazabal,Pases Colocadores,ARS,1040943.7500416392,17.705093021000028,1441.0000540375,LIQUIDEZ
2025-10-02,WIN Securities,Cauciones Colocadoras,ARS,2173667.7643210557,29.08460504171451,1424.5000040598,LIQUIDEZ
2025-10-03,WIN Securities,Cauciones Colocadoras,ARS,6845055.731281462,226.799234172861,1424.5000040598,LIQUIDEZ
2025-10-03,WIN Securities,Cauciones Colocadoras,ARS,1859752.9493083714,74.74817107514032,1424.5000040598,LIQUIDEZ
2025-10-06,WIN Securities,Cauciones Colocadoras,ARS,6993007.000000001,77.14343364357701,1429.99999857,LIQUIDEZ
2025-10-07,WIN Securities,Cauciones Colocadoras,ARS,1694391.344463448,22.683218052397606,1429.4999909227,LIQUIDEZ
2025-10-08,WIN Securities,Cauciones Colocadoras,ARS,521440.82639556675,5.753776229530001,1429.99999857,LIQUIDEZ
2025-10-09,WIN Securities,Cauciones Colocadoras,ARS,6197183.520000028,274.66349755035725,1419.99990344,LIQUIDEZ
2025-10-13,WIN Securities,Cauciones Colocadoras,ARS,5774648.280000026,63.76099729349429,1419.99990344,LIQUIDEZ
2025-10-15,WIN Securities,Cauciones Colocadoras,ARS,2616855.703545495,28.91255872274102,1379.99996412,LIQUIDEZ
2025-10-15,WIN Securities,Cauciones Colocadoras,ARS,4846912.606613931,64.98663937081204,1379.99996412,LIQUIDEZ
2025-10-16,WIN Securities,Cauciones Colocadoras,ARS,6419401.200000019,70.8687199183922,1401.9999248528,LIQUIDEZ
2025-10-20,WIN Securities,Cauciones Colocadoras,ARS,13016949.12,143.604596251158,1475.0000036875,LIQUIDEZ
2025-10-21,WIN Securities,Cauciones Colocadoras,ARS,16762817.928547911,184.89800736157778,1490.5000001491,LIQUIDEZ
2025-10-21,WIN Securities,Cauciones Colocadoras,ARS,10077.071679636034,0.13483394832599546,1490.5000001491,LIQUIDEZ
2025-10-22,WIN Securities,Cauciones Colocadoras,ARS,15879591.494645128,175.16145115626333,1488.9999385043,LIQUIDEZ
2025-10-22,WIN Securities,Cauciones Colocadoras,ARS,843041.8353011739,11.28053773922402,1488.9999385043,LIQUIDEZ
2025-10-23,WIN Securities,Cauciones Colocadoras,ARS,14455803.378056573,159.49995424830016,1479.0000480675,LIQUIDEZ
2025-10-24,WIN Securities,Cauciones Colocadoras,ARS,7450207.261305564,247.3160906382801,1491.9999707568,LIQUIDEZ
2025-10-27,WIN Securities,Cauciones Colocadoras,ARS,12543553.800000004,138.52515450876004,1435.0000236775,LIQUIDEZ
2025-10-28,WIN Securities,Cauciones Colocadoras,ARS,11020408.020000001,121.67328413253303,1470.00001911,LIQUIDEZ
2025-10-29,WIN Securities,Cauciones Colocadoras,ARS,8911942.511940017,98.32127012578019,1436.0000620352,LIQUIDEZ
2025-10-31,WIN Securities,Cauciones Colocadoras,ARS,11072664.000000013,366.8437251018004,1445.0000469625,LIQUIDEZ
2025-11-03,WIN Securities,Cauciones Colocadoras,ARS,6747638.000000016,74.42643364472417,1482.0000717288,LIQUIDEZ
2025-11-04,WIN Securities,Cauciones Colocadoras,ARS,9215955.860000001,101.64966163651901,1454.0000194836,LIQUIDEZ
2025-11-05,WIN Securities,Cauciones Colocadoras,ARS,10330578.000000026,227.98780549621256,1452.0000720192,LIQUIDEZ
2026-07-02,Allaria,Pases Colocadores,ARS,3091397.799791667,0.0,1488.000023808,LIQUIDEZ
2026-07-14,Allaria,Pases Colocadores,ARS,3261977.759904925,0.0,1471.4999160509,LIQUIDEZ
2026-07-17,Allaria,Pases Colocadores,ARS,4397835.000209745,0.0,1477.99997044,LIQUIDEZ
2026-07-20,Allaria,Pases Colocadores,ARS,4051316.399723179,0.0,1481.0001015966,LIQUIDEZ
2026-07-24,Allaria,Pases Colocadores,ARS,3674014.8493052837,0.0,1496.9999372757,LIQUIDEZ
2025-08-11,WIN Securities,Cauciones Colocadoras,ARS,16641.453400000068,0.18366113116000077,1321.9999161852,EST
2025-08-20,WIN Securities,Cauciones Colocadoras,ARS,7686.395000000001,0.08481168243000002,1301.0000136605,EST
2026-03-20,WIN Securities,Cauciones Colocadoras,ARS,43797.19721999851,2.420374074873918,1390.4999375666,EST
2025-01-06,WIN Securities,Cauciones Colocadoras,ARS,1313.279473758793,0.014483092164000011,1034.99997309,VAL
2025-01-08,WIN Securities,Cauciones Colocadoras,ARS,1254.6155959336122,0.013838724609999362,1035.5000481508,VAL
2025-01-09,WIN Securities,Cauciones Colocadoras,ARS,1015.0621021158724,0.011205400724000026,1036.9999508462,VAL
2025-01-17,WIN Securities,Cauciones Colocadoras,ARS,1170.595534123009,0.03879980697600002,1041.5000266624,VAL
2025-01-24,WIN Securities,Cauciones Colocadoras,ARS,3016.862756163717,0.1000286760270002,1046.0000487436,VAL
2025-02-10,WIN Securities,Cauciones Colocadoras,ARS,1023.5829151190495,0.01129322613600027,1055.4999834814,VAL
2025-02-17,WIN Securities,Cauciones Colocadoras,ARS,763.876290323192,0.008437500027,1055.9999966208,VAL
2025-03-06,WIN Securities,Cauciones Colocadoras,ARS,425.50309792042003,0.004692054585000111,1063.4999890991,VAL
2025-03-07,WIN Securities,Cauciones Colocadoras,ARS,923.8166310997264,0.030619717131000045,1065.0000410025,VAL
2025-04-14,Invertir en Bolsa (IEB),Cauciones Colocadoras,ARS,16736.402000000006,0.1846192504620001,1194.9999766975,VAL
2025-04-15,WIN Securities,Cauciones Colocadoras,ARS,30421.85164420918,0.335689870662007,1199.5000004198,VAL
2025-04-16,Invertir en Bolsa (IEB),Cauciones Colocadoras,ARS,11200.000140000002,0.6194311188540002,1124.9999859375,VAL
2025-04-23,WIN Securities,Cauciones Colocadoras,ARS,5561.836187990689,0.061344830040000096,1159.9999536,VAL
2025-04-28,WIN Securities,Cauciones Colocadoras,ARS,18836.29804302403,0.20776739390000032,1178.0000480624,VAL
2025-05-14,WIN Securities,Cauciones Colocadoras,ARS,2748.7234168710024,0.030326854226000025,1132.0000335072,VAL
2025-05-16,WIN Securities,Cauciones Colocadoras,ARS,2728.1189567304064,0.09040279770800021,1142.0000555012,VAL
2025-05-28,WIN Securities,Cauciones Colocadoras,ARS,2706.3587289440043,0.02985344947000005,1159.9999536,VAL
2025-05-30,WIN Securities,Cauciones Colocadoras,ARS,2569.1446537152065,0.08515992843600022,1188.0000589248,VAL
2025-07-03,WIN Securities,Cauciones Colocadoras,ARS,2030.8692500000006,0.022404549566000007,1230.9999769803,VAL
2025-07-17,WIN Securities,Cauciones Colocadoras,ARS,10204.082200000032,0.11257457454800034,1273.9999291656,VAL
2025-07-21,WIN Securities,Cauciones Colocadoras,ARS,23529.411000000026,0.2597568543030003,1275.0000414375,VAL
2025-07-23,WIN Securities,Cauciones Colocadoras,ARS,10190.586939999617,0.11248541003999578,1285.5000479492,VAL
2025-07-24,WIN Securities,Cauciones Colocadoras,ARS,8962.263900000007,0.09887578339500007,1272.000035616,VAL
2025-06-19,WIN Securities,Cauciones Colocadoras,ARS,43782.8350000001,1.9365410617510048,1142.0000555012,RBALANCEADO
2025-08-20,WIN Securities,Cauciones Colocadoras,ARS,35741.736750000004,0.39440430024000006,1301.0000136605,RBALANCEADO
2025-08-28,WIN Securities,Cauciones Colocadoras,ARS,35258.81250000014,0.38915976562500154,1333.0000833125,RBALANCEADO
2026-04-17,WIN Securities,Cauciones Colocadoras,ARS,48369.36720000002,1.6021693302720006,1364.4999680707,RBALANCEADO
2026-07-31,WIN Securities,Cauciones Colocadoras,ARS,138359.9246571362,4.584848665950007,1484.9999413425,RBALANCEADO
2025-06-25,WIN Securities,Cauciones Colocadoras,ARS,3608.8962599998504,0.03981535780799835,1191.5000294301,BALANCEADO
2025-06-26,WIN Securities,Cauciones Colocadoras,ARS,3702.1454800000797,0.04084980978500088,1188.5000262064,BALANCEADO
2025-07-04,WIN Securities,Cauciones Colocadoras,ARS,4386.677580000001,0.14533712700700005,1230.9999769803,BALANCEADO
2025-11-19,WIN Securities,Cauciones Colocadoras,ARS,31994.31150000058,0.3528688164570064,1406.5000273564,BALANCEADO
2025-12-23,WIN Securities,Cauciones Colocadoras,ARS,171743.63108000022,13.325127963324016,1450.9999493601,BALANCEADO
2025-01-06,WIN Securities,Cauciones Colocadoras,ARS,49.75997230825204,0.0005507246520000004,1034.99997309,INC
2025-06-30,WIN Securities,Cauciones Colocadoras,ARS,16597.51000000001,0.1830871328100001,1205.0000271125,INC
2025-07-03,WIN Securities,Cauciones Colocadoras,ARS,16328.188770000004,0.18009748509000004,1230.9999769803,INC
2025-07-04,WIN Securities,Cauciones Colocadoras,ARS,16328.188770000004,0.5409829508150003,1230.9999769803,INC
2025-07-23,WIN Securities,Cauciones Colocadoras,ARS,5989.886979999775,0.06611434992599752,1285.5000479492,INC
2025-07-30,WIN Securities,Cauciones Colocadoras,ARS,5931.559140000007,0.06542966005200009,1314.9999546325,INC
2025-11-07,Option Securities,Cauciones Colocadoras,ARS,226148.41600000017,26.63120213247002,1414.999961795,INC
2025-11-19,WIN Securities,Cauciones Colocadoras,ARS,440810.514000008,4.861599621048088,1406.5000273564,INC
2026-01-02,WIN Securities,Cauciones Colocadoras,ARS,507796.6089,16.856603347689,1475.0000036875,INC
2026-02-12,WIN Securities,Cauciones Colocadoras,ARS,365591.40900000033,4.0329678649410035,1394.9999574525,INC
2026-07-16,WIN Securities,Cauciones Colocadoras,ARS,3082.8625795740045,0.03399729122400005,1475.9999456832,INC
2026-07-31,WIN Securities,Cauciones Colocadoras,ARS,653566.5652098187,21.657623751099035,1484.9999413425,INC
2025-02-27,Option Securities,Cauciones Colocadoras,ARS,1050153.0495000186,9.890925361797176,1061.749999708,GEST
2025-03-20,WIN Securities,Cauciones Colocadoras,ARS,15902.83538830748,0.175425632361,1068.9999943343,GEST
2025-03-27,WIN Securities,Cauciones Colocadoras,ARS,22264.051949941942,0.2455915947009986,1071.2500170061,GEST
2025-05-06,Allaria,Cauciones Colocadoras,ARS,1675041.8000000035,27.041330430615055,1194.0000542076,GEST
2025-05-13,Allaria,Cauciones Colocadoras,ARS,4256774.754,68.71927122876,1125.5000033765,GEST
2025-08-21,Criteria,Cauciones Colocadoras,ARS,1584030.4729000018,114.77081764780613,1314.9999546325,GEST
2025-09-18,Criteria,Cauciones Colocadoras,ARS,3187521.1999999997,230.82908828804,1474.499997051,GEST
2025-09-19,Criteria,Cauciones Colocadoras,ARS,2542803.75000007,553.4230025894252,1474.7500667324,GEST
2025-10-01,Criteria,Cauciones Colocadoras,ARS,1159522.1550000003,83.94678982659602,1422.9999770897,GEST
2025-10-16,Criteria,Cauciones Colocadoras,ARS,173323.8324000005,12.559793825844038,1401.9999248528,GEST
2025-11-04,Criteria,Cauciones Colocadoras,ARS,584594.2150000001,42.32203519629601,1454.0000194836,GEST
2025-11-11,Criteria,Cauciones Colocadoras,ARS,2041534.7500000389,147.7920015030778,1420.4999449556,GEST
2026-02-23,Criteria,Cauciones Colocadoras,ARS,753009.8424000138,54.53277577822,1370.5000145958,GEST
2026-03-10,Criteria,Cauciones Colocadoras,ARS,1014285.6940000005,73.42485567436003,1400.000028,GEST
2026-03-12,Criteria,Cauciones Colocadoras,ARS,1314449.6156999764,95.1543128077993,1394.5000082973,GEST
2026-03-13,Criteria,Cauciones Colocadoras,ARS,124285.71180000006,27.02083517386901,1400.000028,GEST
2026-05-12,Criteria,Cauciones Colocadoras,ARS,3583815.2640000153,69.8757271272003,1383.9999092096,GEST
2025-04-09,WIN Securities,Cauciones Colocadoras,ARS,402693.9294000005,4.442851988372006,1076.4999627531,MULTI
2025-07-15,WIN Securities,Cauciones Colocadoras,ARS,19682.53984,0.217174604912,1259.99998992,MULTI
2025-07-17,WIN Securities,Cauciones Colocadoras,ARS,21271.586740000068,0.23467819201200074,1273.9999291656,MULTI
2025-07-21,WIN Securities,Cauciones Colocadoras,ARS,22352.940450000024,0.24676077629400028,1275.0000414375,MULTI
2025-07-31,WIN Securities,Cauciones Colocadoras,ARS,23289.664000000063,0.2569359400600007,1374.000071448,MULTI
2025-08-06,WIN Securities,Cauciones Colocadoras,ARS,21321.32272000009,0.23520271813200103,1331.9999126208,MULTI
2025-08-11,WIN Securities,Cauciones Colocadoras,ARS,36308.625600000145,0.40071863357500165,1321.9999161852,MULTI
2025-02-12,WIN Securities,Cauciones Colocadoras,ARS,101017.75552000017,1.1144710504960018,1056.24995775,RMIXTA
2025-05-19,WIN Securities,Cauciones Colocadoras,ARS,1149868.5504,12.683251688478002,1140.9999860798,RMIXTA
2025-05-20,WIN Securities,Cauciones Colocadoras,ARS,1137357.7800000021,12.545205044802023,1143.0000505206,RMIXTA
2025-05-30,WIN Securities,Cauciones Colocadoras,ARS,1111111.0560000027,36.81541063186809,1188.0000589248,RMIXTA
2025-09-03,WIN Securities,Cauciones Colocadoras,ARS,32035.270040000105,0.35350479636800114,1360.9999211981,RMIXTA
2025-03-06,WIN Securities,Cauciones Colocadoras,ARS,5722.211041257405,0.06312176839500148,1063.4999890991,PERF
2025-03-11,WIN Securities,Cauciones Colocadoras,ARS,11359.330875201067,0.1252932877499971,1065.5000151834,PERF
2025-03-14,WIN Securities,Cauciones Colocadoras,ARS,7628.327210833398,0.25280188811998877,1066.2499477538,PERF
2025-03-26,WIN Securities,Cauciones Colocadoras,ARS,168708.83235558527,1.8609567965949896,1071.2500170061,PERF
2025-04-03,WIN Securities,Cauciones Colocadoras,ARS,187381.30764264378,2.0669303927999523,1074.2500123539,PERF
2025-03-11,WIN Securities,Cauciones Colocadoras,ARS,3754105.999999913,50.234574600908836,1065.5000151834,LIQUIDEZ
2025-03-18,WIN Securities,Cauciones Colocadoras,ARS,6554307.200000001,87.70541310764801,1067.9999863296,LIQUIDEZ
2025-03-21,WIN Securities,Cauciones Colocadoras,ARS,9356725.000000168,413.7128075708324,1068.7500166992,LIQUIDEZ
2025-03-25,WIN Securities,Cauciones Colocadoras,ARS,3734827.2000000016,49.97660044759202,1071.0000184212,LIQUIDEZ
2025-03-26,WIN Securities,Cauciones Colocadoras,ARS,10735122.34999994,118.42241118888833,1071.2500170061,LIQUIDEZ
2025-04-03,WIN Securities,Cauciones Colocadoras,ARS,8558772.103426376,114.52789256237735,1074.2500123539,LIQUIDEZ
2025-04-07,WIN Securities,Cauciones Colocadoras,ARS,5578800.599999871,61.54143235677957,1075.49999188,LIQUIDEZ
2025-04-08,WIN Securities,Cauciones Colocadoras,ARS,11155008.000000002,123.05469524656003,1075.750012909,LIQUIDEZ
2025-04-11,WIN Securities,Cauciones Colocadoras,ARS,6517690.899999999,262.24837157382495,1073.9999959188,LIQUIDEZ
2025-04-21,WIN Securities,Cauciones Colocadoras,ARS,5484460.800000002,73.38825552240002,1093.9999789952,LIQUIDEZ
2025-04-25,WIN Securities,Cauciones Colocadoras,ARS,5130397.800000117,170.0209299068649,1169.4999557344,LIQUIDEZ
2025-04-30,WIN Securities,Cauciones Colocadoras,ARS,3418803.6000000094,189.01703565892853,1169.99993799,LIQUIDEZ
2025-05-06,WIN Securities,Cauciones Colocadoras,ARS,7549891.456866419,101.02019641870821,1194.0000542076,LIQUIDEZ
2025-05-15,WIN Securities,Cauciones Colocadoras,ARS,4393673.000000003,48.46460334811203,1138.0000286776,LIQUIDEZ
2025-06-09,WIN Securities,Cauciones Colocadoras,ARS,7594937.100000019,101.62789552919526,1184.9999389725,LIQUIDEZ
2025-06-10,WIN Securities,Cauciones Colocadoras,ARS,8413967.00000018,112.59401518663542,1188.5000262064,LIQUIDEZ
2025-06-19,WIN Securities,Cauciones Colocadoras,ARS,4378283.50000001,234.93213394131757,1142.0000555012,LIQUIDEZ
2025-06-25,WIN Securities,Cauciones Colocadoras,ARS,7973142.89999967,106.69847827096359,1191.5000294301,LIQUIDEZ
2025-06-26,WIN Securities,Cauciones Colocadoras,ARS,8413967.00000018,112.59819692823442,1188.5000262064,LIQUIDEZ
2025-07-01,WIN Securities,Cauciones Colocadoras,ARS,4091653.0000000005,45.133780380488005,1222.0000083096,LIQUIDEZ
2025-07-04,WIN Securities,Cauciones Colocadoras,ARS,5686433.900000001,228.5227743789811,1230.9999769803,LIQUIDEZ
2025-07-14,WIN Securities,Cauciones Colocadoras,ARS,3906250.0,52.2565,1280.0,LIQUIDEZ
2025-07-24,WIN Securities,Cauciones Colocadoras,ARS,3144654.0000000023,34.697687707710024,1272.000035616,LIQUIDEZ
2025-07-25,WIN Securities,Cauciones Colocadoras,ARS,7812500.0,259.0897578125,1280.0,LIQUIDEZ
2025-07-28,WIN Securities,Cauciones Colocadoras,ARS,7722008.000000009,103.35764078651214,1294.99995338,LIQUIDEZ
2025-08-04,WIN Securities,Cauciones Colocadoras,ARS,3676470.5000000023,40.55856520306502,1360.00003264,LIQUIDEZ
2025-08-06,WIN Securities,Cauciones Colocadoras,ARS,3753754.0000000163,41.41714986411218,1331.9999126208,LIQUIDEZ
2025-08-11,WIN Securities,Cauciones Colocadoras,ARS,6051437.600000025,66.78967140541828,1321.9999161852,LIQUIDEZ
2025-08-12,WIN Securities,Cauciones Colocadoras,ARS,3795066.49999993,50.81052108003706,1317.4999700269,LIQUIDEZ
2025-08-18,WIN Securities,Cauciones Colocadoras,ARS,8507347.200000001,93.87639537753601,1293.0000082752,LIQUIDEZ
2025-08-20,WIN Securities,Cauciones Colocadoras,ARS,3843197.5000000005,51.42573351076001,1301.0000136605,LIQUIDEZ
2025-08-25,WIN Securities,Cauciones Colocadoras,ARS,6607929.6000000015,72.95061767385602,1361.9999825664,LIQUIDEZ
2025-09-03,WIN Securities,Cauciones Colocadoras,ARS,7861866.730000026,86.76201090155128,1360.9999211981,LIQUIDEZ
2025-09-09,WIN Securities,Cauciones Colocadoras,ARS,6283092.059999779,69.32964273177356,1416.5000154399,LIQUIDEZ
2025-09-10,WIN Securities,Cauciones Colocadoras,ARS,5900948.760000129,65.10513254438642,1423.4999051237,LIQUIDEZ
2025-09-19,WIN Securities,Cauciones Colocadoras,ARS,7526699.100000206,249.58245353094685,1474.7500667324,LIQUIDEZ
2025-10-08,WIN Securities,Cauciones Colocadoras,ARS,6471566.173716322,86.64154554118701,1429.99999857,LIQUIDEZ
2025-10-14,WIN Securities,Cauciones Colocadoras,ARS,7720588.0500000045,85.31464501127205,1360.00003264,LIQUIDEZ
2025-10-16,WIN Securities,Cauciones Colocadoras,ARS,1569186.9600000046,21.014323522944064,1401.9999248528,LIQUIDEZ
2025-10-17,WIN Securities,Cauciones Colocadoras,ARS,9976517.640440017,330.5842132233686,1449.999942,LIQUIDEZ
2025-10-20,WIN Securities,Cauciones Colocadoras,ARS,186924.20108523188,2.501532197136,1475.0000036875,LIQUIDEZ
2025-10-23,WIN Securities,Cauciones Colocadoras,ARS,2447509.1223761695,32.757057758925036,1479.0000480675,LIQUIDEZ
2025-10-24,WIN Securities,Cauciones Colocadoras,ARS,592688.3391099891,23.86910904692301,1491.9999707568,LIQUIDEZ
2025-11-07,WIN Securities,Cauciones Colocadoras,ARS,9752650.440000007,323.05161296267624,1414.999961795,LIQUIDEZ
2025-12-02,WIN Securities,Cauciones Colocadoras,ARS,4507253.492877092,60.30262337926408,1455.00004947,LIQUIDEZ
2025-12-09,WIN Securities,Cauciones Colocadoras,ARS,9708738.20000001,107.07965002950513,1441.9999501068,LIQUIDEZ
2025-12-11,WIN Securities,Cauciones Colocadoras,ARS,2451843.0640594885,32.80374510098406,1436.0000620352,LIQUIDEZ
2025-12-12,WIN Securities,Cauciones Colocadoras,ARS,9021512.500000013,298.81703945362545,1441.0000540375,LIQUIDEZ
2025-12-16,WIN Securities,Cauciones Colocadoras,ARS,8270158.800000011,91.21346975812611,1450.9999493601,LIQUIDEZ
2025-12-18,WIN Securities,Cauciones Colocadoras,ARS,7580978.90000001,83.6123599132471,1450.9999493601,LIQUIDEZ
2025-12-26,WIN Securities,Cauciones Colocadoras,ARS,6884681.999999789,228.226450984973,1452.4999121238,LIQUIDEZ
2026-01-09,WIN Securities,Cauciones Colocadoras,ARS,3344710.1100000134,110.87407529988945,1464.9999069725,LIQUIDEZ
2026-01-12,WIN Securities,Cauciones Colocadoras,ARS,4633730.799999842,51.17391443731826,1467.5000110063,LIQUIDEZ
2026-01-14,WIN Securities,Cauciones Colocadoras,ARS,4989676.200000022,55.03902593935225,1453.0000964792,LIQUIDEZ
2026-01-15,WIN Securities,Cauciones Colocadoras,ARS,5898681.250000008,65.0828011680001,1441.0000540375,LIQUIDEZ
2026-01-19,WIN Securities,Cauciones Colocadoras,ARS,5244755.25,57.857328729186,1429.99999857,LIQUIDEZ
2026-01-28,WIN Securities,Cauciones Colocadoras,ARS,3462685.1670755153,38.19040685384475,1444.4999292917,LIQUIDEZ
2026-02-02,WIN Securities,Cauciones Colocadoras,ARS,6753963.020000009,74.5290170738401,1450.9999493601,LIQUIDEZ
2026-02-03,WIN Securities,Cauciones Colocadoras,ARS,2973720.4700000063,32.80299293887707,1446.0000673836,LIQUIDEZ
2026-02-06,WIN Securities,Cauciones Colocadoras,ARS,1396648.0000000014,56.14074541020006,1432.000045824,LIQUIDEZ
2026-02-10,WIN Securities,Cauciones Colocadoras,ARS,3852870.629704217,42.497570355408186,1405.9999077664,LIQUIDEZ
2026-02-23,WIN Securities,Cauciones Colocadoras,ARS,875592.8400000161,11.720364705532216,1370.5000145958,LIQUIDEZ
2026-03-05,WIN Securities,Cauciones Colocadoras,ARS,3519079.5468031387,38.81337848848216,1406.9999089671,LIQUIDEZ
2026-03-12,WIN Securities,Cauciones Colocadoras,ARS,3011832.179999946,33.217920203930404,1394.5000082973,LIQUIDEZ
2026-03-13,WIN Securities,Cauciones Colocadoras,ARS,4642857.050000002,153.76983978174607,1400.000028,LIQUIDEZ
2026-03-20,WIN Securities,Cauciones Colocadoras,ARS,2876663.1999999024,158.9736065625766,1390.4999375666,LIQUIDEZ
2026-03-26,WIN Securities,Cauciones Colocadoras,ARS,2631579.1200000113,35.208218683928145,1367.9999102592,LIQUIDEZ
2026-03-27,WIN Securities,Cauciones Colocadoras,ARS,2676311.0099999513,107.53536987184305,1382.5000107144,LIQUIDEZ
2026-04-14,WIN Securities,Cauciones Colocadoras,ARS,5058650.820000009,55.792483060910094,1364.0000556512,LIQUIDEZ
2026-04-16,WIN Securities,Cauciones Colocadoras,ARS,5375552.100000006,59.28689047320007,1358.000046172,LIQUIDEZ
2026-04-27,WIN Securities,Cauciones Colocadoras,ARS,5716302.029999999,63.046160720483,1417.0000041093,LIQUIDEZ
2026-04-30,WIN Securities,Cauciones Colocadoras,ARS,7189073.0000000205,317.7195571515249,1390.9999244687,LIQUIDEZ
2026-05-04,WIN Securities,Cauciones Colocadoras,ARS,6844919.9999998845,75.49037669062372,1402.4999561719,LIQUIDEZ
2026-05-05,WIN Securities,Cauciones Colocadoras,ARS,6819813.450000002,75.20757465766502,1392.9999800801,LIQUIDEZ
2026-05-11,WIN Securities,Cauciones Colocadoras,ARS,6395975.209999905,70.53718615724895,1391.500077437,LIQUIDEZ
2026-05-13,WIN Securities,Cauciones Colocadoras,ARS,5172413.76,57.042521186652,1392.0000089088,LIQUIDEZ
2026-05-15,WIN Securities,Cauciones Colocadoras,ARS,6453926.099999885,213.74648850948816,1394.5000082973,LIQUIDEZ
2026-06-01,WIN Securities,Cauciones Colocadoras,ARS,7573632.840000012,83.52154610115613,1425.9999432452,LIQUIDEZ
2026-06-05,WIN Securities,Cauciones Colocadoras,ARS,8608122.1599997,285.1032759843081,1440.5000033132,LIQUIDEZ
2026-06-11,WIN Securities,Cauciones Colocadoras,ARS,6980803.000000128,76.9922885034364,1432.4999573831,LIQUIDEZ
2026-06-12,WIN Securities,Cauciones Colocadoras,ARS,7002801.000000002,309.4545815121151,1428.0000245616,LIQUIDEZ
2026-06-16,WIN Securities,Cauciones Colocadoras,ARS,6891750.360000026,76.00686619986828,1436.5000882011,LIQUIDEZ
2026-06-29,WIN Securities,Cauciones Colocadoras,ARS,6817415.160000021,75.19008853947624,1481.4999179249,LIQUIDEZ
2026-06-30,WIN Securities,Cauciones Colocadoras,ARS,6410256.1000000145,70.67986162632816,1482.0000717288,LIQUIDEZ
2026-07-06,WIN Securities,Cauciones Colocadoras,ARS,6458123.520000027,71.22297124432829,1486.4999051613,LIQUIDEZ
2026-07-15,WIN Securities,Cauciones Colocadoras,ARS,7188877.6,79.27270955156,1474.499997051,LIQUIDEZ
2026-07-28,WIN Securities,Cauciones Colocadoras,ARS,7436023.901052747,82.00601616263432,1498.0000949732,LIQUIDEZ
2025-12-12,Aldazabal,Pases Colocadores,ARS,9021512.500319235,270.7936747862504,1441.0000540375,LIQUIDEZ
2025-12-16,Aldazabal,Pases Colocadores,ARS,8270158.800192982,140.63801317842518,1450.9999493601,LIQUIDEZ
2025-12-17,Aldazabal,Pases Colocadores,ARS,8959338.69945556,152.3578481842772,1450.9999493601,LIQUIDEZ
2025-12-18,Aldazabal,Pases Colocadores,ARS,7580978.899820823,128.91817817257316,1450.9999493601,LIQUIDEZ
2026-01-08,Aldazabal,Pases Colocadores,ARS,2732240.4008879787,46.467922865304004,1464.0000199104,LIQUIDEZ
2026-01-09,Aldazabal,Pases Colocadores,ARS,1023890.849897615,17.427181993998072,1464.9999069725,LIQUIDEZ
2026-01-13,Allaria,Pases Colocadores,ARS,395332.876127385,0.0,1456.9999962118,LIQUIDEZ
2026-01-13,WIN Securities,Pases Colocadores,ARS,1372683.6002951271,23.346904659192003,1456.9999962118,LIQUIDEZ
2026-01-16,Aldazabal,Pases Colocadores,ARS,1048951.0501748254,17.861391626253003,1429.99999857,LIQUIDEZ
2026-01-19,Aldazabal,Pases Colocadores,ARS,1048951.049804196,17.841265752107,1429.99999857,LIQUIDEZ
2026-01-23,Aldazabal,Pases Colocadores,ARS,1046755.0493440335,17.820174300577,1433.0000127537,LIQUIDEZ
2026-01-26,Grit Capital Group,Pases Colocadores,ARS,1043478.3002643131,0.0,1437.4999460938,LIQUIDEZ
2026-01-27,Grit Capital Group,Pases Colocadores,ARS,1039861.3500901033,0.0,1442.5000025244,LIQUIDEZ
2026-01-29,Grit Capital Group,Pases Colocadores,ARS,1038421.6502284731,0.0,1444.4999292917,LIQUIDEZ
2026-01-30,Grit Capital Group,Pases Colocadores,ARS,1036627.5001105736,0.0,1447.000007235,LIQUIDEZ
2026-02-05,Allaria,Pases Colocadores,ARS,1317614.7265880825,0.0,1441.9999501068,LIQUIDEZ
2026-02-19,Allaria,Pases Colocadores,ARS,1439884.800338373,0.0,1389.0000088896,LIQUIDEZ
2026-02-26,Allaria,Pases Colocadores,ARS,1349431.8698579564,0.0,1407.9999459328,LIQUIDEZ
2026-02-27,Allaria,Pases Colocadores,ARS,2240515.348221905,0.0,1397.0000262636,LIQUIDEZ
2026-03-02,Allaria,Pases Colocadores,ARS,1218638.0304444456,0.0,1394.9999574525,LIQUIDEZ
2026-03-05,Allaria,Pases Colocadores,ARS,1066098.3312366898,0.0,1406.9999089671,LIQUIDEZ
2026-03-13,Allaria,Pases Colocadores,ARS,1142857.1201928577,0.0,1400.000028,LIQUIDEZ
2026-03-16,Allaria,Pases Colocadores,ARS,1146131.4789684715,0.0,1395.9999575616,LIQUIDEZ
2025-05-21,WIN Securities,Cauciones Colocadoras,ARS,1125327.452400003,12.412497171144034,1145.00005954,LIQUIDEZ PLUS
2025-05-22,WIN Securities,Cauciones Colocadoras,ARS,343461.02699999243,3.788427967967917,1135.5000111847,LIQUIDEZ PLUS
2025-05-23,WIN Securities,Cauciones Colocadoras,ARS,361270.4004,11.9697838218,1133.5000031738,LIQUIDEZ PLUS
2025-05-26,WIN Securities,Cauciones Colocadoras,ARS,352889.28,3.892439336256,1133.5000031738,LIQUIDEZ PLUS
2025-05-27,WIN Securities,Cauciones Colocadoras,ARS,1796103.967050003,19.811507276061032,1154.9999543775,LIQUIDEZ PLUS
2025-05-28,WIN Securities,Cauciones Colocadoras,ARS,1724138.0000000028,19.01769903657003,1159.9999536,LIQUIDEZ PLUS
2025-05-29,WIN Securities,Cauciones Colocadoras,ARS,1803465.6847500035,19.847547722025038,1183.0000526435,LIQUIDEZ PLUS
2025-08-07,WIN Securities,Cauciones Colocadoras,ARS,256410.2520000001,2.829502213776001,1326.0000228072,LIQUIDEZ PLUS
2025-08-11,WIN Securities,Cauciones Colocadoras,ARS,242057.50400000098,2.671429821411011,1321.9999161852,LIQUIDEZ PLUS
2025-08-22,Puente Hnos,Cauciones Colocadoras,ARS,261506.4445350004,8.682278909367014,1320.9999494057,LIQUIDEZ PLUS
2025-09-03,WIN Securities,Cauciones Colocadoras,ARS,993534.2235800033,10.964350377672035,1360.9999211981,LIQUIDEZ PLUS
2025-09-15,WIN Securities,Cauciones Colocadoras,ARS,545.3306400000021,0.006012270306000023,1466.9999103663,LIQUIDEZ PLUS
2025-10-14,WIN Securities,Cauciones Colocadoras,ARS,154411.7610000001,1.705698488475001,1360.00003264,LIQUIDEZ PLUS
2025-10-16,WIN Securities,Cauciones Colocadoras,ARS,135520.6920000004,1.4964408790680046,1401.9999248528,LIQUIDEZ PLUS
2025-11-07,WIN Securities,Cauciones Colocadoras,ARS,301879.8668080002,9.998876595058007,1414.999961795,LIQUIDEZ PLUS
2025-12-12,WIN Securities,Cauciones Colocadoras,ARS,555170.0000000008,18.389006944000027,1441.0000540375,LIQUIDEZ PLUS
2025-12-29,WIN Securities,Cauciones Colocadoras,ARS,379547.01540000003,4.187536043832,1456.9999962118,LIQUIDEZ PLUS
2026-01-02,WIN Securities,Cauciones Colocadoras,ARS,274576.2705,9.109037265363,1475.0000036875,LIQUIDEZ PLUS
2026-01-06,WIN Securities,Cauciones Colocadoras,ARS,749574.0999999745,8.27125717816972,1467.5000110063,LIQUIDEZ PLUS
2026-01-07,WIN Securities,Cauciones Colocadoras,ARS,654794.5140000001,7.227212256495,1460.0000146,LIQUIDEZ PLUS
2026-01-13,WIN Securities,Cauciones Colocadoras,ARS,530267.67468,5.851976679594,1456.9999962118,LIQUIDEZ PLUS
2026-02-12,WIN Securities,Cauciones Colocadoras,ARS,215053.7700000002,2.372365663755002,1394.9999574525,LIQUIDEZ PLUS
2026-03-12,WIN Securities,Cauciones Colocadoras,ARS,351380.42099999374,3.8752455846869305,1394.5000082973,LIQUIDEZ PLUS
2026-03-16,WIN Securities,Cauciones Colocadoras,ARS,766475.6680000006,8.453646388796008,1395.9999575616,LIQUIDEZ PLUS
2026-03-20,WIN Securities,Cauciones Colocadoras,ARS,49550.52361999832,2.738331658369907,1390.4999375666,LIQUIDEZ PLUS
2026-04-08,WIN Securities,Cauciones Colocadoras,ARS,250882.87567000472,2.7668611817140523,1387.5000398906,LIQUIDEZ PLUS
2026-07-21,WIN Securities,Cauciones Colocadoras,ARS,5885.482660199832,0.06490694209999814,1477.4998928813,LIQUIDEZ PLUS
2025-01-07,WIN Securities,Cauciones Colocadoras,ARS,8691452.9999996,95.87960925477557,1035.5000481508,LIQUIDEZ
2025-01-10,WIN Securities,Cauciones Colocadoras,ARS,7714561.600000018,255.79523873993062,1036.9999508462,LIQUIDEZ
2025-01-13,WIN Securities,Cauciones Colocadoras,ARS,4810004.999999776,64.374384457167,1039.4999589398,LIQUIDEZ
2025-01-17,WIN Securities,Cauciones Colocadoras,ARS,4800768.000000004,159.14132093798412,1041.5000266624,LIQUIDEZ
2025-01-20,WIN Securities,Cauciones Colocadoras,ARS,7681228.800000005,84.73868242022405,1041.5000266624,LIQUIDEZ
2025-01-21,WIN Securities,Cauciones Colocadoras,ARS,7640878.400000012,84.29442838844614,1047.0000412518,LIQUIDEZ
2025-01-22,WIN Securities,Cauciones Colocadoras,ARS,9551098.000000015,105.37270836025417,1047.0000412518,LIQUIDEZ
2025-01-24,WIN Securities,Cauciones Colocadoras,ARS,9560229.00000002,316.9959890520787,1046.0000487436,LIQUIDEZ
2025-01-27,WIN Securities,Cauciones Colocadoras,ARS,9528347.00000023,105.12353687210752,1049.4999814763,LIQUIDEZ
2025-01-28,WIN Securities,Cauciones Colocadoras,ARS,9519276.999999797,105.02163292659175,1050.4999486831,LIQUIDEZ
2025-01-29,WIN Securities,Cauciones Colocadoras,ARS,9510223.00000025,104.92398888503676,1051.5000542048,LIQUIDEZ
2025-01-30,WIN Securities,Cauciones Colocadoras,ARS,8563273.200000003,94.47921167422001,1050.9999844452,LIQUIDEZ
2025-01-31,WIN Securities,Cauciones Colocadoras,ARS,6523756.052459446,216.1704310818117,1051.5000542048,LIQUIDEZ
2025-01-31,WIN Securities,Cauciones Colocadoras,ARS,1559933.497540767,62.714090918302645,1051.5000542048,LIQUIDEZ
2025-02-03,WIN Securities,Cauciones Colocadoras,ARS,9489917.000000168,126.99211437110026,1053.7499959167,LIQUIDEZ
2025-02-04,WIN Securities,Cauciones Colocadoras,ARS,8066429.450000143,88.97579156660959,1053.7499959167,LIQUIDEZ
2025-02-05,WIN Securities,Cauciones Colocadoras,ARS,6797358.736193645,74.97658417031201,1054.0000037944,LIQUIDEZ
2025-02-05,WIN Securities,Cauciones Colocadoras,ARS,2690307.2633699225,35.999212394122,1054.0000037944,LIQUIDEZ
2025-02-06,WIN Securities,Cauciones Colocadoras,ARS,8538899.4,94.190255827898,1054.0000037944,LIQUIDEZ
2025-02-07,WIN Securities,Cauciones Colocadoras,ARS,1156357.4422454622,46.4875654515839,1053.499995628,LIQUIDEZ
2025-02-11,WIN Securities,Cauciones Colocadoras,ARS,9471938.999999847,104.50016157109333,1055.7500423092,LIQUIDEZ
2025-02-12,WIN Securities,Cauciones Colocadoras,ARS,4260355.200000007,47.00132732384007,1056.24995775,LIQUIDEZ
2025-02-13,WIN Securities,Cauciones Colocadoras,ARS,9462976.000000002,104.39594867699202,1056.7500118356,LIQUIDEZ
2025-02-14,WIN Securities,Cauciones Colocadoras,ARS,7575757.600000001,304.548817262435,1055.9999966208,LIQUIDEZ
2025-02-14,WIN Securities,Cauciones Colocadoras,ARS,4261363.65,141.20586219428301,1055.9999966208,LIQUIDEZ
2025-02-17,WIN Securities,Cauciones Colocadoras,ARS,4064277.5774848554,54.384583507364006,1055.9999966208,LIQUIDEZ
2025-02-18,WIN Securities,Cauciones Colocadoras,ARS,2834868.9000000837,31.270210392710922,1058.2499952643,LIQUIDEZ
2025-02-19,WIN Securities,Cauciones Colocadoras,ARS,4723665.500000113,63.207632580769506,1058.5000144485,LIQUIDEZ
2025-02-21,WIN Securities,Cauciones Colocadoras,ARS,9445100.000000237,312.96047940920784,1058.7500397031,LIQUIDEZ
2025-02-24,WIN Securities,Cauciones Colocadoras,ARS,8488564.200000305,93.63257923077536,1060.2499772576,LIQUIDEZ
2025-02-25,WIN Securities,Cauciones Colocadoras,ARS,5133876.932406734,56.62848428081143,1060.5000427382,LIQUIDEZ
2025-02-25,WIN Securities,Cauciones Colocadoras,ARS,4295637.067592838,57.47779117727739,1060.5000427382,LIQUIDEZ
2025-02-26,WIN Securities,Cauciones Colocadoras,ARS,9425071.00000001,103.9626518860271,1060.9999648809,LIQUIDEZ
2025-02-27,WIN Securities,Cauciones Colocadoras,ARS,9418413.000000168,103.89506007095585,1061.749999708,LIQUIDEZ
2025-02-28,WIN Securities,Cauciones Colocadoras,ARS,3292568.3000000026,220.98820028821018,1062.9999687478,LIQUIDEZ
2025-03-05,WIN Securities,Cauciones Colocadoras,ARS,8462623.5000002,93.3533530960372,1063.4999890991,LIQUIDEZ
2025-03-06,WIN Securities,Cauciones Colocadoras,ARS,4701457.500000111,51.86384632380122,1063.4999890991,LIQUIDEZ
2025-03-06,WIN Securities,Cauciones Colocadoras,ARS,3761166.0000000885,50.32924358122619,1063.4999890991,LIQUIDEZ
2025-03-07,WIN Securities,Cauciones Colocadoras,ARS,2409417.987800788,79.83856030649713,1065.0000410025,LIQUIDEZ
2025-03-07,WIN Securities,Cauciones Colocadoras,ARS,7511736.800000011,301.94522781172844,1065.0000410025,LIQUIDEZ
2025-03-10,WIN Securities,Cauciones Colocadoras,ARS,1518085.069650205,20.31374242696709,1065.7499511887,LIQUIDEZ
2025-03-12,WIN Securities,Cauciones Colocadoras,ARS,8913910.7999996,98.3264225188276,1065.7499511887,LIQUIDEZ
2025-03-13,WIN Securities,Cauciones Colocadoras,ARS,4689331.999999791,62.74862675580521,1066.2499477538,LIQUIDEZ
2025-03-14,WIN Securities,Cauciones Colocadoras,ARS,3751465.5999998334,124.30923000673847,1066.2499477538,LIQUIDEZ
2025-03-17,WIN Securities,Cauciones Colocadoras,ARS,9365488.000000004,103.30827246660805,1067.7500200737,LIQUIDEZ
2025-03-19,WIN Securities,Cauciones Colocadoras,ARS,9822263.85,108.347343885747,1068.9999943343,LIQUIDEZ
2025-03-20,WIN Securities,Cauciones Colocadoras,ARS,6548175.9,72.23246062605,1068.9999943343,LIQUIDEZ
2025-03-20,WIN Securities,Cauciones Colocadoras,ARS,2806361.1,37.552638178448994,1068.9999943343,LIQUIDEZ
2025-03-27,WIN Securities,Cauciones Colocadoras,ARS,1866977.7999999896,20.594548097798885,1071.2500170061,LIQUIDEZ
2025-03-27,WIN Securities,Cauciones Colocadoras,ARS,8401400.099999953,112.42334477303837,1071.2500170061,LIQUIDEZ
2025-03-28,WIN Securities,Cauciones Colocadoras,ARS,11204481.600000003,450.4336617203282,1071.0000184212,LIQUIDEZ
2025-03-31,WIN Securities,Cauciones Colocadoras,ARS,5101264.895991727,56.274384002110146,1073.24995326,LIQUIDEZ
2025-04-01,WIN Securities,Cauciones Colocadoras,ARS,12121211.699999731,267.59042426766007,1072.5000372694,LIQUIDEZ
2025-04-03,WIN Securities,Cauciones Colocadoras,ARS,3077252.8965733536,33.94491001223921,1074.2500123539,LIQUIDEZ
2025-04-04,WIN Securities,Cauciones Colocadoras,ARS,6517896.173343821,262.0532080421643,1073.4999662921,LIQUIDEZ
2025-04-04,WIN Securities,Cauciones Colocadoras,ARS,6523557.426656191,216.2142499190762,1073.4999662921,LIQUIDEZ
2025-04-07,WIN Securities,Cauciones Colocadoras,ARS,4649000.499999893,62.21171595086856,1075.49999188,LIQUIDEZ
2025-04-09,WIN Securities,Cauciones Colocadoras,ARS,10218300.400000013,112.72302294341215,1076.4999627531,LIQUIDEZ
2025-04-10,WIN Securities,Cauciones Colocadoras,ARS,10215927.700000063,112.71928643214369,1076.7499852216,LIQUIDEZ
2025-04-11,WIN Securities,Cauciones Colocadoras,ARS,3724394.8,123.55604330005299,1073.9999959188,LIQUIDEZ
2025-04-14,WIN Securities,Cauciones Colocadoras,ARS,8368201.000000004,92.34321518981403,1194.9999766975,LIQUIDEZ
2025-04-15,WIN Securities,Cauciones Colocadoras,ARS,6669445.600000139,73.59774903635153,1199.5000004198,LIQUIDEZ
2025-04-21,WIN Securities,Cauciones Colocadoras,ARS,3656307.200000001,40.33114337033601,1093.9999789952,LIQUIDEZ
2025-04-22,WIN Securities,Cauciones Colocadoras,ARS,9057971.0,99.909800564782,1104.0000017664,LIQUIDEZ
2025-04-22,WIN Securities,Cauciones Colocadoras,ARS,1358695.6500000001,127.90002696927301,1104.0000017664,LIQUIDEZ
2025-04-23,WIN Securities,Cauciones Colocadoras,ARS,1724138.0000000028,23.069423336570036,1159.9999536,LIQUIDEZ
2025-04-23,WIN Securities,Cauciones Colocadoras,ARS,1293103.500000002,14.263328156740021,1159.9999536,LIQUIDEZ
2025-04-23,WIN Securities,Cauciones Colocadoras,ARS,5172414.000000008,57.05309710971009,1159.9999536,LIQUIDEZ
2025-04-25,WIN Securities,Cauciones Colocadoras,ARS,2565198.9000000586,103.11232540772036,1169.4999557344,LIQUIDEZ
2026-01-20,Aldazabal,Pases Colocadores,ARS,1045660.4997978025,17.78525603564938,1434.5000121933,LIQUIDEZ
2026-01-20,Aldazabal,Pases Colocadores,ARS,1045660.4998117447,17.78403609839938,1434.5000121933,LIQUIDEZ
2026-01-21,Aldazabal,Pases Colocadores,ARS,1048584.4494897088,17.835275042168337,1430.4999468569,LIQUIDEZ
2026-01-21,Aldazabal,Pases Colocadores,ARS,1048584.4537189994,17.83541485342834,1430.4999468569,LIQUIDEZ
2026-01-22,Aldazabal,Pases Colocadores,ARS,1049317.9497201636,17.84775107520769,1429.4999909227,LIQUIDEZ
2026-01-23,Aldazabal,Pases Colocadores,ARS,1046755.0503210049,17.811974719352,1433.0000127537,LIQUIDEZ
2026-01-28,Grit Capital Group,Pases Colocadores,ARS,1038421.65004848,0.0,1444.4999292917,LIQUIDEZ
2026-01-28,Aldazabal,Pases Colocadores,ARS,1038421.4704153802,17.658360158250346,1444.4999292917,LIQUIDEZ
2026-01-30,Grit Capital Group,Pases Colocadores,ARS,345542.5001313061,0.0,1447.000007235,LIQUIDEZ
2026-01-30,Aldazabal,Pases Colocadores,ARS,691084.9996199033,11.766053845799998,1447.000007235,LIQUIDEZ
2026-02-02,Allaria,Pases Colocadores,ARS,1033769.8499310834,0.0,1450.9999493601,LIQUIDEZ
2026-02-02,Allaria,Pases Colocadores,ARS,1929703.7199931105,1.3783598000000018e-05,1450.9999493601,LIQUIDEZ
2026-02-03,Allaria,Pases Colocadores,ARS,1313969.510221303,0.0,1446.0000673836,LIQUIDEZ
2026-02-20,Criteria,Cauciones Colocadoras,ARS,507703.4981200002,110.54330154103603,1375.9999735808,GEST
2026-03-02,Criteria,Cauciones Colocadoras,ARS,1237204.3388100013,89.55755828706108,1394.9999574525,GEST
2026-03-03,Criteria,Cauciones Colocadoras,ARS,910954.0882000007,65.94166962494805,1414.999961795,GEST
2026-03-04,Criteria,Cauciones Colocadoras,ARS,428418.42000000767,31.011945589461558,1400.5000065123,GEST
2026-03-09,Criteria,Cauciones Colocadoras,ARS,1073001.4287390003,77.67139948569002,1415.9999784768,GEST
2026-03-16,Criteria,Cauciones Colocadoras,ARS,949140.4300000009,68.71102644411606,1395.9999575616,GEST
2026-04-01,Criteria,Cauciones Colocadoras,ARS,330272.59004000016,119.84252981244904,1394.0000287164,GEST
2026-04-22,Criteria,Cauciones Colocadoras,ARS,732220.6046000001,53.006189770182004,1378.0000093704,GEST
2026-05-08,Criteria,Cauciones Colocadoras,ARS,322317.60456000024,70.06845667332004,1397.9999653296,GEST
2026-05-13,Criteria,Cauciones Colocadoras,ARS,5057471.232,98.60910856430401,1392.0000089088,GEST
2026-05-14,Criteria,Cauciones Colocadoras,ARS,5483105.977100016,106.90854642339431,1390.9999244687,GEST
2026-05-15,Criteria,Cauciones Colocadoras,ARS,5649336.646199899,330.5622784203841,1394.5000082973,GEST
2026-05-18,Criteria,Cauciones Colocadoras,ARS,5380815.933200003,104.91385629533605,1397.0000262636,GEST
2026-05-19,Criteria,Cauciones Colocadoras,ARS,5239628.170000004,102.16109695419605,1397.9999653296,GEST
2026-05-19,Criteria,Cauciones Colocadoras,ARS,371959.9520000002,7.2523821541080045,1397.9999653296,GEST
2026-05-21,Criteria,Cauciones Colocadoras,ARS,3581144.1007999466,69.82429269363696,1389.5000759362,GEST
2026-05-21,Criteria,Cauciones Colocadoras,ARS,653040.6264199902,12.73283125809081,1389.5000759362,GEST
2026-05-22,Criteria,Cauciones Colocadoras,ARS,3348538.9632000043,261.2892394183363,1402.9999506144,GEST
2026-05-22,Criteria,Cauciones Colocadoras,ARS,658588.7616000008,51.38882575756807,1402.9999506144,GEST
2026-05-28,Criteria,Cauciones Colocadoras,ARS,590070.956800002,11.50505741638704,1409.99991681,GEST
2026-06-18,Option Securities,Cauciones Colocadoras,ARS,126809.10160000017,1.1941075537350017,1450.9999493601,GEST
2026-06-26,Option Securities,Cauciones Colocadoras,ARS,203114.43000000037,18.052898554653034,1476.9999354551,GEST
2026-06-30,WIN Securities,Cauciones Colocadoras,ARS,510121.4328000012,5.626356002988013,1482.0000717288,GEST
2026-07-13,Option Securities,Cauciones Colocadoras,ARS,661710.2264077729,19.584202830802045,1482.0000717288,GEST
2026-07-14,Option Securities,Cauciones Colocadoras,ARS,855065.5689989703,25.30641666629351,1471.4999160509,GEST
2025-07-14,WIN Securities,Cauciones Colocadoras,ARS,19453.125,0.21453906250000002,1280.0,MULTI
2025-07-18,WIN Securities,Cauciones Colocadoras,ARS,21461.89800000002,0.7117729607000006,1285.99996142,MULTI
2025-07-22,WIN Securities,Cauciones Colocadoras,ARS,24114.603450000497,0.2662872992850055,1256.5000317266,MULTI
2025-07-23,WIN Securities,Cauciones Colocadoras,ARS,24348.501619999086,0.2687592276259899,1285.5000479492,MULTI
2025-07-24,WIN Securities,Cauciones Colocadoras,ARS,23427.672300000017,0.25847483553000017,1272.000035616,MULTI
2025-07-25,WIN Securities,Cauciones Colocadoras,ARS,22265.625,0.7383046875,1280.0,MULTI
2025-07-28,WIN Securities,Cauciones Colocadoras,ARS,22625.48344000003,0.2496216306080003,1294.99995338,MULTI
2025-07-29,WIN Securities,Cauciones Colocadoras,ARS,23702.55498000006,0.26151044401300066,1291.0000641627,MULTI
2025-07-30,WIN Securities,Cauciones Colocadoras,ARS,24410.647230000028,0.2693003895190003,1314.9999546325,MULTI
2025-08-01,WIN Securities,Cauciones Colocadoras,ARS,22580.644240000038,0.7484530486420012,1364.0000556512,MULTI
2025-08-05,WIN Securities,Cauciones Colocadoras,ARS,21591.33449999923,0.2381845450499915,1338.4999431138,MULTI
2025-08-07,WIN Securities,Cauciones Colocadoras,ARS,11689.290900000004,0.12899698119000005,1326.0000228072,MULTI
2026-03-26,WIN Securities,Cauciones Colocadoras,ARS,65174.590532763075,0.718735427266003,1367.9999102592,MULTI
2026-07-20,WIN Securities,Cauciones Colocadoras,ARS,46071.03532703542,0.5081025985000024,1481.0001015966,MULTI
2025-05-15,WIN Securities,Cauciones Colocadoras,ARS,1145869.9184000005,12.639569101518006,1138.0000286776,RMIXTA
2025-05-16,WIN Securities,Cauciones Colocadoras,ARS,1138353.7100000028,37.71636419150309,1142.0000555012,RMIXTA
2025-05-21,WIN Securities,Cauciones Colocadoras,ARS,1146200.813760003,12.642191482344034,1145.00005954,RMIXTA
2025-05-22,WIN Securities,Cauciones Colocadoras,ARS,1144870.089999975,12.628119646638723,1135.5000111847,RMIXTA
2025-05-23,WIN Securities,Cauciones Colocadoras,ARS,1158976.61784,38.40017633712,1133.5000031738,RMIXTA
2025-05-26,WIN Securities,Cauciones Colocadoras,ARS,1146890.16,12.650454309528001,1133.5000031738,RMIXTA
2025-05-27,WIN Securities,Cauciones Colocadoras,ARS,1136623.4215200017,12.53724724846802,1154.9999543775,RMIXTA
2025-05-28,WIN Securities,Cauciones Colocadoras,ARS,1120689.7000000018,12.36150911515002,1159.9999536,RMIXTA
2025-05-29,WIN Securities,Cauciones Colocadoras,ARS,1116990.651900002,12.321740787270024,1183.0000526435,RMIXTA
2025-08-11,WIN Securities,Cauciones Colocadoras,ARS,28744.328600000117,0.3172390518830013,1321.9999161852,RMIXTA
2025-09-22,WIN Securities,Cauciones Colocadoras,ARS,710227.300000001,7.836094050906011,1407.9999459328,RMIXTA
2026-03-11,WIN Securities,Cauciones Colocadoras,ARS,5444.126240000005,0.06004298176800005,1395.9999575616,RMIXTA
2025-02-12,WIN Securities,Cauciones Colocadoras,ARS,2228923.1660800036,24.59049565817604,1056.24995775,PERF
2025-02-14,WIN Securities,Cauciones Colocadoras,ARS,1155.09877263571,0.038295454668,1055.9999966208,PERF
2025-02-18,WIN Securities,Cauciones Colocadoras,ARS,1911.4535025297146,0.021081975053000624,1058.2499952643,PERF
2025-02-19,WIN Securities,Cauciones Colocadoras,ARS,22.849295861938543,0.0002550779370000061,1058.5000144485,PERF
2025-02-20,WIN Securities,Cauciones Colocadoras,ARS,1911.879257702448,0.021081463200000528,1058.7500397031,PERF
2025-02-21,WIN Securities,Cauciones Colocadoras,ARS,1913.115300159048,0.0633860661000016,1058.7500397031,PERF
2025-02-24,WIN Securities,Cauciones Colocadoras,ARS,3800.496134338508,0.0419146436720015,1060.2499772576,PERF
2025-02-25,WIN Securities,Cauciones Colocadoras,ARS,5687.993594441672,0.06274398615599716,1060.5000427382,PERF
2025-02-26,WIN Securities,Cauciones Colocadoras,ARS,7574.096754001376,0.08354382934400009,1060.9999648809,PERF
2025-02-27,WIN Securities,Cauciones Colocadoras,ARS,7573.7183350238065,0.08355074172300148,1061.749999708,PERF
2025-02-28,WIN Securities,Cauciones Colocadoras,ARS,9451.500296688784,0.5228598460400004,1062.9999687478,PERF
2025-03-05,WIN Securities,Cauciones Colocadoras,ARS,1959.6219100720662,0.02161730158500051,1063.4999890991,PERF
2025-03-07,WIN Securities,Cauciones Colocadoras,ARS,3840.5359742050928,0.12728638007600018,1065.0000410025,PERF
2025-03-10,WIN Securities,Cauciones Colocadoras,ARS,5722.754022364592,0.06312925459199718,1065.7499511887,PERF
2025-03-12,WIN Securities,Cauciones Colocadoras,ARS,15117.60180897002,0.16674643034399256,1065.7499511887,PERF
2025-03-13,WIN Securities,Cauciones Colocadoras,ARS,15120.71640797184,0.1667807819119926,1066.2499477538,PERF
2025-03-17,WIN Securities,Cauciones Colocadoras,ARS,2014.500247774785,0.02222430302400001,1067.7500200737,PERF
2025-03-18,WIN Securities,Cauciones Colocadoras,ARS,3888.0827276700807,0.04289325897600001,1067.9999863296,PERF
2025-03-20,WIN Securities,Cauciones Colocadoras,ARS,127273.4712545307,1.403882140275,1068.9999943343,PERF
2025-03-21,WIN Securities,Cauciones Colocadoras,ARS,153591.1384469248,6.791148431900122,1068.7500166992,PERF
2025-03-25,WIN Securities,Cauciones Colocadoras,ARS,159299.2981003882,1.7572361976000006,1071.0000184212,PERF
2025-03-28,WIN Securities,Cauciones Colocadoras,ARS,180198.34755418322,5.971764603168002,1071.0000184212,PERF
2025-03-31,WIN Securities,Cauciones Colocadoras,ARS,182068.90093631533,2.0083392442299335,1073.24995326,PERF
2026-01-29,WIN Securities,Cauciones Colocadoras,ARS,194800.97872900384,2.148425165740042,1444.4999292917,RETORNO TOTAL
2026-01-30,WIN Securities,Cauciones Colocadoras,ARS,194879.05915,6.46112643625,1447.000007235,RETORNO TOTAL
2026-02-02,WIN Securities,Cauciones Colocadoras,ARS,198235.70643600027,2.187188222439003,1450.9999493601,RETORNO TOTAL
2026-02-03,WIN Securities,Cauciones Colocadoras,ARS,204986.15918900043,2.261182467243005,1446.0000673836,RETORNO TOTAL
2026-02-04,WIN Securities,Cauciones Colocadoras,ARS,207740.93664150365,2.2912262962650405,1447.4999721356,RETORNO TOTAL
2026-02-05,WIN Securities,Cauciones Colocadoras,ARS,158529.8251800002,1.748536815007002,1441.9999501068,RETORNO TOTAL
2026-02-06,WIN Securities,Cauciones Colocadoras,ARS,174581.00000000017,5.785069647280006,1432.000045824,RETORNO TOTAL
2026-02-12,WIN Securities,Cauciones Colocadoras,ARS,143369.18000000014,1.5815699407110015,1394.9999574525,RETORNO TOTAL
2026-03-11,WIN Securities,Cauciones Colocadoras,ARS,787.9656400000007,0.008681948688000008,1395.9999575616,RETORNO TOTAL
2026-02-05,WIN Securities,Cauciones Colocadoras,ARS,52288.49002000006,0.5767059838930007,1441.9999501068,LOW
2026-02-06,WIN Securities,Cauciones Colocadoras,ARS,55865.92000000006,1.851222007800002,1432.000045824,LOW
2026-02-09,WIN Securities,Cauciones Colocadoras,ARS,71045.19882000002,0.7836017068260002,1415.9999784768,LOW
2026-02-10,WIN Securities,Cauciones Colocadoras,ARS,56899.00800000025,0.6275676087360027,1405.9999077664,LOW
2026-02-11,WIN Securities,Cauciones Colocadoras,ARS,71928.56999000003,0.7933214127050005,1400.000028,LOW
2026-02-12,WIN Securities,Cauciones Colocadoras,ARS,53763.44250000005,0.5931182976600006,1394.9999574525,LOW
2026-02-19,WIN Securities,Cauciones Colocadoras,ARS,53995.68000000001,0.5958171308160001,1389.0000088896,LOW
2026-02-20,WIN Securities,Cauciones Colocadoras,ARS,73764.53630000002,2.4461846399900007,1375.9999735808,LOW
2026-02-23,WIN Securities,Cauciones Colocadoras,ARS,53265.23110000098,0.5877271006360109,1370.5000145958,LOW
2026-02-24,WIN Securities,Cauciones Colocadoras,ARS,52879.38960000007,0.5833393485600007,1380.5000502502,LOW
2026-02-25,WIN Securities,Cauciones Colocadoras,ARS,53609.72250000003,0.5913581269530004,1398.9999668437,LOW
2026-02-27,WIN Securities,Cauciones Colocadoras,ARS,60844.66600000003,2.015440191172001,1397.0000262636,LOW
2026-03-02,WIN Securities,Cauciones Colocadoras,ARS,60931.90150000006,0.6720000204960007,1394.9999574525,LOW
2026-03-03,WIN Securities,Cauciones Colocadoras,ARS,79787.98802000006,0.8799081509660006,1414.999961795,LOW
2026-03-09,WIN Securities,Cauciones Colocadoras,ARS,557.9096130000001,0.006151130037000002,1415.9999784768,LOW
2026-03-10,WIN Securities,Cauciones Colocadoras,ARS,564.2857030000002,0.006221428447000003,1400.000028,LOW
2026-03-11,WIN Securities,Cauciones Colocadoras,ARS,565.9025960000005,0.006239255204000006,1395.9999575616,LOW
2026-03-13,WIN Securities,Cauciones Colocadoras,ARS,564.2857030000002,0.01868571391200001,1400.000028,LOW
2026-05-18,WIN Securities,Cauciones Colocadoras,ARS,35790.98000000002,0.39472440202800013,1397.0000262636,LOW
2026-07-07,WIN Securities,Cauciones Colocadoras,USDMEP,267000.0,1.26,1491.9999707568,INCOME DOLAR
2026-04-09,WIN Securities,Cauciones Colocadoras,USDMEP,76000.0,0.85,1380.999926807,DOLARMM
2026-04-20,WIN Securities,Cauciones Colocadoras,USDMEP,630000.0,2.98,1377.0000236844,DOLARMM
2026-04-22,WIN Securities,Cauciones Colocadoras,USDMEP,637000.0,2.99,1378.0000093704,DOLARMM
2026-04-28,WIN Securities,Cauciones Colocadoras,USDMEP,750000.0,3.53,1404.4999053367,DOLARMM
2026-04-29,WIN Securities,Cauciones Colocadoras,USDMEP,717000.0,3.38,1391.500077437,DOLARMM
2026-04-30,WIN Securities,Cauciones Colocadoras,USDMEP,400000.0,7.53,1390.9999244687,DOLARMM
2026-05-04,WIN Securities,Cauciones Colocadoras,USDMEP,750000.0,3.53,1402.4999561719,DOLARMM
2026-05-05,WIN Securities,Cauciones Colocadoras,USDMEP,713000.0,3.35,1392.9999800801,DOLARMM
2025-11-10,WIN Securities,Cauciones Colocadoras,ARS,7743752.500000147,85.40786673792662,1420.4999449556,LIQUIDEZ
2025-11-11,WIN Securities,Cauciones Colocadoras,ARS,7391763.750000141,81.52569129710156,1420.4999449556,LIQUIDEZ
2025-11-12,WIN Securities,Cauciones Colocadoras,ARS,8498583.6,93.73281903432199,1411.9999949168,LIQUIDEZ
2025-11-13,WIN Securities,Cauciones Colocadoras,ARS,8534851.200000037,94.13310005848841,1405.9999077664,LIQUIDEZ
2025-11-14,WIN Securities,Cauciones Colocadoras,ARS,9265859.200000012,306.9195760209604,1402.9999506144,LIQUIDEZ
2025-11-17,WIN Securities,Cauciones Colocadoras,ARS,9805334.800000021,108.14530138797024,1387.0000644955,LIQUIDEZ
2025-11-18,WIN Securities,Cauciones Colocadoras,ARS,4852416.331523102,64.92214155870003,1400.000028,LIQUIDEZ
2025-11-18,WIN Securities,Cauciones Colocadoras,ARS,4433297.768476902,48.89599187922302,1400.000028,LIQUIDEZ
2025-11-19,WIN Securities,Cauciones Colocadoras,ARS,13508709.300000245,148.99108135381468,1406.5000273564,LIQUIDEZ
2025-11-20,WIN Securities,Cauciones Colocadoras,ARS,701754.4000000004,47.04447111632802,1424.9999715,LIQUIDEZ
2025-11-25,WIN Securities,Cauciones Colocadoras,ARS,13816926.000000244,152.3888043151797,1447.4999721356,LIQUIDEZ
2025-11-26,WIN Securities,Cauciones Colocadoras,ARS,13759889.999999765,151.7654704288924,1453.4999916424,LIQUIDEZ
2025-11-27,WIN Securities,Cauciones Colocadoras,ARS,11007911.999999812,121.40952254192791,1453.4999916424,LIQUIDEZ
2025-11-28,WIN Securities,Cauciones Colocadoras,ARS,10676753.057451177,429.00174586941824,1451.4999437544,LIQUIDEZ
2025-11-28,WIN Securities,Cauciones Colocadoras,ARS,1724211.942803538,57.110115888524106,1451.4999437544,LIQUIDEZ
2025-12-01,WIN Securities,Cauciones Colocadoras,ARS,7043926.804126689,77.68952419544878,1451.4999437544,LIQUIDEZ
2025-12-01,WIN Securities,Cauciones Colocadoras,ARS,1498960.1958387292,20.055205737524687,1451.4999437544,LIQUIDEZ
2025-12-02,WIN Securities,Cauciones Colocadoras,ARS,5802024.507198521,63.98966105459208,1455.00004947,LIQUIDEZ
2025-12-03,WIN Securities,Cauciones Colocadoras,ARS,8740536.24000004,96.39913331004043,1453.0000964792,LIQUIDEZ
2025-12-04,WIN Securities,Cauciones Colocadoras,ARS,6925208.000000009,76.37996113732811,1443.9999491712,LIQUIDEZ
2025-12-05,WIN Securities,Cauciones Colocadoras,ARS,6933797.795000002,306.3810541781621,1435.0000236775,LIQUIDEZ
2025-12-10,WIN Securities,Cauciones Colocadoras,ARS,6956521.999999768,76.72557505111943,1437.4999460938,LIQUIDEZ
2025-12-11,WIN Securities,Cauciones Colocadoras,ARS,6601081.334610445,72.80451635345213,1436.0000620352,LIQUIDEZ
2025-12-15,WIN Securities,Cauciones Colocadoras,ARS,15988877.799999459,176.35044691654002,1438.4999552627,LIQUIDEZ
2025-12-17,WIN Securities,Cauciones Colocadoras,ARS,8959338.700000012,98.81400758368812,1450.9999493601,LIQUIDEZ
2025-12-19,WIN Securities,Cauciones Colocadoras,ARS,10344828.000000017,342.6600895684726,1449.999942,LIQUIDEZ
2025-12-22,WIN Securities,Cauciones Colocadoras,ARS,8264462.400000021,91.15606985882422,1452.0000720192,LIQUIDEZ
2025-12-23,WIN Securities,Cauciones Colocadoras,ARS,6891799.000000009,228.39618991451428,1450.9999493601,LIQUIDEZ
2025-12-29,WIN Securities,Cauciones Colocadoras,ARS,6863418.0,75.720494362968,1456.9999962118,LIQUIDEZ
2025-12-30,WIN Securities,Cauciones Colocadoras,ARS,2749140.800000003,91.4303817710921,1455.00004947,LIQUIDEZ
2026-01-02,WIN Securities,Cauciones Colocadoras,ARS,2718756.509135312,90.17296248643198,1475.0000036875,LIQUIDEZ
2026-01-02,WIN Securities,Cauciones Colocadoras,ARS,399887.5510545184,16.088121993677998,1475.0000036875,LIQUIDEZ
2026-01-05,WIN Securities,Cauciones Colocadoras,ARS,6802721.000000001,75.06925752750101,1470.00001911,LIQUIDEZ
2026-01-06,WIN Securities,Cauciones Colocadoras,ARS,6132878.999999791,67.7114066471877,1467.5000110063,LIQUIDEZ
2026-01-07,WIN Securities,Cauciones Colocadoras,ARS,4109589.0000000005,45.348581738295,1460.0000146,LIQUIDEZ
2026-01-08,WIN Securities,Cauciones Colocadoras,ARS,4713114.690000001,51.996003391215005,1464.0000199104,LIQUIDEZ
2026-01-13,WIN Securities,Cauciones Colocadoras,ARS,3978037.0728,43.899739304256,1456.9999962118,LIQUIDEZ
2026-01-16,WIN Securities,Cauciones Colocadoras,ARS,4895104.9,162.24030086154102,1429.99999857,LIQUIDEZ
2026-01-20,WIN Securities,Cauciones Colocadoras,ARS,4879748.99999983,53.840062281988125,1434.5000121933,LIQUIDEZ
2026-01-21,WIN Securities,Cauciones Colocadoras,ARS,3538322.468393866,39.03533874481574,1430.4999468569,LIQUIDEZ
2026-01-21,WIN Securities,Cauciones Colocadoras,ARS,1005543.4816062201,13.458078095214255,1430.4999468569,LIQUIDEZ
2026-01-22,WIN Securities,Cauciones Colocadoras,ARS,5246589.749999909,57.87813258158599,1429.4999909227,LIQUIDEZ
2026-01-23,WIN Securities,Cauciones Colocadoras,ARS,3070481.48,101.72625868989101,1433.0000127537,LIQUIDEZ
2026-01-23,WIN Securities,Cauciones Colocadoras,ARS,2372644.7800000003,95.42330689672,1433.0000127537,LIQUIDEZ
2026-01-26,WIN Securities,Cauciones Colocadoras,ARS,3826087.0999998725,42.20011984337259,1437.4999460938,LIQUIDEZ
2026-01-26,WIN Securities,Cauciones Colocadoras,ARS,1043478.2999999652,13.963284001883535,1437.4999460938,LIQUIDEZ
2026-01-27,WIN Securities,Cauciones Colocadoras,ARS,4852686.299999916,53.520173216564075,1442.5000025244,LIQUIDEZ
2026-01-28,WIN Securities,Cauciones Colocadoras,ARS,2144791.7429245953,28.695252356519564,1444.4999292917,LIQUIDEZ
2026-01-29,WIN Securities,Cauciones Colocadoras,ARS,2215299.520000044,24.43318915031448,1444.4999292917,LIQUIDEZ
2026-01-29,WIN Securities,Cauciones Colocadoras,ARS,2769124.4000000544,37.05645733485573,1444.4999292917,LIQUIDEZ
2026-01-30,WIN Securities,Cauciones Colocadoras,ARS,2349689.0,77.92962642444999,1447.000007235,LIQUIDEZ
2026-01-30,WIN Securities,Cauciones Colocadoras,ARS,2280580.5,91.65478184995,1447.000007235,LIQUIDEZ
2026-02-03,WIN Securities,Cauciones Colocadoras,ARS,2904564.180000006,38.87732183976908,1446.0000673836,LIQUIDEZ
2026-02-04,WIN Securities,Cauciones Colocadoras,ARS,2832469.83000005,37.90326843257467,1447.4999721356,LIQUIDEZ
2026-02-04,WIN Securities,Cauciones Colocadoras,ARS,3108808.3500000546,34.290542974428604,1447.4999721356,LIQUIDEZ
2026-02-05,WIN Securities,Cauciones Colocadoras,ARS,5963939.180000007,65.78709658968708,1441.9999501068,LIQUIDEZ
2026-02-06,WIN Securities,Cauciones Colocadoras,ARS,4469273.600000005,148.08411537304016,1432.000045824,LIQUIDEZ
2026-02-09,WIN Securities,Cauciones Colocadoras,ARS,918079.1100000002,12.284463463560003,1415.9999784768,LIQUIDEZ
2026-02-09,WIN Securities,Cauciones Colocadoras,ARS,5296610.250000002,58.42364495583602,1415.9999784768,LIQUIDEZ
2026-02-10,WIN Securities,Cauciones Colocadoras,ARS,2406020.251007048,32.19360808629614,1405.9999077664,LIQUIDEZ
2026-02-11,WIN Securities,Cauciones Colocadoras,ARS,5357142.750000003,59.08910596107503,1400.000028,LIQUIDEZ
2026-02-11,WIN Securities,Cauciones Colocadoras,ARS,2642857.0900000012,35.36194929276102,1400.000028,LIQUIDEZ
2026-02-12,WIN Securities,Cauciones Colocadoras,ARS,2370053.9833977576,31.71451709632503,1394.9999574525,LIQUIDEZ
2026-02-12,WIN Securities,Cauciones Colocadoras,ARS,5658620.09660225,62.419686491614065,1394.9999574525,LIQUIDEZ
2026-02-13,WIN Securities,Cauciones Colocadoras,ARS,5287602.659999906,292.8401327025878,1399.5000146248,LIQUIDEZ
2026-02-13,WIN Securities,Cauciones Colocadoras,ARS,928903.1699999834,62.39021728299789,1399.5000146248,LIQUIDEZ
2026-02-18,WIN Securities,Cauciones Colocadoras,ARS,6375358.360000006,70.34595486058006,1395.9999575616,LIQUIDEZ
2026-02-19,WIN Securities,Cauciones Colocadoras,ARS,5111591.04,56.411173145088,1389.0000088896,LIQUIDEZ
2026-02-19,WIN Securities,Cauciones Colocadoras,ARS,1439884.8,19.2762777744,1389.0000088896,LIQUIDEZ
2026-02-20,WIN Securities,Cauciones Colocadoras,ARS,5886628.020000001,195.27647177256404,1375.9999735808,LIQUIDEZ
2026-02-23,WIN Securities,Cauciones Colocadoras,ARS,5472455.250000101,60.38140030549812,1370.5000145958,LIQUIDEZ
2026-02-24,WIN Securities,Cauciones Colocadoras,ARS,3187250.880000004,42.656463496200054,1380.5000502502,LIQUIDEZ
2026-02-24,WIN Securities,Cauciones Colocadoras,ARS,3042375.840000004,33.55875285307204,1380.5000502502,LIQUIDEZ
2026-02-25,WIN Securities,Cauciones Colocadoras,ARS,3002144.460000002,33.10599792542702,1398.9999668437,LIQUIDEZ
2026-02-26,WIN Securities,Cauciones Colocadoras,ARS,241192.14491518744,3.227073987556005,1407.9999459328,LIQUIDEZ
2026-02-26,WIN Securities,Cauciones Colocadoras,ARS,4872444.415795047,53.74059155227508,1407.9999459328,LIQUIDEZ
2026-02-27,WIN Securities,Cauciones Colocadoras,ARS,5010737.200000002,165.97128535504407,1397.0000262636,LIQUIDEZ
2026-03-02,WIN Securities,Cauciones Colocadoras,ARS,4157706.220000004,45.85568598641204,1394.9999574525,LIQUIDEZ
2026-03-02,WIN Securities,Cauciones Colocadoras,ARS,1290322.6200000013,17.264509487141016,1394.9999574525,LIQUIDEZ
2026-03-03,WIN Securities,Cauciones Colocadoras,ARS,2614841.060000002,34.985117552372024,1414.999961795,LIQUIDEZ
2026-03-03,WIN Securities,Cauciones Colocadoras,ARS,2120141.400000002,23.381972362762017,1414.999961795,LIQUIDEZ
2026-03-04,WIN Securities,Cauciones Colocadoras,ARS,357015.3500000064,4.776486946729086,1400.5000065123,LIQUIDEZ
2026-03-04,WIN Securities,Cauciones Colocadoras,ARS,4569796.4800000815,50.399035824195906,1400.5000065123,LIQUIDEZ
2026-03-05,WIN Securities,Cauciones Colocadoras,ARS,958532.6839076119,12.824627695425054,1406.9999089671,LIQUIDEZ
2026-03-06,WIN Securities,Cauciones Colocadoras,ARS,2966101.7400000007,98.27319358414803,1415.9999784768,LIQUIDEZ
2026-03-09,WIN Securities,Cauciones Colocadoras,ARS,1836158.2200000004,24.566963650254007,1415.9999784768,LIQUIDEZ
2025-05-19,WIN Securities,Cauciones Colocadoras,ARS,2735.8150991087587,0.030184049448000003,1140.9999860798,VAL
2025-05-20,WIN Securities,Cauciones Colocadoras,ARS,2732.752285161605,0.03013998117000006,1143.0000505206,VAL
2025-05-21,WIN Securities,Cauciones Colocadoras,ARS,2729.6984956102633,0.030104801928000084,1145.00005954,VAL
2025-05-22,WIN Securities,Cauciones Colocadoras,ARS,2754.2676963402396,0.030383090849999333,1135.5000111847,VAL
2025-05-26,WIN Securities,Cauciones Colocadoras,ARS,2766.5072705952,0.030516100488000002,1133.5000031738,VAL
2025-05-27,WIN Securities,Cauciones Colocadoras,ARS,2716.345925477482,0.029965369149000047,1154.9999543775,VAL
2025-05-29,WIN Securities,Cauciones Colocadoras,ARS,2655.442282509065,0.029289939525000055,1183.0000526435,VAL
2025-06-03,WIN Securities,Cauciones Colocadoras,ARS,2585.6106584398,0.028521959642,1183.9999924224,VAL
2025-06-04,WIN Securities,Cauciones Colocadoras,ARS,2584.0443108080126,0.028511175420000655,1185.5000539995,VAL
2025-06-05,WIN Securities,Cauciones Colocadoras,ARS,2573.796084564605,0.028396306892000053,1190.9999468814,VAL
2025-06-06,WIN Securities,Cauciones Colocadoras,ARS,2588.5139814097356,0.08576371749700022,1184.9999389725,VAL
2025-06-09,WIN Securities,Cauciones Colocadoras,ARS,2593.7208086821065,0.02860759641000007,1184.9999389725,VAL
2025-06-10,WIN Securities,Cauciones Colocadoras,ARS,2568.4474991083193,0.02832141292200061,1188.5000262064,VAL
2025-06-11,WIN Securities,Cauciones Colocadoras,ARS,2584.3815913143003,0.028510998690000008,1181.9999841612,VAL
2025-06-12,WIN Securities,Cauciones Colocadoras,ARS,2580.088225701548,0.02846413648700007,1184.9999389725,VAL
2025-06-13,WIN Securities,Cauciones Colocadoras,ARS,2588.8739771613004,0.11449238732100003,1181.9999841612,VAL
2025-07-07,WIN Securities,Cauciones Colocadoras,ARS,3797.4681600000104,0.04188290924800011,1264.0000647168,VAL
2025-07-10,WIN Securities,Cauciones Colocadoras,ARS,4940.238740000019,0.0544860524260002,1255.0000771825,VAL
2025-07-11,WIN Securities,Cauciones Colocadoras,ARS,10939.357980000217,0.3622116552030072,1261.499991611,VAL
2025-07-14,WIN Securities,Cauciones Colocadoras,ARS,9296.875,0.10253125,1280.0,VAL
2025-07-15,WIN Securities,Cauciones Colocadoras,ARS,10238.09532,0.11296031836400001,1259.99998992,VAL
2025-07-22,WIN Securities,Cauciones Colocadoras,ARS,10664.54410000022,0.11778750200000243,1256.5000317266,VAL
2025-07-25,WIN Securities,Cauciones Colocadoras,ARS,9062.5,0.30046875,1280.0,VAL
2025-07-31,WIN Securities,Cauciones Colocadoras,ARS,1819.5050000000049,0.020072779160000054,1374.000071448,VAL
2025-08-01,WIN Securities,Cauciones Colocadoras,ARS,7991.202020000013,0.2648900185180004,1364.0000556512,VAL
2026-05-06,WIN Securities,Cauciones Colocadoras,USDMEP,676000.0,3.18,1387.9999905616,DOLARMM
2026-05-07,WIN Securities,Cauciones Colocadoras,USDMEP,850000.0,4.01,1395.9999575616,DOLARMM
2026-05-08,WIN Securities,Cauciones Colocadoras,USDMEP,890000.0,12.57,1397.9999653296,DOLARMM
2026-05-11,WIN Securities,Cauciones Colocadoras,USDMEP,830000.0,3.91,1391.500077437,DOLARMM
2026-05-12,WIN Securities,Cauciones Colocadoras,USDMEP,770000.0,3.63,1383.9999092096,DOLARMM
2026-05-13,WIN Securities,Cauciones Colocadoras,USDMEP,823000.0,3.87,1392.0000089088,DOLARMM
2026-05-14,WIN Securities,Cauciones Colocadoras,USDMEP,570000.0,2.69,1390.9999244687,DOLARMM
2026-05-15,WIN Securities,Cauciones Colocadoras,USDMEP,800000.0,11.29,1394.5000082973,DOLARMM
2026-05-18,WIN Securities,Cauciones Colocadoras,USDMEP,804000.0,3.79,1397.0000262636,DOLARMM
2026-05-20,WIN Securities,Cauciones Colocadoras,USDMEP,800000.0,3.76,1397.0000262636,DOLARMM
2026-05-21,WIN Securities,Cauciones Colocadoras,USDMEP,814000.0,3.84,1389.5000759362,DOLARMM
2026-05-26,WIN Securities,Cauciones Colocadoras,USDMEP,900000.0,4.24,1411.4999417051,DOLARMM
2026-05-28,WIN Securities,Cauciones Colocadoras,USDMEP,750000.0,3.53,1409.99991681,DOLARMM
2026-05-29,WIN Securities,Cauciones Colocadoras,USDMEP,705000.0,9.96,1407.9999459328,DOLARMM
2026-06-01,WIN Securities,Cauciones Colocadoras,USDMEP,800000.0,3.76,1425.9999432452,DOLARMM
2026-06-02,WIN Securities,Cauciones Colocadoras,USDMEP,775000.0,3.65,1427.0000976068,DOLARMM
2026-06-03,WIN Securities,Cauciones Colocadoras,USDMEP,740000.0,3.48,1438.4999552627,DOLARMM
2026-06-04,WIN Securities,Cauciones Colocadoras,USDMEP,1000000.0,4.71,1436.5000882011,DOLARMM
2026-06-05,WIN Securities,Cauciones Colocadoras,USDMEP,950000.0,13.42,1440.5000033132,DOLARMM
2026-06-08,WIN Securities,Cauciones Colocadoras,USDMEP,950000.0,4.48,1446.4999691172,DOLARMM
2026-06-11,WIN Securities,Cauciones Colocadoras,USDMEP,950000.0,4.48,1432.4999573831,DOLARMM
2026-06-12,WIN Securities,Cauciones Colocadoras,USDMEP,969000.0,18.23,1428.0000245616,DOLARMM
2026-06-16,WIN Securities,Cauciones Colocadoras,USDMEP,1000000.0,4.71,1436.5000882011,DOLARMM
2026-06-17,WIN Securities,Cauciones Colocadoras,USDMEP,931000.0,4.38,1441.50003647,DOLARMM
2026-06-19,WIN Securities,Cauciones Colocadoras,USDMEP,980000.0,13.83,1450.9999493601,DOLARMM
2026-06-22,WIN Securities,Cauciones Colocadoras,USDMEP,950000.0,4.48,1461.5000690559,DOLARMM
2026-06-23,WIN Securities,Cauciones Colocadoras,USDMEP,950000.0,4.48,1471.4999160509,DOLARMM
2026-06-24,WIN Securities,Cauciones Colocadoras,USDMEP,950000.0,4.48,1479.0000480675,DOLARMM
2026-06-25,WIN Securities,Cauciones Colocadoras,USDMEP,950000.0,4.48,1476.9999354551,DOLARMM
2026-06-30,WIN Securities,Cauciones Colocadoras,USDMEP,900000.0,4.24,1482.0000717288,DOLARMM
2026-07-01,WIN Securities,Cauciones Colocadoras,USDMEP,870000.0,4.1,1488.9999385043,DOLARMM
2026-07-02,WIN Securities,Cauciones Colocadoras,USDMEP,1300000.0,6.12,1488.000023808,DOLARMM
2026-07-03,WIN Securities,Cauciones Colocadoras,USDMEP,900000.0,12.71,1488.4999240121,DOLARMM
2026-07-06,WIN Securities,Cauciones Colocadoras,USDMEP,880000.0,4.14,1486.4999051613,DOLARMM
2026-07-07,WIN Securities,Cauciones Colocadoras,USDMEP,1300000.0,6.12,1491.9999707568,DOLARMM
2026-07-08,WIN Securities,Cauciones Colocadoras,USDMEP,1300000.0,30.59,1488.000023808,DOLARMM
2026-07-13,WIN Securities,Cauciones Colocadoras,USDMEP,1300000.0,6.12,1482.0000717288,DOLARMM
2026-07-14,WIN Securities,Cauciones Colocadoras,USDMEP,1400000.0,6.58,1471.4999160509,DOLARMM
2026-07-15,WIN Securities,Cauciones Colocadoras,USDMEP,1400000.0,6.58,1474.499997051,DOLARMM
2026-07-16,WIN Securities,Cauciones Colocadoras,USDMEP,1400000.0,6.58,1475.9999456832,DOLARMM
2026-07-17,WIN Securities,Cauciones Colocadoras,USDMEP,970000.0,13.7,1477.99997044,DOLARMM
2026-07-20,WIN Securities,Cauciones Colocadoras,USDMEP,1500000.0,7.05,1481.0001015966,DOLARMM
2026-07-21,WIN Securities,Cauciones Colocadoras,USDMEP,1500000.0,7.05,1477.4998928813,DOLARMM
2026-07-22,WIN Securities,Cauciones Colocadoras,USDMEP,1500000.0,7.05,1483.0000735568,DOLARMM
2026-07-23,WIN Securities,Cauciones Colocadoras,USDMEP,1600000.0,7.53,1488.9999385043,DOLARMM
2026-07-24,WIN Securities,Cauciones Colocadoras,USDMEP,1000000.0,14.12,1496.9999372757,DOLARMM
2026-07-28,WIN Securities,Cauciones Colocadoras,USDMEP,1500000.0,7.05,1498.0000949732,DOLARMM
2026-07-29,WIN Securities,Cauciones Colocadoras,USDMEP,1700000.0,8.0,1495.9999952128,DOLARMM
2026-07-30,WIN Securities,Cauciones Colocadoras,USDMEP,1680000.0,7.9,1488.000023808,DOLARMM
2026-07-31,WIN Securities,Cauciones Colocadoras,USDMEP,1000000.0,14.12,1484.9999413425,DOLARMM
2026-03-25,WIN Securities,Cauciones Colocadoras,ARS,17422.867200000008,0.19215244663200007,1377.500024795,RVARIABLE
2026-03-26,WIN Securities,Cauciones Colocadoras,ARS,66228.07452000029,0.7304020946980031,1367.9999102592,RVARIABLE
2026-04-07,WIN Securities,Cauciones Colocadoras,ARS,179892.2914499975,1.9840432134619723,1392.4999119244,RVARIABLE
2026-04-16,WIN Securities,Cauciones Colocadoras,ARS,368188.5000000004,4.060647873720004,1358.000046172,RVARIABLE
2026-04-24,WIN Securities,Cauciones Colocadoras,ARS,471596.9939999916,15.620307089357722,1399.5000146248,RVARIABLE
2026-04-29,WIN Securities,Cauciones Colocadoras,ARS,431189.33999999356,4.755687841705929,1391.500077437,RVARIABLE
2025-05-08,WIN Securities,Cauciones Colocadoras,ARS,280430.88964000036,3.093159894058004,1113.9999605644,LIQUIDEZ PLUS
2026-04-14,WIN Securities,Cauciones Colocadoras,ARS,146627.56000000023,1.6171920161300026,1364.0000556512,LIQUIDEZ PLUS
2025-01-08,WIN Securities,Cauciones Colocadoras,ARS,8691452.9999996,116.30971936223463,1035.5000481508,LIQUIDEZ
2025-01-09,WIN Securities,Cauciones Colocadoras,ARS,7714561.600000018,85.10288735113821,1036.9999508462,LIQUIDEZ
2025-01-14,WIN Securities,Cauciones Colocadoras,ARS,7692308.000000012,84.87062839482513,1039.9999584,LIQUIDEZ
2025-01-16,WIN Securities,Cauciones Colocadoras,ARS,4800768.000000004,52.96269667584004,1041.5000266624,LIQUIDEZ
2025-01-23,WIN Securities,Cauciones Colocadoras,ARS,9551098.000000015,105.37201113010016,1047.0000412518,LIQUIDEZ
2025-02-07,WIN Securities,Cauciones Colocadoras,ARS,8335811.557754312,276.25506521859245,1053.499995628,LIQUIDEZ
2025-02-10,WIN Securities,Cauciones Colocadoras,ARS,7579346.400000181,83.611360853759,1055.4999834814,LIQUIDEZ
2025-02-17,WIN Securities,Cauciones Colocadoras,ARS,6352389.122410979,70.069138481797,1055.9999966208,LIQUIDEZ
2025-02-18,WIN Securities,Cauciones Colocadoras,ARS,7654146.030000227,102.42061940470903,1058.2499952643,LIQUIDEZ
2025-02-20,WIN Securities,Cauciones Colocadoras,ARS,9445100.000000237,104.18183316520262,1058.7500397031,LIQUIDEZ
2025-02-28,WIN Securities,Cauciones Colocadoras,ARS,7525870.400000006,416.36896802676034,1062.9999687478,LIQUIDEZ
2025-03-10,WIN Securities,Cauciones Colocadoras,ARS,6457519.330208693,71.23107996892482,1065.7499511887,LIQUIDEZ
2026-04-09,WIN Securities,Cauciones Colocadoras,ARS,1660058.0170200046,18.308161723410052,1380.999926807,PERF
2026-04-16,WIN Securities,Cauciones Colocadoras,ARS,1997377.2391583931,22.028452859280023,1358.000046172,PERF
2026-05-18,WIN Securities,Cauciones Colocadoras,ARS,3172159.921036264,34.984566271424015,1397.0000262636,PERF
2026-05-20,WIN Securities,Cauciones Colocadoras,ARS,3173674.4399770107,35.00131645006401,1397.0000262636,PERF
2026-05-26,WIN Securities,Cauciones Colocadoras,ARS,3137324.833078312,34.60024230748684,1411.4999417051,PERF
2026-05-27,WIN Securities,Cauciones Colocadoras,ARS,3139597.2792305415,34.62530256830277,1412.5000035313,PERF
2025-01-29,WIN Securities,Cauciones Colocadoras,ARS,129148.8283400034,1.4247930791910375,1051.5000542048,RFIJA
2025-03-31,WIN Securities,Cauciones Colocadoras,ARS,116002.80029999618,1.2795807685139577,1073.24995326,RFIJA
2025-04-03,WIN Securities,Cauciones Colocadoras,ARS,116174.07359999731,1.2814707788399702,1074.2500123539,RFIJA
2025-04-04,WIN Securities,Cauciones Colocadoras,ARS,116534.70324000012,3.8623103215560035,1073.4999662921,RFIJA
2025-04-07,WIN Securities,Cauciones Colocadoras,ARS,116410.9725199973,1.2841562161109703,1075.49999188,RFIJA
2025-04-08,WIN Securities,Cauciones Colocadoras,ARS,112479.66400000002,1.2407436523200004,1075.750012909,RFIJA
2025-04-14,WIN Securities,Cauciones Colocadoras,ARS,101338.91411000004,1.1181171766150004,1194.9999766975,RFIJA
2025-04-22,WIN Securities,Cauciones Colocadoras,ARS,110688.40562,1.220842389351,1104.0000017664,RFIJA
2025-06-09,WIN Securities,Cauciones Colocadoras,ARS,59071.73300000015,0.6516202867230017,1184.9999389725,RFIJA
2025-07-03,WIN Securities,Cauciones Colocadoras,ARS,368399.6819500001,4.0634444301700015,1230.9999769803,RFIJA
2025-07-08,WIN Securities,Cauciones Colocadoras,ARS,271075.680540001,5.983672938777023,1255.0000771825,RFIJA
2025-07-14,WIN Securities,Cauciones Colocadoras,ARS,266484.375,2.9389296875,1280.0,RFIJA
2025-08-26,WIN Securities,Cauciones Colocadoras,ARS,92075.19336999829,1.0163582733969811,1356.5000021026,RFIJA
2026-02-06,WIN Securities,Cauciones Colocadoras,ARS,188547.4800000002,6.247869911800008,1432.000045824,RFIJA
2026-02-23,WIN Securities,Cauciones Colocadoras,ARS,339292.2255000062,3.743575297599069,1370.5000145958,RFIJA
2026-02-24,WIN Securities,Cauciones Colocadoras,ARS,296993.8320000004,3.2761534482960037,1380.5000502502,RFIJA
2025-01-21,Invertir en Bolsa (IEB),Cauciones Colocadoras,USDMEP,3996000.0,25.5,1047.0000412518,RDOLAR
2025-12-29,Zofingen,Cauciones Colocadoras,USDMEP,250000.0,0.0,1456.9999962118,RDOLAR
2026-01-06,Zofingen,Cauciones Colocadoras,USDMEP,252750.0,0.0,1467.5000110063,RDOLAR
2026-01-23,Zofingen,Cauciones Colocadoras,USDMEP,401000.0,0.0,1433.0000127537,RDOLAR
2026-01-27,Zofingen,Cauciones Colocadoras,USDMEP,70000.0,0.0,1442.5000025244,RDOLAR
2026-02-04,Zofingen,Cauciones Colocadoras,USDMEP,105500.0,0.0,1447.4999721356,RDOLAR
2026-02-24,WIN Securities,Cauciones Colocadoras,USDMEP,500000.0,5.54,1380.5000502502,CAP
2025-03-07,WIN Securities,Cauciones Colocadoras,ARS,65727.6970000001,2.178225268251003,1065.0000410025,PyMES
2025-12-03,WIN Securities,Cauciones Colocadoras,ARS,137646.2400000006,1.5180522047760068,1453.0000964792,PyMES
2026-01-22,WIN Securities,Cauciones Colocadoras,ARS,17348.7234399997,0.19136761226799667,1429.4999909227,PyMES
2026-02-24,WIN Securities,Cauciones Colocadoras,ARS,724.375200000001,0.00798261470400001,1380.5000502502,PyMES
2026-05-29,WIN Securities,Cauciones Colocadoras,ARS,72869.3209800001,2.4135725358630036,1407.9999459328,PyMES
2025-07-02,WIN Securities,Cauciones Colocadoras,USDMEP,64000.0,0.71,1230.00004551,AHDOLARES
2025-07-04,WIN Securities,Cauciones Colocadoras,USDMEP,65000.0,2.17,1230.9999769803,AHDOLARES
2025-07-08,WIN Securities,Cauciones Colocadoras,USDMEP,72000.0,1.6,1255.0000771825,AHDOLARES
2025-08-04,WIN Securities,Cauciones Colocadoras,ARS,9117.646840000005,0.10058087993900006,1360.00003264,VAL
2025-08-07,WIN Securities,Cauciones Colocadoras,ARS,6787.330200000002,0.07490195949600002,1326.0000228072,VAL
2025-08-11,WIN Securities,Cauciones Colocadoras,ARS,6807.867300000028,0.0751361621010003,1321.9999161852,VAL
2025-08-21,WIN Securities,Cauciones Colocadoras,ARS,45627.378000000055,0.5036197892380005,1314.9999546325,VAL
2025-08-22,WIN Securities,Cauciones Colocadoras,ARS,54049.96422000008,1.7945118022650028,1320.9999494057,VAL
2025-08-25,WIN Securities,Cauciones Colocadoras,ARS,36930.98432000001,0.40762115059200005,1361.9999825664,VAL
2025-08-26,WIN Securities,Cauciones Colocadoras,ARS,12311.094709999772,0.1358938442419975,1356.5000021026,VAL
2026-01-02,WIN Securities,Cauciones Colocadoras,ARS,11525.4237,0.382596609213,1475.0000036875,VAL
2026-01-06,WIN Securities,Cauciones Colocadoras,ARS,9540.033999999676,0.10527427518999644,1467.5000110063,VAL
2026-01-07,WIN Securities,Cauciones Colocadoras,ARS,8904.1095,0.09828082093500001,1460.0000146,VAL
2026-04-13,WIN Securities,Cauciones Colocadoras,ARS,147710.48000000036,1.629047185252004,1354.0000682416,VAL
2026-04-14,WIN Securities,Cauciones Colocadoras,ARS,52199.411360000086,0.5757257829620009,1364.0000556512,VAL
2026-06-25,WIN Securities,Cauciones Colocadoras,ARS,108327.6960000002,1.1948274049560021,1476.9999354551,VAL
2025-06-18,WIN Securities,Cauciones Colocadoras,ARS,43782.8350000001,0.48304726198800113,1142.0000555012,RBALANCEADO
2025-06-23,WIN Securities,Cauciones Colocadoras,ARS,41502.99060000007,0.45784801194000074,1170.999951989,RBALANCEADO
2025-06-24,WIN Securities,Cauciones Colocadoras,ARS,41634.7362899992,0.4592932953839913,1174.5000534985,RBALANCEADO
2025-07-31,WIN Securities,Cauciones Colocadoras,ARS,118922.84680000032,1.3120304994600036,1374.000071448,RBALANCEADO
2025-08-01,WIN Securities,Cauciones Colocadoras,ARS,119574.7751800002,3.9635922136520065,1364.0000556512,RBALANCEADO
2025-08-21,WIN Securities,Cauciones Colocadoras,ARS,30418.252000000037,0.3357414564500004,1314.9999546325,RBALANCEADO
2025-08-22,WIN Securities,Cauciones Colocadoras,ARS,35352.00741000006,1.1737396361730017,1320.9999494057,RBALANCEADO
2025-08-25,WIN Securities,Cauciones Colocadoras,ARS,2349.4860800000006,0.025932452608000006,1361.9999825664,RBALANCEADO
2025-08-27,WIN Securities,Cauciones Colocadoras,ARS,7410.152000000002,0.08177843747200002,1349.4999832662,RBALANCEADO
2026-01-02,WIN Securities,Cauciones Colocadoras,ARS,163389.8301,5.423816935593,1475.0000036875,RBALANCEADO
2026-02-27,WIN Securities,Cauciones Colocadoras,ARS,250536.8600000001,8.298947589148003,1397.0000262636,RBALANCEADO
2026-03-02,WIN Securities,Cauciones Colocadoras,ARS,161362.01209000015,1.7795986205860017,1394.9999574525,RBALANCEADO
2026-03-04,WIN Securities,Cauciones Colocadoras,ARS,283470.1879000051,3.1262691750380562,1400.5000065123,RBALANCEADO
2026-03-16,WIN Securities,Cauciones Colocadoras,ARS,217048.7172000002,2.3938754309400023,1395.9999575616,RBALANCEADO
2026-05-21,WIN Securities,Cauciones Colocadoras,ARS,331054.3179999951,3.6510757270609457,1389.5000759362,RBALANCEADO
2025-06-18,WIN Securities,Cauciones Colocadoras,ARS,4378.2835000000105,0.04830122357200011,1142.0000555012,BALANCEADO
2025-06-19,WIN Securities,Cauciones Colocadoras,ARS,3590.1924700000086,0.15874780314300038,1142.0000555012,BALANCEADO
2025-06-23,WIN Securities,Cauciones Colocadoras,ARS,3415.884000000006,0.03768574023000006,1170.999951989,BALANCEADO
2025-06-24,WIN Securities,Cauciones Colocadoras,ARS,3575.9896199999316,0.03944657121299924,1174.5000534985,BALANCEADO
2025-06-27,WIN Securities,Cauciones Colocadoras,ARS,3784.6930500000003,0.125449958964,1188.9999903691,BALANCEADO
2025-06-30,WIN Securities,Cauciones Colocadoras,ARS,4232.365050000002,0.046697094385000026,1205.0000271125,BALANCEADO
2025-07-01,WIN Securities,Cauciones Colocadoras,ARS,4255.31912,0.04693125991000001,1222.0000083096,BALANCEADO
2025-07-02,WIN Securities,Cauciones Colocadoras,ARS,4552.845360000006,0.05021951033700007,1230.00004551,BALANCEADO
2025-07-03,WIN Securities,Cauciones Colocadoras,ARS,4467.912350000001,0.04928513495900002,1230.9999769803,BALANCEADO
2025-07-07,WIN Securities,Cauciones Colocadoras,ARS,4272.151680000012,0.047128162144000126,1264.0000647168,BALANCEADO
2025-08-11,WIN Securities,Cauciones Colocadoras,ARS,3782.1485000000152,0.04173979084600017,1321.9999161852,BALANCEADO
2025-11-17,WIN Securities,Cauciones Colocadoras,ARS,10814.707500000022,0.11927180411500025,1387.0000644955,BALANCEADO
2025-12-30,WIN Securities,Cauciones Colocadoras,ARS,86872.8492800001,2.8889758467920035,1455.00004947,BALANCEADO
2026-01-02,WIN Securities,Cauciones Colocadoras,ARS,87457.62689999999,2.9032067724029993,1475.0000036875,BALANCEADO
2026-01-07,WIN Securities,Cauciones Colocadoras,ARS,9246.575250000002,0.102061642815,1460.0000146,BALANCEADO
2026-02-26,WIN Securities,Cauciones Colocadoras,ARS,46164.774500000065,0.5091335422780008,1407.9999459328,BALANCEADO
2026-05-21,WIN Securities,Cauciones Colocadoras,ARS,51817.19759999923,0.5714717211979914,1389.5000759362,BALANCEADO
2025-05-30,WIN Securities,Cauciones Colocadoras,ARS,265151.5020000007,8.785361517108022,1188.0000589248,INC
2025-06-23,WIN Securities,Cauciones Colocadoras,ARS,17250.214200000028,0.19029035793000032,1170.999951989,INC
2025-06-26,WIN Securities,Cauciones Colocadoras,ARS,16996.213340000366,0.18748842666100404,1188.5000262064,INC
2025-06-27,WIN Securities,Cauciones Colocadoras,ARS,16820.858,0.55752733841,1188.9999903691,INC
2025-07-01,WIN Securities,Cauciones Colocadoras,ARS,16366.612000000001,0.18053191366600002,1222.0000083096,INC
2025-07-02,WIN Securities,Cauciones Colocadoras,ARS,16260.162000000022,0.17933332669800026,1230.00004551,INC
2025-07-07,WIN Securities,Cauciones Colocadoras,ARS,15901.897920000043,0.17537973785600047,1264.0000647168,INC
2025-07-15,WIN Securities,Cauciones Colocadoras,ARS,47936.50832000001,0.528904766136,1259.99998992,INC
2025-07-18,WIN Securities,Cauciones Colocadoras,ARS,41524.10700000003,1.377130678950001,1285.99996142,INC
2025-07-21,WIN Securities,Cauciones Colocadoras,ARS,5725.490010000007,0.06321568422000007,1275.0000414375,INC
2025-07-22,WIN Securities,Cauciones Colocadoras,ARS,6128.133550000126,0.0676721033450014,1256.5000317266,INC
2025-07-24,WIN Securities,Cauciones Colocadoras,ARS,5896.226250000004,0.06505502962500005,1272.000035616,INC
2025-07-25,WIN Securities,Cauciones Colocadoras,ARS,5859.375,0.1942890625,1280.0,INC
2025-07-28,WIN Securities,Cauciones Colocadoras,ARS,5791.506000000008,0.06389189419200007,1294.99995338,INC
2025-07-29,WIN Securities,Cauciones Colocadoras,ARS,6041.827740000015,0.06666924533100016,1291.0000641627,INC
2025-08-04,WIN Securities,Cauciones Colocadoras,ARS,4411.764600000002,0.048669116479000026,1360.00003264,INC
2025-08-06,WIN Securities,Cauciones Colocadoras,ARS,8033.033560000035,0.08861862443200039,1331.9999126208,INC
2025-08-07,WIN Securities,Cauciones Colocadoras,ARS,7541.478000000003,0.08322775120800004,1326.0000228072,INC
2025-11-11,WIN Securities,Cauciones Colocadoras,ARS,253431.90000000483,2.7950300273500535,1420.4999449556,INC
2025-11-13,WIN Securities,Cauciones Colocadoras,ARS,16358.46480000007,0.1804267543680008,1405.9999077664,INC
2025-12-12,WIN Securities,Cauciones Colocadoras,ARS,17349.062500000025,0.5746564670000008,1441.0000540375,INC
2025-12-30,Option Securities,Cauciones Colocadoras,ARS,127697.59016000015,15.103071651444019,1455.00004947,INC
2026-01-06,WIN Securities,Cauciones Colocadoras,ARS,212606.4719999928,2.3461533043799205,1467.5000110063,INC
2026-01-07,WIN Securities,Cauciones Colocadoras,ARS,9315.068400000002,0.10281506746500002,1460.0000146,INC
2026-02-06,WIN Securities,Cauciones Colocadoras,ARS,593575.4000000006,19.66892395160002,1432.000045824,INC
2026-02-10,WIN Securities,Cauciones Colocadoras,ARS,391180.6800000017,4.3147371251520195,1405.9999077664,INC
2026-02-23,WIN Securities,Cauciones Colocadoras,ARS,120394.01550000222,1.3283618975640243,1370.5000145958,INC
2026-03-31,WIN Securities,Cauciones Colocadoras,ARS,421336.2042,4.64705456796,1392.0000089088,INC
2026-07-23,WIN Securities,Cauciones Colocadoras,ARS,1746.138420000003,0.019261249956000034,1488.9999385043,INC
2025-02-28,Option Securities,Cauciones Colocadoras,ARS,276105.37030000024,15.836896044156012,1062.9999687478,GEST
2025-03-21,WIN Securities,Cauciones Colocadoras,ARS,19192.537852163718,0.8486175306000152,1068.7500166992,GEST
2025-03-25,WIN Securities,Cauciones Colocadoras,ARS,19906.09539991208,0.21957049108800009,1071.0000184212,GEST
2025-03-26,WIN Securities,Cauciones Colocadoras,ARS,21082.27877850423,0.2325414198789987,1071.2500170061,GEST
2025-05-05,Allaria,Cauciones Colocadoras,ARS,6869333.05856001,0.0,1200.000048,GEST
2025-05-07,Allaria,Cauciones Colocadoras,ARS,4121850.4629120007,66.54277465617602,1124.0000193328,GEST
2025-05-08,Criteria,Cauciones Colocadoras,ARS,2448833.120800003,177.2898267428462,1113.9999605644,GEST
2025-05-09,Allaria,Cauciones Colocadoras,ARS,1144366.21,55.492729494758,1135.9999872768,GEST
2025-05-14,WIN Securities,Cauciones Colocadoras,ARS,2066254.3558000019,22.79143042078002,1132.0000335072,GEST
2025-07-18,Criteria,Cauciones Colocadoras,ARS,190513.22500000015,41.47487682745004,1285.99996142,GEST
2025-08-06,Criteria,Cauciones Colocadoras,ARS,418918.9464000018,30.34049748583213,1331.9999126208,GEST
2025-08-07,Criteria,Cauciones Colocadoras,ARS,422322.76800000016,30.589162369794014,1326.0000228072,GEST
2025-08-11,Criteria,Cauciones Colocadoras,ARS,422844.2023000017,30.631915709083124,1321.9999161852,GEST
2025-07-21,WIN Securities,Cauciones Colocadoras,USDMEP,137000.0,1.52,1275.0000414375,AHDOLARES
2025-07-22,WIN Securities,Cauciones Colocadoras,USDMEP,138000.0,1.54,1256.5000317266,AHDOLARES
2025-07-24,WIN Securities,Cauciones Colocadoras,USDMEP,146000.0,1.62,1272.000035616,AHDOLARES
2025-07-29,WIN Securities,Cauciones Colocadoras,USDMEP,161000.0,1.79,1291.0000641627,AHDOLARES
2025-07-30,WIN Securities,Cauciones Colocadoras,USDMEP,166000.0,1.84,1314.9999546325,AHDOLARES
2025-07-31,WIN Securities,Cauciones Colocadoras,USDMEP,205000.0,2.27,1374.000071448,AHDOLARES
2025-08-04,WIN Securities,Cauciones Colocadoras,USDMEP,205000.0,2.27,1360.00003264,AHDOLARES
2025-08-05,WIN Securities,Cauciones Colocadoras,USDMEP,205000.0,2.27,1338.4999431138,AHDOLARES
2026-07-07,WIN Securities,Cauciones Colocadoras,USDMEP,230600.0,1.09,1491.9999707568,AHDOLARES
2026-07-08,WIN Securities,Cauciones Colocadoras,USDMEP,429000.0,10.09,1488.000023808,AHDOLARES
2026-07-30,WIN Securities,Cauciones Colocadoras,USDMEP,617000.0,2.9,1488.000023808,AHDOLARES
2025-01-08,WIN Securities,Cauciones Colocadoras,ARS,86624.81489999601,0.9556059430099559,1035.5000481508,GESTII
2025-01-13,WIN Securities,Cauciones Colocadoras,ARS,225589.23449998948,2.489216067539884,1039.4999589398,GESTII
2025-01-14,WIN Securities,Cauciones Colocadoras,ARS,427019.2478500007,4.711192496140008,1039.9999584,GESTII
2025-01-16,WIN Securities,Cauciones Colocadoras,ARS,192030.72000000015,2.1185021061120017,1041.5000266624,GESTII
2025-01-29,WIN Securities,Cauciones Colocadoras,ARS,194008.5492000051,2.140427849718056,1051.5000542048,GESTII
2025-01-31,WIN Securities,Cauciones Colocadoras,ARS,824536.3341000217,27.326037583259723,1051.5000542048,GESTII
2025-02-12,WIN Securities,Cauciones Colocadoras,ARS,94674.56000000014,1.0444876157440017,1056.24995775,GESTII
2025-02-13,WIN Securities,Cauciones Colocadoras,ARS,236952.91904000004,2.6142038978560005,1056.7500118356,GESTII
2025-02-20,WIN Securities,Cauciones Colocadoras,ARS,1077213.655000027,11.882020805900298,1058.7500397031,GESTII
2025-02-25,WIN Securities,Cauciones Colocadoras,ARS,277227.7115999874,3.0578216589478613,1060.5000427382,GESTII
2025-02-26,WIN Securities,Cauciones Colocadoras,ARS,1142318.6052000013,12.600283169190012,1060.9999648809,GESTII
2025-03-21,WIN Securities,Cauciones Colocadoras,ARS,159064.32500000283,7.0330104164251255,1068.7500166992,GESTII
2025-03-25,WIN Securities,Cauciones Colocadoras,ARS,142577.02836000005,1.5727730821920007,1071.0000184212,GESTII
2025-04-28,WIN Securities,Cauciones Colocadoras,ARS,6791171.20000001,90.87054807516414,1178.0000480624,LIQUIDEZ
2025-04-29,WIN Securities,Cauciones Colocadoras,ARS,6866952.8,91.883279107782,1164.9999982525,LIQUIDEZ
2025-05-05,WIN Securities,Cauciones Colocadoras,ARS,1666666.6000000024,18.383549264658026,1200.000048,LIQUIDEZ
2025-05-05,WIN Securities,Cauciones Colocadoras,ARS,6666666.40000001,89.20291309855014,1200.000048,LIQUIDEZ
2025-05-06,WIN Securities,Cauciones Colocadoras,ARS,1051448.1861335991,11.597629289213025,1194.0000542076,LIQUIDEZ
2025-05-07,WIN Securities,Cauciones Colocadoras,ARS,8896797.000000002,119.04285382434904,1124.0000193328,LIQUIDEZ
2025-05-08,WIN Securities,Cauciones Colocadoras,ARS,8078994.90000001,108.10032698653613,1113.9999605644,LIQUIDEZ
2025-05-08,WIN Securities,Cauciones Colocadoras,ARS,1346499.1500000018,104.49100908497813,1113.9999605644,LIQUIDEZ
2025-05-09,WIN Securities,Cauciones Colocadoras,ARS,7922535.300000001,262.486156108859,1135.9999872768,LIQUIDEZ
2025-05-12,WIN Securities,Cauciones Colocadoras,ARS,2123893.920000006,23.426700380086068,1129.99993898,LIQUIDEZ
2025-05-12,WIN Securities,Cauciones Colocadoras,ARS,7964602.2000000235,106.56927124146631,1129.99993898,LIQUIDEZ
2025-05-13,WIN Securities,Cauciones Colocadoras,ARS,7996446.0,106.99510407706,1125.5000033765,LIQUIDEZ
2025-05-14,WIN Securities,Cauciones Colocadoras,ARS,7950529.800000007,106.3814191125941,1132.0000335072,LIQUIDEZ
2025-05-16,WIN Securities,Cauciones Colocadoras,ARS,3502626.800000008,116.05079996413427,1142.0000555012,LIQUIDEZ
2025-05-19,WIN Securities,Cauciones Colocadoras,ARS,4382121.000000001,58.63482104838601,1140.9999860798,LIQUIDEZ
2025-05-19,WIN Securities,Cauciones Colocadoras,ARS,4995617.94,55.10250724543201,1140.9999860798,LIQUIDEZ
2025-05-20,WIN Securities,Cauciones Colocadoras,ARS,7874015.400000014,105.35786061002419,1143.0000505206,LIQUIDEZ
2025-05-21,WIN Securities,Cauciones Colocadoras,ARS,8733624.000000024,116.85972318093633,1145.00005954,LIQUIDEZ
2025-05-23,WIN Securities,Cauciones Colocadoras,ARS,4411116.0,177.289430469624,1133.5000031738,LIQUIDEZ
2025-05-26,WIN Securities,Cauciones Colocadoras,ARS,7940008.8,106.24205528258399,1133.5000031738,LIQUIDEZ
2025-05-27,WIN Securities,Cauciones Colocadoras,ARS,4329004.5000000065,57.92424471225009,1154.9999543775,LIQUIDEZ
2025-05-28,WIN Securities,Cauciones Colocadoras,ARS,7758621.000000012,103.81453001465017,1159.9999536,LIQUIDEZ
2025-05-29,WIN Securities,Cauciones Colocadoras,ARS,8453085.000000017,113.1092426420402,1183.0000526435,LIQUIDEZ
2025-06-02,WIN Securities,Cauciones Colocadoras,ARS,7302289.3561658785,80.54842152393238,1179.4999604278,LIQUIDEZ
2025-06-02,WIN Securities,Cauciones Colocadoras,ARS,1175879.6438339502,15.733870811889682,1179.4999604278,LIQUIDEZ
2025-06-03,WIN Securities,Cauciones Colocadoras,ARS,8023648.7,107.363100349286,1183.9999924224,LIQUIDEZ
2025-06-04,WIN Securities,Cauciones Colocadoras,ARS,4217629.500000098,46.52188737903107,1185.5000539995,LIQUIDEZ
2025-06-05,WIN Securities,Cauciones Colocadoras,ARS,8396306.000000017,112.34748611901021,1190.9999468814,LIQUIDEZ
2025-06-06,WIN Securities,Cauciones Colocadoras,ARS,4219409.500000011,169.60529143509444,1184.9999389725,LIQUIDEZ
2025-06-12,WIN Securities,Cauciones Colocadoras,ARS,4219409.500000011,46.55044965473212,1184.9999389725,LIQUIDEZ
2025-06-13,WIN Securities,Cauciones Colocadoras,ARS,7191201.450000001,317.93661170535904,1181.9999841612,LIQUIDEZ
2025-06-17,WIN Securities,Cauciones Colocadoras,ARS,7758621.000000012,103.83992656739017,1159.9999536,LIQUIDEZ
2025-06-18,WIN Securities,Cauciones Colocadoras,ARS,7705778.960000019,103.13824367399624,1142.0000555012,LIQUIDEZ
2025-06-23,WIN Securities,Cauciones Colocadoras,ARS,8539710.000000015,114.28159307154019,1170.999951989,LIQUIDEZ
2025-06-24,WIN Securities,Cauciones Colocadoras,ARS,8514260.999999836,113.94257463111381,1174.5000534985,LIQUIDEZ
2025-06-27,WIN Securities,Cauciones Colocadoras,ARS,8746846.16,351.68962437938404,1188.9999903691,LIQUIDEZ
2025-06-30,WIN Securities,Cauciones Colocadoras,ARS,3319502.000000002,44.42160066026502,1205.0000271125,LIQUIDEZ
2025-06-30,WIN Securities,Cauciones Colocadoras,ARS,4149377.5000000023,45.772206439005025,1205.0000271125,LIQUIDEZ
2025-07-01,WIN Securities,Cauciones Colocadoras,ARS,2454991.8000000003,32.84893594684,1222.0000083096,LIQUIDEZ
2025-07-02,WIN Securities,Cauciones Colocadoras,ARS,7317072.90000001,80.7086799406081,1230.00004551,LIQUIDEZ
2025-07-03,WIN Securities,Cauciones Colocadoras,ARS,3529819.5213528723,38.93459861597301,1230.9999769803,LIQUIDEZ
2025-07-03,WIN Securities,Cauciones Colocadoras,ARS,4593657.47864713,61.464485308606015,1230.9999769803,LIQUIDEZ
2025-07-04,WIN Securities,Cauciones Colocadoras,ARS,4061738.5000000014,134.57888960029703,1230.9999769803,LIQUIDEZ
2025-07-07,WIN Securities,Cauciones Colocadoras,ARS,5740001.203770166,63.31288441660818,1264.0000647168,LIQUIDEZ
2025-07-07,WIN Securities,Cauciones Colocadoras,ARS,1380251.5962298526,18.46825854809605,1264.0000647168,LIQUIDEZ
2025-07-08,WIN Securities,Cauciones Colocadoras,ARS,7597503.0579169085,167.70579048290662,1255.0000771825,LIQUIDEZ
2025-07-08,WIN Securities,Cauciones Colocadoras,ARS,1964249.3420831277,52.5962995541722,1255.0000771825,LIQUIDEZ
2025-07-10,WIN Securities,Cauciones Colocadoras,ARS,3984063.500000015,43.942714428997164,1255.0000771825,LIQUIDEZ
2025-07-14,WIN Securities,Cauciones Colocadoras,ARS,2343750.0,25.848085937500002,1280.0,LIQUIDEZ
2025-07-15,WIN Securities,Cauciones Colocadoras,ARS,1587301.6,17.515682679808002,1259.99998992,LIQUIDEZ
2025-07-16,WIN Securities,Cauciones Colocadoras,ARS,7817310.72240969,86.24034767031202,1261.0000184106,LIQUIDEZ
2025-07-16,WIN Securities,Cauciones Colocadoras,ARS,112903.27757445116,1.5108723014940004,1261.0000184106,LIQUIDEZ
2025-07-17,WIN Securities,Cauciones Colocadoras,ARS,6072918.125048283,70.13433670951622,1273.9999291656,LIQUIDEZ
2025-07-17,WIN Securities,Cauciones Colocadoras,ARS,3346234.674951747,44.78746716836214,1273.9999291656,LIQUIDEZ
2025-07-18,WIN Securities,Cauciones Colocadoras,ARS,4060597.995923694,134.6195996840001,1285.99996142,LIQUIDEZ
2025-07-18,WIN Securities,Cauciones Colocadoras,ARS,4969651.108420792,199.91584581085016,1285.99996142,LIQUIDEZ
2025-07-21,WIN Securities,Cauciones Colocadoras,ARS,9411764.40000001,103.8810946630801,1275.0000414375,LIQUIDEZ
2025-07-22,WIN Securities,Cauciones Colocadoras,ARS,9550338.000000197,105.43168058496718,1256.5000317266,LIQUIDEZ
2025-07-23,WIN Securities,Cauciones Colocadoras,ARS,8954352.058067665,98.83213944852429,1285.5000479492,LIQUIDEZ
2025-07-24,WIN Securities,Cauciones Colocadoras,ARS,3930817.500000003,52.61256141993003,1272.000035616,LIQUIDEZ
2025-07-29,WIN Securities,Cauciones Colocadoras,ARS,7358636.350000018,81.1952709452302,1291.0000641627,LIQUIDEZ
2025-07-30,WIN Securities,Cauciones Colocadoras,ARS,6844106.700000008,75.51096838459608,1314.9999546325,LIQUIDEZ
2025-07-31,WIN Securities,Cauciones Colocadoras,ARS,7278020.00000002,80.29657515500021,1374.000071448,LIQUIDEZ
2025-08-01,WIN Securities,Cauciones Colocadoras,ARS,7331378.000000012,243.00784932281638,1364.0000556512,LIQUIDEZ
2025-08-05,WIN Securities,Cauciones Colocadoras,ARS,3735524.999999867,41.20954975289853,1338.4999431138,LIQUIDEZ
2025-08-07,WIN Securities,Cauciones Colocadoras,ARS,2262443.400000001,24.967352511738007,1326.0000228072,LIQUIDEZ
2025-08-08,WIN Securities,Cauciones Colocadoras,ARS,6787330.200000002,225.24980004727206,1326.0000228072,LIQUIDEZ
2025-08-12,WIN Securities,Cauciones Colocadoras,ARS,3036053.199999944,33.505230363761385,1317.4999700269,LIQUIDEZ
2025-08-13,WIN Securities,Cauciones Colocadoras,ARS,3808073.0000000037,42.03426377245404,1313.0000396526,LIQUIDEZ
2025-08-14,WIN Securities,Cauciones Colocadoras,ARS,6168080.000000006,274.09623695830027,1297.00003891,LIQUIDEZ
2025-08-19,WIN Securities,Cauciones Colocadoras,ARS,8510638.4,93.898438264112,1292.49998449,LIQUIDEZ
2025-08-20,WIN Securities,Cauciones Colocadoras,ARS,4924827.004400001,54.339960997455,1301.0000136605,LIQUIDEZ
2025-08-21,WIN Securities,Cauciones Colocadoras,ARS,6844106.700000008,75.55832960296009,1314.9999546325,LIQUIDEZ
2025-08-22,WIN Securities,Cauciones Colocadoras,ARS,6056018.40000001,201.0692355586353,1320.9999494057,LIQUIDEZ
2025-08-26,WIN Securities,Cauciones Colocadoras,ARS,5897530.3999998905,65.0940212776508,1356.5000021026,LIQUIDEZ
2025-08-27,WIN Securities,Cauciones Colocadoras,ARS,3706414.6098721013,49.62709954090401,1349.4999832662,LIQUIDEZ
2025-08-27,WIN Securities,Cauciones Colocadoras,ARS,2221706.9901278997,24.521763920224007,1349.4999832662,LIQUIDEZ
2025-08-28,WIN Securities,Cauciones Colocadoras,ARS,4951237.50000002,54.64771601437521,1333.0000833125,LIQUIDEZ
2025-08-29,WIN Securities,Cauciones Colocadoras,ARS,6706408.500000004,222.55189781616014,1341.999969134,LIQUIDEZ
2025-09-01,WIN Securities,Cauciones Colocadoras,ARS,7302533.700000004,80.59139529622504,1341.999969134,LIQUIDEZ
2025-09-02,WIN Securities,Cauciones Colocadoras,ARS,8302719.070000027,91.6302183840083,1360.9999211981,LIQUIDEZ
2025-09-04,WIN Securities,Cauciones Colocadoras,ARS,7192660.999999763,79.3763866123974,1362.4999148438,LIQUIDEZ
2025-09-05,WIN Securities,Cauciones Colocadoras,ARS,6789668.080000006,225.3205964895602,1354.999963415,LIQUIDEZ
2025-09-08,WIN Securities,Cauciones Colocadoras,ARS,5961674.880000001,65.79227747462402,1409.0000157808,LIQUIDEZ
2025-09-12,WIN Securities,Cauciones Colocadoras,ARS,4445890.84911494,147.41861374891266,1453.0000964792,LIQUIDEZ
2025-09-12,WIN Securities,Cauciones Colocadoras,ARS,2367598.03088509,95.23737151519242,1453.0000964792,LIQUIDEZ
2025-09-15,WIN Securities,Cauciones Colocadoras,ARS,6816633.000000026,75.20530793519428,1466.9999103663,LIQUIDEZ
2025-09-16,WIN Securities,Cauciones Colocadoras,ARS,8168822.4,90.127202971472,1468.9999870728,LIQUIDEZ
2025-09-17,WIN Securities,Cauciones Colocadoras,ARS,3390980.0,37.41299431016,1474.499997051,LIQUIDEZ
2025-09-17,WIN Securities,Cauciones Colocadoras,ARS,4543913.2,60.81537482492,1474.499997051,LIQUIDEZ
2025-09-18,WIN Securities,Cauciones Colocadoras,ARS,8273991.2,91.28728400760001,1474.499997051,LIQUIDEZ
2025-09-22,WIN Securities,Cauciones Colocadoras,ARS,7741477.5700000115,85.41329163214313,1407.9999459328,LIQUIDEZ
2025-09-23,WIN Securities,Cauciones Colocadoras,ARS,6574141.800000001,72.53317119818202,1368.9999811078,LIQUIDEZ
2025-09-24,WIN Securities,Cauciones Colocadoras,ARS,6953271.48000003,76.69551152726433,1337.4999130625,LIQUIDEZ
2025-09-25,WIN Securities,Cauciones Colocadoras,ARS,3498574.7930228263,38.590697840832135,1336.9999219192,LIQUIDEZ
2025-09-25,WIN Securities,Cauciones Colocadoras,ARS,3457296.966977197,46.26069080932816,1336.9999219192,LIQUIDEZ
2025-09-26,WIN Securities,Cauciones Colocadoras,ARS,6862744.980000002,227.38496592306606,1326.0000228072,LIQUIDEZ
2025-09-29,WIN Securities,Cauciones Colocadoras,ARS,8676470.380000005,95.70235799726106,1360.00003264,LIQUIDEZ
2025-09-30,WIN Securities,Cauciones Colocadoras,ARS,7971014.700000006,87.92272692367206,1379.99996412,LIQUIDEZ
2025-10-01,WIN Securities,Cauciones Colocadoras,ARS,8784258.750000002,96.89117513689804,1422.9999770897,LIQUIDEZ
2025-10-02,WIN Securities,Cauciones Colocadoras,ARS,6248234.633649292,68.9186519622352,1424.5000040598,LIQUIDEZ
2026-02-03,Allaria,Pases Colocadores,ARS,1244813.2200000028,0.0,1446.0000673836,LIQUIDEZ
2026-02-05,Allaria,Pases Colocadores,ARS,1317614.4698890445,0.0,1441.9999501068,LIQUIDEZ
2026-02-06,Allaria,Pases Colocadores,ARS,1326815.599811454,0.0,1432.000045824,LIQUIDEZ
2026-02-06,Allaria,Pases Colocadores,ARS,1326815.5997695546,0.0,1432.000045824,LIQUIDEZ
2026-02-09,Allaria,Pases Colocadores,ARS,1412429.3990960456,0.0,1415.9999784768,LIQUIDEZ
2026-02-09,Allaria,Pases Colocadores,ARS,1341807.9298022604,0.0,1415.9999784768,LIQUIDEZ
2026-02-10,Allaria,Pases Colocadores,ARS,1351351.4399786687,0.0,1405.9999077664,LIQUIDEZ
2026-02-10,Allaria,Pases Colocadores,ARS,1422475.1998577586,0.0,1405.9999077664,LIQUIDEZ
2026-02-11,Allaria,Pases Colocadores,ARS,1357142.8302785722,0.0,1400.000028,LIQUIDEZ
2026-02-11,Allaria,Pases Colocadores,ARS,2142857.0996785727,0.0,1400.000028,LIQUIDEZ
2026-02-12,Allaria,Pases Colocadores,ARS,1433691.7999068112,0.0,1394.9999574525,LIQUIDEZ
2026-02-12,Allaria,Pases Colocadores,ARS,2150537.6998351277,0.0,1394.9999574525,LIQUIDEZ
2026-02-13,Allaria,Pases Colocadores,ARS,1286173.6202357756,0.0,1399.5000146248,LIQUIDEZ
2026-02-13,Allaria,Pases Colocadores,ARS,1429081.8002929364,0.0,1399.5000146248,LIQUIDEZ
2026-02-18,Allaria,Pases Colocadores,ARS,1432664.8003366776,0.0,1395.9999575616,LIQUIDEZ
2026-02-19,Allaria,Pases Colocadores,ARS,1439884.7999352054,0.0,1389.0000088896,LIQUIDEZ
2026-02-20,Allaria,Pases Colocadores,ARS,1671511.6599781981,0.0,1375.9999735808,LIQUIDEZ
2026-02-20,Allaria,Pases Colocadores,ARS,1090116.3001308143,0.0,1375.9999735808,LIQUIDEZ
2026-02-23,Allaria,Pases Colocadores,ARS,1386355.3299854323,0.0,1370.5000145958,LIQUIDEZ
2026-02-24,Allaria,Pases Colocadores,ARS,1448750.4001303895,0.0,1380.5000502502,LIQUIDEZ
2026-02-24,Allaria,Pases Colocadores,ARS,1376312.6989062019,0.0,1380.5000502502,LIQUIDEZ
2026-02-25,Allaria,Pases Colocadores,ARS,1358112.9698427457,0.0,1398.9999668437,LIQUIDEZ
2026-02-25,Allaria,Pases Colocadores,ARS,1358112.9698141539,0.0,1398.9999668437,LIQUIDEZ
2026-02-26,Allaria,Pases Colocadores,ARS,852272.6619886338,0.0,1407.9999459328,LIQUIDEZ
2026-03-02,Allaria,Pases Colocadores,ARS,1218638.0300788542,0.0,1394.9999574525,LIQUIDEZ
2026-03-03,Allaria,Pases Colocadores,ARS,1130742.0799222623,1.413427600000001e-05,1414.999961795,LIQUIDEZ
2026-03-03,Allaria,Pases Colocadores,ARS,918727.9396042409,0.0,1414.999961795,LIQUIDEZ
2026-03-04,Allaria,Pases Colocadores,ARS,1142449.2713745288,0.0,1400.5000065123,LIQUIDEZ
2026-03-04,Allaria,Pases Colocadores,ARS,1071046.0503998764,2.1420921000000384e-05,1400.5000065123,LIQUIDEZ
2026-03-05,Allaria,Pases Colocadores,ARS,923951.7295522426,0.0,1406.9999089671,LIQUIDEZ
2026-03-06,Allaria,Pases Colocadores,ARS,2048022.6300282492,0.0,1415.9999784768,LIQUIDEZ
2026-03-09,Allaria,Pases Colocadores,ARS,1129943.5203531077,0.0,1415.9999784768,LIQUIDEZ
2026-03-09,Allaria,Pases Colocadores,ARS,1129943.5197740116,0.0,1415.9999784768,LIQUIDEZ
2026-03-10,Allaria,Pases Colocadores,ARS,1071428.549578572,0.0,1400.000028,LIQUIDEZ
2026-03-11,Allaria,Pases Colocadores,ARS,1146131.8398853878,0.0,1395.9999575616,LIQUIDEZ
2026-03-11,Allaria,Pases Colocadores,ARS,1432664.799641835,0.0,1395.9999575616,LIQUIDEZ
2026-03-12,Allaria,Pases Colocadores,ARS,1147364.6404804385,0.0,1394.5000082973,LIQUIDEZ
2026-03-12,Allaria,Pases Colocadores,ARS,1147364.6399497823,0.0,1394.5000082973,LIQUIDEZ
2026-03-13,Allaria,Pases Colocadores,ARS,1071428.549714286,0.0,1400.000028,LIQUIDEZ
2026-03-16,Allaria,Pases Colocadores,ARS,1146131.8404011473,0.0,1395.9999575616,LIQUIDEZ
2026-03-17,Allaria,Pases Colocadores,ARS,1217765.0792335256,0.0,1395.9999575616,LIQUIDEZ
2026-03-17,Allaria,Pases Colocadores,ARS,1146131.8389684823,0.0,1395.9999575616,LIQUIDEZ
2026-03-18,Allaria,Pases Colocadores,ARS,1147776.1609756101,0.0,1394.0000287164,LIQUIDEZ
2026-03-18,Allaria,Pases Colocadores,ARS,1147776.1595552373,0.0,1394.0000287164,LIQUIDEZ
2026-03-19,Allaria,Pases Colocadores,ARS,1075654.349799192,0.0,1394.5000082973,LIQUIDEZ
2026-03-20,Allaria,Pases Colocadores,ARS,1438331.6003451508,0.0,1390.4999375666,LIQUIDEZ
2026-03-25,Allaria,Pases Colocadores,ARS,1161524.480145191,0.0,1377.500024795,LIQUIDEZ
2026-03-25,Allaria,Pases Colocadores,ARS,1161524.72101633,0.0,1377.500024795,LIQUIDEZ
2026-03-26,Allaria,Pases Colocadores,ARS,1169590.7199926951,0.0,1367.9999102592,LIQUIDEZ
2026-03-27,Allaria,Pases Colocadores,ARS,1084990.9504484432,0.0,1382.5000107144,LIQUIDEZ
2026-03-27,Allaria,Pases Colocadores,ARS,1591320.0600216712,0.0,1382.5000107144,LIQUIDEZ
2026-03-31,Allaria,Pases Colocadores,ARS,1364942.565977011,0.0,1392.0000089088,LIQUIDEZ
2026-03-31,Allaria,Pases Colocadores,ARS,1436781.2321839104,0.0,1392.0000089088,LIQUIDEZ
2026-04-01,Allaria,Pases Colocadores,ARS,1434720.2003299862,0.0,1394.0000287164,LIQUIDEZ
2026-04-01,Allaria,Pases Colocadores,ARS,1291248.1801649933,0.0,1394.0000287164,LIQUIDEZ
2026-04-06,Allaria,Pases Colocadores,ARS,1292175.0881119876,0.0,1392.9999800801,LIQUIDEZ
2026-04-06,Allaria,Pases Colocadores,ARS,1435750.3198851421,0.0,1392.9999800801,LIQUIDEZ
2026-04-07,Allaria,Pases Colocadores,ARS,1292639.1503410905,0.0,1392.4999119244,LIQUIDEZ
2026-04-07,Allaria,Pases Colocadores,ARS,1508079.0898635336,0.0,1392.4999119244,LIQUIDEZ
2026-04-08,Allaria,Pases Colocadores,ARS,1441441.0792793157,0.0,1387.5000398906,LIQUIDEZ
2026-04-09,Allaria,Pases Colocadores,ARS,1303403.4001086205,0.0,1380.999926807,LIQUIDEZ
2026-04-13,Grit Capital Group,Pases Colocadores,ARS,1550962.477222924,0.0,1354.0000682416,LIQUIDEZ
2026-04-14,Grit Capital Group,Pases Colocadores,ARS,1392961.8205865126,0.0,1364.0000556512,LIQUIDEZ
2026-04-15,Grit Capital Group,Pases Colocadores,ARS,1324503.360000002,0.0,1358.9999499888,LIQUIDEZ
2026-04-16,Grit Capital Group,Pases Colocadores,ARS,2082212.6648454173,0.0,1358.000046172,LIQUIDEZ
2026-04-16,Grit Capital Group,Pases Colocadores,ARS,1010570.7553313159,0.0,1358.000046172,LIQUIDEZ
2026-04-17,Grit Capital Group,Pases Colocadores,ARS,1392452.125657766,0.0,1364.4999680707,LIQUIDEZ
2026-04-20,Allaria,Pases Colocadores,ARS,2904865.6001888174,0.0,1377.0000236844,LIQUIDEZ
2026-04-21,Allaria,Pases Colocadores,ARS,2835332.7600145484,0.0,1375.4999254479,LIQUIDEZ
2026-04-23,Allaria,Pases Colocadores,ARS,2658045.985862069,0.0,1392.0000089088,LIQUIDEZ
2026-04-24,Allaria,Pases Colocadores,ARS,2858163.5995569336,0.0,1399.5000146248,LIQUIDEZ
2026-04-29,Allaria,Pases Colocadores,ARS,3837585.125999943,0.0,1391.500077437,LIQUIDEZ
2026-04-30,Allaria,Pases Colocadores,ARS,3450755.0397555814,0.0,1390.9999244687,LIQUIDEZ
2026-05-04,Allaria,Pases Colocadores,ARS,3208556.249978556,0.0,1402.4999561719,LIQUIDEZ
2026-05-05,Allaria,Pases Colocadores,ARS,3230437.9496625992,0.0,1392.9999800801,LIQUIDEZ
2026-05-07,Allaria,Pases Colocadores,ARS,2650429.879899716,0.0,1395.9999575616,LIQUIDEZ
2026-05-08,Allaria,Pases Colocadores,ARS,2832618.0959713897,0.0,1397.9999653296,LIQUIDEZ
2026-05-11,Allaria,Pases Colocadores,ARS,3018325.3799209036,0.0,1391.500077437,LIQUIDEZ
2026-05-13,Allaria,Pases Colocadores,ARS,2442528.7196623567,0.0,1392.0000089088,LIQUIDEZ
2026-05-14,Allaria,Pases Colocadores,ARS,2516175.5493889363,0.0,1390.9999244687,LIQUIDEZ
2026-05-15,Allaria,Pases Colocadores,ARS,2868411.5997704756,0.0,1394.5000082973,LIQUIDEZ
2026-05-18,Allaria,Pases Colocadores,ARS,2576950.560035792,0.0,1397.0000262636,LIQUIDEZ
2026-05-19,Allaria,Pases Colocadores,ARS,2646638.28738198,0.0,1397.9999653296,LIQUIDEZ
2026-05-21,Allaria,Pases Colocadores,ARS,2806764.8701654854,0.0,1389.5000759362,LIQUIDEZ
2026-05-22,Allaria,Pases Colocadores,ARS,2922309.440185321,0.0,1402.9999506144,LIQUIDEZ
2026-05-27,Allaria,Pases Colocadores,ARS,2831858.399971581,0.0,1412.5000035313,LIQUIDEZ
2026-05-29,Allaria,Pases Colocadores,ARS,3196022.8499289816,0.0,1407.9999459328,LIQUIDEZ
2026-06-01,Allaria,Pases Colocadores,ARS,3436185.2703576493,0.0,1425.9999432452,LIQUIDEZ
2026-06-04,Allaria,Pases Colocadores,ARS,4176818.2830491005,0.0,1436.5000882011,LIQUIDEZ
2026-06-08,Allaria,Pases Colocadores,ARS,3180090.318845554,0.0,1446.4999691172,LIQUIDEZ
2026-06-11,Allaria,Pases Colocadores,ARS,3280977.4098115778,0.0,1432.4999573831,LIQUIDEZ
2025-04-01,WIN Securities,Cauciones Colocadoras,ARS,187417.1002751302,4.137706149920908,1072.5000372694,PERF
2025-07-31,WIN Securities,Cauciones Colocadoras,ARS,349585.134660001,3.8564845156200107,1374.000071448,PERF
2025-08-11,WIN Securities,Cauciones Colocadoras,ARS,12859.304900000052,0.14192134031400058,1321.9999161852,PERF
2025-08-20,WIN Securities,Cauciones Colocadoras,ARS,19984.627000000004,0.22053804534000004,1301.0000136605,PERF
2025-08-22,Aldazabal,Cauciones Colocadoras,ARS,807542.381489055,0.0,1320.9999494057,PERF
2025-08-25,Aldazabal,Cauciones Colocadoras,ARS,441171.0776000001,0.0,1361.9999825664,PERF
2025-08-29,Puente Hnos,Cauciones Colocadoras,ARS,1251862.9200000009,41.537586648360026,1341.999969134,PERF
2025-09-03,WIN Securities,Cauciones Colocadoras,ARS,1505143.364150005,16.611036964718053,1360.9999211981,PERF
2025-10-15,WIN Securities,Cauciones Colocadoras,ARS,85507.24860000006,0.9453550970430006,1379.99996412,PERF
2025-10-29,Cohen,Cauciones Colocadoras,ARS,193662.94428000035,2.136803528860004,1436.0000620352,PERF
2025-12-12,Puente Hnos,Cauciones Colocadoras,ARS,487881.52785295073,16.160096548750023,1441.0000540375,PERF
2025-12-30,WIN Securities,Cauciones Colocadoras,ARS,579037.7810000007,19.286013089980024,1455.00004947,PERF
2026-01-02,WIN Securities,Cauciones Colocadoras,ARS,901152.5401199999,29.918067721815,1475.0000036875,PERF
2026-01-05,WIN Securities,Cauciones Colocadoras,ARS,166346.93661300003,1.8350612006340001,1470.00001911,PERF
2025-03-26,WIN Securities,Cauciones Colocadoras,ARS,105484.2456999994,1.1636685929619934,1071.2500170061,GESTII
2025-03-27,WIN Securities,Cauciones Colocadoras,ARS,93348.88999999948,1.029694266033994,1071.2500170061,GESTII
2025-03-28,WIN Securities,Cauciones Colocadoras,ARS,93370.68000000004,3.094276323996001,1071.0000184212,GESTII
2025-03-31,TPCG,Cauciones Colocadoras,ARS,126065.69381999584,1.3905800745359542,1073.24995326,GESTII
2025-05-13,WIN Securities,Cauciones Colocadoras,ARS,133274.1,1.46995112842,1125.5000033765,GESTII
2025-05-22,WIN Securities,Cauciones Colocadoras,ARS,125055.04059999726,1.3793042576599697,1135.5000111847,GESTII
2025-05-23,WIN Securities,Cauciones Colocadoras,ARS,128187.03096,4.247234218368,1133.5000031738,GESTII
2025-05-27,WIN Securities,Cauciones Colocadoras,ARS,104935.06908000016,1.1574113011290017,1154.9999543775,GESTII
2025-06-17,WIN Securities,Cauciones Colocadoras,ARS,86551.72760000013,0.9549655554400015,1159.9999536,GESTII
2025-06-18,WIN Securities,Cauciones Colocadoras,ARS,218914.1750000005,2.414921073528006,1142.0000555012,GESTII
2025-06-19,WIN Securities,Cauciones Colocadoras,ARS,123905.42305000029,5.4789664587660125,1142.0000555012,GESTII
2025-06-23,WIN Securities,Cauciones Colocadoras,ARS,414175.9350000007,4.568949803040008,1170.999951989,GESTII
2025-06-24,WIN Securities,Cauciones Colocadoras,ARS,542102.9978699896,5.980135955786886,1174.5000534985,GESTII
2025-08-11,WIN Securities,Cauciones Colocadoras,ARS,5295.007900000021,0.05843419432500024,1321.9999161852,GESTII
2025-09-03,WIN Securities,Cauciones Colocadoras,ARS,259588.55287000086,2.8647466757880093,1360.9999211981,GESTII
2025-09-19,WIN Securities,Cauciones Colocadoras,ARS,196168.83330000538,6.5046682935601785,1474.7500667324,GESTII
2025-09-25,Puente Hnos,Cauciones Colocadoras,ARS,220811.53122000076,2.4355124832960087,1336.9999219192,GESTII
2025-12-12,WIN Securities,Cauciones Colocadoras,ARS,13879.25000000002,0.4597223977500007,1441.0000540375,GESTII
2026-01-02,WIN Securities,Cauciones Colocadoras,ARS,45423.7287,1.50786440301,1475.0000036875,GESTII
2026-01-06,WIN Securities,Cauciones Colocadoras,ARS,59284.49699999799,0.6542350887899778,1467.5000110063,GESTII
2026-01-07,WIN Securities,Cauciones Colocadoras,ARS,59589.04050000001,0.6576986235600001,1460.0000146,GESTII
2026-01-13,WIN Securities,Cauciones Colocadoras,ARS,25875.08586,0.285525052218,1456.9999962118,GESTII
2026-02-12,WIN Securities,Cauciones Colocadoras,ARS,30107.52780000003,0.3321290423880003,1394.9999574525,GESTII
2026-03-12,WIN Securities,Cauciones Colocadoras,ARS,57368.23199999898,0.6326998886699887,1394.5000082973,GESTII
2026-03-16,WIN Securities,Cauciones Colocadoras,ARS,98567.33824000008,1.087055906972001,1395.9999575616,GESTII
2026-04-14,WIN Securities,Cauciones Colocadoras,ARS,19941.348160000034,0.2199266772440004,1364.0000556512,GESTII
2026-06-10,WIN Securities,Cauciones Colocadoras,ARS,181500.87800000331,2.0017103562350367,1432.4999573831,GESTII
2025-03-13,WIN Securities,Cauciones Colocadoras,ARS,440797.2079999804,196.61750084175125,1066.2499477538,RCAP
2025-03-31,WIN Securities,Cauciones Colocadoras,ARS,628185.4454799793,6.929597320185771,1073.24995326,RCAP
2025-04-01,WIN Securities,Cauciones Colocadoras,ARS,632913.7309199859,13.972223290688689,1072.5000372694,RCAP
2025-04-03,WIN Securities,Cauciones Colocadoras,ARS,611217.1211999858,6.742396943639844,1074.2500123539,RCAP
2025-04-04,WIN Securities,Cauciones Colocadoras,ARS,158287.84847280016,5.246064440460005,1073.4999662921,RCAP
2025-04-08,WIN Securities,Cauciones Colocadoras,ARS,726005.1040000002,8.008542780960003,1075.750012909,RCAP
2025-04-16,WIN Securities,Cauciones Colocadoras,ARS,1210844.4595800003,67.00774305981902,1124.9999859375,RCAP
2025-04-22,WIN Securities,Cauciones Colocadoras,ARS,1746376.8088000002,19.262608664832,1104.0000017664,RCAP
2025-04-29,WIN Securities,Cauciones Colocadoras,ARS,1517.4669550658998,0.016729613759,1164.9999982525,RCAP
2025-04-30,WIN Securities,Cauciones Colocadoras,ARS,8045.251631526541,0.44482908340500127,1169.99993799,RCAP
2025-05-05,WIN Securities,Cauciones Colocadoras,ARS,8323.991225373682,0.09181666299400014,1200.000048,RCAP
2025-05-06,Invertir en Bolsa (IEB),Cauciones Colocadoras,ARS,226130.64300000048,2.4934253474350054,1194.0000542076,RCAP
2025-05-06,WIN Securities,Cauciones Colocadoras,ARS,6084.679866134094,0.06711892492600013,1194.0000542076,RCAP
2025-05-07,WIN Securities,Cauciones Colocadoras,ARS,6953.445609938101,0.07669039014000002,1124.0000193328,RCAP
2025-05-07,Invertir en Bolsa (IEB),Cauciones Colocadoras,ARS,1903914.5580000004,20.993531667381003,1124.0000193328,RCAP
2025-05-08,Invertir en Bolsa (IEB),Cauciones Colocadoras,ARS,2089048.5479200026,23.03466867898203,1113.9999605644,RCAP
2025-05-08,WIN Securities,Cauciones Colocadoras,ARS,39736.18711581722,0.43829444998600053,1113.9999605644,RCAP
2025-05-09,WIN Securities,Cauciones Colocadoras,ARS,32863.1068821513,1.088794026279,1135.9999872768,RCAP
2025-05-12,WIN Securities,Cauciones Colocadoras,ARS,27059.92712495288,0.29846019310800087,1129.99993898,RCAP
2025-05-13,Invertir en Bolsa (IEB),Cauciones Colocadoras,ARS,2132385.6,23.68305634832,1125.5000033765,RCAP
2025-05-14,Invertir en Bolsa (IEB),Cauciones Colocadoras,ARS,1943462.8400000017,21.429672510558017,1132.0000335072,RCAP
2025-05-15,Invertir en Bolsa (IEB),Cauciones Colocadoras,ARS,1923110.672100001,21.20552670639401,1138.0000286776,RCAP
2025-05-15,WIN Securities,Cauciones Colocadoras,ARS,26919.590279447064,0.29691563399400017,1138.0000286776,RCAP
2025-05-16,Invertir en Bolsa (IEB),Cauciones Colocadoras,ARS,175131.3400000004,5.7973990177210135,1142.0000555012,RCAP
2025-05-19,Invertir en Bolsa (IEB),Cauciones Colocadoras,ARS,175284.84000000003,1.9327782882600004,1140.9999860798,RCAP
2025-05-19,WIN Securities,Cauciones Colocadoras,ARS,26918.18790947113,0.296914990476,1140.9999860798,RCAP
2025-05-20,Invertir en Bolsa (IEB),Cauciones Colocadoras,ARS,61242.34200000011,0.6752843096100013,1143.0000505206,RCAP
2025-05-21,Invertir en Bolsa (IEB),Cauciones Colocadoras,ARS,43668.12000000012,0.48150215836800137,1145.00005954,RCAP
2025-05-21,WIN Securities,Cauciones Colocadoras,ARS,26858.005590283276,0.2962445260800008,1145.00005954,RCAP
2025-05-22,WIN Securities,Cauciones Colocadoras,ARS,27099.751384321804,0.29890796711299344,1135.5000111847,RCAP
2025-05-23,WIN Securities,Cauciones Colocadoras,ARS,27164.747458124853,0.900026464176,1133.5000031738,RCAP
2025-05-26,WIN Securities,Cauciones Colocadoras,ARS,27216.271648540802,0.30020291049599995,1133.5000031738,RCAP
2025-05-27,WIN Securities,Cauciones Colocadoras,ARS,26726.625012411645,0.2947878904320005,1154.9999543775,RCAP
2025-05-28,WIN Securities,Cauciones Colocadoras,ARS,26628.365720307043,0.29370690830000046,1159.9999536,RCAP
2025-05-29,WIN Securities,Cauciones Colocadoras,ARS,26127.382700391485,0.28819102690500054,1183.0000526435,RCAP
2025-05-30,WIN Securities,Cauciones Colocadoras,ARS,26034.816048740464,0.8629460851440022,1188.0000589248,RCAP
2025-06-02,WIN Securities,Cauciones Colocadoras,ARS,26283.639762697283,0.28991946712399413,1179.4999604278,RCAP
2025-06-03,WIN Securities,Cauciones Colocadoras,ARS,26201.7113163396,0.289011826174,1183.9999924224,RCAP
2025-06-05,WIN Securities,Cauciones Colocadoras,ARS,26081.98269138405,0.2876994250900005,1190.9999468814,RCAP
2025-07-25,WIN Securities,Cauciones Colocadoras,ARS,3945.3125,0.130859375,1280.0,RCAP
2025-10-31,Option Securities,Cauciones Colocadoras,ARS,740484.4050000008,87.2729106584401,1445.0000469625,RCAP
2025-11-19,WIN Securities,Cauciones Colocadoras,ARS,64699.60770000117,0.7135513547670129,1406.5000273564,RCAP
2026-01-02,WIN Securities,Cauciones Colocadoras,ARS,48135.5931,1.5978915214289997,1475.0000036875,RCAP
2026-01-29,WIN Securities,Cauciones Colocadoras,ARS,27352.026261000537,0.3016614893250059,1444.4999292917,RCAP
2026-01-30,WIN Securities,Cauciones Colocadoras,ARS,262066.34285,8.688756003549999,1447.000007235,RCAP
2026-02-02,WIN Securities,Cauciones Colocadoras,ARS,158180.5706480002,1.7453687721470024,1450.9999493601,RCAP
2026-02-23,WIN Securities,Cauciones Colocadoras,ARS,199197.37110000366,2.1978474775050407,1370.5000145958,RCAP
2026-03-09,WIN Securities,Cauciones Colocadoras,ARS,440466.1083900001,4.857916740507002,1415.9999784768,RCAP
2026-03-10,WIN Securities,Cauciones Colocadoras,ARS,455857.1337400002,5.027635613733002,1400.000028,RCAP
2026-03-11,WIN Securities,Cauciones Colocadoras,ARS,205866.7684360002,2.270451358420002,1395.9999575616,RCAP
2026-03-12,WIN Securities,Cauciones Colocadoras,ARS,1219074.9299999783,13.44534950766576,1394.5000082973,RCAP
2026-04-01,WIN Securities,Cauciones Colocadoras,ARS,257532.2759000001,14.237725675139005,1394.0000287164,RCAP
2026-04-17,WIN Securities,Cauciones Colocadoras,ARS,159545.62484000006,5.284448639596002,1364.4999680707,RCAP
2026-05-06,WIN Securities,Cauciones Colocadoras,ARS,482204.61423,5.317773811377,1387.9999905616,RCAP
2026-07-01,WIN Securities,Cauciones Colocadoras,ARS,530960.3980200009,5.85481555409401,1488.9999385043,RCAP
2026-07-31,WIN Securities,Cauciones Colocadoras,ARS,372719.72718034167,12.35085570671402,1484.9999413425,RCAP
2025-11-03,WIN Securities,Cauciones Colocadoras,ARS,2894905.3929500068,31.930214379004074,1482.0000717288,RETORNO TOTAL
2025-11-07,Option Securities,Cauciones Colocadoras,ARS,752438.1828600005,15.55267179801401,1414.999961795,RETORNO TOTAL
2025-12-26,WIN Securities,Cauciones Colocadoras,ARS,342168.6953999895,11.344358689775651,1452.4999121238,RETORNO TOTAL
2026-01-27,WIN Securities,Cauciones Colocadoras,ARS,185996.53346999676,2.0512304990099643,1442.5000025244,RETORNO TOTAL
2026-03-19,Allaria,Pases Colocadores,ARS,1147364.6404804385,0.0,1394.5000082973,LIQUIDEZ
2026-03-20,Allaria,Pases Colocadores,ARS,1078748.700007155,0.0,1390.4999375666,LIQUIDEZ
2026-03-26,Allaria,Pases Colocadores,ARS,1242690.1396052684,0.0,1367.9999102592,LIQUIDEZ
2026-03-30,Allaria,Pases Colocadores,ARS,1287553.679821174,0.0,1397.9999653296,LIQUIDEZ
2026-03-30,Allaria,Pases Colocadores,ARS,1430615.200193134,0.0,1397.9999653296,LIQUIDEZ
2026-04-09,Allaria,Pases Colocadores,ARS,1520637.2996234654,0.0,1380.999926807,LIQUIDEZ
2026-04-10,Allaria,Pases Colocadores,ARS,1386861.2729927013,0.0,1370.0000137,LIQUIDEZ
2026-04-10,Allaria,Pases Colocadores,ARS,1313868.599912409,0.0,1370.0000137,LIQUIDEZ
2026-04-13,Grit Capital Group,Pases Colocadores,ARS,1403249.6268389956,0.0,1354.0000682416,LIQUIDEZ
2026-04-14,Allaria,Pases Colocadores,ARS,1246334.7013489576,0.0,1364.0000556512,LIQUIDEZ
2026-04-15,Allaria,Pases Colocadores,ARS,1766004.4801986779,0.0,1358.9999499888,LIQUIDEZ
2026-04-17,Allaria,Pases Colocadores,ARS,1539025.7817075967,0.0,1364.4999680707,LIQUIDEZ
2026-04-28,Allaria,Pases Colocadores,ARS,2634389.6401495314,0.0,1404.4999053367,LIQUIDEZ
2026-05-06,Allaria,Pases Colocadores,ARS,3097982.7287175795,0.0,1387.9999905616,LIQUIDEZ
2026-05-12,Allaria,Pases Colocadores,ARS,2528901.9003034793,0.0,1383.9999092096,LIQUIDEZ
2026-05-20,Allaria,Pases Colocadores,ARS,2505368.6004581256,0.0,1397.0000262636,LIQUIDEZ
2026-05-26,Allaria,Pases Colocadores,ARS,3400637.7596527375,0.0,1411.4999417051,LIQUIDEZ
2026-05-28,Allaria,Pases Colocadores,ARS,2836879.5999219953,0.0,1409.99991681,LIQUIDEZ
2026-06-02,Allaria,Pases Colocadores,ARS,3994393.559586564,0.0,1427.0000976068,LIQUIDEZ
2026-06-05,Allaria,Pases Colocadores,ARS,4095800.2992223497,0.0,1440.5000033132,LIQUIDEZ
2026-06-10,Allaria,Pases Colocadores,ARS,3211169.301815065,0.0,1432.4999573831,LIQUIDEZ
2026-06-24,Allaria,Pases Colocadores,ARS,3448275.7488235333,0.0,1479.0000480675,LIQUIDEZ
2026-06-29,Allaria,Pases Colocadores,ARS,3239959.6811879952,0.0,1481.4999179249,LIQUIDEZ
2026-06-12,Allaria,Pases Colocadores,ARS,3333333.2451876765,0.0,1428.0000245616,LIQUIDEZ
2026-06-16,Allaria,Pases Colocadores,ARS,3271841.0789558077,0.0,1436.5000882011,LIQUIDEZ
2026-06-18,Allaria,Pases Colocadores,ARS,3239145.372866987,0.0,1450.9999493601,LIQUIDEZ
2026-06-19,Allaria,Pases Colocadores,ARS,3032391.620647835,0.0,1450.9999493601,LIQUIDEZ
2026-06-22,Allaria,Pases Colocadores,ARS,3147451.1011836682,0.0,1461.5000690559,LIQUIDEZ
2026-06-23,Allaria,Pases Colocadores,ARS,3465851.6995957396,0.0,1471.4999160509,LIQUIDEZ
2026-06-25,Allaria,Pases Colocadores,ARS,3182126.069959383,0.0,1476.9999354551,LIQUIDEZ
2026-06-26,Allaria,Pases Colocadores,ARS,3520650.1191604673,0.0,1476.9999354551,LIQUIDEZ
2026-06-30,Allaria,Pases Colocadores,ARS,3036437.100330641,0.0,1482.0000717288,LIQUIDEZ
2026-07-01,Allaria,Pases Colocadores,ARS,3089321.8198858346,0.0,1488.9999385043,LIQUIDEZ
2026-07-03,Allaria,Pases Colocadores,ARS,3090359.5796371745,0.0,1488.4999240121,LIQUIDEZ
2026-07-06,Allaria,Pases Colocadores,ARS,3027245.3998318324,0.0,1486.4999051613,LIQUIDEZ
2026-07-07,Allaria,Pases Colocadores,ARS,3284182.3705965164,0.0,1491.9999707568,LIQUIDEZ
2026-07-08,Allaria,Pases Colocadores,ARS,3360215.0001344094,0.0,1488.000023808,LIQUIDEZ
2026-07-13,Allaria,Pases Colocadores,ARS,3306342.620242922,0.0,1482.0000717288,LIQUIDEZ
2026-07-15,Allaria,Pases Colocadores,ARS,3390980.000169549,0.0,1474.499997051,LIQUIDEZ
2026-07-16,Allaria,Pases Colocadores,ARS,3387534.0002506822,0.0,1475.9999456832,LIQUIDEZ
2026-07-21,Allaria,Pases Colocadores,ARS,4060913.999966043,0.0,1477.4998928813,LIQUIDEZ
2026-07-22,Allaria,Pases Colocadores,ARS,3371543.9999528066,0.0,1483.0000735568,LIQUIDEZ
2026-07-27,Allaria,Pases Colocadores,ARS,3607214.5794522446,0.0,1496.9999372757,LIQUIDEZ
2026-07-28,Allaria,Pases Colocadores,ARS,3471294.839919907,0.0,1498.0000949732,LIQUIDEZ
2026-07-29,Allaria,Pases Colocadores,ARS,3475935.840367647,0.0,1495.9999952128,LIQUIDEZ
2026-07-30,Allaria,Pases Colocadores,ARS,3293010.7005779576,0.0,1488.000023808,LIQUIDEZ
2025-12-03,Aldazabal,Pases Colocadores,ARS,688231.199800416,20.65070750697609,1453.0000964792,LIQUIDEZ
2025-01-13,WIN Securities,Cauciones Colocadoras,ARS,5579.60579999974,0.06156806399999713,1039.4999589398,EST
2025-01-17,WIN Securities,Cauciones Colocadoras,ARS,8929.428480000006,0.2959961518080002,1041.5000266624,EST
2025-04-14,WIN Securities,Cauciones Colocadoras,ARS,41841.00500000002,0.4616903855720002,1194.9999766975,EST
2025-09-29,WIN Securities,Cauciones Colocadoras,ARS,55147.05750000003,0.6082573383430003,1360.00003264,EST
2025-10-07,WIN Securities,Cauciones Colocadoras,ARS,18224.554155599682,0.20105631467299653,1429.4999909227,EST
2025-11-07,Option Securities,Cauciones Colocadoras,ARS,35335.690000000024,4.161130854400003,1414.999961795,EST
2025-11-10,WIN Securities,Cauciones Colocadoras,ARS,7039.775000000134,0.07764167847500149,1420.4999449556,EST
2025-11-11,WIN Securities,Cauciones Colocadoras,ARS,7743.752500000148,0.08539951052500162,1420.4999449556,EST
2025-11-13,WIN Securities,Cauciones Colocadoras,ARS,14224.752000000062,0.1568847898080007,1405.9999077664,EST
2025-11-19,WIN Securities,Cauciones Colocadoras,ARS,51190.89840000092,0.5645716207290102,1406.5000273564,EST
2025-11-20,WIN Securities,Cauciones Colocadoras,ARS,42105.26400000002,2.326870221976001,1424.9999715,EST
2025-11-25,WIN Securities,Cauciones Colocadoras,ARS,41450.77800000073,0.45713990517300807,1447.4999721356,EST
2025-11-26,WIN Securities,Cauciones Colocadoras,ARS,48159.614999999176,0.531159273779991,1453.4999916424,EST
2025-11-27,WIN Securities,Cauciones Colocadoras,ARS,196078.43249999665,2.162504312399963,1453.4999916424,EST
2025-12-16,WIN Securities,Cauciones Colocadoras,ARS,13783.598000000018,0.1520193023420002,1450.9999493601,EST
2026-01-02,WIN Securities,Cauciones Colocadoras,ARS,32542.372799999997,1.080264404079,1475.0000036875,EST
2026-01-06,WIN Securities,Cauciones Colocadoras,ARS,109028.9599999963,1.203148202219959,1467.5000110063,EST
2026-01-07,WIN Securities,Cauciones Colocadoras,ARS,30136.986000000004,0.33262328434500005,1460.0000146,EST
2026-02-12,WIN Securities,Cauciones Colocadoras,ARS,71684.59000000007,0.7907813861260008,1394.9999574525,EST
2026-03-16,WIN Securities,Cauciones Colocadoras,ARS,64469.916000000056,0.7110243769160006,1395.9999575616,EST
2026-03-30,WIN Securities,Cauciones Colocadoras,ARS,50071.532000000036,0.5522389264280003,1397.9999653296,EST
2026-04-13,WIN Securities,Cauciones Colocadoras,ARS,110782.86000000028,1.221846319512003,1354.0000682416,EST
2026-04-17,WIN Securities,Cauciones Colocadoras,ARS,33272.26168000002,1.1020813742680005,1364.4999680707,EST
2026-06-18,WIN Securities,Cauciones Colocadoras,ARS,344589.9500000004,3.800310263575005,1450.9999493601,EST
2025-01-02,WIN Securities,Cauciones Colocadoras,ARS,3338.8505257220204,0.03684924681900098,1031.5000517297,VAL
2025-01-03,WIN Securities,Cauciones Colocadoras,ARS,545.0704005743436,0.018072639179999128,1032.5000025813,VAL
2025-01-07,WIN Securities,Cauciones Colocadoras,ARS,1671.015605542503,0.01843553752999915,1035.5000481508,VAL
2025-01-10,WIN Securities,Cauciones Colocadoras,ARS,428.549393505141,0.014204436546000034,1036.9999508462,VAL
2025-01-14,WIN Securities,Cauciones Colocadoras,ARS,2788.4616500000047,0.030759616615000047,1039.9999584,VAL
2025-01-20,WIN Securities,Cauciones Colocadoras,ARS,2003.0735733012493,0.022093134336000016,1041.5000266624,VAL
2025-01-21,WIN Securities,Cauciones Colocadoras,ARS,2249.2030823460595,0.02481375260400004,1047.0000412518,VAL
2025-01-23,WIN Securities,Cauciones Colocadoras,ARS,3094.5064110277367,0.034135624252000056,1047.0000412518,VAL
2025-01-27,WIN Securities,Cauciones Colocadoras,ARS,1488.8459624382429,0.016426870228000396,1049.4999814763,VAL
2025-01-28,WIN Securities,Cauciones Colocadoras,ARS,1759.0536508987914,0.019409805802999586,1050.4999486831,VAL
2025-01-29,WIN Securities,Cauciones Colocadoras,ARS,2456.9436013522236,0.027113645773000714,1051.5000542048,VAL
2025-02-03,WIN Securities,Cauciones Colocadoras,ARS,652.3765434532376,0.007202847003000128,1053.7499959167,VAL
2025-02-04,WIN Securities,Cauciones Colocadoras,ARS,1112.6434017017857,0.012270462681000217,1053.7499959167,VAL
2025-02-05,WIN Securities,Cauciones Colocadoras,ARS,999.3289337838199,0.011024667891999998,1054.0000037944,VAL
2025-02-06,WIN Securities,Cauciones Colocadoras,ARS,1080.653563472076,0.011916508495999999,1054.0000037944,VAL
2025-02-07,WIN Securities,Cauciones Colocadoras,ARS,747.7701217553401,0.02477456108999941,1053.499995628,VAL
2025-02-11,WIN Securities,Cauciones Colocadoras,ARS,1162.3341518565685,0.012825005405999793,1055.7500423092,VAL
2025-02-12,WIN Securities,Cauciones Colocadoras,ARS,898.0470418390414,0.009912426432000016,1056.24995775,VAL
2025-02-12,Invertir en Bolsa (IEB),Cauciones Colocadoras,ARS,45443.788800000075,0.5011692508160008,1056.24995775,VAL
2025-02-13,WIN Securities,Cauciones Colocadoras,ARS,772.9357566613121,0.008526141376000001,1056.7500118356,VAL
2025-02-14,WIN Securities,Cauciones Colocadoras,ARS,635.875551277226,0.021079545522000004,1055.9999966208,VAL
2025-02-18,WIN Securities,Cauciones Colocadoras,ARS,830.4053994165375,0.00915662654700027,1058.2499952643,VAL
2025-02-19,WIN Securities,Cauciones Colocadoras,ARS,843.5337815892321,0.009305621035000222,1058.5000144485,VAL
2025-02-21,WIN Securities,Cauciones Colocadoras,ARS,649.7513239224163,0.02153482800000054,1058.7500397031,VAL
2025-02-24,WIN Securities,Cauciones Colocadoras,ARS,319.04823131895546,0.003518038274000126,1060.2499772576,VAL
2025-02-25,WIN Securities,Cauciones Colocadoras,ARS,136.7214466353338,0.0015181517539999312,1060.5000427382,VAL
2025-02-27,WIN Securities,Cauciones Colocadoras,ARS,11.85610548948621,0.00012243936900000217,1061.749999708,VAL
2025-03-05,WIN Securities,Cauciones Colocadoras,ARS,631.4385114087899,0.0069675600150001646,1063.4999890991,VAL
2025-03-10,WIN Securities,Cauciones Colocadoras,ARS,924.2264650365427,0.010199390567999542,1065.7499511887,VAL
2025-03-11,WIN Securities,Cauciones Colocadoras,ARS,295.8194232833931,0.003266072219999924,1065.5000151834,VAL
2025-03-14,WIN Securities,Cauciones Colocadoras,ARS,953.3501616027418,0.031596719015998594,1066.2499477538,VAL
2025-03-17,WIN Securities,Cauciones Colocadoras,ARS,2431.892813095681,0.02682275763200001,1067.7500200737,VAL
2025-03-18,WIN Securities,Cauciones Colocadoras,ARS,2755.1192206587843,0.030383895520000006,1067.9999863296,VAL
2025-03-19,WIN Securities,Cauciones Colocadoras,ARS,19563.14568834323,0.215799814053,1068.9999943343,VAL
2025-03-20,WIN Securities,Cauciones Colocadoras,ARS,12464.567923873246,0.137492984826,1068.9999943343,VAL
2025-03-21,WIN Securities,Cauciones Colocadoras,ARS,7812.804294299339,0.34545028700000613,1068.7500166992,VAL
2025-03-25,WIN Securities,Cauciones Colocadoras,ARS,8254.233200697592,0.09104575006800004,1071.0000184212,VAL
2025-03-26,WIN Securities,Cauciones Colocadoras,ARS,7377.266758031704,0.08137222741299954,1071.2500170061,VAL
2025-03-27,WIN Securities,Cauciones Colocadoras,ARS,4381.318072803609,0.048317385463999725,1071.2500170061,VAL
2025-03-28,WIN Securities,Cauciones Colocadoras,ARS,4525.502555214578,0.14998132328400005,1071.0000184212,VAL
2025-03-31,WIN Securities,Cauciones Colocadoras,ARS,9801.710699400846,0.10812020037599643,1073.24995326,VAL
2025-04-01,WIN Securities,Cauciones Colocadoras,ARS,13366.700822220122,0.2951048848499935,1072.5000372694,VAL
2025-04-03,WIN Securities,Cauciones Colocadoras,ARS,7662.495820654683,0.08452408559999804,1074.2500123539,VAL
2025-04-04,WIN Securities,Cauciones Colocadoras,ARS,7561.518737664572,0.25058221560000027,1073.4999662921,VAL
2025-04-07,WIN Securities,Cauciones Colocadoras,ARS,9901.83893110454,0.10923291574799748,1075.49999188,VAL
2025-04-08,WIN Securities,Cauciones Colocadoras,ARS,13262.055086033122,0.14628863408000004,1075.750012909,VAL
2025-04-09,WIN Securities,Cauciones Colocadoras,ARS,15579.547143789909,0.17185323400000022,1076.4999627531,VAL
2025-04-10,WIN Securities,Cauciones Colocadoras,ARS,16648.8250624964,0.1836545184250011,1076.7499852216,VAL
2025-04-11,WIN Securities,Cauciones Colocadoras,ARS,28470.81180278871,0.9442737466049999,1073.9999959188,VAL
2025-04-14,WIN Securities,Cauciones Colocadoras,ARS,27640.475785851206,0.30501255824900014,1194.9999766975,VAL
2025-04-15,Invertir en Bolsa (IEB),Cauciones Colocadoras,ARS,12505.210500000261,0.13792413500800288,1199.5000004198,VAL
2025-04-16,WIN Securities,Cauciones Colocadoras,ARS,34671.714700063094,1.9202844684480005,1124.9999859375,VAL
2025-04-24,WIN Securities,Cauciones Colocadoras,ARS,19148.853867985203,0.21121806873600055,1173.9999398912,VAL
2025-04-25,WIN Securities,Cauciones Colocadoras,ARS,20430.085424839668,0.6769816416990155,1169.4999557344,VAL
2025-04-29,WIN Securities,Cauciones Colocadoras,ARS,18107.976851196298,0.199725322188,1164.9999982525,VAL
2025-04-30,WIN Securities,Cauciones Colocadoras,ARS,14603.722158612658,0.8074615812570023,1169.99993799,VAL
2025-05-05,WIN Securities,Cauciones Colocadoras,ARS,15823.289292068426,0.17453332635200025,1200.000048,VAL
2025-05-06,WIN Securities,Cauciones Colocadoras,ARS,20360.935742280184,0.22457285412600045,1194.0000542076,VAL
2025-05-07,WIN Securities,Cauciones Colocadoras,ARS,20373.429364879503,0.22472419542300004,1124.0000193328,VAL
2025-05-12,WIN Securities,Cauciones Colocadoras,ARS,2750.178909571608,0.03033628482400009,1129.99993898,VAL
2025-05-13,WIN Securities,Cauciones Colocadoras,ARS,2692.721449052,0.02969346948,1125.5000033765,VAL
2025-05-15,WIN Securities,Cauciones Colocadoras,ARS,2735.948665676238,0.030175746164000018,1138.0000286776,VAL
2026-01-06,WIN Securities,Cauciones Colocadoras,ARS,190800.67999999353,2.1055263896599286,1467.5000110063,PERF
2026-02-09,Puente Hnos,Cauciones Colocadoras,ARS,838629.9562500003,9.250042513482002,1415.9999784768,PERF
2026-04-01,WIN Securities,Cauciones Colocadoras,ARS,1423959.7985000005,78.70564400276703,1394.0000287164,PERF
2026-04-06,WIN Securities,Cauciones Colocadoras,ARS,1433596.5747000005,15.811069859982004,1392.9999800801,PERF
2026-04-07,WIN Securities,Cauciones Colocadoras,ARS,1630770.9139182237,17.98642124536075,1392.4999119244,PERF
2026-04-08,WIN Securities,Cauciones Colocadoras,ARS,1647351.3039900311,18.168576054230343,1387.5000398906,PERF
2026-04-13,WIN Securities,Cauciones Colocadoras,ARS,1979359.5989108817,21.830752223216056,1354.0000682416,PERF
2026-04-14,WIN Securities,Cauciones Colocadoras,ARS,1964848.1837638128,21.670636945750037,1364.0000556512,PERF
2026-04-15,WIN Securities,Cauciones Colocadoras,ARS,1982290.3363772763,21.861994917840033,1358.9999499888,PERF
2026-04-17,WIN Securities,Cauciones Colocadoras,ARS,2010143.6578838252,66.58307227992003,1364.4999680707,PERF
2026-04-21,WIN Securities,Cauciones Colocadoras,ARS,1997431.9054254766,22.030012099152064,1375.4999254479,PERF
2026-04-22,WIN Securities,Cauciones Colocadoras,ARS,1998604.2614457754,22.042075321812,1378.0000093704,PERF
2026-04-23,WIN Securities,Cauciones Colocadoras,ARS,1978028.5548693528,21.815114802912,1392.0000089088,PERF
2026-04-24,WIN Securities,Cauciones Colocadoras,ARS,3133989.3627481475,103.80464343113816,1399.5000146248,PERF
2026-04-27,WIN Securities,Cauciones Colocadoras,ARS,3095284.5069022914,34.138235610243996,1417.0000041093,PERF
2026-04-28,WIN Securities,Cauciones Colocadoras,ARS,3116053.705928036,34.36856764218015,1404.4999053367,PERF
2026-04-30,WIN Securities,Cauciones Colocadoras,ARS,3105987.8652762766,137.30146683720938,1390.9999244687,PERF
2026-05-04,WIN Securities,Cauciones Colocadoras,ARS,3109182.815878485,34.292728344374424,1402.4999561719,PERF
2026-05-05,WIN Securities,Cauciones Colocadoras,ARS,3144056.6206958317,34.67723667678901,1392.9999800801,PERF
2026-05-06,WIN Securities,Cauciones Colocadoras,ARS,3158431.128105574,34.83162847893,1387.9999905616,PERF
2026-05-07,WIN Securities,Cauciones Colocadoras,ARS,3149728.054204455,34.73722884970803,1395.9999575616,PERF
2026-05-08,WIN Securities,Cauciones Colocadoras,ARS,3147946.172489666,104.26850759301206,1397.9999653296,PERF
2026-05-11,WIN Securities,Cauciones Colocadoras,ARS,3181656.9749349826,35.08944828083248,1391.500077437,PERF
2026-05-12,WIN Securities,Cauciones Colocadoras,ARS,3200427.746075228,35.29636792237815,1383.9999092096,PERF
2026-05-13,WIN Securities,Cauciones Colocadoras,ARS,3182794.2339404617,35.101896327072,1392.0000089088,PERF
2026-05-19,WIN Securities,Cauciones Colocadoras,ARS,3172917.8605195503,34.99306953735602,1397.9999653296,PERF
2026-05-22,WIN Securities,Cauciones Colocadoras,ARS,3160856.2538138153,139.66890726844818,1402.9999506144,PERF
2026-05-28,WIN Securities,Cauciones Colocadoras,ARS,3145164.134500854,34.68688857134912,1409.99991681,PERF
2026-07-23,WIN Securities,Cauciones Colocadoras,ARS,570181.353300001,6.288569769456011,1488.9999385043,PERF
2025-01-03,WIN Securities,Cauciones Colocadoras,ARS,509055.6887999754,16.872242088569184,1032.5000025813,RFIJA
2025-01-06,WIN Securities,Cauciones Colocadoras,ARS,475652.1862800004,5.247120909372004,1034.99997309,RFIJA
2025-01-28,WIN Securities,Cauciones Colocadoras,ARS,129366.97442999722,1.4271776042249695,1050.4999486831,RFIJA
2025-03-21,WIN Securities,Cauciones Colocadoras,ARS,120701.75250000216,5.336954302575095,1068.7500166992,RFIJA
2025-03-25,WIN Securities,Cauciones Colocadoras,ARS,115686.27252000004,1.2760970835600005,1071.0000184212,RFIJA
2025-03-26,WIN Securities,Cauciones Colocadoras,ARS,116686.11249999935,1.2872811930999928,1071.2500170061,RFIJA
2025-03-27,WIN Securities,Cauciones Colocadoras,ARS,116312.71693999934,1.282977809270993,1071.2500170061,RFIJA
2025-03-28,WIN Securities,Cauciones Colocadoras,ARS,116713.35000000005,3.867861744864001,1071.0000184212,RFIJA
2025-04-01,WIN Securities,Cauciones Colocadoras,ARS,116550.11249999741,2.573006903594943,1072.5000372694,RFIJA
2025-04-09,WIN Securities,Cauciones Colocadoras,ARS,112029.72984000015,1.2359870376560016,1076.4999627531,RFIJA
2025-04-10,WIN Securities,Cauciones Colocadoras,ARS,112746.69298000069,1.2439935160290077,1076.7499852216,RFIJA
2025-04-11,WIN Securities,Cauciones Colocadoras,ARS,112756.05256999999,3.740465563562,1073.9999959188,RFIJA
2025-04-15,WIN Securities,Cauciones Colocadoras,ARS,100875.3647000021,1.1130804497980233,1199.5000004198,RFIJA
2025-04-16,WIN Securities,Cauciones Colocadoras,ARS,107466.66801000001,5.945520074319001,1124.9999859375,RFIJA
2025-04-21,WIN Securities,Cauciones Colocadoras,ARS,110603.29280000004,1.2199634603520004,1093.9999789952,RFIJA
2025-04-23,WIN Securities,Cauciones Colocadoras,ARS,105000.00420000017,1.1581379773600018,1159.9999536,RFIJA
2025-04-24,WIN Securities,Cauciones Colocadoras,ARS,113713.80480000029,1.254335668992003,1173.9999398912,RFIJA
2025-06-10,WIN Securities,Cauciones Colocadoras,ARS,50483.80200000109,0.556895233829012,1188.5000262064,RFIJA
2025-06-11,WIN Securities,Cauciones Colocadoras,ARS,59221.65900000001,0.6534179444580002,1181.9999841612,RFIJA
2025-06-12,WIN Securities,Cauciones Colocadoras,ARS,50379.74943000013,0.5558143746160014,1184.9999389725,RFIJA
2025-06-24,WIN Securities,Cauciones Colocadoras,ARS,300979.1263499942,3.3204085333019364,1174.5000534985,RFIJA
2025-06-25,WIN Securities,Cauciones Colocadoras,ARS,296684.8436999877,3.272798912027864,1191.5000294301,RFIJA
2025-06-27,WIN Securities,Cauciones Colocadoras,ARS,296131.20509,9.81589579019,1188.9999903691,RFIJA
2025-06-30,WIN Securities,Cauciones Colocadoras,ARS,276265.55395000015,3.0474854086100014,1205.0000271125,RFIJA
2025-07-01,WIN Securities,Cauciones Colocadoras,ARS,433715.21800000005,4.7840916204960005,1222.0000083096,RFIJA
2025-07-02,WIN Securities,Cauciones Colocadoras,ARS,368617.8725400005,4.065674646318005,1230.00004551,RFIJA
2025-07-04,WIN Securities,Cauciones Colocadoras,ARS,280341.19127000007,9.288180514875004,1230.9999769803,RFIJA
2025-07-07,WIN Securities,Cauciones Colocadoras,ARS,273259.47968000075,3.0140663013760083,1264.0000647168,RFIJA
2025-07-10,WIN Securities,Cauciones Colocadoras,ARS,271792.811970001,2.9977049949240113,1255.0000771825,RFIJA
2025-07-11,WIN Securities,Cauciones Colocadoras,ARS,270075.30897000537,8.942441597319176,1261.499991611,RFIJA
2025-07-15,WIN Securities,Cauciones Colocadoras,ARS,270873.01804000005,2.9887539921640003,1259.99998992,RFIJA
2025-07-16,WIN Securities,Cauciones Colocadoras,ARS,271292.62094000005,2.992553485254001,1261.0000184106,RFIJA
2025-07-17,WIN Securities,Cauciones Colocadoras,ARS,269230.78420000087,2.9701885481880095,1273.9999291656,RFIJA
2025-07-18,WIN Securities,Cauciones Colocadoras,ARS,180637.64150000014,5.990731128400005,1285.99996142,RFIJA
2025-07-21,WIN Securities,Cauciones Colocadoras,ARS,182588.2293600002,2.0156862090000023,1275.0000414375,RFIJA
2025-07-22,WIN Securities,Cauciones Colocadoras,ARS,273537.59755000565,3.0204615234150625,1256.5000317266,RFIJA
2025-07-23,WIN Securities,Cauciones Colocadoras,ARS,268222.47151998995,2.9601243547758886,1285.5000479492,RFIJA
2025-07-24,WIN Securities,Cauciones Colocadoras,ARS,271147.7911500002,2.991713752710002,1272.000035616,RFIJA
2025-07-25,WIN Securities,Cauciones Colocadoras,ARS,269531.25,8.93809375,1280.0,RFIJA
2025-07-28,WIN Securities,Cauciones Colocadoras,ARS,267027.03664000035,2.946077326136004,1294.99995338,RFIJA
2025-07-29,WIN Securities,Cauciones Colocadoras,ARS,268164.20046000066,2.958799233273007,1291.0000641627,RFIJA
2025-08-11,WIN Securities,Cauciones Colocadoras,ARS,92284.42340000038,1.0185401553470042,1321.9999161852,RFIJA
2025-11-11,WIN Securities,Cauciones Colocadoras,ARS,123196.06250000234,1.3587610523000258,1420.4999449556,RFIJA
2025-11-17,WIN Securities,Cauciones Colocadoras,ARS,21989.905250000047,0.24251621078500052,1387.0000644955,RFIJA
2025-11-19,WIN Securities,Cauciones Colocadoras,ARS,122289.36840000222,1.3487024266650245,1406.5000273564,RFIJA
2025-11-25,WIN Securities,Cauciones Colocadoras,ARS,45181.3480200008,0.4982936192640088,1447.4999721356,RFIJA
2025-12-12,WIN Securities,Cauciones Colocadoras,ARS,117973.62500000017,3.9076334412500056,1441.0000540375,RFIJA
2025-12-17,WIN Securities,Cauciones Colocadoras,ARS,1619.5727650000022,0.017863543008000023,1450.9999493601,RFIJA
2026-02-12,WIN Securities,Cauciones Colocadoras,ARS,179211.47500000018,1.9769462968560019,1394.9999574525,RFIJA
2026-02-13,WIN Securities,Cauciones Colocadoras,ARS,151768.48715999728,8.40175768283385,1399.5000146248,RFIJA
2026-02-18,WIN Securities,Cauciones Colocadoras,ARS,93194.84524000008,1.028531549892001,1395.9999575616,RFIJA
2026-02-19,WIN Securities,Cauciones Colocadoras,ARS,338372.928,3.7342476362880004,1389.0000088896,RFIJA
2026-02-20,WIN Securities,Cauciones Colocadoras,ARS,147965.11912000005,4.9069186988640014,1375.9999735808,RFIJA
2026-02-25,WIN Securities,Cauciones Colocadoras,ARS,268048.61250000016,2.956897854210002,1398.9999668437,RFIJA
2026-02-27,WIN Securities,Cauciones Colocadoras,ARS,272011.4480000001,9.010200260100003,1397.0000262636,RFIJA
2026-03-02,WIN Securities,Cauciones Colocadoras,ARS,268817.21250000026,2.9646810940070023,1394.9999574525,RFIJA
2026-03-05,WIN Securities,Cauciones Colocadoras,ARS,147050.4714900006,1.621897759521007,1406.9999089671,RFIJA
2026-07-27,WIN Securities,Cauciones Colocadoras,ARS,52198.86457858199,0.575684726860001,1496.9999372757,RFIJA
2025-02-27,Invertir en Bolsa (IEB),Cauciones Colocadoras,USDMEP,446000.0,1.33,1061.749999708,RDOLAR
2025-02-28,Invertir en Bolsa (IEB),Cauciones Colocadoras,USDMEP,350000.0,3.39,1062.9999687478,RDOLAR
2025-12-19,WIN Securities,Cauciones Colocadoras,USDMEP,250000.0,8.32,1449.999942,RDOLAR
2025-12-22,WIN Securities,Cauciones Colocadoras,USDMEP,250000.0,2.77,1452.0000720192,RDOLAR
2025-12-23,WIN Securities,Cauciones Colocadoras,USDMEP,250000.0,0.0,1450.9999493601,RDOLAR
2025-12-26,Zofingen,Cauciones Colocadoras,USDMEP,250000.0,0.0,1452.4999121238,RDOLAR
2025-12-30,Zofingen,Cauciones Colocadoras,USDMEP,250000.0,0.0,1455.00004947,RDOLAR
2026-01-02,Zofingen,Cauciones Colocadoras,USDMEP,252700.0,0.0,1475.0000036875,RDOLAR
2026-01-05,Zofingen,Cauciones Colocadoras,USDMEP,252750.0,0.0,1470.00001911,RDOLAR
2026-01-07,Zofingen,Cauciones Colocadoras,USDMEP,452770.0,0.0,1460.0000146,RDOLAR
2025-10-07,WIN Securities,Cauciones Colocadoras,ARS,4741425.4159071995,52.324092672236084,1429.4999909227,LIQUIDEZ
2025-10-17,WIN Securities,Cauciones Colocadoras,ARS,3448276.0000000056,138.73736417018424,1449.999942,LIQUIDEZ
2025-11-20,WIN Securities,Cauciones Colocadoras,ARS,9122807.200000005,504.1322416615923,1424.9999715,LIQUIDEZ
2025-11-27,WIN Securities,Cauciones Colocadoras,ARS,2751977.999999953,36.81957365512437,1453.4999916424,LIQUIDEZ
2025-12-26,Aldazabal,Pases Colocadores,ARS,6884681.999352628,117.1527644027124,1452.4999121238,LIQUIDEZ
2026-01-05,Aldazabal,Pases Colocadores,ARS,3401360.500061225,57.84176795554001,1470.00001911,LIQUIDEZ
2026-01-06,Aldazabal,Pases Colocadores,ARS,6132879.000429093,104.29254436260645,1467.5000110063,LIQUIDEZ
2026-01-22,Aldazabal,Pases Colocadores,ARS,1049317.9495522727,17.84550553479469,1429.4999909227,LIQUIDEZ
2026-01-29,Grit Capital Group,Pases Colocadores,ARS,1038421.6510799789,0.0,1444.4999292917,LIQUIDEZ
2026-02-04,Allaria,Pases Colocadores,ARS,1243523.339820402,0.0,1447.4999721356,LIQUIDEZ
2026-02-18,Allaria,Pases Colocadores,ARS,1361031.559706305,0.0,1395.9999575616,LIQUIDEZ
2026-02-23,Allaria,Pases Colocadores,ARS,1459321.3998030184,0.0,1370.5000145958,LIQUIDEZ
2026-03-06,WIN Securities,Cauciones Colocadoras,ARS,1553672.3400000005,62.44243738980302,1415.9999784768,LIQUIDEZ
2025-07-28,WIN Securities,Cauciones Colocadoras,USDMEP,158000.0,1.75,1294.99995338,AHDOLARES
2025-08-01,WIN Securities,Cauciones Colocadoras,USDMEP,205000.0,6.87,1364.0000556512,AHDOLARES
2025-08-07,WIN Securities,Cauciones Colocadoras,USDMEP,128000.0,1.42,1326.0000228072,AHDOLARES
2025-01-15,WIN Securities,Cauciones Colocadoras,ARS,118731.98928000001,1.309836704392,1040.9999929212,GESTII
2025-02-03,WIN Securities,Cauciones Colocadoras,ARS,60830.367970001076,0.6709750915680118,1053.7499959167,GESTII
2025-02-05,WIN Securities,Cauciones Colocadoras,ARS,187096.77352,2.0638045466499997,1054.0000037944,GESTII
2025-02-06,WIN Securities,Cauciones Colocadoras,ARS,279127.13372,3.0789658333179997,1054.0000037944,GESTII
2025-02-07,WIN Securities,Cauciones Colocadoras,ARS,265685.8103099937,8.80550549453979,1053.499995628,GESTII
2025-02-10,WIN Securities,Cauciones Colocadoras,ARS,259782.0978600062,2.865656132010068,1055.4999834814,GESTII
2025-05-12,WIN Securities,Cauciones Colocadoras,ARS,156106.20312000046,1.721876199176005,1129.99993898,GESTII
2025-05-26,WIN Securities,Cauciones Colocadoras,ARS,81164.5344,0.895227169968,1133.5000031738,GESTII
2025-07-23,WIN Securities,Cauciones Colocadoras,ARS,362613.7554359864,4.00127561893585,1285.5000479492,GESTII
2025-08-07,WIN Securities,Cauciones Colocadoras,ARS,5279.034600000002,0.058257917550000024,1326.0000228072,GESTII
2026-01-05,WIN Securities,Cauciones Colocadoras,ARS,42176.870200000005,0.46532652456300005,1470.00001911,GESTII
2026-04-13,WIN Securities,Cauciones Colocadoras,ARS,36927.62000000009,0.407259949932001,1354.0000682416,GESTII
2025-03-12,WIN Securities,Cauciones Colocadoras,ARS,440816.3467199803,4.862275615607783,1065.7499511887,RCAP
2025-04-24,WIN Securities,Cauciones Colocadoras,ARS,1533219.840000004,16.912377356544045,1173.9999398912,RCAP
2025-04-28,WIN Securities,Cauciones Colocadoras,ARS,341.75889946880056,0.0037691000160000065,1178.0000480624,RCAP
2025-04-30,WIN Securities,Cauciones Colocadoras,ARS,642735.0768000018,35.5346685500041,1169.99993799,RCAP
2025-05-14,WIN Securities,Cauciones Colocadoras,ARS,27045.284535148625,0.29831271201800025,1132.0000335072,RCAP
2025-05-16,WIN Securities,Cauciones Colocadoras,ARS,26842.554737483362,0.8893694839220021,1142.0000555012,RCAP
2025-05-22,Invertir en Bolsa (IEB),Cauciones Colocadoras,ARS,35226.771999999226,0.3912637566039914,1135.5000111847,RCAP
2025-06-04,WIN Securities,Cauciones Colocadoras,ARS,26185.833982267446,0.2888317034190067,1185.5000539995,RCAP
2025-11-17,WIN Securities,Cauciones Colocadoras,ARS,64888.24500000014,0.7156380344950015,1387.0000644955,RCAP
2025-12-30,Option Securities,Cauciones Colocadoras,ARS,16701.03036000002,1.9752714105040023,1455.00004947,RCAP
2026-01-22,WIN Securities,Cauciones Colocadoras,ARS,1198065.7648654792,13.21630648476277,1429.4999909227,RCAP
2026-03-13,WIN Securities,Cauciones Colocadoras,ARS,1119285.6919000004,37.079327829842015,1400.000028,RCAP
2026-03-31,WIN Securities,Cauciones Colocadoras,ARS,219324.71124,2.4190014213,1392.0000089088,RCAP
2026-02-10,WIN Securities,Cauciones Colocadoras,ARS,142247.52000000063,1.5689261342160068,1405.9999077664,RETORNO TOTAL
2026-02-11,WIN Securities,Cauciones Colocadoras,ARS,129142.85456000007,1.4244214000830007,1400.000028,RETORNO TOTAL
2026-02-13,WIN Securities,Cauciones Colocadoras,ARS,72097.17680999871,3.9915040668989286,1399.5000146248,LOW
2026-02-18,WIN Securities,Cauciones Colocadoras,ARS,72564.47212000006,0.8009169297920007,1395.9999575616,LOW
2026-03-04,WIN Securities,Cauciones Colocadoras,ARS,60692.60950000109,0.669325237873012,1400.5000065123,LOW
2026-04-17,WIN Securities,Cauciones Colocadoras,ARS,18908.02536000001,0.6262660461680003,1364.4999680707,LOW
2026-04-06,WIN Securities,Cauciones Colocadoras,USDMEP,76000.0,0.85,1392.9999800801,DOLARMM
2026-04-08,WIN Securities,Cauciones Colocadoras,USDMEP,76000.0,0.85,1387.5000398906,DOLARMM
2026-04-17,WIN Securities,Cauciones Colocadoras,USDMEP,725000.0,6.46,1364.4999680707,DOLARMM
2026-04-21,WIN Securities,Cauciones Colocadoras,USDMEP,660000.0,3.11,1375.4999254479,DOLARMM
2026-04-23,WIN Securities,Cauciones Colocadoras,USDMEP,700000.0,3.29,1392.0000089088,DOLARMM
2026-04-24,WIN Securities,Cauciones Colocadoras,USDMEP,670000.0,9.46,1399.5000146248,DOLARMM
2026-05-19,WIN Securities,Cauciones Colocadoras,USDMEP,800000.0,3.76,1397.9999653296,DOLARMM
2026-05-22,WIN Securities,Cauciones Colocadoras,USDMEP,830000.0,15.62,1402.9999506144,DOLARMM
2026-05-27,WIN Securities,Cauciones Colocadoras,USDMEP,781000.0,3.67,1412.5000035313,DOLARMM
2026-06-09,WIN Securities,Cauciones Colocadoras,USDMEP,1000000.0,4.71,1441.0000540375,DOLARMM
2026-06-10,WIN Securities,Cauciones Colocadoras,USDMEP,933000.0,4.39,1432.4999573831,DOLARMM
2026-06-18,WIN Securities,Cauciones Colocadoras,USDMEP,934000.0,4.4,1450.9999493601,DOLARMM
2026-06-26,WIN Securities,Cauciones Colocadoras,USDMEP,888000.0,12.54,1476.9999354551,DOLARMM
2026-06-29,WIN Securities,Cauciones Colocadoras,USDMEP,930000.0,4.38,1481.4999179249,DOLARMM
2026-07-27,WIN Securities,Cauciones Colocadoras,USDMEP,1600000.0,7.53,1496.9999372757,DOLARMM
2026-04-21,WIN Securities,Cauciones Colocadoras,ARS,363504.20000000106,4.008986040624011,1375.4999254479,RVARIABLE
2026-04-22,WIN Securities,Cauciones Colocadoras,ARS,80841.79916000001,0.89158199684,1378.0000093704,RVARIABLE
2026-05-05,WIN Securities,Cauciones Colocadoras,ARS,394831.3050000001,4.354716501612001,1392.9999800801,RVARIABLE
2025-04-23,WIN Securities,Cauciones Colocadoras,ARS,86206.90000000014,0.9508534863100015,1159.9999536,LIQUIDEZ PLUS
2025-06-12,WIN Securities,Cauciones Colocadoras,ARS,567004.2486100014,6.255443360130016,1184.9999389725,LIQUIDEZ PLUS
2025-09-18,WIN Securities,Cauciones Colocadoras,ARS,269243.812,2.9705188258799997,1474.499997051,LIQUIDEZ PLUS
2025-02-19,WIN Securities,Cauciones Colocadoras,ARS,5668398.600000135,62.52429768220849,1058.5000144485,LIQUIDEZ
2025-03-11,WIN Securities,Cauciones Colocadoras,ARS,5161895.749999881,56.93903250630868,1065.5000151834,LIQUIDEZ
2025-03-25,WIN Securities,Cauciones Colocadoras,ARS,5602240.800000002,61.79828091652803,1071.0000184212,LIQUIDEZ
2025-03-31,WIN Securities,Cauciones Colocadoras,ARS,7011477.304007873,93.8246302216289,1073.24995326,LIQUIDEZ
2025-04-15,WIN Securities,Cauciones Colocadoras,ARS,1667361.4000000348,22.317465602860466,1199.5000004198,LIQUIDEZ
2025-04-16,WIN Securities,Cauciones Colocadoras,ARS,4444444.500000001,245.89970085152402,1124.9999859375,LIQUIDEZ
2025-04-24,WIN Securities,Cauciones Colocadoras,ARS,10221465.600000026,112.74938396697628,1173.9999398912,LIQUIDEZ
2025-04-30,WIN Securities,Cauciones Colocadoras,ARS,5982906.300000017,401.28336314836014,1169.99993799,LIQUIDEZ
2025-05-15,WIN Securities,Cauciones Colocadoras,ARS,52987.69638000003,0.5844815318440003,1138.0000286776,LIQUIDEZ
2025-05-16,WIN Securities,Cauciones Colocadoras,ARS,4378283.50000001,175.9748688556774,1142.0000555012,LIQUIDEZ
2025-05-22,WIN Securities,Cauciones Colocadoras,ARS,7045354.399999845,77.71181781665929,1135.5000111847,LIQUIDEZ
2025-05-30,WIN Securities,Cauciones Colocadoras,ARS,7575757.200000019,251.1133882181766,1188.0000589248,LIQUIDEZ
2025-06-11,WIN Securities,Cauciones Colocadoras,ARS,8460237.000000002,93.34266622541101,1181.9999841612,LIQUIDEZ
2025-07-15,WIN Securities,Cauciones Colocadoras,ARS,6349206.4,84.97518321948401,1259.99998992,LIQUIDEZ
2025-08-07,WIN Securities,Cauciones Colocadoras,ARS,3770739.0000000014,50.47650742743002,1326.0000228072,LIQUIDEZ
2025-09-11,WIN Securities,Cauciones Colocadoras,ARS,5865921.600000006,64.71926468876008,1432.000045824,LIQUIDEZ
2025-01-02,WIN Securities,Cauciones Colocadoras,ARS,102956.85378000274,1.1358506458970303,1031.5000517297,LIQUIDEZ PLUS
2025-01-09,WIN Securities,Cauciones Colocadoras,ARS,443780.156040001,4.895323279290011,1036.9999508462,LIQUIDEZ PLUS
2025-01-16,WIN Securities,Cauciones Colocadoras,ARS,2784.445440000002,0.03071531366400002,1041.5000266624,LIQUIDEZ PLUS
2025-01-31,WIN Securities,Cauciones Colocadoras,ARS,220827.3780600058,7.318477986974193,1051.5000542048,LIQUIDEZ PLUS
2025-02-10,WIN Securities,Cauciones Colocadoras,ARS,31264.80390000075,0.3448886837490082,1055.4999834814,LIQUIDEZ PLUS
2025-02-26,WIN Securities,Cauciones Colocadoras,ARS,282752.1300000003,3.1187465688290033,1060.9999648809,LIQUIDEZ PLUS
2025-03-19,WIN Securities,Cauciones Colocadoras,ARS,10477.08144,0.11556595009800001,1068.9999943343,LIQUIDEZ PLUS
2025-04-03,WIN Securities,Cauciones Colocadoras,ARS,418896.8999999903,4.620833086259893,1074.2500123539,LIQUIDEZ PLUS
2025-04-29,WIN Securities,Cauciones Colocadoras,ARS,516738.1982,5.699648077219,1164.9999982525,LIQUIDEZ PLUS
2025-05-06,WIN Securities,Cauciones Colocadoras,ARS,83752.09000000017,0.923752051864002,1194.0000542076,LIQUIDEZ PLUS
2025-05-13,WIN Securities,Cauciones Colocadoras,ARS,266548.2,2.94004441588,1125.5000033765,LIQUIDEZ PLUS
2025-05-14,WIN Securities,Cauciones Colocadoras,ARS,176678.44000000015,1.9487190235900016,1132.0000335072,LIQUIDEZ PLUS
2025-05-19,WIN Securities,Cauciones Colocadoras,ARS,1095530.2500000002,12.083900235066002,1140.9999860798,LIQUIDEZ PLUS
2025-05-20,WIN Securities,Cauciones Colocadoras,ARS,1662292.1400000032,18.335257282320036,1143.0000505206,LIQUIDEZ PLUS
2026-03-09,WIN Securities,Cauciones Colocadoras,ARS,3248587.620000001,35.828828228214014,1415.9999784768,LIQUIDEZ
2026-03-10,WIN Securities,Cauciones Colocadoras,ARS,5071428.4700000025,55.934127452746026,1400.000028,LIQUIDEZ
2026-03-11,WIN Securities,Cauciones Colocadoras,ARS,716332.4000000006,9.58383983289601,1395.9999575616,LIQUIDEZ
2026-03-11,WIN Securities,Cauciones Colocadoras,ARS,5229226.520000005,57.67369802835205,1395.9999575616,LIQUIDEZ
2026-03-12,WIN Securities,Cauciones Colocadoras,ARS,2581570.439999954,34.53911058689039,1394.5000082973,LIQUIDEZ
2026-03-13,WIN Securities,Cauciones Colocadoras,ARS,357142.85000000015,14.351499712970005,1400.000028,LIQUIDEZ
2026-03-16,WIN Securities,Cauciones Colocadoras,ARS,2722063.1200000024,30.02111839115203,1395.9999575616,LIQUIDEZ
2026-03-16,WIN Securities,Cauciones Colocadoras,ARS,2507163.4000000022,33.54462136359603,1395.9999575616,LIQUIDEZ
2026-03-17,WIN Securities,Cauciones Colocadoras,ARS,5372493.000000005,59.25301039728005,1395.9999575616,LIQUIDEZ
2026-03-19,WIN Securities,Cauciones Colocadoras,ARS,2509860.149999955,27.681369501842504,1394.5000082973,LIQUIDEZ
2026-03-19,WIN Securities,Cauciones Colocadoras,ARS,2581570.439999954,34.538838087788385,1394.5000082973,LIQUIDEZ
2026-03-20,WIN Securities,Cauciones Colocadoras,ARS,2517080.2999999146,168.73782131238826,1390.4999375666,LIQUIDEZ
2026-03-25,WIN Securities,Cauciones Colocadoras,ARS,2613430.080000001,34.96537868096801,1377.500024795,LIQUIDEZ
2026-03-25,WIN Securities,Cauciones Colocadoras,ARS,2686025.360000001,29.625618341512013,1377.500024795,LIQUIDEZ
2026-03-26,WIN Securities,Cauciones Colocadoras,ARS,2777777.9600000116,30.632502009492132,1367.9999102592,LIQUIDEZ
2026-03-27,WIN Securities,Cauciones Colocadoras,ARS,3327305.57999994,110.19584001397301,1382.5000107144,LIQUIDEZ
2026-03-30,WIN Securities,Cauciones Colocadoras,ARS,2326354.234274415,23.408090709276014,1397.9999653296,LIQUIDEZ
2026-03-30,WIN Securities,Cauciones Colocadoras,ARS,3753760.3663407536,41.40334151321203,1397.9999653296,LIQUIDEZ
2026-03-31,WIN Securities,Cauciones Colocadoras,ARS,2873563.2,38.447593144740004,1392.0000089088,LIQUIDEZ
2026-03-31,WIN Securities,Cauciones Colocadoras,ARS,3591954.0,39.619302907356,1392.0000089088,LIQUIDEZ
2026-04-01,WIN Securities,Cauciones Colocadoras,ARS,3228120.450000001,216.4540055840891,1394.0000287164,LIQUIDEZ
2026-04-01,WIN Securities,Cauciones Colocadoras,ARS,2869440.4000000013,158.57262944502506,1394.0000287164,LIQUIDEZ
2026-04-06,WIN Securities,Cauciones Colocadoras,ARS,861450.1200000002,11.525843668050003,1392.9999800801,LIQUIDEZ
2026-04-06,WIN Securities,Cauciones Colocadoras,ARS,5384063.250000001,59.38308053331302,1392.9999800801,LIQUIDEZ
2025-02-14,Alchemy Valores,CPD y Pagarés,ARS,4734.8485,0.0,1055.9999966208,PyMES
2025-02-20,Alchemy Valores,CPD y Pagarés,ARS,332.97566638000836,0.0,1058.7500397031,PyMES
2025-02-20,Alchemy Valores,CPD y Pagarés,ARS,1475.671944662337,0.0,1058.7500397031,PyMES
2025-02-21,Alchemy Valores,CPD y Pagarés,ARS,5903.187500000148,0.0,1058.7500397031,PyMES
2025-02-25,Alchemy Valores,CPD y Pagarés,ARS,37114.23612805692,0.0,1060.5000427382,PyMES
2025-02-25,SyC Inversiones,CPD y Pagarés,ARS,11315.416799999486,0.0,1060.5000427382,PyMES
2025-03-05,Alchemy Valores,CPD y Pagarés,ARS,4889.515800000116,0.0,1063.4999890991,PyMES
2025-03-06,Alchemy Valores,CPD y Pagarés,ARS,16617.06646087539,0.0,1063.4999890991,PyMES
2025-03-06,Alchemy Valores,CPD y Pagarés,ARS,2181.4762800000512,0.0,1063.4999890991,PyMES
2025-03-07,Alchemy Valores,CPD y Pagarés,ARS,5633.802600000008,0.0,1065.0000410025,PyMES
2025-03-11,Alchemy Valores,CPD y Pagarés,ARS,14077.897499999674,0.0,1065.5000151834,PyMES
2025-03-12,SyC Inversiones,CPD y Pagarés,ARS,1407.459599999937,0.0,1065.7499511887,PyMES
2025-03-21,Petrini Valores,CPD y Pagarés,ARS,4392.5704670386785,0.0,1068.7500166992,PyMES
2025-03-21,Alchemy Valores,CPD y Pagarés,ARS,35812.08894686949,0.0,1068.7500166992,PyMES
2025-03-28,Alchemy Valores,CPD y Pagarés,ARS,32679.738000000012,0.0,1071.0000184212,PyMES
2025-03-28,Alchemy Valores,CPD y Pagarés,ARS,4756.79418522329,0.0,1071.0000184212,PyMES
2025-03-11,Alchemy Valores,CPD y Pagarés,ARS,1736.2740249999597,0.0,1065.5000151834,PyMES
2025-03-19,Alchemy Valores,CPD y Pagarés,ARS,3875.11695225,0.0,1068.9999943343,PyMES
2025-03-21,Alchemy Valores,CPD y Pagarés,ARS,35877.32703707821,0.0,1068.7500166992,PyMES
2025-03-28,Alchemy Valores,CPD y Pagarés,ARS,4756.794185223289,0.0,1071.0000184212,PyMES
2025-03-31,Alchemy Valores,CPD y Pagarés,ARS,12205.917139999598,0.0,1073.24995326,PyMES
2025-03-31,Alchemy Valores,CPD y Pagarés,ARS,11833.217379999609,0.0,1073.24995326,PyMES
2025-03-31,Alchemy Valores,CPD y Pagarés,ARS,12112.7421999996,0.0,1073.24995326,PyMES
2025-03-31,Alchemy Valores,CPD y Pagarés,ARS,12299.092079999593,0.0,1073.24995326,PyMES
2025-03-31,Alchemy Valores,CPD y Pagarés,ARS,1397.6240999999538,0.0,1073.24995326,PyMES
2025-03-31,Alchemy Valores,CPD y Pagarés,ARS,806.2427558199734,0.0,1073.24995326,PyMES
2025-04-01,Alchemy Valores,CPD y Pagarés,ARS,2655.7848774083836,0.0,1072.5000372694,PyMES
2025-04-01,Alchemy Valores,CPD y Pagarés,ARS,3108.0026891996313,0.0,1072.5000372694,PyMES
2025-04-01,Alchemy Valores,CPD y Pagarés,ARS,3599.7676418077567,0.0,1072.5000372694,PyMES
2025-04-03,Alchemy Valores,CPD y Pagarés,ARS,9308.819999999785,0.0,1074.2500123539,PyMES
2025-04-03,Alchemy Valores,CPD y Pagarés,ARS,8568.485570533661,0.0,1074.2500123539,PyMES
2025-04-09,Alchemy Valores,CPD y Pagarés,ARS,3715.7456000000047,0.0,1076.4999627531,PyMES
2025-04-10,Alchemy Valores,CPD y Pagarés,ARS,4643.603500000028,0.0,1076.7499852216,PyMES
2025-04-14,Alchemy Valores,CPD y Pagarés,ARS,6581.590086500003,0.0,1194.9999766975,PyMES
2025-04-16,Alchemy Valores,CPD y Pagarés,ARS,888.8889000000001,0.0,1124.9999859375,PyMES
2025-04-21,Alchemy Valores,CPD y Pagarés,ARS,7189.214032000002,0.0,1093.9999789952,PyMES
2025-04-23,Alchemy Valores,CPD y Pagarés,ARS,862.0690000000013,0.0,1159.9999536,PyMES
2025-04-24,Alchemy Valores,CPD y Pagarés,ARS,2555.3664000000067,0.0,1173.9999398912,PyMES
2025-04-24,Alchemy Valores,CPD y Pagarés,ARS,12776.832000000033,0.0,1173.9999398912,PyMES
2025-04-25,Alchemy Valores,CPD y Pagarés,ARS,3420.265200000078,0.0,1169.4999557344,PyMES
2025-04-29,Alchemy Valores,CPD y Pagarés,ARS,2145.9227499999997,0.0,1164.9999982525,PyMES
2025-04-30,Alchemy Valores,CPD y Pagarés,ARS,815.3819491981493,0.0,1169.99993799,PyMES
2025-04-30,Alchemy Valores,CPD y Pagarés,ARS,3076.9232400000087,0.0,1169.99993799,PyMES
2025-04-30,Alchemy Valores,CPD y Pagarés,ARS,3162.393330000009,0.0,1169.99993799,PyMES
2025-05-08,Allaria,CPD y Pagarés,ARS,3722.172483650005,0.0,1113.9999605644,PyMES
2025-05-09,Alchemy Valores,CPD y Pagarés,ARS,22007.0425,0.0,1135.9999872768,PyMES
2025-05-15,Alchemy Valores,CPD y Pagarés,ARS,39680.71833220759,0.0,1138.0000286776,PyMES
2025-05-20,Alchemy Valores,CPD y Pagarés,ARS,7611.548220000014,0.0,1143.0000505206,PyMES
2025-05-23,Alchemy Valores,CPD y Pagarés,ARS,5513.895,0.0,1133.5000031738,PyMES
2025-05-27,Alchemy Valores,CPD y Pagarés,ARS,8658.009000000013,0.0,1154.9999543775,PyMES
2025-05-28,Alchemy Valores,CPD y Pagarés,ARS,2155.1725000000033,0.0,1159.9999536,PyMES
2025-05-28,Alchemy Valores,CPD y Pagarés,ARS,8813.157757698724,0.0,1159.9999536,PyMES
2025-05-28,Alchemy Valores,CPD y Pagarés,ARS,3019.145819041695,0.0,1159.9999536,PyMES
2025-05-29,Alchemy Valores,CPD y Pagarés,ARS,507.18510000000094,0.0,1183.0000526435,PyMES
2025-05-30,Alchemy Valores,CPD y Pagarés,ARS,1346.8012800000033,0.0,1188.0000589248,PyMES
2025-06-02,Alchemy Valores,CPD y Pagarés,ARS,2418.8216156999515,0.0,1179.4999604278,PyMES
2025-06-04,Alchemy Valores,CPD y Pagarés,ARS,6689.10694963439,0.0,1185.5000539995,PyMES
2025-06-04,Alchemy Valores,CPD y Pagarés,ARS,2733.694519090563,0.0,1185.5000539995,PyMES
2025-06-04,Alchemy Valores,CPD y Pagarés,ARS,1503.7841575676148,0.0,1185.5000539995,PyMES
2025-06-06,Alchemy Valores,CPD y Pagarés,ARS,4219.409500000011,0.0,1184.9999389725,PyMES
2025-06-09,Alchemy Valores,CPD y Pagarés,ARS,1086.09273947808,0.0,1184.9999389725,PyMES
2025-06-12,Alchemy Valores,CPD y Pagarés,ARS,5063.291400000013,0.0,1184.9999389725,PyMES
2025-06-19,Alchemy Valores,CPD y Pagarés,ARS,4378.2835000000105,0.0,1142.0000555012,PyMES
2025-06-23,Alchemy Valores,CPD y Pagarés,ARS,429.1348339907707,0.0,1170.999951989,PyMES
2025-06-26,Alchemy Valores,CPD y Pagarés,ARS,1506.0832145822303,0.0,1188.5000262064,PyMES
2025-06-26,Alchemy Valores,CPD y Pagarés,ARS,1539.7559610000333,0.0,1188.5000262064,PyMES
2025-06-26,Alchemy Valores,CPD y Pagarés,ARS,6314.6821661884,0.0,1188.5000262064,PyMES
2025-07-02,Alchemy Valores,CPD y Pagarés,ARS,20325.20250000003,0.0,1230.00004551,PyMES
2025-07-07,Alchemy Valores,CPD y Pagarés,ARS,7120.252800000019,0.0,1264.0000647168,PyMES
2025-07-07,Alchemy Valores,CPD y Pagarés,ARS,6329.113600000017,0.0,1264.0000647168,PyMES
2025-07-14,Alchemy Valores,CPD y Pagarés,ARS,7812.5,0.0,1280.0,PyMES
2025-07-15,Alchemy Valores,CPD y Pagarés,ARS,3174.6032000000005,0.0,1259.99998992,PyMES
2025-07-18,Alchemy Valores,CPD y Pagarés,ARS,723.1726500000005,0.0,1285.99996142,PyMES
2025-07-18,Alchemy Valores,CPD y Pagarés,ARS,756.7651860000007,0.0,1285.99996142,PyMES
2025-07-23,Alchemy Valores,CPD y Pagarés,ARS,3111.6295999998833,0.0,1285.5000479492,PyMES
2025-07-28,Alchemy Valores,CPD y Pagarés,ARS,6177.606400000008,0.0,1294.99995338,PyMES
2025-07-30,Alchemy Valores,CPD y Pagarés,ARS,3193.9164600000036,0.0,1314.9999546325,PyMES
2025-07-30,Alchemy Valores,CPD y Pagarés,ARS,4562.737800000005,0.0,1314.9999546325,PyMES
2025-08-04,Alchemy Valores,CPD y Pagarés,ARS,490.07351765000027,0.0,1360.00003264,PyMES
2025-08-04,Alchemy Valores,CPD y Pagarés,ARS,138.1759819778941,0.0,1360.00003264,PyMES
2025-08-04,Alchemy Valores,CPD y Pagarés,ARS,174.9999958000001,0.0,1360.00003264,PyMES
2025-08-06,Alchemy Valores,CPD y Pagarés,ARS,22522.5240000001,0.0,1331.9999126208,PyMES
2025-08-11,Alchemy Valores,CPD y Pagarés,ARS,4254.917062500017,0.0,1321.9999161852,PyMES
2025-08-18,Alchemy Valores,CPD y Pagarés,ARS,2900.2320000000004,0.0,1293.0000082752,PyMES
2025-08-18,Alchemy Valores,CPD y Pagarés,ARS,3093.5808,0.0,1293.0000082752,PyMES
2025-08-18,Alchemy Valores,CPD y Pagarés,ARS,1933.4880000000003,0.0,1293.0000082752,PyMES
2025-08-25,Alchemy Valores,CPD y Pagarés,ARS,440.5286400000001,0.0,1361.9999825664,PyMES
2025-08-25,Alchemy Valores,CPD y Pagarés,ARS,437.74069576460806,0.0,1361.9999825664,PyMES
2025-08-26,Alchemy Valores,CPD y Pagarés,ARS,4423.147799999918,0.0,1356.5000021026,PyMES
2025-08-28,Petrini Valores,CPD y Pagarés,ARS,3750.9375000000146,0.0,1333.0000833125,PyMES
2025-09-03,Alchemy Valores,CPD y Pagarés,ARS,424.8459834523664,0.0,1360.9999211981,PyMES
2025-09-03,Alchemy Valores,CPD y Pagarés,ARS,1469.5078000000049,0.0,1360.9999211981,PyMES
2025-09-10,Alchemy Valores,CPD y Pagarés,ARS,12705.951960304677,0.0,1423.4999051237,PyMES
2025-09-11,Alchemy Valores,CPD y Pagarés,ARS,13966.480000000014,0.0,1432.000045824,PyMES
2025-09-12,Alchemy Valores,CPD y Pagarés,ARS,3441.156000000015,0.0,1453.0000964792,PyMES
2025-09-18,Alchemy Valores,CPD y Pagarés,ARS,20345.88,0.0,1474.499997051,PyMES
2025-09-18,Alchemy Valores,CPD y Pagarés,ARS,2831.4683,0.0,1474.499997051,PyMES
2025-09-18,Alchemy Valores,CPD y Pagarés,ARS,11978.75286220776,0.0,1474.499997051,PyMES
2025-09-24,Alchemy Valores,CPD y Pagarés,ARS,3738.318000000016,0.0,1337.4999130625,PyMES
2025-09-24,Alchemy Valores,CPD y Pagarés,ARS,9644.860440000042,0.0,1337.4999130625,PyMES
2025-10-03,Alchemy Valores,CPD y Pagarés,ARS,7020.007000000123,0.0,1424.5000040598,PyMES
2025-10-07,Petrini Valores,CPD y Pagarés,ARS,5300.115997279289,0.0,1429.4999909227,PyMES
2025-10-14,Alchemy Valores,CPD y Pagarés,ARS,4879.128882900906,0.0,1360.00003264,PyMES
2025-10-17,Alchemy Valores,CPD y Pagarés,ARS,3448.2760000000058,0.0,1449.999942,PyMES
2025-10-23,Alchemy Valores,CPD y Pagarés,ARS,4056.795000000004,0.0,1479.0000480675,PyMES
2025-10-29,Alchemy Valores,CPD y Pagarés,ARS,2721.810467376005,0.0,1436.0000620352,PyMES
2025-10-30,Alchemy Valores,CPD y Pagarés,ARS,3477.0515000000005,0.0,1437.9999836068,PyMES
2025-10-30,Petrini Valores,CPD y Pagarés,ARS,476.42559653000006,0.0,1437.9999836068,PyMES
2025-10-30,Petrini Valores,CPD y Pagarés,ARS,782.3365875000001,0.0,1437.9999836068,PyMES
2025-11-11,Alchemy Valores,CPD y Pagarés,ARS,7039.775000000134,0.0,1420.4999449556,PyMES
2025-11-11,Alchemy Valores,CPD y Pagarés,ARS,1830.3415000000348,0.0,1420.4999449556,PyMES
2025-11-11,Alchemy Valores,CPD y Pagarés,ARS,1654.3471250000316,0.0,1420.4999449556,PyMES
2025-11-12,Alchemy Valores,CPD y Pagarés,ARS,56437.558871730456,0.0,1411.9999949168,PyMES
2025-11-13,Alchemy Valores,CPD y Pagarés,ARS,18969.654957069397,0.0,1405.9999077664,PyMES
2025-11-17,Alchemy Valores,CPD y Pagarés,ARS,3965.3927500000086,0.0,1387.0000644955,PyMES
2025-11-17,Alchemy Valores,CPD y Pagarés,ARS,3604.902500000008,0.0,1387.0000644955,PyMES
2025-11-20,Alchemy Valores,CPD y Pagarés,ARS,4210.526400000002,0.0,1424.9999715,PyMES
2025-11-28,Alchemy Valores,CPD y Pagarés,ARS,1201.026405478781,0.0,1451.4999437544,PyMES
2025-11-28,Alchemy Valores,CPD y Pagarés,ARS,1515.6734999999762,0.0,1451.4999437544,PyMES
2025-12-02,PP Inversiones (PPI),CPD y Pagarés,ARS,2480.781874416303,0.0,1455.00004947,PyMES
2025-12-03,PP Inversiones (PPI),CPD y Pagarés,ARS,408.26301487344176,0.0,1453.0000964792,PyMES
2025-04-24,Option Securities,CPD y Pagarés,USDMEP,73172.09,0.0,1173.9999398912,RDOLAR
2025-04-24,Option Securities,CPD y Pagarés,USDMEP,73069.43,0.0,1173.9999398912,RDOLAR
2025-04-24,Option Securities,CPD y Pagarés,USDMEP,73010.9,0.0,1173.9999398912,RDOLAR
2025-05-05,Criteria,CPD y Pagarés,USDMEP,73309.14,0.0,1200.000048,RDOLAR
2025-04-24,Option Securities,CPD y Pagarés,USDMEP,65913.94,0.0,1173.9999398912,RDOLAR
2025-04-24,Option Securities,CPD y Pagarés,USDMEP,53033.15,0.0,1173.9999398912,RDOLAR
2025-05-05,Option Securities,CPD y Pagarés,USDMEP,53138.04,0.0,1200.000048,RDOLAR
2025-05-05,Option Securities,CPD y Pagarés,USDMEP,53080.61,0.0,1200.000048,RDOLAR
2025-04-30,Option Securities,CPD y Pagarés,USDMEP,52114.96,0.0,1169.99993799,RDOLAR
2025-04-30,Option Securities,CPD y Pagarés,USDMEP,48581.72,0.0,1169.99993799,RDOLAR
2025-04-30,Option Securities,CPD y Pagarés,USDMEP,48560.0,0.0,1169.99993799,RDOLAR
2025-04-24,Option Securities,CPD y Pagarés,USDMEP,53161.57,0.0,1173.9999398912,RDOLAR
2025-04-24,Option Securities,CPD y Pagarés,USDMEP,53149.87,0.0,1173.9999398912,RDOLAR
2025-04-25,Option Securities,CPD y Pagarés,USDMEP,53091.82,0.0,1169.4999557344,RDOLAR
2025-04-25,Option Securities,CPD y Pagarés,USDMEP,53068.88,0.0,1169.4999557344,RDOLAR
2025-05-16,Option Securities,CPD y Pagarés,USDMEP,45932.14,0.0,1142.0000555012,RDOLAR
2025-04-08,Criteria,CPD y Pagarés,ARS,353242.2992702721,0.0,1075.750012909,GEST
2025-05-16,Criteria,CPD y Pagarés,ARS,324686.8797368551,0.0,1142.0000555012,GEST
2025-04-08,Criteria,CPD y Pagarés,ARS,362537.7860283521,0.0,1075.750012909,GEST
2025-05-13,Option Securities,CPD y Pagarés,ARS,337808.7917897722,0.0,1125.5000033765,GEST
2025-04-10,Criteria,CPD y Pagarés,ARS,241468.61162620827,0.0,1076.7499852216,GEST
2025-04-22,Criteria,CPD y Pagarés,ARS,227626.81123000002,0.0,1104.0000017664,GEST
2025-04-23,Criteria,CPD y Pagarés,ARS,215517.3491724181,0.0,1159.9999536,GEST
2025-04-28,Criteria,CPD y Pagarés,ARS,204147.8656436024,0.0,1178.0000480624,GEST
2025-04-23,Criteria,CPD y Pagarés,ARS,215517.4353793181,0.0,1159.9999536,GEST
2025-04-28,Criteria,CPD y Pagarés,ARS,204147.94729045813,0.0,1178.0000480624,GEST
2025-04-23,Criteria,CPD y Pagarés,ARS,215517.52244828708,0.0,1159.9999536,GEST
2025-04-28,Criteria,CPD y Pagarés,ARS,203778.49684712765,0.0,1178.0000480624,GEST
2025-04-24,Criteria,CPD y Pagarés,ARS,243611.59680000064,0.0,1173.9999398912,GEST
2025-04-28,Criteria,CPD y Pagarés,ARS,424448.7331069399,0.0,1178.0000480624,GEST
2025-06-04,Option Securities,CPD y Pagarés,ARS,409042.52236348233,0.0,1185.5000539995,GEST
2025-04-28,Criteria,CPD y Pagarés,ARS,424448.81799657986,0.0,1178.0000480624,GEST
2025-06-04,Option Securities,CPD y Pagarés,ARS,408690.22568615107,0.0,1185.5000539995,GEST
2025-04-28,Criteria,CPD y Pagarés,ARS,244482.1632000004,0.0,1178.0000480624,GEST
2025-04-28,Criteria,CPD y Pagarés,ARS,181663.93401425748,0.0,1178.0000480624,GEST
2025-04-30,Criteria,CPD y Pagarés,ARS,193589.75385000053,0.0,1169.99993799,GEST
2025-05-14,Criteria,CPD y Pagarés,ARS,35335.68800000003,0.0,1132.0000335072,GEST
2025-05-15,Criteria,CPD y Pagarés,ARS,173110.71620000008,0.0,1138.0000286776,GEST
2025-05-19,Criteria,CPD y Pagarés,ARS,438212.91069238505,0.0,1140.9999860798,GEST
2025-06-09,Option Securities,CPD y Pagarés,ARS,409596.5133305073,0.0,1184.9999389725,GEST
2025-05-19,Criteria,CPD y Pagarés,ARS,482033.4221822977,0.0,1140.9999860798,GEST
2025-06-09,Option Securities,CPD y Pagarés,ARS,450178.9093783066,0.0,1184.9999389725,GEST
2025-05-19,Criteria,CPD y Pagarés,ARS,177037.6884,0.0,1140.9999860798,GEST
2025-05-28,Criteria,CPD y Pagarés,ARS,121551.7290000002,0.0,1159.9999536,GEST
2025-06-23,Criteria,CPD y Pagarés,ARS,225875.32950000037,0.0,1170.999951989,GEST
2025-06-25,Criteria,CPD y Pagarés,ARS,211078.46729999126,0.0,1191.5000294301,GEST
2025-07-14,Criteria,CPD y Pagarés,ARS,468750.0,0.0,1280.0,GEST
2025-07-14,Criteria,CPD y Pagarés,ARS,365625.0,0.0,1280.0,GEST
2025-07-15,Criteria,CPD y Pagarés,ARS,476190.48000000004,0.0,1259.99998992,GEST
2025-07-24,Criteria,CPD y Pagarés,ARS,118710.68850000008,0.0,1272.000035616,GEST
2025-07-25,Criteria,CPD y Pagarés,ARS,136718.75,0.0,1280.0,GEST
2025-07-29,Criteria,CPD y Pagarés,ARS,116188.99500000029,0.0,1291.0000641627,GEST
2025-07-31,Criteria,CPD y Pagarés,ARS,111353.7060000003,0.0,1374.000071448,GEST
2025-08-08,Criteria,CPD y Pagarés,ARS,118024.13070000004,0.0,1326.0000228072,GEST
2025-08-14,Criteria,CPD y Pagarés,ARS,127216.65000000011,0.0,1297.00003891,GEST
2025-08-14,Criteria,CPD y Pagarés,ARS,148033.92000000013,0.0,1297.00003891,GEST
2025-08-18,Criteria,CPD y Pagarés,ARS,125290.02240000002,0.0,1293.0000082752,GEST
2025-08-19,Criteria,CPD y Pagarés,ARS,111566.73248,0.0,1292.49998449,GEST
2025-08-19,Criteria,CPD y Pagarés,ARS,90522.2448,0.0,1292.49998449,GEST
2025-08-21,Criteria,CPD y Pagarés,ARS,103802.28495000012,0.0,1314.9999546325,GEST
2025-08-29,Criteria,CPD y Pagarés,ARS,93889.71900000006,0.0,1341.999969134,GEST
2025-09-10,Criteria,CPD y Pagarés,ARS,119423.96300000262,0.0,1423.4999051237,GEST
2025-09-12,Criteria,CPD y Pagarés,ARS,78802.47240000035,0.0,1453.0000964792,GEST
2025-10-02,Criteria,CPD y Pagarés,ARS,121446.12110000214,0.0,1424.5000040598,GEST
2025-10-09,Criteria,CPD y Pagarés,ARS,92253.52740000043,0.0,1419.99990344,GEST
2025-10-16,Criteria,CPD y Pagarés,ARS,98430.81840000028,0.0,1401.9999248528,GEST
2025-10-21,Criteria,CPD y Pagarés,ARS,82522.64339999722,0.0,1490.5000001491,GEST
2025-10-22,Criteria,CPD y Pagarés,ARS,100067.16330000017,0.0,1488.9999385043,GEST
2025-10-22,Criteria,CPD y Pagarés,ARS,106111.48860000019,0.0,1488.9999385043,GEST
2025-10-23,Criteria,CPD y Pagarés,ARS,101419.8750000001,0.0,1479.0000480675,GEST
2025-10-27,Criteria,CPD y Pagarés,ARS,120557.48930000004,0.0,1435.0000236775,GEST
2025-10-28,Allaria,CPD y Pagarés,ARS,436054.4161000001,0.0,1470.00001911,GEST
2025-10-30,Allaria,CPD y Pagarés,ARS,445758.00230000005,0.0,1437.9999836068,GEST
2025-10-30,Criteria,CPD y Pagarés,ARS,98052.85230000001,0.0,1437.9999836068,GEST
2025-11-13,Criteria,CPD y Pagarés,ARS,95305.83840000042,0.0,1405.9999077664,GEST
2025-11-17,Criteria,CPD y Pagarés,ARS,50468.635000000104,0.0,1387.0000644955,GEST
2025-11-18,Criteria,CPD y Pagarés,ARS,118571.42620000006,0.0,1400.000028,GEST
2025-11-19,Criteria,CPD y Pagarés,ARS,115179.52140000208,0.0,1406.5000273564,GEST
2025-11-20,Criteria,CPD y Pagarés,ARS,84210.52800000003,0.0,1424.9999715,GEST
2025-11-25,Criteria,CPD y Pagarés,ARS,151295.33970000266,0.0,1447.4999721356,GEST
2025-12-11,Criteria,CPD y Pagarés,ARS,91225.62280000017,0.0,1436.0000620352,GEST
2025-12-12,Allaria,CPD y Pagarés,ARS,154753.63750000022,0.0,1441.0000540375,GEST
2025-12-12,Criteria,CPD y Pagarés,ARS,90215.12500000013,0.0,1441.0000540375,GEST
2025-12-15,Criteria,CPD y Pagarés,ARS,90371.91799999695,0.0,1438.4999552627,GEST
2025-12-22,Allaria,CPD y Pagarés,ARS,491735.51280000125,0.0,1452.0000720192,GEST
2025-12-22,Criteria,CPD y Pagarés,ARS,260330.56560000064,0.0,1452.0000720192,GEST
2026-01-20,Criteria,CPD y Pagarés,ARS,95503.65899999667,0.0,1434.5000121933,GEST
2026-01-21,Criteria,CPD y Pagarés,ARS,124432.02140000236,0.0,1430.4999468569,GEST
2026-01-22,Criteria,CPD y Pagarés,ARS,115424.97449999799,0.0,1429.4999909227,GEST
2026-01-23,Allaria,CPD y Pagarés,ARS,191905.0925,0.0,1433.0000127537,GEST
2026-01-27,Allaria,CPD y Pagarés,ARS,189254.7656999967,0.0,1442.5000025244,GEST
2026-01-28,Criteria,CPD y Pagarés,ARS,101765.32170000201,0.0,1444.4999292917,GEST
2026-01-29,Criteria,CPD y Pagarés,ARS,85150.57530000167,0.0,1444.4999292917,GEST
2026-03-02,Criteria,CPD y Pagarés,ARS,90681.00635000008,0.0,1394.9999574525,GEST
2026-03-12,Criteria,CPD y Pagarés,ARS,151308.7118999973,0.0,1394.5000082973,GEST
2026-03-13,Criteria,CPD y Pagarés,ARS,109999.99780000006,0.0,1400.000028,GEST
2026-03-17,Criteria,CPD y Pagarés,ARS,117621.78008000011,0.0,1395.9999575616,GEST
2026-03-30,Criteria,CPD y Pagarés,ARS,194206.0134000001,0.0,1397.9999653296,GEST
2026-03-30,Criteria,CPD y Pagarés,ARS,93061.51876000006,0.0,1397.9999653296,GEST
2026-04-14,Criteria,CPD y Pagarés,ARS,158797.64748000028,0.0,1364.0000556512,GEST
2026-04-15,Criteria,CPD y Pagarés,ARS,108388.52496000016,0.0,1358.9999499888,GEST
2026-04-16,Criteria,CPD y Pagarés,ARS,114138.43500000013,0.0,1358.000046172,GEST
2026-04-20,Criteria,CPD y Pagarés,ARS,115105.29940000003,0.0,1377.0000236844,GEST
2026-04-21,Criteria,CPD y Pagarés,ARS,140603.4245600004,0.0,1375.4999254479,GEST
2026-04-27,Criteria,CPD y Pagarés,ARS,296683.13252,0.0,1417.0000041093,GEST
2026-04-27,Criteria,CPD y Pagarés,ARS,119971.771,0.0,1417.0000041093,GEST
2026-05-13,Criteria,CPD y Pagarés,ARS,191451.1482,0.0,1392.0000089088,GEST
2026-05-15,Criteria,CPD y Pagarés,ARS,107135.17325999809,0.0,1394.5000082973,GEST
2026-05-21,Criteria,CPD y Pagarés,ARS,207700.6003799969,0.0,1389.5000759362,GEST
2026-06-10,Option Securities,CPD y Pagarés,ARS,190575.92190000348,0.0,1432.4999573831,GEST
2026-06-11,Option Securities,CPD y Pagarés,ARS,161954.62960000295,0.0,1432.4999573831,GEST
2026-06-12,Option Securities,CPD y Pagarés,ARS,124299.71775000004,0.0,1428.0000245616,GEST
2026-06-18,Option Securities,CPD y Pagarés,ARS,130461.75507000017,0.0,1450.9999493601,GEST
2026-06-22,Option Securities,CPD y Pagarés,ARS,134177.20884999802,0.0,1461.5000690559,GEST
2026-06-26,Option Securities,CPD y Pagarés,ARS,179553.15612000035,0.0,1476.9999354551,GEST
2026-07-14,Criteria,CPD y Pagarés,ARS,106632.69381700215,0.0,1471.4999160509,GEST
2026-07-21,Criteria,CPD y Pagarés,ARS,143560.0780899959,0.0,1477.4998928813,GEST
2026-07-22,Criteria,CPD y Pagarés,ARS,119689.81200000028,0.0,1483.0000735568,GEST
2025-07-10,Allaria,CPD y Pagarés,ARS,713147.7790736825,0.0,1255.0000771825,MULTI
2025-04-09,Allaria,CPD y Pagarés,ARS,280538.79280000034,0.0,1076.4999627531,MULTI
2026-03-11,Allaria,CPD y Pagarés,ARS,211542.45241942926,0.0,1395.9999575616,MULTI
2025-11-14,Allaria,CPD y Pagarés,ARS,398788.3248000005,0.0,1402.9999506144,MULTI
2026-01-12,Allaria,CPD y Pagarés,ARS,370710.0165723028,0.0,1467.5000110063,MULTI
2026-04-27,Allaria,CPD y Pagarés,ARS,456951.30425,0.0,1417.0000041093,MULTI
2026-07-20,Allaria,CPD y Pagarés,ARS,433003.2623283868,0.0,1481.0001015966,MULTI
2026-07-08,Allaria,CPD y Pagarés,ARS,234879.02850000007,0.0,1488.000023808,MULTI
2026-07-20,Allaria,CPD y Pagarés,ARS,462525.2890000022,0.0,1481.0001015966,MULTI
2025-09-17,PP Inversiones (PPI),CPD y Pagarés,ARS,40691.76,0.0,1474.499997051,RFIJA
2025-09-25,PP Inversiones (PPI),CPD y Pagarés,ARS,221421.10492800074,0.0,1336.9999219192,RFIJA
2025-10-03,PP Inversiones (PPI),CPD y Pagarés,ARS,89364.68911000158,0.0,1424.5000040598,RFIJA
2025-12-09,PP Inversiones (PPI),CPD y Pagarés,ARS,116851.59905000014,0.0,1441.9999501068,RFIJA
2026-01-29,PP Inversiones (PPI),CPD y Pagarés,ARS,71304.9533000014,0.0,1444.4999292917,RFIJA
2026-03-04,PP Inversiones (PPI),CPD y Pagarés,ARS,113173.86595000203,0.0,1400.5000065123,RFIJA
2026-05-12,PP Inversiones (PPI),CPD y Pagarés,ARS,48410.40780000021,0.0,1383.9999092096,RFIJA
2026-05-21,PP Inversiones (PPI),CPD y Pagarés,ARS,150413.80969999774,0.0,1389.5000759362,RFIJA
2025-04-24,Option Securities,CPD y Pagarés,USDMEP,73113.4,0.0,1173.9999398912,RDOLAR
2025-04-24,Option Securities,CPD y Pagarés,USDMEP,65943.32,0.0,1173.9999398912,RDOLAR
2025-05-16,Option Securities,CPD y Pagarés,USDMEP,45885.96,0.0,1142.0000555012,RDOLAR
2025-05-16,Option Securities,CPD y Pagarés,USDMEP,45841.87,0.0,1142.0000555012,RDOLAR
2025-05-16,Option Securities,CPD y Pagarés,USDMEP,41658.24,0.0,1142.0000555012,RDOLAR
2025-05-16,Option Securities,CPD y Pagarés,USDMEP,41592.87,0.0,1142.0000555012,RDOLAR
2025-05-16,Option Securities,CPD y Pagarés,USDMEP,41560.25,0.0,1142.0000555012,RDOLAR
2025-02-21,Criteria,CPD y Pagarés,USDMEP,50000.0,0.0,1058.7500397031,RDOLAR
2025-05-05,Criteria,CPD y Pagarés,USDMEP,48889.72,0.0,1200.000048,RDOLAR
2025-01-02,Alchemy Valores,CPD y Pagarés,ARS,14541.928500000387,0.0,1031.5000517297,PyMES
2025-01-06,Alchemy Valores,CPD y Pagarés,ARS,2898.5508000000023,0.0,1034.99997309,PyMES
2025-01-08,Alchemy Valores,CPD y Pagarés,ARS,482.8584999999777,0.0,1035.5000481508,PyMES
2025-01-08,Alchemy Valores,CPD y Pagarés,ARS,3042.0085499998595,0.0,1035.5000481508,PyMES
2025-01-08,Alchemy Valores,CPD y Pagarés,ARS,1351.5618009862078,0.0,1035.5000481508,PyMES
2025-01-08,Alchemy Valores,CPD y Pagarés,ARS,373.8956851729827,0.0,1035.5000481508,PyMES
2025-01-08,Alchemy Valores,CPD y Pagarés,ARS,546.4776182391747,0.0,1035.5000481508,PyMES
2025-01-09,Alchemy Valores,CPD y Pagarés,ARS,53037.61100000012,0.0,1036.9999508462,PyMES
2025-01-09,Alchemy Valores,CPD y Pagarés,ARS,2892.9606000000067,0.0,1036.9999508462,PyMES
2025-01-10,Alchemy Valores,CPD y Pagarés,ARS,8169.935295644519,0.0,1036.9999508462,PyMES
2026-02-04,Alchemy Valores,CPD y Pagarés,ARS,6217.61670000011,0.0,1447.4999721356,PyMES
2026-02-04,Alchemy Valores,CPD y Pagarés,ARS,4145.077800000073,0.0,1447.4999721356,PyMES
2026-02-09,PP Inversiones (PPI),CPD y Pagarés,ARS,1765.5367500000004,0.0,1415.9999784768,PyMES
2026-02-09,PP Inversiones (PPI),CPD y Pagarés,ARS,2118.6441000000004,0.0,1415.9999784768,PyMES
2026-02-12,Allaria,CPD y Pagarés,ARS,17171.326688600016,0.0,1394.9999574525,PyMES
2026-02-20,Allaria,CPD y Pagarés,ARS,6581.591667064235,0.0,1375.9999735808,PyMES
2026-02-24,Alchemy Valores,CPD y Pagarés,ARS,18109.380000000023,0.0,1380.5000502502,PyMES
2026-02-25,Alchemy Valores,CPD y Pagarés,ARS,3573.981500000002,0.0,1398.9999668437,PyMES
2026-02-26,Alchemy Valores,CPD y Pagarés,ARS,4083.806975000006,0.0,1407.9999459328,PyMES
2026-03-04,Alchemy Valores,CPD y Pagarés,ARS,14280.614000000256,0.0,1400.5000065123,PyMES
2026-03-20,PP Inversiones (PPI),CPD y Pagarés,ARS,1489.6178230865914,0.0,1390.4999375666,PyMES
2026-03-26,PP Inversiones (PPI),CPD y Pagarés,ARS,3143.275060000013,0.0,1367.9999102592,PyMES
2026-03-27,PP Inversiones (PPI),CPD y Pagarés,ARS,6890.678427609775,0.0,1382.5000107144,PyMES
2026-03-31,Alchemy Valores,CPD y Pagarés,ARS,2155.1724,0.0,1392.0000089088,PyMES
2026-04-06,PP Inversiones (PPI),CPD y Pagarés,ARS,1014.9355349730182,0.0,1392.9999800801,PyMES
2026-04-06,PP Inversiones (PPI),CPD y Pagarés,ARS,1165.0793418580504,0.0,1392.9999800801,PyMES
2026-04-06,PP Inversiones (PPI),CPD y Pagarés,ARS,851.2720868322002,0.0,1392.9999800801,PyMES
2026-04-06,PP Inversiones (PPI),CPD y Pagarés,ARS,988.4105166468333,0.0,1392.9999800801,PyMES
2026-04-06,PP Inversiones (PPI),CPD y Pagarés,ARS,843.5032425000002,0.0,1392.9999800801,PyMES
2026-04-14,PP Inversiones (PPI),CPD y Pagarés,ARS,3665.689000000006,0.0,1364.0000556512,PyMES
2026-04-17,SyC Inversiones,CPD y Pagarés,ARS,12825.211000000007,0.0,1364.4999680707,PyMES
2026-04-28,PP Inversiones (PPI),CPD y Pagarés,ARS,1858.4488258646486,0.0,1404.4999053367,PyMES
2026-04-28,SyC Inversiones,CPD y Pagarés,ARS,3295.479040200015,0.0,1404.4999053367,PyMES
2026-04-28,SyC Inversiones,CPD y Pagarés,ARS,996.7960800000045,0.0,1404.4999053367,PyMES
2026-04-30,SyC Inversiones,CPD y Pagarés,ARS,3437.81470860001,0.0,1390.9999244687,PyMES
2026-04-30,SyC Inversiones,CPD y Pagarés,ARS,1150.2516800000033,0.0,1390.9999244687,PyMES
2026-05-12,PP Inversiones (PPI),CPD y Pagarés,ARS,871.8160759772618,0.0,1383.9999092096,PyMES
2026-05-12,PP Inversiones (PPI),CPD y Pagarés,ARS,11261.591540783527,0.0,1383.9999092096,PyMES
2026-05-13,Allaria,CPD y Pagarés,ARS,4521.3729954885,0.0,1392.0000089088,PyMES
2026-05-13,Allaria,CPD y Pagarés,ARS,3274.5948066288,0.0,1392.0000089088,PyMES
2026-05-13,PP Inversiones (PPI),CPD y Pagarés,ARS,2689.4482586496,0.0,1392.0000089088,PyMES
2026-03-09,PP Inversiones (PPI),CPD y Pagarés,ARS,1765.5367500000004,0.0,1415.9999784768,PyMES
2026-03-11,PP Inversiones (PPI),CPD y Pagarés,ARS,1333.8610720680012,0.0,1395.9999575616,PyMES
2026-03-20,PP Inversiones (PPI),CPD y Pagarés,ARS,611.2909299999792,0.0,1390.4999375666,PyMES
2026-04-06,Allaria,CPD y Pagarés,ARS,10050.251400000003,0.0,1392.9999800801,PyMES
2026-04-06,PP Inversiones (PPI),CPD y Pagarés,ARS,1134.2426580000003,0.0,1392.9999800801,PyMES
2026-04-06,PP Inversiones (PPI),CPD y Pagarés,ARS,861.4501200000002,0.0,1392.9999800801,PyMES
2026-04-06,PP Inversiones (PPI),CPD y Pagarés,ARS,949.4154550698212,0.0,1392.9999800801,PyMES
2026-04-06,PP Inversiones (PPI),CPD y Pagarés,ARS,816.4752449850002,0.0,1392.9999800801,PyMES
2026-04-06,PP Inversiones (PPI),CPD y Pagarés,ARS,3881.7999119347205,0.0,1392.9999800801,PyMES
2026-04-21,SyC Inversiones,CPD y Pagarés,ARS,13086.151200000038,0.0,1375.4999254479,PyMES
2026-04-27,SyC Inversiones,CPD y Pagarés,ARS,3528.5815,0.0,1417.0000041093,PyMES
2026-04-28,PP Inversiones (PPI),CPD y Pagarés,ARS,624.3752645820028,0.0,1404.4999053367,PyMES
2026-04-28,SyC Inversiones,CPD y Pagarés,ARS,4867.711257240022,0.0,1404.4999053367,PyMES
2026-05-04,PP Inversiones (PPI),CPD y Pagarés,ARS,2316.4810848677107,0.0,1402.4999561719,PyMES
2026-05-13,PP Inversiones (PPI),CPD y Pagarés,ARS,1005.74712,0.0,1392.0000089088,PyMES
2026-05-13,PP Inversiones (PPI),CPD y Pagarés,ARS,21551.724,0.0,1392.0000089088,PyMES
2026-05-14,Allaria,CPD y Pagarés,ARS,4236.24513297563,0.0,1390.9999244687,PyMES
2026-05-15,SyC Inversiones,CPD y Pagarés,ARS,228.11043248999593,0.0,1394.5000082973,PyMES
2026-05-18,SyC Inversiones,CPD y Pagarés,ARS,3579.0980000000013,0.0,1397.0000262636,PyMES
2026-05-20,Allaria,CPD y Pagarés,ARS,3579.0980000000013,0.0,1397.0000262636,PyMES
2026-05-20,PP Inversiones (PPI),CPD y Pagarés,ARS,343.5934080000001,0.0,1397.0000262636,PyMES
2026-05-20,PP Inversiones (PPI),CPD y Pagarés,ARS,4294.917600000002,0.0,1397.0000262636,PyMES
2026-05-29,Alchemy Valores,CPD y Pagarés,ARS,213068.1900000003,0.0,1407.9999459328,PyMES
2026-06-08,Alchemy Valores,CPD y Pagarés,ARS,5742.341823255855,0.0,1446.4999691172,PyMES
2026-06-10,Alchemy Valores,CPD y Pagarés,ARS,349.0401500000064,0.0,1432.4999573831,PyMES
2026-06-10,Alchemy Valores,CPD y Pagarés,ARS,1987.9295530327363,0.0,1432.4999573831,PyMES
2026-06-10,Alchemy Valores,CPD y Pagarés,ARS,657.7496042102961,0.0,1432.4999573831,PyMES
2026-06-10,Alchemy Valores,CPD y Pagarés,ARS,1192.9096899393458,0.0,1432.4999573831,PyMES
2026-06-10,Alchemy Valores,CPD y Pagarés,ARS,674.3015558370973,0.0,1432.4999573831,PyMES
2026-06-10,Alchemy Valores,CPD y Pagarés,ARS,849.6506221357595,0.0,1432.4999573831,PyMES
2026-06-18,Alchemy Valores,CPD y Pagarés,ARS,31013.09550000004,0.0,1450.9999493601,PyMES
2026-06-25,PP Inversiones (PPI),CPD y Pagarés,ARS,7742.170406037653,0.0,1476.9999354551,PyMES
2026-06-29,Alchemy Valores,CPD y Pagarés,ARS,2060.6143564800063,0.0,1481.4999179249,PyMES
2026-06-29,Alchemy Valores,CPD y Pagarés,ARS,672.966625200002,0.0,1481.4999179249,PyMES
2026-06-29,Alchemy Valores,CPD y Pagarés,ARS,1144.7857536000035,0.0,1481.4999179249,PyMES
2026-06-29,Alchemy Valores,CPD y Pagarés,ARS,6749.91600000002,0.0,1481.4999179249,PyMES
2026-06-29,Alchemy Valores,CPD y Pagarés,ARS,4049.949600000012,0.0,1481.4999179249,PyMES
2026-06-29,Alchemy Valores,CPD y Pagarés,ARS,1648.059490560005,0.0,1481.4999179249,PyMES
2026-06-29,Alchemy Valores,CPD y Pagarés,ARS,708.0924050737462,0.0,1481.4999179249,PyMES
2026-06-29,Alchemy Valores,CPD y Pagarés,ARS,3374.95800000001,0.0,1481.4999179249,PyMES
2026-06-29,Alchemy Valores,CPD y Pagarés,ARS,59033.97958502853,0.0,1481.4999179249,PyMES
2026-07-21,SyC Inversiones,CPD y Pagarés,ARS,25179.08014697146,0.0,1477.4998928813,PyMES
2026-07-21,PP Inversiones (PPI),CPD y Pagarés,ARS,5956.00719999983,0.0,1477.4998928813,PyMES
2026-07-23,SyC Inversiones,CPD y Pagarés,ARS,6715.917000000011,0.0,1488.9999385043,PyMES
2026-07-23,SyC Inversiones,CPD y Pagarés,ARS,13872.342413088923,0.0,1488.9999385043,PyMES
2026-07-30,SyC Inversiones,CPD y Pagarés,ARS,6894.008317115222,0.0,1488.000023808,PyMES
2026-01-07,Invertir en Bolsa (IEB),CPD y Pagarés,ARS,40278.763980774005,0.0,1460.0000146,GESTII
2025-05-27,INVIU,CPD y Pagarés,ARS,904761.9405000014,0.0,1154.9999543775,RCAP
2025-06-12,INVIU,CPD y Pagarés,ARS,904978.9495600023,0.0,1184.9999389725,RCAP
2026-07-22,INVIU,CPD y Pagarés,ARS,157788.25920000038,0.0,1483.0000735568,RCAP
2025-12-18,PP Inversiones (PPI),CPD y Pagarés,ARS,1378.3598000000018,0.0,1450.9999493601,RETORNO TOTAL
2025-11-10,PP Inversiones (PPI),CPD y Pagarés,ARS,130939.81500000249,0.0,1420.4999449556,LIQUIDEZ PLUS
2025-12-10,PP Inversiones (PPI),CPD y Pagarés,ARS,181217.39809999397,0.0,1437.4999460938,LIQUIDEZ PLUS
2026-01-07,Invertir en Bolsa (IEB),CPD y Pagarés,ARS,201393.82058880152,0.0,1460.0000146,LIQUIDEZ PLUS
2026-02-11,PP Inversiones (PPI),CPD y Pagarés,ARS,223709.3298115277,0.0,1400.000028,LIQUIDEZ PLUS
2025-07-31,Cohen,CPD y Pagarés,ARS,7278.0200000000195,0.0,1374.000071448,INC
2025-12-04,Cohen,CPD y Pagarés,ARS,103878.12000000014,0.0,1443.9999491712,INC
2026-01-15,INVIU,CPD y Pagarés,ARS,103351.47733181439,0.0,1441.0000540375,INC
2026-07-22,INVIU,CPD y Pagarés,ARS,11463.249600000028,0.0,1483.0000735568,INC
2025-01-10,Invertir en Bolsa (IEB),CPD y Pagarés,ARS,68968.18540988273,0.0,1036.9999508462,GEST
2025-01-10,Invertir en Bolsa (IEB),CPD y Pagarés,ARS,100733.94927816433,0.0,1036.9999508462,GEST
2025-01-22,Criteria,CPD y Pagarés,ARS,7214.606840863879,0.0,1047.0000412518,GEST
2025-01-08,Invertir en Bolsa (IEB),CPD y Pagarés,ARS,68080.56004043126,0.0,1035.5000481508,GEST
2025-01-08,Invertir en Bolsa (IEB),CPD y Pagarés,ARS,72540.46471957372,0.0,1035.5000481508,GEST
2025-01-02,Invertir en Bolsa (IEB),CPD y Pagarés,ARS,106640.80900000285,0.0,1031.5000517297,GEST
2025-01-13,Criteria,CPD y Pagarés,ARS,252044.56310630124,0.0,1039.4999589398,GEST
2025-01-31,Criteria,CPD y Pagarés,ARS,241932.540367185,0.0,1051.5000542048,GEST
2025-01-15,Criteria,CPD y Pagarés,ARS,439673.3939600001,0.0,1040.9999929212,GEST
2025-01-31,Criteria,CPD y Pagarés,ARS,428028.88500121713,0.0,1051.5000542048,GEST
2025-01-15,Criteria,CPD y Pagarés,ARS,253602.60979366204,0.0,1040.9999929212,GEST
2025-01-31,Criteria,CPD y Pagarés,ARS,242371.33645488363,0.0,1051.5000542048,GEST
2025-01-17,Criteria,CPD y Pagarés,ARS,105616.89600000008,0.0,1041.5000266624,GEST
2025-02-24,Criteria,CPD y Pagarés,ARS,102221.1941756711,0.0,1060.2499772576,GEST
2025-01-31,Criteria,CPD y Pagarés,ARS,105563.47530000278,0.0,1051.5000542048,GEST
2025-01-31,Criteria,CPD y Pagarés,ARS,230147.39660000606,0.0,1051.5000542048,GEST
2025-02-03,Criteria,CPD y Pagarés,ARS,113879.00400000202,0.0,1053.7499959167,GEST
2025-02-24,Criteria,CPD y Pagarés,ARS,111404.62879849906,0.0,1060.2499772576,GEST
2025-02-03,Criteria,CPD y Pagarés,ARS,75503.3026603109,0.0,1053.7499959167,GEST
2025-02-03,Criteria,CPD y Pagarés,ARS,246738.03464531948,0.0,1053.7499959167,GEST
2025-02-28,Criteria,CPD y Pagarés,ARS,241222.50074198854,0.0,1062.9999687478,GEST
2025-02-06,Criteria,CPD y Pagarés,ARS,113851.992,0.0,1054.0000037944,GEST
2025-02-24,Criteria,CPD y Pagarés,ARS,110536.98239460152,0.0,1060.2499772576,GEST
2025-02-11,Criteria,CPD y Pagarés,ARS,66303.57299999894,0.0,1055.7500423092,GEST
2025-02-25,Criteria,CPD y Pagarés,ARS,62932.571457213744,0.0,1060.5000427382,GEST
2025-02-25,Criteria,CPD y Pagarés,ARS,62575.43545086141,0.0,1060.5000427382,GEST
2025-02-20,Criteria,CPD y Pagarés,ARS,251711.91500000632,0.0,1058.7500397031,GEST
2025-02-28,Criteria,CPD y Pagarés,ARS,247496.14469877613,0.0,1062.9999687478,GEST
2025-02-21,Criteria,CPD y Pagarés,ARS,68004.7200000017,0.0,1058.7500397031,GEST
2025-02-28,Criteria,CPD y Pagarés,ARS,63788.40679541679,0.0,1062.9999687478,GEST
2025-02-28,Criteria,CPD y Pagarés,ARS,63848.41523556298,0.0,1062.9999687478,GEST
2025-02-26,Criteria,CPD y Pagarés,ARS,246937.26170802486,0.0,1060.9999648809,GEST
2025-03-21,Criteria,CPD y Pagarés,ARS,238175.13767734807,0.0,1068.7500166992,GEST
2025-02-26,Criteria,CPD y Pagarés,ARS,246938.10996441485,0.0,1060.9999648809,GEST
2025-03-21,Criteria,CPD y Pagarés,ARS,237153.47645354542,0.0,1068.7500166992,GEST
2025-02-26,Criteria,CPD y Pagarés,ARS,246938.29846583487,0.0,1060.9999648809,GEST
2025-03-21,Criteria,CPD y Pagarés,ARS,236950.1974766047,0.0,1068.7500166992,GEST
2025-02-27,Criteria,CPD y Pagarés,ARS,117730.16250000209,0.0,1061.749999708,GEST
2025-02-28,Criteria,CPD y Pagarés,ARS,337723.43420000025,0.0,1062.9999687478,GEST
2025-03-05,Criteria,CPD y Pagarés,ARS,393041.84700000926,0.0,1063.4999890991,GEST
2025-03-13,Criteria,CPD y Pagarés,ARS,309496.1164548615,0.0,1066.2499477538,GEST
2025-03-13,Criteria,CPD y Pagarés,ARS,562720.2329659966,0.0,1066.2499477538,GEST
2025-03-13,Criteria,CPD y Pagarés,ARS,1453.6929199999354,0.0,1066.2499477538,GEST
2025-03-17,Criteria,CPD y Pagarés,ARS,1873097.6000000008,0.0,1067.7500200737,GEST
2025-03-20,Criteria,CPD y Pagarés,ARS,257249.7675,0.0,1068.9999943343,GEST
2025-03-21,Criteria,CPD y Pagarés,ARS,187134.50000000335,0.0,1068.7500166992,GEST
2025-03-31,Criteria,CPD y Pagarés,ARS,1863498.7999999383,0.0,1073.24995326,GEST
2025-01-23,Alchemy Valores,CPD y Pagarés,ARS,5253.103900000008,0.0,1047.0000412518,PyMES
2025-01-24,Alchemy Valores,CPD y Pagarés,ARS,10038.240450000021,0.0,1046.0000487436,PyMES
2025-01-24,Criteria,CPD y Pagarés,ARS,74710.6401322509,0.0,1046.0000487436,GEST
2025-01-24,Criteria,CPD y Pagarés,ARS,99746.63665199795,0.0,1046.0000487436,GEST
2025-01-24,Criteria,CPD y Pagarés,ARS,76241.3767530792,0.0,1046.0000487436,GEST
2025-01-24,Criteria,CPD y Pagarés,ARS,97006.4228217569,0.0,1046.0000487436,GEST
2025-01-24,Criteria,CPD y Pagarés,ARS,75456.22124473435,0.0,1046.0000487436,GEST
2025-01-24,Criteria,CPD y Pagarés,ARS,91567.23607713506,0.0,1046.0000487436,GEST
2025-01-24,Criteria,CPD y Pagarés,ARS,100597.49665058877,0.0,1046.0000487436,GEST
2025-01-24,Criteria,CPD y Pagarés,ARS,77559.99115625891,0.0,1046.0000487436,GEST
2025-01-24,Criteria,CPD y Pagarés,ARS,103410.07051569874,0.0,1046.0000487436,GEST
2025-01-24,Criteria,CPD y Pagarés,ARS,70742.1577932816,0.0,1046.0000487436,GEST
2025-01-24,Criteria,CPD y Pagarés,ARS,75334.47239763539,0.0,1046.0000487436,GEST
2025-01-27,Alchemy Valores,CPD y Pagarés,ARS,3763.697065000091,0.0,1049.4999814763,PyMES
2025-01-27,Alchemy Valores,CPD y Pagarés,ARS,3982.8490460000958,0.0,1049.4999814763,PyMES
2025-01-27,Alchemy Valores,CPD y Pagarés,ARS,3935.2073110000947,0.0,1049.4999814763,PyMES
2025-01-27,Alchemy Valores,CPD y Pagarés,ARS,2858.504100000069,0.0,1049.4999814763,PyMES
2025-01-27,Criteria,CPD y Pagarés,ARS,316817.53775000764,0.0,1049.4999814763,GEST
2025-01-28,SyC Inversiones,CPD y Pagarés,ARS,2855.7830999999387,0.0,1050.4999486831,PyMES
2025-01-29,SyC Inversiones,CPD y Pagarés,ARS,10936.756450000288,0.0,1051.5000542048,PyMES
2025-01-31,Alchemy Valores,CPD y Pagarés,ARS,3594.8642940000946,0.0,1051.5000542048,PyMES
2025-02-03,Alchemy Valores,CPD y Pagarés,ARS,4744.958500000084,0.0,1053.7499959167,PyMES
2025-02-03,Criteria,CPD y Pagarés,ARS,493476.06644366385,0.0,1053.7499959167,GEST
2025-02-03,Criteria,CPD y Pagarés,ARS,483986.0545444937,0.0,1053.7499959167,GEST
2025-02-03,Criteria,CPD y Pagarés,ARS,493476.16134283383,0.0,1053.7499959167,GEST
2025-02-03,Criteria,CPD y Pagarés,ARS,75974.12898716504,0.0,1053.7499959167,GEST
2025-02-03,Criteria,CPD y Pagarés,ARS,73166.04008423144,0.0,1053.7499959167,GEST
2025-02-03,Criteria,CPD y Pagarés,ARS,81183.32358860817,0.0,1053.7499959167,GEST
2025-02-03,Criteria,CPD y Pagarés,ARS,93556.73454995987,0.0,1053.7499959167,GEST
2025-02-03,Criteria,CPD y Pagarés,ARS,75729.1261012809,0.0,1053.7499959167,GEST
2025-02-03,Criteria,CPD y Pagarés,ARS,246737.93974614947,0.0,1053.7499959167,GEST
2025-02-28,Criteria,CPD y Pagarés,ARS,243134.123827353,0.0,1062.9999687478,GEST
2025-02-28,Criteria,CPD y Pagarés,ARS,242893.61979394165,0.0,1062.9999687478,GEST
2025-02-03,Criteria,CPD y Pagarés,ARS,246738.12954448946,0.0,1053.7499959167,GEST
2025-02-28,Criteria,CPD y Pagarés,ARS,242653.58487625432,0.0,1062.9999687478,GEST
2025-02-24,Criteria,CPD y Pagarés,ARS,110969.13299099685,0.0,1060.2499772576,GEST
2025-02-04,Criteria,CPD y Pagarés,ARS,33214.70950000059,0.0,1053.7499959167,GEST
2025-02-24,Criteria,CPD y Pagarés,ARS,31206.429690836227,0.0,1060.2499772576,GEST
2025-02-04,Criteria,CPD y Pagarés,ARS,38908.65970000069,0.0,1053.7499959167,GEST
2025-02-24,Criteria,CPD y Pagarés,ARS,36384.48409098844,0.0,1060.2499772576,GEST
2025-02-04,Criteria,CPD y Pagarés,ARS,42704.626500000755,0.0,1053.7499959167,GEST
2025-02-24,Criteria,CPD y Pagarés,ARS,39710.442247687584,0.0,1060.2499772576,GEST
2025-02-05,Criteria,CPD y Pagarés,ARS,342694.49591999996,0.0,1054.0000037944,GEST
2025-02-28,Criteria,CPD y Pagarés,ARS,337101.4335043851,0.0,1062.9999687478,GEST
2025-02-24,Criteria,CPD y Pagarés,ARS,110752.6419795151,0.0,1060.2499772576,GEST
2025-02-24,Criteria,CPD y Pagarés,ARS,110108.1384900951,0.0,1060.2499772576,GEST
2025-02-24,Criteria,CPD y Pagarés,ARS,110001.43972807993,0.0,1060.2499772576,GEST
2025-02-24,Criteria,CPD y Pagarés,ARS,109470.98983224055,0.0,1060.2499772576,GEST
2025-02-06,Alchemy Valores,CPD y Pagarés,ARS,4743.833,0.0,1054.0000037944,PyMES
2025-02-06,Alchemy Valores,CPD y Pagarés,ARS,37950.664,0.0,1054.0000037944,PyMES
2025-02-06,Alchemy Valores,CPD y Pagarés,ARS,3795.0663999999997,0.0,1054.0000037944,PyMES
2025-02-06,Alchemy Valores,CPD y Pagarés,ARS,5849.8858992440155,0.0,1054.0000037944,PyMES
2025-02-06,Alchemy Valores,CPD y Pagarés,ARS,6005.1582516262115,0.0,1054.0000037944,PyMES
2025-02-06,Alchemy Valores,CPD y Pagarés,ARS,6127.135670541932,0.0,1054.0000037944,PyMES
2025-02-11,Criteria,CPD y Pagarés,ARS,63461.99129999898,0.0,1055.7500423092,GEST
2025-02-25,Criteria,CPD y Pagarés,ARS,59837.0307427374,0.0,1060.5000427382,GEST
2025-02-12,Alchemy Valores,CPD y Pagarés,ARS,56804.73600000009,0.0,1056.24995775,PyMES
2025-02-14,Criteria,CPD y Pagarés,ARS,80492.42450000001,0.0,1055.9999966208,GEST
2025-02-25,Criteria,CPD y Pagarés,ARS,75840.97817887139,0.0,1060.5000427382,GEST
2025-02-25,Criteria,CPD y Pagarés,ARS,75698.03198944118,0.0,1060.5000427382,GEST
2025-02-25,Criteria,CPD y Pagarés,ARS,75484.60547281834,0.0,1060.5000427382,GEST
2025-02-14,PP Inversiones (PPI),CPD y Pagarés,ARS,2918.9725472195,0.0,1055.9999966208,PyMES
2025-02-14,PP Inversiones (PPI),CPD y Pagarés,ARS,5255.681835,0.0,1055.9999966208,PyMES
2025-02-14,Alchemy Valores,CPD y Pagarés,ARS,3787.8788000000004,0.0,1055.9999966208,PyMES
2025-02-19,Criteria,CPD y Pagarés,ARS,219650.44575000522,0.0,1058.5000144485,GEST
2025-02-28,Criteria,CPD y Pagarés,ARS,216988.0489664665,0.0,1062.9999687478,GEST
2025-02-19,Criteria,CPD y Pagarés,ARS,442135.09080001054,0.0,1058.5000144485,GEST
2025-02-28,Criteria,CPD y Pagarés,ARS,436775.94374431716,0.0,1062.9999687478,GEST
2025-02-19,Criteria,CPD y Pagarés,ARS,28341.993000000675,0.0,1058.5000144485,GEST
2025-02-24,Criteria,CPD y Pagarés,ARS,26448.927273295998,0.0,1060.2499772576,GEST
2025-02-19,Criteria,CPD y Pagarés,ARS,23618.327500000563,0.0,1058.5000144485,GEST
2025-02-24,Criteria,CPD y Pagarés,ARS,22040.772724602753,0.0,1060.2499772576,GEST
2025-02-24,Criteria,CPD y Pagarés,ARS,26424.271738694988,0.0,1060.2499772576,GEST
2025-02-19,Criteria,CPD y Pagarés,ARS,150401.50952000357,0.0,1058.5000144485,GEST
2025-03-05,Criteria,CPD y Pagarés,ARS,148508.62704172797,0.0,1063.4999890991,GEST
2025-02-20,Criteria,CPD y Pagarés,ARS,508429.73300001275,0.0,1058.7500397031,GEST
2025-02-28,Criteria,CPD y Pagarés,ARS,499914.35156483843,0.0,1062.9999687478,GEST
2025-02-20,Alchemy Valores,CPD y Pagarés,ARS,255.60940717970644,0.0,1058.7500397031,PyMES
2025-02-20,Alchemy Valores,CPD y Pagarés,ARS,472.2559445100119,0.0,1058.7500397031,PyMES
2025-02-20,Alchemy Valores,CPD y Pagarés,ARS,2835.4611829264713,0.0,1058.7500397031,PyMES
2025-02-20,Alchemy Valores,CPD y Pagarés,ARS,491.5666403620124,0.0,1058.7500397031,PyMES
2025-02-20,Alchemy Valores,CPD y Pagarés,ARS,478.553937190012,0.0,1058.7500397031,PyMES
2025-02-20,Alchemy Valores,CPD y Pagarés,ARS,2722.8636523200685,0.0,1058.7500397031,PyMES
2025-02-20,Alchemy Valores,CPD y Pagarés,ARS,2722.320096260168,0.0,1058.7500397031,PyMES
2025-02-20,Alchemy Valores,CPD y Pagarés,ARS,2219.602806965656,0.0,1058.7500397031,PyMES
2025-02-20,Alchemy Valores,CPD y Pagarés,ARS,377.8049445100095,0.0,1058.7500397031,PyMES
2025-02-20,Alchemy Valores,CPD y Pagarés,ARS,369.58000975350933,0.0,1058.7500397031,PyMES
2025-02-20,Alchemy Valores,CPD y Pagarés,ARS,1593.12545619644,0.0,1058.7500397031,PyMES
2025-02-20,Alchemy Valores,CPD y Pagarés,ARS,944.5109445100237,0.0,1058.7500397031,PyMES
2025-02-20,Alchemy Valores,CPD y Pagarés,ARS,1375.3019555100345,0.0,1058.7500397031,PyMES
2025-02-20,Alchemy Valores,CPD y Pagarés,ARS,9445.100944510237,0.0,1058.7500397031,PyMES
2025-02-20,Alchemy Valores,CPD y Pagarés,ARS,454.53693691001143,0.0,1058.7500397031,PyMES
2025-02-20,Alchemy Valores,CPD y Pagarés,ARS,6398.421483790161,0.0,1058.7500397031,PyMES
2025-02-20,INVIU,CPD y Pagarés,ARS,269185.3500000068,0.0,1058.7500397031,RCAP
2025-02-28,Criteria,CPD y Pagarés,ARS,64210.81496399739,0.0,1062.9999687478,GEST
2025-02-28,Criteria,CPD y Pagarés,ARS,64150.133786296145,0.0,1062.9999687478,GEST
2025-02-21,Alchemy Valores,CPD y Pagarés,ARS,7083.825000000178,0.0,1058.7500397031,PyMES
2025-05-05,Criteria,CPD y Pagarés,USDMEP,48869.75,0.0,1200.000048,RDOLAR
2025-02-24,Alchemy Valores,CPD y Pagarés,ARS,13292.823675841277,0.0,1060.2499772576,PyMES
2025-02-24,Alchemy Valores,CPD y Pagarés,ARS,32666.866534235272,0.0,1060.2499772576,PyMES
2025-02-24,Alchemy Valores,CPD y Pagarés,ARS,20501.654908047007,0.0,1060.2499772576,PyMES
2025-02-24,Alchemy Valores,CPD y Pagarés,ARS,33481.16907469195,0.0,1060.2499772576,PyMES
2025-02-24,Alchemy Valores,CPD y Pagarés,ARS,17553.06437085481,0.0,1060.2499772576,PyMES
2025-02-25,SyC Inversiones,CPD y Pagarés,ARS,7457.320746145719,0.0,1060.5000427382,PyMES
2025-02-25,Alchemy Valores,CPD y Pagarés,ARS,942.9513999999572,0.0,1060.5000427382,PyMES
2025-02-25,Alchemy Valores,CPD y Pagarés,ARS,9429.513999999572,0.0,1060.5000427382,PyMES
2025-02-25,SyC Inversiones,CPD y Pagarés,ARS,9429.513999999572,0.0,1060.5000427382,PyMES
2025-02-26,Alchemy Valores,CPD y Pagarés,ARS,3298.7748500000034,0.0,1060.9999648809,PyMES
2025-02-26,Criteria,CPD y Pagarés,ARS,246937.07320660487,0.0,1060.9999648809,GEST
2025-03-21,Criteria,CPD y Pagarés,ARS,238380.4930612739,0.0,1068.7500166992,GEST
2025-02-26,Criteria,CPD y Pagarés,ARS,246936.97895589485,0.0,1060.9999648809,GEST
2025-03-21,Criteria,CPD y Pagarés,ARS,238380.40206712327,0.0,1068.7500166992,GEST
2025-02-26,Criteria,CPD y Pagarés,ARS,246937.16745731485,0.0,1060.9999648809,GEST
2025-03-21,Criteria,CPD y Pagarés,ARS,238175.04676740797,0.0,1068.7500166992,GEST
2025-02-26,Criteria,CPD y Pagarés,ARS,246937.35595873487,0.0,1060.9999648809,GEST
2025-03-21,Criteria,CPD y Pagarés,ARS,238175.22858728818,0.0,1068.7500166992,GEST
2025-02-26,Criteria,CPD y Pagarés,ARS,246937.63871086485,0.0,1060.9999648809,GEST
2025-03-21,Criteria,CPD y Pagarés,ARS,237970.31218347244,0.0,1068.7500166992,GEST
2025-02-26,Criteria,CPD y Pagarés,ARS,246937.45020944485,0.0,1060.9999648809,GEST
2025-03-21,Criteria,CPD y Pagarés,ARS,237970.13054137005,0.0,1068.7500166992,GEST
2025-02-26,Criteria,CPD y Pagarés,ARS,246937.82721228487,0.0,1060.9999648809,GEST
2025-03-21,Criteria,CPD y Pagarés,ARS,237765.65229427262,0.0,1068.7500166992,GEST
2025-02-26,Criteria,CPD y Pagarés,ARS,246937.73296157486,0.0,1060.9999648809,GEST
2026-07-23,Alchemy Valores,CPD y Pagarés,ARS,16789.79250000003,0.0,1488.9999385043,PyMES
2026-07-27,Alchemy Valores,CPD y Pagarés,ARS,26720.108000000047,0.0,1496.9999372757,PyMES
2026-07-30,SyC Inversiones,CPD y Pagarés,ARS,8627.817059535573,0.0,1488.000023808,PyMES
2026-07-30,SyC Inversiones,CPD y Pagarés,ARS,5396.306815540812,0.0,1488.000023808,PyMES
2025-12-10,PP Inversiones (PPI),CPD y Pagarés,ARS,36243.47961999879,0.0,1437.4999460938,GESTII
2025-01-22,Invertir en Bolsa (IEB),CPD y Pagarés,ARS,95.51098000000015,0.0,1047.0000412518,RCAP
2025-04-25,INVIU,CPD y Pagarés,ARS,855066.3000000196,0.0,1169.4999557344,RCAP
2025-05-29,INVIU,CPD y Pagarés,ARS,104395.5997500002,0.0,1183.0000526435,RCAP
2026-07-01,INVIU,CPD y Pagarés,ARS,1638683.748000003,0.0,1488.9999385043,RCAP
2025-12-18,PP Inversiones (PPI),CPD y Pagarés,ARS,689.1799000000009,0.0,1450.9999493601,RETORNO TOTAL
2025-04-28,Criteria,CPD y Pagarés,ARS,181663.9331653611,0.0,1178.0000480624,GEST
2025-04-28,Criteria,CPD y Pagarés,ARS,179966.3101446411,0.0,1178.0000480624,GEST
2025-04-28,Criteria,CPD y Pagarés,ARS,179117.49863428107,0.0,1178.0000480624,GEST
2025-04-28,Criteria,CPD y Pagarés,ARS,180815.1225038975,0.0,1178.0000480624,GEST
2025-04-28,Criteria,CPD y Pagarés,ARS,179117.4994831775,0.0,1178.0000480624,GEST
2025-04-28,Criteria,CPD y Pagarés,ARS,301358.2220000005,0.0,1178.0000480624,GEST
2025-04-28,Criteria,CPD y Pagarés,ARS,134125.6312000002,0.0,1178.0000480624,GEST
2025-04-29,Alchemy Valores,CPD y Pagarés,ARS,2575.1072999999997,0.0,1164.9999982525,PyMES
2025-04-29,Alchemy Valores,CPD y Pagarés,ARS,8583.690999999999,0.0,1164.9999982525,PyMES
2025-04-30,Criteria,CPD y Pagarés,ARS,186324.7962000005,0.0,1169.99993799,GEST
2025-04-30,Alchemy Valores,CPD y Pagarés,ARS,897.4359450000024,0.0,1169.99993799,PyMES
2025-04-30,Alchemy Valores,CPD y Pagarés,ARS,885.7256879691024,0.0,1169.99993799,PyMES
2025-04-30,Alchemy Valores,CPD y Pagarés,ARS,3504.2736900000095,0.0,1169.99993799,PyMES
2025-05-05,INVIU,CPD y Pagarés,ARS,609360.7062172384,0.0,1200.000048,RCAP
2026-06-19,INVIU,CPD y Pagarés,ARS,499016.622522503,0.0,1450.9999493601,RCAP
2025-05-06,PP Inversiones (PPI),CPD y Pagarés,ARS,7916.175762883677,0.0,1194.0000542076,PyMES
2025-05-06,PP Inversiones (PPI),CPD y Pagarés,ARS,4396.733845614414,0.0,1194.0000542076,PyMES
2025-05-06,PP Inversiones (PPI),CPD y Pagarés,ARS,4396.733845614413,0.0,1194.0000542076,PyMES
2025-05-08,Allaria,CPD y Pagarés,ARS,19748.654200000026,0.0,1113.9999605644,PyMES
2025-05-08,Alchemy Valores,CPD y Pagarés,ARS,8976.661000000011,0.0,1113.9999605644,PyMES
2025-05-09,Criteria,CPD y Pagarés,ARS,249559.86195000002,0.0,1135.9999872768,GEST
2025-05-12,INVIU,CPD y Pagarés,ARS,905539.8719080026,0.0,1129.99993898,RCAP
2025-05-12,Criteria,CPD y Pagarés,ARS,264601.78420000075,0.0,1129.99993898,GEST
2025-05-13,INVIU,CPD y Pagarés,ARS,106619.28,0.0,1125.5000033765,RCAP
2025-05-15,PP Inversiones (PPI),CPD y Pagarés,ARS,162565.9010000001,0.0,1138.0000286776,RFIJA
2025-05-19,Criteria,CPD y Pagarés,ARS,394391.2624802851,0.0,1140.9999860798,GEST
2025-05-27,Option Securities,CPD y Pagarés,ARS,377579.8783170026,0.0,1154.9999543775,GEST
2025-05-19,Criteria,CPD y Pagarés,ARS,438212.6477651251,0.0,1140.9999860798,GEST
2025-06-12,Criteria,CPD y Pagarés,ARS,413412.88517262007,0.0,1184.9999389725,GEST
2025-05-19,Criteria,CPD y Pagarés,ARS,438212.73540754506,0.0,1140.9999860798,GEST
2025-06-09,Option Securities,CPD y Pagarés,ARS,410971.1804983491,0.0,1184.9999389725,GEST
2025-05-19,Criteria,CPD y Pagarés,ARS,438212.8230499651,0.0,1140.9999860798,GEST
2025-06-09,Option Securities,CPD y Pagarés,ARS,410626.7056367268,0.0,1184.9999389725,GEST
2025-05-19,Criteria,CPD y Pagarés,ARS,153900.08952,0.0,1140.9999860798,GEST
2025-05-20,Criteria,CPD y Pagarés,ARS,224846.8842000004,0.0,1143.0000505206,GEST
2025-05-20,Criteria,CPD y Pagarés,ARS,437445.75935256144,0.0,1143.0000505206,GEST
2025-05-27,Option Securities,CPD y Pagarés,ARS,419183.204930031,0.0,1154.9999543775,GEST
2025-05-20,Alchemy Valores,CPD y Pagarés,ARS,10498.68720000002,0.0,1143.0000505206,PyMES
2025-05-20,Alchemy Valores,CPD y Pagarés,ARS,5249.34360000001,0.0,1143.0000505206,PyMES
2025-05-20,Alchemy Valores,CPD y Pagarés,ARS,2187.2265000000043,0.0,1143.0000505206,PyMES
2025-05-22,Criteria,CPD y Pagarés,ARS,228533.68334999497,0.0,1135.5000111847,GEST
2025-05-22,Alchemy Valores,CPD y Pagarés,ARS,14090.708799999691,0.0,1135.5000111847,PyMES
2025-05-23,Alchemy Valores,CPD y Pagarés,ARS,1823.1658616794318,0.0,1133.5000031738,PyMES
2025-05-23,Alchemy Valores,CPD y Pagarés,ARS,1102.779,0.0,1133.5000031738,PyMES
2025-05-23,Alchemy Valores,CPD y Pagarés,ARS,35288.928,0.0,1133.5000031738,PyMES
2025-05-23,Criteria,CPD y Pagarés,ARS,187913.5416,0.0,1133.5000031738,GEST
2025-05-26,Criteria,CPD y Pagarés,ARS,259814.7324,0.0,1133.5000031738,GEST
2025-05-26,Alchemy Valores,CPD y Pagarés,ARS,6528.45168,0.0,1133.5000031738,PyMES
2025-05-27,Criteria,CPD y Pagarés,ARS,141125.5467000002,0.0,1154.9999543775,GEST
2025-05-27,Criteria,CPD y Pagarés,ARS,183549.79080000028,0.0,1154.9999543775,GEST
2025-05-27,Alchemy Valores,CPD y Pagarés,ARS,3463.2036000000053,0.0,1154.9999543775,PyMES
2025-05-27,Alchemy Valores,CPD y Pagarés,ARS,3030.3031500000047,0.0,1154.9999543775,PyMES
2025-05-28,Criteria,CPD y Pagarés,ARS,157327.59250000026,0.0,1159.9999536,GEST
2025-05-28,Alchemy Valores,CPD y Pagarés,ARS,7956.955870002374,0.0,1159.9999536,PyMES
2025-05-29,Criteria,CPD y Pagarés,ARS,119188.49850000022,0.0,1183.0000526435,GEST
2025-05-29,Alchemy Valores,CPD y Pagarés,ARS,453.97919366098586,0.0,1183.0000526435,PyMES
2025-05-29,Alchemy Valores,CPD y Pagarés,ARS,167.7553179786753,0.0,1183.0000526435,PyMES
2025-05-30,Criteria,CPD y Pagarés,ARS,189393.93000000046,0.0,1188.0000589248,GEST
2025-05-30,Criteria,CPD y Pagarés,ARS,242845.1058000006,0.0,1188.0000589248,GEST
2025-05-30,Criteria,CPD y Pagarés,ARS,196548.8118000005,0.0,1188.0000589248,GEST
2025-05-30,Criteria,CPD y Pagarés,ARS,154882.14720000039,0.0,1188.0000589248,GEST
2025-05-30,Alchemy Valores,CPD y Pagarés,ARS,215.65655496000053,0.0,1188.0000589248,PyMES
2025-05-30,Alchemy Valores,CPD y Pagarés,ARS,921.7171260000023,0.0,1188.0000589248,PyMES
2025-05-30,Alchemy Valores,CPD y Pagarés,ARS,547.1380200000013,0.0,1188.0000589248,PyMES
2025-05-30,Alchemy Valores,CPD y Pagarés,ARS,287.9629486800007,0.0,1188.0000589248,PyMES
2025-06-02,Alchemy Valores,CPD y Pagarés,ARS,2713.0140799999454,0.0,1179.4999604278,PyMES
2025-06-02,Alchemy Valores,CPD y Pagarés,ARS,13988.97884999972,0.0,1179.4999604278,PyMES
2025-06-02,Alchemy Valores,CPD y Pagarés,ARS,4978.3502814788235,0.0,1179.4999604278,PyMES
2025-06-03,Criteria,CPD y Pagarés,ARS,144425.6766,0.0,1183.9999924224,GEST
2025-06-03,PP Inversiones (PPI),CPD y Pagarés,ARS,2891.718768507,0.0,1183.9999924224,PyMES
2025-06-04,Alchemy Valores,CPD y Pagarés,ARS,16870.51800000039,0.0,1185.5000539995,PyMES
2025-06-06,Alchemy Valores,CPD y Pagarés,ARS,11814.34660000003,0.0,1184.9999389725,PyMES
2025-06-06,Alchemy Valores,CPD y Pagarés,ARS,28691.984600000073,0.0,1184.9999389725,PyMES
2025-06-09,Criteria,CPD y Pagarés,ARS,246413.51480000064,0.0,1184.9999389725,GEST
2025-06-09,Alchemy Valores,CPD y Pagarés,ARS,172.15190760000044,0.0,1184.9999389725,PyMES
2025-06-09,Alchemy Valores,CPD y Pagarés,ARS,1390.0661812930496,0.0,1184.9999389725,PyMES
2025-06-09,Alchemy Valores,CPD y Pagarés,ARS,479.9645816802012,0.0,1184.9999389725,PyMES
2025-06-09,Alchemy Valores,CPD y Pagarés,ARS,4153.46428141396,0.0,1184.9999389725,PyMES
2025-06-11,INVIU,CPD y Pagarés,ARS,247884.94410000005,0.0,1181.9999841612,RCAP
2025-06-11,Criteria,CPD y Pagarés,ARS,260998.31145000004,0.0,1181.9999841612,GEST
2025-06-12,INVIU,CPD y Pagarés,ARS,194092.8370000005,0.0,1184.9999389725,RCAP
2025-06-12,Alchemy Valores,CPD y Pagarés,ARS,8438.819000000021,0.0,1184.9999389725,PyMES
2025-06-13,Criteria,CPD y Pagarés,ARS,172588.83480000004,0.0,1181.9999841612,GEST
2025-06-18,INVIU,CPD y Pagarés,ARS,127845.8782000003,0.0,1142.0000555012,RCAP
2025-06-18,INVIU,CPD y Pagarés,ARS,175.13134000000042,0.0,1142.0000555012,RCAP
2025-06-19,Alchemy Valores,CPD y Pagarés,ARS,30647.98450000007,0.0,1142.0000555012,PyMES
2025-06-19,Alchemy Valores,CPD y Pagarés,ARS,13134.850500000031,0.0,1142.0000555012,PyMES
2025-06-23,Criteria,CPD y Pagarés,ARS,154568.75100000025,0.0,1170.999951989,GEST
2025-06-23,PP Inversiones (PPI),CPD y Pagarés,ARS,469684.0500000008,0.0,1170.999951989,RFIJA
2025-06-23,PP Inversiones (PPI),CPD y Pagarés,ARS,281810.43000000046,0.0,1170.999951989,RFIJA
2025-06-23,Alchemy Valores,CPD y Pagarés,ARS,1707.942000000003,0.0,1170.999951989,PyMES
2026-01-23,Puente Hnos,CPD y Pagarés,ARS,1500.348905,0.0,1433.0000127537,PyMES
2026-01-23,Allaria,CPD y Pagarés,ARS,6978.367,0.0,1433.0000127537,PyMES
2026-01-26,PP Inversiones (PPI),CPD y Pagarés,ARS,803.1304648999732,0.0,1437.4999460938,PyMES
2026-01-26,PP Inversiones (PPI),CPD y Pagarés,ARS,1210.7576106207596,0.0,1437.4999460938,PyMES
2026-01-26,PP Inversiones (PPI),CPD y Pagarés,ARS,643.4282676067986,0.0,1437.4999460938,PyMES
2026-01-26,PP Inversiones (PPI),CPD y Pagarés,ARS,428.7306317295576,0.0,1437.4999460938,PyMES
2026-01-26,Puente Hnos,CPD y Pagarés,ARS,834.7826399999722,0.0,1437.4999460938,PyMES
2026-01-26,Criteria,CPD y Pagarés,ARS,162782.61479999457,0.0,1437.4999460938,GEST
2026-01-26,Alchemy Valores,CPD y Pagarés,ARS,2307.478361312967,0.0,1437.4999460938,PyMES
2026-01-27,PP Inversiones (PPI),CPD y Pagarés,ARS,23352.08256571924,0.0,1442.5000025244,PyMES
2026-01-27,Allaria,CPD y Pagarés,ARS,4714.038119999918,0.0,1442.5000025244,PyMES
2026-01-27,Criteria,CPD y Pagarés,ARS,119930.67569999791,0.0,1442.5000025244,GEST
2026-01-27,Criteria,CPD y Pagarés,ARS,273830.1554999952,0.0,1442.5000025244,GEST
2026-01-27,Criteria,CPD y Pagarés,ARS,160831.8887999972,0.0,1442.5000025244,GEST
2026-01-27,Criteria,CPD y Pagarés,ARS,248180.24219999567,0.0,1442.5000025244,GEST
2026-01-28,PP Inversiones (PPI),CPD y Pagarés,ARS,236760.13620000466,0.0,1444.4999292917,RFIJA
2026-01-28,Puente Hnos,CPD y Pagarés,ARS,3461.405500000068,0.0,1444.4999292917,PyMES
2026-01-28,Puente Hnos,CPD y Pagarés,ARS,7061.267220000139,0.0,1444.4999292917,PyMES
2026-01-28,Allaria,CPD y Pagarés,ARS,13162.66315729286,0.0,1444.4999292917,PyMES
2026-01-28,Criteria,CPD y Pagarés,ARS,160609.21520000315,0.0,1444.4999292917,GEST
2026-01-28,Criteria,CPD y Pagarés,ARS,85150.57530000167,0.0,1444.4999292917,GEST
2026-01-28,Criteria,CPD y Pagarés,ARS,107995.85160000212,0.0,1444.4999292917,GEST
2026-01-28,Criteria,CPD y Pagarés,ARS,179300.80490000354,0.0,1444.4999292917,GEST
2026-01-29,Criteria,CPD y Pagarés,ARS,107303.57050000211,0.0,1444.4999292917,GEST
2026-01-29,Criteria,CPD y Pagarés,ARS,104534.44610000205,0.0,1444.4999292917,GEST
2026-01-29,PP Inversiones (PPI),CPD y Pagarés,ARS,6922.811000000136,0.0,1444.4999292917,PyMES
2026-01-30,PP Inversiones (PPI),CPD y Pagarés,ARS,4146.51,0.0,1447.000007235,PyMES
2026-01-30,PP Inversiones (PPI),CPD y Pagarés,ARS,6910.849999999999,0.0,1447.000007235,PyMES
2026-01-30,PP Inversiones (PPI),CPD y Pagarés,ARS,2764.3399999999997,0.0,1447.000007235,PyMES
2026-01-30,Criteria,CPD y Pagarés,ARS,103662.75,0.0,1447.000007235,GEST
2026-02-02,PP Inversiones (PPI),CPD y Pagarés,ARS,104066.16490000013,0.0,1450.9999493601,RFIJA
2026-02-02,INVIU,CPD y Pagarés,ARS,174707.10465000023,0.0,1450.9999493601,INC
2026-02-02,PP Inversiones (PPI),CPD y Pagarés,ARS,4824.259300000006,0.0,1450.9999493601,PyMES
2026-02-03,PP Inversiones (PPI),CPD y Pagarés,ARS,1728.9072500000036,0.0,1446.0000673836,PyMES
2026-02-03,PP Inversiones (PPI),CPD y Pagarés,ARS,4702.62772000001,0.0,1446.0000673836,PyMES
2026-02-03,PP Inversiones (PPI),CPD y Pagarés,ARS,8609.570483994568,0.0,1446.0000673836,PyMES
2026-02-04,Alchemy Valores,CPD y Pagarés,ARS,6908.463000000122,0.0,1447.4999721356,PyMES
2026-02-04,PP Inversiones (PPI),CPD y Pagarés,ARS,1036.2694500000182,0.0,1447.4999721356,PyMES
2026-02-04,PP Inversiones (PPI),CPD y Pagarés,ARS,420.4223776959014,0.0,1447.4999721356,PyMES
2026-02-04,PP Inversiones (PPI),CPD y Pagarés,ARS,1409.9654848275247,0.0,1447.4999721356,PyMES
2026-02-04,PP Inversiones (PPI),CPD y Pagarés,ARS,690.8463000000122,0.0,1447.4999721356,PyMES
2026-02-04,PP Inversiones (PPI),CPD y Pagarés,ARS,1823.2891611777952,0.0,1447.4999721356,PyMES
2026-02-04,PP Inversiones (PPI),CPD y Pagarés,ARS,1381.6926000000244,0.0,1447.4999721356,PyMES
2026-02-04,PP Inversiones (PPI),CPD y Pagarés,ARS,13126.079700000231,0.0,1447.4999721356,PyMES
2026-02-04,PP Inversiones (PPI),CPD y Pagarés,ARS,10362.694500000183,0.0,1447.4999721356,PyMES
2026-02-04,PP Inversiones (PPI),CPD y Pagarés,ARS,9803.068651576252,0.0,1447.4999721356,PyMES
2026-02-05,PP Inversiones (PPI),CPD y Pagarés,ARS,1629.6810550000018,0.0,1441.9999501068,PyMES
2026-02-05,PP Inversiones (PPI),CPD y Pagarés,ARS,1851.5950710000022,0.0,1441.9999501068,PyMES
2026-02-05,PP Inversiones (PPI),CPD y Pagarés,ARS,2407.420332950003,0.0,1441.9999501068,PyMES
2026-02-05,PP Inversiones (PPI),CPD y Pagarés,ARS,523.6078544552506,0.0,1441.9999501068,PyMES
2026-02-05,PP Inversiones (PPI),CPD y Pagarés,ARS,567.8561222830507,0.0,1441.9999501068,PyMES
2026-02-05,PP Inversiones (PPI),CPD y Pagarés,ARS,1480.5055158579457,0.0,1441.9999501068,PyMES
2026-02-05,PP Inversiones (PPI),CPD y Pagarés,ARS,452.5971030385005,0.0,1441.9999501068,PyMES
2026-02-05,PP Inversiones (PPI),CPD y Pagarés,ARS,1627.8159093043998,0.0,1441.9999501068,PyMES
2026-02-05,PP Inversiones (PPI),CPD y Pagarés,ARS,631.0336279363987,0.0,1441.9999501068,PyMES
2026-02-05,PP Inversiones (PPI),CPD y Pagarés,ARS,307.05132823840034,0.0,1441.9999501068,PyMES
2026-02-05,Allaria,CPD y Pagarés,ARS,6934.813000000008,0.0,1441.9999501068,PyMES
2026-02-09,PP Inversiones (PPI),CPD y Pagarés,ARS,1412.4294000000004,0.0,1415.9999784768,PyMES
2026-02-10,Criteria,CPD y Pagarés,ARS,173755.34568000076,0.0,1405.9999077664,GEST
2026-02-11,PP Inversiones (PPI),CPD y Pagarés,ARS,291122.6977489746,0.0,1400.000028,PERF
2026-02-11,PP Inversiones (PPI),CPD y Pagarés,ARS,44741.86553373412,0.0,1400.000028,GESTII
2026-02-11,Criteria,CPD y Pagarés,ARS,106785.71215000005,0.0,1400.000028,GEST
2026-02-11,Criteria,CPD y Pagarés,ARS,142142.85430000006,0.0,1400.000028,GEST
2026-02-12,Allaria,CPD y Pagarés,ARS,24372.760600000023,0.0,1394.9999574525,PyMES
2026-02-12,Alchemy Valores,CPD y Pagarés,ARS,3584.2295000000036,0.0,1394.9999574525,PyMES
2026-02-12,Criteria,CPD y Pagarés,ARS,148028.67835000015,0.0,1394.9999574525,GEST
2026-02-12,Criteria,CPD y Pagarés,ARS,145878.14065000013,0.0,1394.9999574525,GEST
2026-02-13,PP Inversiones (PPI),CPD y Pagarés,ARS,14290.817999999745,0.0,1399.5000146248,PyMES
2026-02-18,Allaria,CPD y Pagarés,ARS,12177.65080000001,0.0,1395.9999575616,PyMES
2026-02-18,PP Inversiones (PPI),CPD y Pagarés,ARS,54441.26240000005,0.0,1395.9999575616,RFIJA
2026-02-19,Allaria,CPD y Pagarés,ARS,15118.790400000002,0.0,1389.0000088896,PyMES
2026-02-20,Allaria,CPD y Pagarés,ARS,7267.442000000002,0.0,1375.9999735808,PyMES
2026-02-20,Allaria,CPD y Pagarés,ARS,4360.4652000000015,0.0,1375.9999735808,PyMES
2026-02-23,PP Inversiones (PPI),CPD y Pagarés,ARS,59102.516700001084,0.0,1370.5000145958,RFIJA
2026-02-24,Allaria,CPD y Pagarés,ARS,551249.5272000007,0.0,1380.5000502502,GEST
2026-03-13,Allaria,CPD y Pagarés,ARS,530860.3321327934,0.0,1400.000028,GEST
2026-02-24,Allaria,CPD y Pagarés,ARS,547627.6512000007,0.0,1380.5000502502,GEST
2026-03-13,Allaria,CPD y Pagarés,ARS,527372.4193096944,0.0,1400.000028,GEST
2026-02-25,Alchemy Valores,CPD y Pagarés,ARS,3842.0301125000024,0.0,1398.9999668437,PyMES
2026-02-26,Alchemy Valores,CPD y Pagarés,ARS,3551.136500000005,0.0,1407.9999459328,PyMES
2026-02-26,Allaria,CPD y Pagarés,ARS,8522.727600000013,0.0,1407.9999459328,PyMES
2026-03-02,Criteria,CPD y Pagarés,ARS,114265.2364600001,0.0,1394.9999574525,GEST
2026-03-02,Criteria,CPD y Pagarés,ARS,292186.38884000026,0.0,1394.9999574525,GEST
2026-03-02,Criteria,CPD y Pagarés,ARS,292473.1272000003,0.0,1394.9999574525,GEST
2026-03-02,Criteria,CPD y Pagarés,ARS,171039.43174000017,0.0,1394.9999574525,GEST
2026-03-03,PP Inversiones (PPI),CPD y Pagarés,ARS,75971.73350000006,0.0,1414.999961795,RFIJA
2026-03-03,Criteria,CPD y Pagarés,ARS,188692.58460000015,0.0,1414.999961795,GEST
2026-03-03,Criteria,CPD y Pagarés,ARS,188833.92736000015,0.0,1414.999961795,GEST
2026-03-03,Criteria,CPD y Pagarés,ARS,109257.95348000008,0.0,1414.999961795,GEST
2026-03-05,INVIU,CPD y Pagarés,ARS,1421464.200000006,0.0,1406.9999089671,RCAP
2026-07-01,INVIU,CPD y Pagarés,ARS,1322404.5692492912,0.0,1488.9999385043,RCAP
2026-03-09,INVIU,CPD y Pagarés,ARS,60098.87097000002,0.0,1415.9999784768,INC
2026-03-09,PP Inversiones (PPI),CPD y Pagarés,ARS,1412.4294000000004,0.0,1415.9999784768,PyMES
2026-03-09,PP Inversiones (PPI),CPD y Pagarés,ARS,1059.3220500000002,0.0,1415.9999784768,PyMES
2026-03-10,Criteria,CPD y Pagarés,ARS,146999.99706000005,0.0,1400.000028,GEST
2026-03-11,Allaria,CPD y Pagarés,ARS,236747.85820000022,0.0,1395.9999575616,MULTI
2026-07-08,Allaria,CPD y Pagarés,ARS,219273.13815829647,0.0,1488.000023808,MULTI
2026-03-11,PP Inversiones (PPI),CPD y Pagarés,ARS,4537.505940232444,0.0,1395.9999575616,PyMES
2026-03-11,INVIU,CPD y Pagarés,ARS,1532951.3360000013,0.0,1395.9999575616,RCAP
2026-01-26,Puente Hnos,CPD y Pagarés,ARS,1739.130499999942,0.0,1437.4999460938,PyMES
2026-01-27,Puente Hnos,CPD y Pagarés,ARS,1178.5095299999796,0.0,1442.5000025244,PyMES
2026-02-04,PP Inversiones (PPI),CPD y Pagarés,ARS,1823.2891404524062,0.0,1447.4999721356,PyMES
2026-02-04,PP Inversiones (PPI),CPD y Pagarés,ARS,623.026609575311,0.0,1447.4999721356,PyMES
2026-02-04,PP Inversiones (PPI),CPD y Pagarés,ARS,6791.775439895508,0.0,1447.4999721356,PyMES
2026-02-05,PP Inversiones (PPI),CPD y Pagarés,ARS,687.2153497138509,0.0,1441.9999501068,PyMES
2026-02-05,PP Inversiones (PPI),CPD y Pagarés,ARS,1965.7504147556024,0.0,1441.9999501068,PyMES
2026-02-05,PP Inversiones (PPI),CPD y Pagarés,ARS,3335.319116789004,0.0,1441.9999501068,PyMES
2026-03-05,Puente Hnos,CPD y Pagarés,ARS,14214.64200000006,0.0,1406.9999089671,PyMES
2025-06-26,Alchemy Valores,CPD y Pagarés,ARS,554.766441280243,0.0,1188.5000262064,PyMES
2025-06-26,Alchemy Valores,CPD y Pagarés,ARS,891.5506744936192,0.0,1188.5000262064,PyMES
2025-06-26,Alchemy Valores,CPD y Pagarés,ARS,1497.68540239887,0.0,1188.5000262064,PyMES
2025-06-26,Alchemy Valores,CPD y Pagarés,ARS,1682.7934000000362,0.0,1188.5000262064,PyMES
2025-06-26,Alchemy Valores,CPD y Pagarés,ARS,2576.9448316933554,0.0,1188.5000262064,PyMES
2025-06-26,Alchemy Valores,CPD y Pagarés,ARS,3413.8386205600164,0.0,1188.5000262064,PyMES
2025-06-26,Alchemy Valores,CPD y Pagarés,ARS,12620.950500000272,0.0,1188.5000262064,PyMES
2025-06-26,PP Inversiones (PPI),CPD y Pagarés,ARS,232175.005398005,0.0,1188.5000262064,RFIJA
2025-06-26,Criteria,CPD y Pagarés,ARS,116954.14130000252,0.0,1188.5000262064,GEST
2025-06-26,Criteria,CPD y Pagarés,ARS,122002.52150000262,0.0,1188.5000262064,GEST
2025-06-26,Criteria,CPD y Pagarés,ARS,185107.274000004,0.0,1188.5000262064,GEST
2025-06-27,INVIU,CPD y Pagarés,ARS,1153069.8159,0.0,1188.9999903691,RCAP
2025-06-27,Alchemy Valores,CPD y Pagarés,ARS,5046.2574,0.0,1188.9999903691,PyMES
2025-06-27,Criteria,CPD y Pagarés,ARS,257359.1274,0.0,1188.9999903691,GEST
2025-06-27,Criteria,CPD y Pagarés,ARS,158536.58665,0.0,1188.9999903691,GEST
2025-06-27,Criteria,CPD y Pagarés,ARS,99243.0622,0.0,1188.9999903691,GEST
2025-06-27,Criteria,CPD y Pagarés,ARS,132884.7782,0.0,1188.9999903691,GEST
2025-06-30,PP Inversiones (PPI),CPD y Pagarés,ARS,113156.84392700005,0.0,1205.0000271125,RFIJA
2025-06-30,Criteria,CPD y Pagarés,ARS,157261.40725000008,0.0,1205.0000271125,GEST
2025-06-30,Criteria,CPD y Pagarés,ARS,246887.96125000014,0.0,1205.0000271125,GEST
2025-06-30,Alchemy Valores,CPD y Pagarés,ARS,35138.62991477502,0.0,1205.0000271125,PyMES
2025-07-01,Criteria,CPD y Pagarés,ARS,144026.18560000003,0.0,1222.0000083096,GEST
2025-07-01,Alchemy Valores,CPD y Pagarés,ARS,40916.530000000006,0.0,1222.0000083096,PyMES
2025-07-03,PP Inversiones (PPI),CPD y Pagarés,ARS,89358.24700000003,0.0,1230.9999769803,RFIJA
2025-07-08,Criteria,CPD y Pagarés,ARS,14937.047631172367,0.0,1255.0000771825,GEST
2025-07-08,Criteria,CPD y Pagarés,ARS,6267.964100575985,0.0,1255.0000771825,GEST
2025-07-10,Alchemy Valores,CPD y Pagarés,ARS,1232.6356692128268,0.0,1255.0000771825,PyMES
2025-07-10,Alchemy Valores,CPD y Pagarés,ARS,1231.0756215000047,0.0,1255.0000771825,PyMES
2025-07-10,Alchemy Valores,CPD y Pagarés,ARS,7968.1270000000295,0.0,1255.0000771825,PyMES
2025-07-10,Alchemy Valores,CPD y Pagarés,ARS,1079.681208500004,0.0,1255.0000771825,PyMES
2025-07-10,Alchemy Valores,CPD y Pagarés,ARS,2400.667382239434,0.0,1255.0000771825,PyMES
2025-07-10,Criteria,CPD y Pagarés,ARS,239442.2163500009,0.0,1255.0000771825,GEST
2025-07-10,Allaria,CPD y Pagarés,ARS,931474.0463000035,0.0,1255.0000771825,MULTI
2026-06-23,Allaria,CPD y Pagarés,ARS,786706.4105425043,0.0,1471.4999160509,MULTI
2025-07-11,Criteria,CPD y Pagarés,ARS,166864.8445500033,0.0,1261.499991611,GEST
2025-07-14,Criteria,CPD y Pagarés,ARS,248046.875,0.0,1280.0,GEST
2025-07-15,INVIU,CPD y Pagarés,ARS,1154761.914,0.0,1259.99998992,RCAP
2025-07-15,Criteria,CPD y Pagarés,ARS,166666.668,0.0,1259.99998992,GEST
2025-07-15,Alchemy Valores,CPD y Pagarés,ARS,2579.3651000000004,0.0,1259.99998992,PyMES
2025-07-15,Alchemy Valores,CPD y Pagarés,ARS,5158.730200000001,0.0,1259.99998992,PyMES
2025-07-16,Alchemy Valores,CPD y Pagarés,ARS,7930.214000000002,0.0,1261.0000184106,PyMES
2025-07-16,Cohen,CPD y Pagarés,ARS,43616.17700000001,0.0,1261.0000184106,INC
2025-07-17,Criteria,CPD y Pagarés,ARS,164442.7093000005,0.0,1273.9999291656,GEST
2025-07-18,Alchemy Valores,CPD y Pagarés,ARS,1166.407500000001,0.0,1285.99996142,PyMES
2025-07-18,Alchemy Valores,CPD y Pagarés,ARS,774.1057775000006,0.0,1285.99996142,PyMES
2025-07-18,Alchemy Valores,CPD y Pagarés,ARS,1197.511700000001,0.0,1285.99996142,PyMES
2025-07-18,Alchemy Valores,CPD y Pagarés,ARS,719.2846250000006,0.0,1285.99996142,PyMES
2025-07-18,Alchemy Valores,CPD y Pagarés,ARS,23328.15000000002,0.0,1285.99996142,PyMES
2025-07-18,Criteria,CPD y Pagarés,ARS,213841.37500000017,0.0,1285.99996142,GEST
2025-07-21,Criteria,CPD y Pagarés,ARS,169176.4650900002,0.0,1275.0000414375,GEST
2025-07-22,Criteria,CPD y Pagarés,ARS,138479.90100000286,0.0,1256.5000317266,GEST
2025-07-23,Criteria,CPD y Pagarés,ARS,144301.82269999458,0.0,1285.5000479492,GEST
2025-07-23,Criteria,CPD y Pagarés,ARS,127576.8135999952,0.0,1285.5000479492,GEST
2025-07-23,Criteria,CPD y Pagarés,ARS,117464.01739999559,0.0,1285.5000479492,GEST
2025-07-23,Alchemy Valores,CPD y Pagarés,ARS,23337.221999999125,0.0,1285.5000479492,PyMES
2025-07-24,Criteria,CPD y Pagarés,ARS,216981.12600000016,0.0,1272.000035616,GEST
2025-07-24,Criteria,CPD y Pagarés,ARS,78616.35000000005,0.0,1272.000035616,GEST
2025-07-25,Criteria,CPD y Pagarés,ARS,18529.8037890625,0.0,1280.0,GEST
2025-07-25,Criteria,CPD y Pagarés,ARS,51583.241367187504,0.0,1280.0,GEST
2025-07-25,Criteria,CPD y Pagarés,ARS,101171.875,0.0,1280.0,GEST
2025-07-25,Criteria,CPD y Pagarés,ARS,101562.5,0.0,1280.0,GEST
2025-07-25,Criteria,CPD y Pagarés,ARS,88281.25,0.0,1280.0,GEST
2025-07-28,Criteria,CPD y Pagarés,ARS,120849.42520000014,0.0,1294.99995338,GEST
2025-07-28,Criteria,CPD y Pagarés,ARS,87258.69040000011,0.0,1294.99995338,GEST
2025-07-28,Criteria,CPD y Pagarés,ARS,87644.7908000001,0.0,1294.99995338,GEST
2025-07-28,Alchemy Valores,CPD y Pagarés,ARS,8201.612094485834,0.0,1294.99995338,PyMES
2025-07-28,Alchemy Valores,CPD y Pagarés,ARS,4633.204800000006,0.0,1294.99995338,PyMES
2025-07-28,Alchemy Valores,CPD y Pagarés,ARS,5405.405600000006,0.0,1294.99995338,PyMES
2025-07-29,Criteria,CPD y Pagarés,ARS,143454.67916000035,0.0,1291.0000641627,GEST
2025-07-30,Alchemy Valores,CPD y Pagarés,ARS,25285.17197500003,0.0,1314.9999546325,PyMES
2025-07-30,Alchemy Valores,CPD y Pagarés,ARS,2281.3689000000027,0.0,1314.9999546325,PyMES
2025-07-30,Alchemy Valores,CPD y Pagarés,ARS,1443.9671220602118,0.0,1314.9999546325,PyMES
2025-07-30,Alchemy Valores,CPD y Pagarés,ARS,5573.799462258058,0.0,1314.9999546325,PyMES
2025-07-30,Alchemy Valores,CPD y Pagarés,ARS,2516.349896700003,0.0,1314.9999546325,PyMES
2025-07-30,Alchemy Valores,CPD y Pagarés,ARS,6170.931771832507,0.0,1314.9999546325,PyMES
2025-07-30,Criteria,CPD y Pagarés,ARS,141444.87180000017,0.0,1314.9999546325,GEST
2025-07-30,Criteria,CPD y Pagarés,ARS,148288.97850000017,0.0,1314.9999546325,GEST
2025-07-30,Criteria,CPD y Pagarés,ARS,92015.2123000001,0.0,1314.9999546325,GEST
2025-08-01,Criteria,CPD y Pagarés,ARS,87976.53600000015,0.0,1364.0000556512,GEST
2025-08-01,Criteria,CPD y Pagarés,ARS,90909.08720000015,0.0,1364.0000556512,GEST
2025-08-04,PP Inversiones (PPI),CPD y Pagarés,ARS,85294.11560000005,0.0,1360.00003264,RFIJA
2025-08-04,Alchemy Valores,CPD y Pagarés,ARS,179.7552456858741,0.0,1360.00003264,PyMES
2025-08-04,Alchemy Valores,CPD y Pagarés,ARS,152.81151103840608,0.0,1360.00003264,PyMES
2025-08-04,Alchemy Valores,CPD y Pagarés,ARS,225.49018576470615,0.0,1360.00003264,PyMES
2025-08-04,Alchemy Valores,CPD y Pagarés,ARS,1631.7222476033721,0.0,1360.00003264,PyMES
2025-06-23,Alchemy Valores,CPD y Pagarés,ARS,115.83241294725019,0.0,1170.999951989,PyMES
2025-06-23,Alchemy Valores,CPD y Pagarés,ARS,509.9578859808609,0.0,1170.999951989,PyMES
2025-06-23,Alchemy Valores,CPD y Pagarés,ARS,978.3638317440017,0.0,1170.999951989,PyMES
2025-06-23,Alchemy Valores,CPD y Pagarés,ARS,595.027009878601,0.0,1170.999951989,PyMES
2025-06-23,Alchemy Valores,CPD y Pagarés,ARS,665.6540324156412,0.0,1170.999951989,PyMES
2025-06-23,Alchemy Valores,CPD y Pagarés,ARS,665.654032415641,0.0,1170.999951989,PyMES
2025-06-23,Alchemy Valores,CPD y Pagarés,ARS,8006.758654494013,0.0,1170.999951989,PyMES
2025-06-24,Criteria,CPD y Pagarés,ARS,143039.58479999725,0.0,1174.5000534985,GEST
2025-06-24,Criteria,CPD y Pagarés,ARS,227330.76869999565,0.0,1174.5000534985,GEST
2025-06-25,Alchemy Valores,CPD y Pagarés,ARS,25178.345999998957,0.0,1191.5000294301,PyMES
2025-06-25,Criteria,CPD y Pagarés,ARS,183382.2866999924,0.0,1191.5000294301,GEST
2025-06-25,Zofingen,CPD y Pagarés,ARS,1678556.3999999305,0.0,1191.5000294301,GEST
2025-11-10,Alchemy Valores,CPD y Pagarés,ARS,7039.775000000134,0.0,1420.4999449556,PyMES
2025-11-11,Cohen,CPD y Pagarés,ARS,17388.24425000033,0.0,1420.4999449556,INC
2026-01-13,INVIU,CPD y Pagarés,ARS,16797.398588628625,0.0,1456.9999962118,INC
2025-11-11,Criteria,CPD y Pagarés,ARS,127419.92750000242,0.0,1420.4999449556,GEST
2025-11-11,Criteria,CPD y Pagarés,ARS,132347.77000000252,0.0,1420.4999449556,GEST
2025-11-11,Criteria,CPD y Pagarés,ARS,95740.94000000182,0.0,1420.4999449556,GEST
2025-11-11,Alchemy Valores,CPD y Pagarés,ARS,10551.969595795026,0.0,1420.4999449556,PyMES
2025-11-12,Criteria,CPD y Pagarés,ARS,88526.9125,0.0,1411.9999949168,GEST
2025-11-12,Criteria,CPD y Pagarés,ARS,133144.4764,0.0,1411.9999949168,GEST
2025-11-12,Criteria,CPD y Pagarés,ARS,131019.8305,0.0,1411.9999949168,GEST
2025-11-13,Zofingen,CPD y Pagarés,ARS,711237.6000000031,0.0,1405.9999077664,GEST
2025-11-13,Criteria,CPD y Pagarés,ARS,15636.568892046262,0.0,1405.9999077664,GEST
2025-11-13,Criteria,CPD y Pagarés,ARS,26665.810874455,0.0,1405.9999077664,GEST
2025-11-13,Alchemy Valores,CPD y Pagarés,ARS,4276.977734339299,0.0,1405.9999077664,PyMES
2025-11-14,PP Inversiones (PPI),CPD y Pagarés,ARS,52310.76449280007,0.0,1402.9999506144,RFIJA
2025-11-14,Criteria,CPD y Pagarés,ARS,89094.80000000012,0.0,1402.9999506144,GEST
2025-11-14,Alchemy Valores,CPD y Pagarés,ARS,35251.30308689006,0.0,1402.9999506144,PyMES
2025-11-17,Criteria,CPD y Pagarés,ARS,131218.4510000003,0.0,1387.0000644955,GEST
2025-11-17,Criteria,CPD y Pagarés,ARS,131939.43150000027,0.0,1387.0000644955,GEST
2025-11-17,Criteria,CPD y Pagarés,ARS,132660.41200000027,0.0,1387.0000644955,GEST
2025-11-17,Allaria,CPD y Pagarés,ARS,8651.766000000018,0.0,1387.0000644955,PyMES
2025-11-18,Criteria,CPD y Pagarés,ARS,92142.85530000004,0.0,1400.000028,GEST
2025-11-18,Criteria,CPD y Pagarés,ARS,83571.42690000003,0.0,1400.000028,GEST
2025-11-19,Cohen,CPD y Pagarés,ARS,61500.17655000111,0.0,1406.5000273564,INC
2026-01-13,INVIU,CPD y Pagarés,ARS,58824.8978880168,0.0,1456.9999962118,INC
2025-11-19,Criteria,CPD y Pagarés,ARS,109491.64380000198,0.0,1406.5000273564,GEST
2025-11-19,Criteria,CPD y Pagarés,ARS,86740.13340000156,0.0,1406.5000273564,GEST
2025-11-19,Criteria,CPD y Pagarés,ARS,120867.39900000219,0.0,1406.5000273564,GEST
2025-11-19,Criteria,CPD y Pagarés,ARS,81763.24050000148,0.0,1406.5000273564,GEST
2025-11-20,Criteria,CPD y Pagarés,ARS,108771.93200000004,0.0,1424.9999715,GEST
2025-11-20,Criteria,CPD y Pagarés,ARS,114385.96720000006,0.0,1424.9999715,GEST
2025-11-20,Criteria,CPD y Pagarés,ARS,127017.54640000006,0.0,1424.9999715,GEST
2025-11-20,Alchemy Valores,CPD y Pagarés,ARS,7017.5440000000035,0.0,1424.9999715,PyMES
2025-11-20,Alchemy Valores,CPD y Pagarés,ARS,3508.7720000000018,0.0,1424.9999715,PyMES
2025-11-25,PP Inversiones (PPI),CPD y Pagarés,ARS,167668.39701000295,0.0,1447.4999721356,RFIJA
2025-11-25,Criteria,CPD y Pagarés,ARS,116062.17840000204,0.0,1447.4999721356,GEST
2025-11-25,Criteria,CPD y Pagarés,ARS,127806.56550000225,0.0,1447.4999721356,GEST
2025-11-26,PP Inversiones (PPI),CPD y Pagarés,ARS,218094.25649999626,0.0,1453.4999916424,RFIJA
2025-11-26,Criteria,CPD y Pagarés,ARS,111455.10899999809,0.0,1453.4999916424,GEST
2025-11-26,Criteria,CPD y Pagarés,ARS,83247.33449999857,0.0,1453.4999916424,GEST
2025-11-26,Criteria,CPD y Pagarés,ARS,149294.80649999744,0.0,1453.4999916424,GEST
2025-11-26,Criteria,CPD y Pagarés,ARS,47471.62049999919,0.0,1453.4999916424,GEST
2025-11-26,Alchemy Valores,CPD y Pagarés,ARS,3097.953234187447,0.0,1453.4999916424,PyMES
2025-11-27,Allaria,CPD y Pagarés,ARS,565875.4762499903,0.0,1453.4999916424,MULTI
2026-02-26,Allaria,CPD y Pagarés,ARS,574523.6988088691,0.0,1407.9999459328,MULTI
2025-11-27,Criteria,CPD y Pagarés,ARS,79119.36749999865,0.0,1453.4999916424,GEST
2025-11-28,Alchemy Valores,CPD y Pagarés,ARS,38038.84168757663,0.0,1451.4999437544,PyMES
2025-11-28,Alchemy Valores,CPD y Pagarés,ARS,2066.8274999999676,0.0,1451.4999437544,PyMES
2025-11-28,Alchemy Valores,CPD y Pagarés,ARS,688.9424999999892,0.0,1451.4999437544,PyMES
2025-11-28,Criteria,CPD y Pagarés,ARS,99896.66249999843,0.0,1451.4999437544,GEST
2025-11-28,Criteria,CPD y Pagarés,ARS,97140.89249999847,0.0,1451.4999437544,GEST
2025-12-01,Alchemy Valores,CPD y Pagarés,ARS,4684.8089999999265,0.0,1451.4999437544,PyMES
2025-12-01,Criteria,CPD y Pagarés,ARS,96451.94999999848,0.0,1451.4999437544,GEST
2025-12-02,PP Inversiones (PPI),CPD y Pagarés,ARS,4993.098380062834,0.0,1455.00004947,PyMES
2025-12-02,PP Inversiones (PPI),CPD y Pagarés,ARS,2061.855600000002,0.0,1455.00004947,PyMES
2025-12-02,Allaria,CPD y Pagarés,ARS,149140.88840000017,0.0,1455.00004947,GEST
2025-12-03,PP Inversiones (PPI),CPD y Pagarés,ARS,95526.49056000043,0.0,1453.0000964792,RFIJA
2025-12-03,PP Inversiones (PPI),CPD y Pagarés,ARS,450.240851040002,0.0,1453.0000964792,PyMES
2025-12-03,PP Inversiones (PPI),CPD y Pagarés,ARS,1144.068671452973,0.0,1453.0000964792,PyMES
2025-12-03,PP Inversiones (PPI),CPD y Pagarés,ARS,1564.9895726160069,0.0,1453.0000964792,PyMES
2025-12-03,PP Inversiones (PPI),CPD y Pagarés,ARS,292.6231464335533,0.0,1453.0000964792,PyMES
2025-12-03,PP Inversiones (PPI),CPD y Pagarés,ARS,1144.0686714529731,0.0,1453.0000964792,PyMES
2025-12-03,Allaria,CPD y Pagarés,ARS,185822.4240000008,0.0,1453.0000964792,GEST
2025-12-04,Allaria,CPD y Pagarés,ARS,137119.11840000018,0.0,1443.9999491712,GEST
2025-12-04,Allaria,CPD y Pagarés,ARS,123268.70240000017,0.0,1443.9999491712,GEST
2025-12-05,Allaria,CPD y Pagarés,ARS,131010.45080000004,0.0,1435.0000236775,GEST
2025-12-05,Allaria,CPD y Pagarés,ARS,181184.66600000006,0.0,1435.0000236775,GEST
2025-12-05,PP Inversiones (PPI),CPD y Pagarés,ARS,662.0208950000002,0.0,1435.0000236775,PyMES
2025-12-05,PP Inversiones (PPI),CPD y Pagarés,ARS,4064.2807343330965,0.0,1435.0000236775,PyMES
2025-12-05,PP Inversiones (PPI),CPD y Pagarés,ARS,5627.486318296302,0.0,1435.0000236775,PyMES
2025-12-05,PP Inversiones (PPI),CPD y Pagarés,ARS,1602.7874300000005,0.0,1435.0000236775,PyMES
2025-12-05,PP Inversiones (PPI),CPD y Pagarés,ARS,1007.7768474831804,0.0,1435.0000236775,PyMES
2025-12-09,INVIU,CPD y Pagarés,ARS,1178918.2100000014,0.0,1441.9999501068,RCAP
2025-12-09,Criteria,CPD y Pagarés,ARS,129681.00310000015,0.0,1441.9999501068,GEST
2025-12-09,Criteria,CPD y Pagarés,ARS,159500.6990000002,0.0,1441.9999501068,GEST
2025-12-09,Allaria,CPD y Pagarés,ARS,149098.47950000016,0.0,1441.9999501068,GEST
2025-12-09,Allaria,CPD y Pagarés,ARS,94313.45680000012,0.0,1441.9999501068,GEST
2025-12-09,PP Inversiones (PPI),CPD y Pagarés,ARS,10281.313247550359,0.0,1441.9999501068,PyMES
2025-12-10,PP Inversiones (PPI),CPD y Pagarés,ARS,253913.05299999155,0.0,1437.4999460938,PERF
2025-12-10,PP Inversiones (PPI),CPD y Pagarés,ARS,217739.13859999273,0.0,1437.4999460938,PERF
2025-12-10,Allaria,CPD y Pagarés,ARS,155130.44059999482,0.0,1437.4999460938,GEST
2025-12-10,PP Inversiones (PPI),CPD y Pagarés,ARS,2239.353190062623,0.0,1437.4999460938,PyMES
2025-12-10,PP Inversiones (PPI),CPD y Pagarés,ARS,425.7561898788858,0.0,1437.4999460938,PyMES
2025-12-10,PP Inversiones (PPI),CPD y Pagarés,ARS,249.1833136921917,0.0,1437.4999460938,PyMES
2025-12-10,PP Inversiones (PPI),CPD y Pagarés,ARS,360.938100491688,0.0,1437.4999460938,PyMES
2025-12-10,PP Inversiones (PPI),CPD y Pagarés,ARS,650.8318852757383,0.0,1437.4999460938,PyMES
2025-12-10,PP Inversiones (PPI),CPD y Pagarés,ARS,417.602840007918,0.0,1437.4999460938,PyMES
2025-12-11,Criteria,CPD y Pagarés,ARS,98189.41080000019,0.0,1436.0000620352,GEST
2025-12-11,Criteria,CPD y Pagarés,ARS,130222.83560000024,0.0,1436.0000620352,GEST
2025-12-11,PP Inversiones (PPI),CPD y Pagarés,ARS,10373.560568575276,0.0,1436.0000620352,PyMES
2025-12-11,Criteria,CPD y Pagarés,ARS,135097.48720000024,0.0,1436.0000620352,GEST
2025-12-12,Allaria,CPD y Pagarés,ARS,86745.31250000013,0.0,1441.0000540375,GEST
2025-12-10,PP Inversiones (PPI),CPD y Pagarés,ARS,425.6709724843858,0.0,1437.4999460938,PyMES
2025-12-10,PP Inversiones (PPI),CPD y Pagarés,ARS,354.7826219999882,0.0,1437.4999460938,PyMES
2025-12-19,PP Inversiones (PPI),CPD y Pagarés,ARS,1379.3104000000023,0.0,1449.999942,PyMES
2025-12-29,Alchemy Valores,CPD y Pagarés,ARS,4975.978050000001,0.0,1456.9999962118,PyMES
2026-01-07,Alchemy Valores,CPD y Pagarés,ARS,4948.630087500001,0.0,1460.0000146,PyMES
2026-01-07,Alchemy Valores,CPD y Pagarés,ARS,3424.6575000000003,0.0,1460.0000146,PyMES
2026-01-07,Alchemy Valores,CPD y Pagarés,ARS,2682.850658103,0.0,1460.0000146,PyMES
2026-01-07,Alchemy Valores,CPD y Pagarés,ARS,2251.9089021384452,0.0,1460.0000146,PyMES
2026-01-12,PP Inversiones (PPI),CPD y Pagarés,ARS,5996.592799999797,0.0,1467.5000110063,PyMES
2026-01-22,PP Inversiones (PPI),CPD y Pagarés,ARS,573.32774061159,0.0,1429.4999909227,PyMES
2026-01-22,PP Inversiones (PPI),CPD y Pagarés,ARS,849.4885678286553,0.0,1429.4999909227,PyMES
2026-01-22,Alchemy Valores,CPD y Pagarés,ARS,3497.7264999999393,0.0,1429.4999909227,PyMES
2026-01-26,Alchemy Valores,CPD y Pagarés,ARS,2380.8000962364426,0.0,1437.4999460938,PyMES
2025-05-16,Option Securities,CPD y Pagarés,USDMEP,41494.17,0.0,1142.0000555012,RDOLAR
2025-05-16,Option Securities,CPD y Pagarés,USDMEP,45894.99,0.0,1142.0000555012,RDOLAR
2025-05-16,Option Securities,CPD y Pagarés,USDMEP,41486.05,0.0,1142.0000555012,RDOLAR
2025-05-16,Option Securities,CPD y Pagarés,USDMEP,41477.93,0.0,1142.0000555012,RDOLAR
2025-05-16,Option Securities,CPD y Pagarés,USDMEP,45616.7,0.0,1142.0000555012,RDOLAR
2025-05-16,Option Securities,CPD y Pagarés,USDMEP,45589.94,0.0,1142.0000555012,RDOLAR
2025-05-16,Option Securities,CPD y Pagarés,USDMEP,45868.65,0.0,1142.0000555012,RDOLAR
2025-05-16,Option Securities,CPD y Pagarés,USDMEP,45582.03,0.0,1142.0000555012,RDOLAR
2025-05-16,Option Securities,CPD y Pagarés,USDMEP,41650.06,0.0,1142.0000555012,RDOLAR
2025-05-16,Option Securities,CPD y Pagarés,USDMEP,41609.19,0.0,1142.0000555012,RDOLAR
2025-05-16,Option Securities,CPD y Pagarés,USDMEP,41601.03,0.0,1142.0000555012,RDOLAR
2025-05-16,Option Securities,CPD y Pagarés,USDMEP,41584.71,0.0,1142.0000555012,RDOLAR
2025-05-16,Option Securities,CPD y Pagarés,USDMEP,41552.11,0.0,1142.0000555012,RDOLAR
2025-05-16,Option Securities,CPD y Pagarés,USDMEP,29363.2,0.0,1142.0000555012,RDOLAR
2025-05-16,Option Securities,CPD y Pagarés,USDMEP,29351.6,0.0,1142.0000555012,RDOLAR
2025-05-16,Option Securities,CPD y Pagarés,USDMEP,25143.89,0.0,1142.0000555012,RDOLAR
2025-05-16,Option Securities,CPD y Pagarés,USDMEP,25138.93,0.0,1142.0000555012,RDOLAR
2025-05-16,Option Securities,CPD y Pagarés,USDMEP,20945.3,0.0,1142.0000555012,RDOLAR
2025-09-18,Allaria,CPD y Pagarés,ARS,471621.11696223175,0.0,1474.499997051,MULTI
2025-02-24,Criteria,CPD y Pagarés,ARS,3168.4540363671294,0.0,1060.2499772576,GEST
2025-03-21,Criteria,CPD y Pagarés,ARS,32205.93124882968,0.0,1068.7500166992,GEST
2025-02-24,Criteria,CPD y Pagarés,ARS,3252.4925290917104,0.0,1060.2499772576,GEST
2025-05-05,Option Securities,CPD y Pagarés,USDMEP,26074.28,0.0,1200.000048,RDOLAR
2025-04-30,Option Securities,CPD y Pagarés,USDMEP,26057.0,0.0,1169.99993799,RDOLAR
2025-05-05,Option Securities,CPD y Pagarés,USDMEP,26068.73,0.0,1200.000048,RDOLAR
2025-05-05,Option Securities,CPD y Pagarés,USDMEP,26063.19,0.0,1200.000048,RDOLAR
2025-05-05,Option Securities,CPD y Pagarés,USDMEP,21091.89,0.0,1200.000048,RDOLAR
2025-05-05,Option Securities,CPD y Pagarés,USDMEP,21078.45,0.0,1200.000048,RDOLAR
2025-05-16,Option Securities,CPD y Pagarés,USDMEP,21119.77,0.0,1142.0000555012,RDOLAR
2025-05-16,Option Securities,CPD y Pagarés,USDMEP,21115.29,0.0,1142.0000555012,RDOLAR
2025-01-03,INVIU,CPD y Pagarés,ARS,1496617.4635126214,0.0,1032.5000025813,BALANCEADO
2025-01-22,Criteria,CPD y Pagarés,ARS,4675.867533058307,0.0,1047.0000412518,GEST
2025-02-24,Criteria,CPD y Pagarés,ARS,9095.469141101436,0.0,1060.2499772576,GEST
2025-02-24,Criteria,CPD y Pagarés,ARS,17777.813170771176,0.0,1060.2499772576,GEST
2025-05-16,Option Securities,CPD y Pagarés,USDMEP,49291.83,0.0,1142.0000555012,RDOLAR
2025-05-16,Option Securities,CPD y Pagarés,USDMEP,45158.07,0.0,1142.0000555012,RDOLAR
2025-05-16,Option Securities,CPD y Pagarés,USDMEP,45149.32,0.0,1142.0000555012,RDOLAR
2025-01-23,Criteria,CPD y Pagarés,ARS,1860679.145180168,0.0,1047.0000412518,GEST
2025-01-29,Criteria,CPD y Pagarés,ARS,1864374.8664022188,0.0,1051.5000542048,GEST
2025-01-10,Invertir en Bolsa (IEB),CPD y Pagarés,ARS,67274.24457742022,0.0,1036.9999508462,GEST
2025-01-16,Criteria,CPD y Pagarés,ARS,95912.11587398253,0.0,1041.5000266624,GEST
2025-01-21,Criteria,CPD y Pagarés,ARS,97798.41443709587,0.0,1047.0000412518,GEST
2025-01-21,Criteria,CPD y Pagarés,ARS,70043.85299958452,0.0,1047.0000412518,GEST
2025-01-08,Invertir en Bolsa (IEB),CPD y Pagarés,ARS,82305.58285554837,0.0,1035.5000481508,GEST
2025-01-08,Invertir en Bolsa (IEB),CPD y Pagarés,ARS,51463.831619483666,0.0,1035.5000481508,GEST
2025-01-08,Invertir en Bolsa (IEB),CPD y Pagarés,ARS,64767.64079322673,0.0,1035.5000481508,GEST
2025-01-08,Invertir en Bolsa (IEB),CPD y Pagarés,ARS,76084.18073055126,0.0,1035.5000481508,GEST
2025-01-08,Invertir en Bolsa (IEB),CPD y Pagarés,ARS,55372.44871441072,0.0,1035.5000481508,GEST
2025-01-08,Invertir en Bolsa (IEB),CPD y Pagarés,ARS,80705.85630511682,0.0,1035.5000481508,GEST
2025-01-08,Invertir en Bolsa (IEB),CPD y Pagarés,ARS,67058.73892908554,0.0,1035.5000481508,GEST
2025-01-08,Invertir en Bolsa (IEB),CPD y Pagarés,ARS,93338.59196105468,0.0,1035.5000481508,GEST
2025-01-02,INVIU,CPD y Pagarés,ARS,1461479.2860088365,0.0,1031.5000517297,BALANCEADO
2025-02-24,Criteria,CPD y Pagarés,ARS,32524.925413529698,0.0,1060.2499772576,GEST
2025-01-02,INVIU,CPD y Pagarés,ARS,1925501.175990695,0.0,1031.5000517297,BALANCEADO
2024-12-30,INVIU,CPD y Pagarés,ARS,1335823.9721522522,0.0,1484.9999413425,BALANCEADO
2025-01-02,SyC Inversiones,CPD y Pagarés,ARS,9420.306847009551,0.0,1031.5000517297,PyMES
2025-01-02,SyC Inversiones,CPD y Pagarés,ARS,5816.771400000155,0.0,1031.5000517297,PyMES
2025-01-02,SyC Inversiones,CPD y Pagarés,ARS,1102.3662462190255,0.0,1031.5000517297,PyMES
2025-01-02,SyC Inversiones,CPD y Pagarés,ARS,1962.8263969593593,0.0,1031.5000517297,PyMES
2025-01-02,SyC Inversiones,CPD y Pagarés,ARS,1066.4080900000283,0.0,1031.5000517297,PyMES
2025-01-02,SyC Inversiones,CPD y Pagarés,ARS,1397.2531049156723,0.0,1031.5000517297,PyMES
2025-01-02,Alchemy Valores,CPD y Pagarés,ARS,6786.233300000181,0.0,1031.5000517297,PyMES
2025-01-03,Invertir en Bolsa (IEB),CPD y Pagarés,ARS,1937045.9999999064,0.0,1032.5000025813,GEST
2025-01-06,PP Inversiones (PPI),CPD y Pagarés,ARS,115942.0320000001,0.0,1034.99997309,RFIJA
2025-01-06,Alchemy Valores,CPD y Pagarés,ARS,2653.303054493126,0.0,1034.99997309,PyMES
2025-01-06,Alchemy Valores,CPD y Pagarés,ARS,11700.949115818881,0.0,1034.99997309,PyMES
2025-01-07,Alchemy Valores,CPD y Pagarés,ARS,4828.584999999777,0.0,1035.5000481508,PyMES
2025-01-07,Alchemy Valores,CPD y Pagarés,ARS,57943.01999999733,0.0,1035.5000481508,PyMES
2025-01-07,Alchemy Valores,CPD y Pagarés,ARS,19314.33999999911,0.0,1035.5000481508,PyMES
2025-01-08,Alchemy Valores,CPD y Pagarés,ARS,4828.584999999777,0.0,1035.5000481508,PyMES
2025-01-08,Alchemy Valores,CPD y Pagarés,ARS,883.3992829199592,0.0,1035.5000481508,PyMES
2025-01-08,Alchemy Valores,CPD y Pagarés,ARS,1931.4339999999108,0.0,1035.5000481508,PyMES
2025-01-08,Alchemy Valores,CPD y Pagarés,ARS,450.02412199997923,0.0,1035.5000481508,PyMES
2025-01-08,Alchemy Valores,CPD y Pagarés,ARS,454.11908076658904,0.0,1035.5000481508,PyMES
2025-01-08,Alchemy Valores,CPD y Pagarés,ARS,6277.160499999711,0.0,1035.5000481508,PyMES
2025-01-08,Alchemy Valores,CPD y Pagarés,ARS,572.9515716194336,0.0,1035.5000481508,PyMES
2025-01-08,Alchemy Valores,CPD y Pagarés,ARS,489.6301076039774,0.0,1035.5000481508,PyMES
2025-01-08,Alchemy Valores,CPD y Pagarés,ARS,24142.924999998886,0.0,1035.5000481508,PyMES
2025-01-08,Invertir en Bolsa (IEB),CPD y Pagarés,ARS,278705.9261999871,0.0,1035.5000481508,GEST
2025-01-31,Criteria,CPD y Pagarés,ARS,271755.3848878304,0.0,1051.5000542048,GEST
2025-01-09,Alchemy Valores,CPD y Pagarés,ARS,4821.6010000000115,0.0,1036.9999508462,PyMES
2025-01-10,Alchemy Valores,CPD y Pagarés,ARS,31857.568530299475,0.0,1036.9999508462,PyMES
2025-01-10,Invertir en Bolsa (IEB),CPD y Pagarés,ARS,57859.21200000014,0.0,1036.9999508462,GEST
2025-01-10,Invertir en Bolsa (IEB),CPD y Pagarés,ARS,67502.41400000016,0.0,1036.9999508462,GEST
2025-01-10,Invertir en Bolsa (IEB),CPD y Pagarés,ARS,48216.01000000011,0.0,1036.9999508462,GEST
2025-01-13,Criteria,CPD y Pagarés,ARS,253006.3717061012,0.0,1039.4999589398,GEST
2025-01-31,Criteria,CPD y Pagarés,ARS,242855.7612230642,0.0,1051.5000542048,GEST
2025-01-13,Criteria,CPD y Pagarés,ARS,281096.6921999869,0.0,1039.4999589398,GEST
2025-01-31,Criteria,CPD y Pagarés,ARS,273794.3782016457,0.0,1051.5000542048,GEST
2025-01-13,Criteria,CPD y Pagarés,ARS,224242.43309998955,0.0,1039.4999589398,GEST
2025-01-31,Criteria,CPD y Pagarés,ARS,218417.07584474186,0.0,1051.5000542048,GEST
2025-01-15,Criteria,CPD y Pagarés,ARS,218059.55960000004,0.0,1040.9999929212,GEST
2025-01-31,Criteria,CPD y Pagarés,ARS,212284.37162450602,0.0,1051.5000542048,GEST
2025-01-15,Criteria,CPD y Pagarés,ARS,253602.41767070204,0.0,1040.9999929212,GEST
2025-01-31,Criteria,CPD y Pagarés,ARS,242371.15283149798,0.0,1051.5000542048,GEST
2025-01-15,Alchemy Valores,CPD y Pagarés,ARS,14409.222000000002,0.0,1040.9999929212,PyMES
2025-01-15,Alchemy Valores,CPD y Pagarés,ARS,19212.296000000002,0.0,1040.9999929212,PyMES
2025-01-15,Alchemy Valores,CPD y Pagarés,ARS,9606.148000000001,0.0,1040.9999929212,PyMES
2025-01-16,Criteria,CPD y Pagarés,ARS,503312.5171200004,0.0,1041.5000266624,GEST
2025-01-31,Criteria,CPD y Pagarés,ARS,489737.90183913923,0.0,1051.5000542048,GEST
2025-01-16,Criteria,CPD y Pagarés,ARS,249159.85920000018,0.0,1041.5000266624,GEST
2025-01-31,Criteria,CPD y Pagarés,ARS,242439.88081654278,0.0,1051.5000542048,GEST
2025-01-17,Alchemy Valores,CPD y Pagarés,ARS,343.7094391127043,0.0,1041.5000266624,PyMES
2025-01-17,Alchemy Valores,CPD y Pagarés,ARS,1602.016281600001,0.0,1041.5000266624,PyMES
2025-01-17,Alchemy Valores,CPD y Pagarés,ARS,3660.1973810949144,0.0,1041.5000266624,PyMES
2025-01-17,Alchemy Valores,CPD y Pagarés,ARS,8279.087642112007,0.0,1041.5000266624,PyMES
2025-01-17,Alchemy Valores,CPD y Pagarés,ARS,2016.3225600000014,0.0,1041.5000266624,PyMES
2025-01-17,Alchemy Valores,CPD y Pagarés,ARS,2400.384000000002,0.0,1041.5000266624,PyMES
2025-01-21,PP Inversiones (PPI),CPD y Pagarés,ARS,229226.35200000036,0.0,1047.0000412518,RFIJA
2025-01-23,Alchemy Valores,CPD y Pagarés,ARS,2363.896755000004,0.0,1047.0000412518,PyMES
2025-01-23,Alchemy Valores,CPD y Pagarés,ARS,2268.3857750000034,0.0,1047.0000412518,PyMES
2025-01-23,Alchemy Valores,CPD y Pagarés,ARS,2722.062930000004,0.0,1047.0000412518,PyMES
2025-01-23,Alchemy Valores,CPD y Pagarés,ARS,2387.7745000000036,0.0,1047.0000412518,PyMES
2025-01-23,Alchemy Valores,CPD y Pagarés,ARS,1432.6647000000023,0.0,1047.0000412518,PyMES
2025-01-23,Alchemy Valores,CPD y Pagarés,ARS,727.1683667650392,0.0,1047.0000412518,PyMES
2025-03-21,Criteria,CPD y Pagarés,ARS,237765.56154339682,0.0,1068.7500166992,GEST
2025-02-26,Criteria,CPD y Pagarés,ARS,246938.20421512486,0.0,1060.9999648809,GEST
2025-03-21,Criteria,CPD y Pagarés,ARS,237153.56697050307,0.0,1068.7500166992,GEST
2025-02-26,Criteria,CPD y Pagarés,ARS,246938.48696725487,0.0,1060.9999648809,GEST
2025-03-21,Criteria,CPD y Pagarés,ARS,236950.37835145567,0.0,1068.7500166992,GEST
2025-02-26,Criteria,CPD y Pagarés,ARS,246938.39271654485,0.0,1060.9999648809,GEST
2025-03-21,Criteria,CPD y Pagarés,ARS,236950.28791870855,0.0,1068.7500166992,GEST
2025-02-27,Criteria,CPD y Pagarés,ARS,113020.956000002,0.0,1061.749999708,GEST
2025-02-27,Alchemy Valores,CPD y Pagarés,ARS,18836.826000000336,0.0,1061.749999708,PyMES
2025-02-27,Criteria,CPD y Pagarés,ARS,233576.85713982055,0.0,1061.749999708,GEST
2025-02-27,Criteria,CPD y Pagarés,ARS,232635.11002395052,0.0,1061.749999708,GEST
2025-02-27,Criteria,CPD y Pagarés,ARS,234518.60425569056,0.0,1061.749999708,GEST
2025-02-27,Criteria,CPD y Pagarés,ARS,235460.44649753187,0.0,1061.749999708,GEST
2025-02-28,Criteria,CPD y Pagarés,ARS,506114.7844000004,0.0,1062.9999687478,GEST
2025-02-28,Criteria,CPD y Pagarés,ARS,96331.14112000007,0.0,1062.9999687478,GEST
2025-03-05,Alchemy Valores,CPD y Pagarés,ARS,5265.632400000124,0.0,1063.4999890991,PyMES
2025-03-05,Alchemy Valores,CPD y Pagarés,ARS,18805.830000000442,0.0,1063.4999890991,PyMES
2025-03-05,Criteria,CPD y Pagarés,ARS,247296.66450000583,0.0,1063.4999890991,GEST
2025-03-06,Alchemy Valores,CPD y Pagarés,ARS,9402.915000000221,0.0,1063.4999890991,PyMES
2025-03-06,Alchemy Valores,CPD y Pagarés,ARS,1880.5830000000444,0.0,1063.4999890991,PyMES
2025-03-06,Alchemy Valores,CPD y Pagarés,ARS,3448.048930500081,0.0,1063.4999890991,PyMES
2025-03-06,Alchemy Valores,CPD y Pagarés,ARS,3023.3982444360713,0.0,1063.4999890991,PyMES
2025-03-06,Alchemy Valores,CPD y Pagarés,ARS,1786.553850000042,0.0,1063.4999890991,PyMES
2025-03-07,Alchemy Valores,CPD y Pagarés,ARS,60575.59860680659,0.0,1065.0000410025,PyMES
2025-03-10,Alchemy Valores,CPD y Pagarés,ARS,9383.06399999958,0.0,1065.7499511887,PyMES
2025-03-10,Criteria,CPD y Pagarés,ARS,349425.30335998436,0.0,1065.7499511887,GEST
2025-03-11,Alchemy Valores,CPD y Pagarés,ARS,1454.7160749999664,0.0,1065.5000151834,PyMES
2025-03-11,Alchemy Valores,CPD y Pagarés,ARS,938.5264999999782,0.0,1065.5000151834,PyMES
2025-03-12,Alchemy Valores,CPD y Pagarés,ARS,7297.938668751465,0.0,1065.7499511887,PyMES
2025-03-12,SyC Inversiones,CPD y Pagarés,ARS,3284.072399999853,0.0,1065.7499511887,PyMES
2025-03-12,SyC Inversiones,CPD y Pagarés,ARS,2345.765999999895,0.0,1065.7499511887,PyMES
2025-03-13,Criteria,CPD y Pagarés,ARS,562720.0453927167,0.0,1066.2499477538,GEST
2025-03-13,Criteria,CPD y Pagarés,ARS,562720.1391793566,0.0,1066.2499477538,GEST
2025-03-13,Criteria,CPD y Pagarés,ARS,562720.3267526366,0.0,1066.2499477538,GEST
2025-03-13,Criteria,CPD y Pagarés,ARS,656507.4356858324,0.0,1066.2499477538,GEST
2025-03-13,Criteria,CPD y Pagarés,ARS,9378.663999999584,0.0,1066.2499477538,GEST
2025-03-13,Criteria,CPD y Pagarés,ARS,14067.995999999375,0.0,1066.2499477538,GEST
2025-03-13,Criteria,CPD y Pagarés,ARS,468933.1999999792,0.0,1066.2499477538,GEST
2025-03-13,Criteria,CPD y Pagarés,ARS,4689.331999999792,0.0,1066.2499477538,GEST
2025-03-14,Alchemy Valores,CPD y Pagarés,ARS,4689.331999999792,0.0,1066.2499477538,PyMES
2025-03-14,Alchemy Valores,CPD y Pagarés,ARS,18757.32799999917,0.0,1066.2499477538,PyMES
2025-03-14,Alchemy Valores,CPD y Pagarés,ARS,9378.663999999584,0.0,1066.2499477538,PyMES
2025-03-18,Alchemy Valores,CPD y Pagarés,ARS,7958.801600000002,0.0,1067.9999863296,PyMES
2025-03-18,Alchemy Valores,CPD y Pagarés,ARS,3118.2631485280003,0.0,1067.9999863296,PyMES
2025-03-18,Alchemy Valores,CPD y Pagarés,ARS,4915.7304,0.0,1067.9999863296,PyMES
2025-03-18,Alchemy Valores,CPD y Pagarés,ARS,1054.3071296000003,0.0,1067.9999863296,PyMES
2025-03-19,PP Inversiones (PPI),CPD y Pagarés,ARS,239476.1472,0.0,1068.9999943343,RFIJA
2025-03-19,Criteria,CPD y Pagarés,ARS,162301.21695,0.0,1068.9999943343,GEST
2025-03-19,Alchemy Valores,CPD y Pagarés,ARS,9354.537,0.0,1068.9999943343,PyMES
2025-03-19,Alchemy Valores,CPD y Pagarés,ARS,4677.2685,0.0,1068.9999943343,PyMES
2025-03-19,Alchemy Valores,CPD y Pagarés,ARS,18709.074,0.0,1068.9999943343,PyMES
2025-03-19,Alchemy Valores,CPD y Pagarés,ARS,2338.63425,0.0,1068.9999943343,PyMES
2025-03-19,Alchemy Valores,CPD y Pagarés,ARS,4206.988347834925,0.0,1068.9999943343,PyMES
2025-03-20,Criteria,CPD y Pagarés,ARS,100561.27275,0.0,1068.9999943343,GEST
2025-03-21,Alchemy Valores,CPD y Pagarés,ARS,35746.850856660756,0.0,1068.7500166992,PyMES
2025-03-26,Criteria,CPD y Pagarés,ARS,197899.64679999888,0.0,1071.2500170061,GEST
2025-03-26,Criteria,CPD y Pagarés,ARS,205367.55799999885,0.0,1071.2500170061,GEST
2025-03-26,Alchemy Valores,CPD y Pagarés,ARS,32672.111499999817,0.0,1071.2500170061,PyMES
2025-03-28,Criteria,CPD y Pagarés,ARS,121381.88400000005,0.0,1071.0000184212,GEST
2025-03-28,Criteria,CPD y Pagarés,ARS,116713.35000000005,0.0,1071.0000184212,GEST
2025-03-28,Alchemy Valores,CPD y Pagarés,ARS,28011.20400000001,0.0,1071.0000184212,PyMES
2025-04-28,Criteria,CPD y Pagarés,ARS,1655219.5702768886,0.0,1178.0000480624,GEST
2025-03-31,Alchemy Valores,CPD y Pagarés,ARS,45819.97113591935,0.0,1073.24995326,PyMES
2025-03-31,Alchemy Valores,CPD y Pagarés,ARS,11926.392319999606,0.0,1073.24995326,PyMES
2025-03-31,Alchemy Valores,CPD y Pagarés,ARS,11646.867499999615,0.0,1073.24995326,PyMES
2025-03-31,Alchemy Valores,CPD y Pagarés,ARS,11740.042439999612,0.0,1073.24995326,PyMES
2025-03-31,Alchemy Valores,CPD y Pagarés,ARS,12019.567259999603,0.0,1073.24995326,PyMES
2025-03-31,Alchemy Valores,CPD y Pagarés,ARS,682.5064354999774,0.0,1073.24995326,PyMES
2025-03-31,Alchemy Valores,CPD y Pagarés,ARS,3190.154697514867,0.0,1073.24995326,PyMES
2025-03-31,Alchemy Valores,CPD y Pagarés,ARS,804.5656068999734,0.0,1073.24995326,PyMES
2025-03-31,Alchemy Valores,CPD y Pagarés,ARS,2515.7233799999167,0.0,1073.24995326,PyMES
2025-03-31,Alchemy Valores,CPD y Pagarés,ARS,3726.997599999877,0.0,1073.24995326,PyMES
2025-04-01,Alchemy Valores,CPD y Pagarés,ARS,13053.612599999711,0.0,1072.5000372694,PyMES
2025-04-01,Alchemy Valores,CPD y Pagarés,ARS,1790.5111172668762,0.0,1072.5000372694,PyMES
2025-04-01,Alchemy Valores,CPD y Pagarés,ARS,2077.230697046954,0.0,1072.5000372694,PyMES
2025-04-01,Alchemy Valores,CPD y Pagarés,ARS,2983.682879999934,0.0,1072.5000372694,PyMES
2025-04-01,Alchemy Valores,CPD y Pagarés,ARS,9324.008999999793,0.0,1072.5000372694,PyMES
2025-04-01,Alchemy Valores,CPD y Pagarés,ARS,2424.242339999946,0.0,1072.5000372694,PyMES
2025-04-01,Alchemy Valores,CPD y Pagarés,ARS,1864.8017999999586,0.0,1072.5000372694,PyMES
2025-04-01,Alchemy Valores,CPD y Pagarés,ARS,2797.202699999938,0.0,1072.5000372694,PyMES
2025-04-01,Alchemy Valores,CPD y Pagarés,ARS,2610.722519999942,0.0,1072.5000372694,PyMES
2025-04-01,Alchemy Valores,CPD y Pagarés,ARS,1678.3216199999629,0.0,1072.5000372694,PyMES
2025-04-01,Alchemy Valores,CPD y Pagarés,ARS,1741.9896830555613,0.0,1072.5000372694,PyMES
2025-04-01,Alchemy Valores,CPD y Pagarés,ARS,1741.2586807499613,0.0,1072.5000372694,PyMES
2025-04-01,Alchemy Valores,CPD y Pagarés,ARS,5827.107638999715,0.0,1072.5000372694,PyMES
2025-04-01,Alchemy Valores,CPD y Pagarés,ARS,2697.4740321368404,0.0,1072.5000372694,PyMES
2025-04-01,Alchemy Valores,CPD y Pagarés,ARS,4108.019642794006,0.0,1072.5000372694,PyMES
2025-04-01,Alchemy Valores,CPD y Pagarés,ARS,23310.022499999483,0.0,1072.5000372694,PyMES
2025-04-03,Schweber Securities S.A.,CPD y Pagarés,ARS,29204.37480959932,0.0,1074.2500123539,PyMES
2025-04-03,Criteria,CPD y Pagarés,ARS,9308.819999999785,0.0,1074.2500123539,PyMES
2025-04-04,Criteria,CPD y Pagarés,USDMEP,80000.0,0.0,1073.4999662921,RDOLAR
2025-05-16,Option Securities,CPD y Pagarés,USDMEP,62389.45,0.0,1142.0000555012,RDOLAR
2025-04-04,Criteria,CPD y Pagarés,USDMEP,75000.0,0.0,1073.4999662921,RDOLAR
2025-05-16,Option Securities,CPD y Pagarés,USDMEP,58552.17,0.0,1142.0000555012,RDOLAR
2025-01-27,Alchemy Valores,CPD y Pagarés,ARS,3692.234462500089,0.0,1049.4999814763,PyMES
2025-01-29,Alchemy Valores,CPD y Pagarés,ARS,23775.557500000625,0.0,1051.5000542048,PyMES
2025-02-20,Alchemy Valores,CPD y Pagarés,ARS,2721.5947975860686,0.0,1058.7500397031,PyMES
2025-02-25,Alchemy Valores,CPD y Pagarés,ARS,1885.9027999999144,0.0,1060.5000427382,PyMES
2025-03-06,Alchemy Valores,CPD y Pagarés,ARS,5641.749000000133,0.0,1063.4999890991,PyMES
2025-04-04,Alchemy Valores,CPD y Pagarés,ARS,46576.620000000046,0.0,1073.4999662921,PyMES
2025-04-04,Alchemy Valores,CPD y Pagarés,ARS,5589.194400000006,0.0,1073.4999662921,PyMES
2025-04-07,Alchemy Valores,CPD y Pagarés,ARS,2101.3482259999514,0.0,1075.49999188,PyMES
2025-04-08,Criteria,CPD y Pagarés,ARS,353241.95532419207,0.0,1075.750012909,GEST
2025-05-13,Option Securities,CPD y Pagarés,ARS,328862.0641489091,0.0,1125.5000033765,GEST
2025-04-08,Criteria,CPD y Pagarés,ARS,353241.9739158721,0.0,1075.750012909,GEST
2025-05-16,Criteria,CPD y Pagarés,ARS,323565.88086839346,0.0,1142.0000555012,GEST
2025-04-08,Criteria,CPD y Pagarés,ARS,362537.7767325121,0.0,1075.750012909,GEST
2025-05-13,Option Securities,CPD y Pagarés,ARS,338101.7530327849,0.0,1125.5000033765,GEST
2025-04-09,Alchemy Valores,CPD y Pagarés,ARS,7431.4912000000095,0.0,1076.4999627531,PyMES
2025-04-10,Criteria,CPD y Pagarés,ARS,260041.9873164658,0.0,1076.7499852216,GEST
2025-04-10,Criteria,CPD y Pagarés,ARS,260042.17120316438,0.0,1076.7499852216,GEST
2025-04-10,Criteria,CPD y Pagarés,ARS,260042.0801885358,0.0,1076.7499852216,GEST
2025-04-10,Criteria,CPD y Pagarés,ARS,260041.8944443958,0.0,1076.7499852216,GEST
2025-04-10,Criteria,CPD y Pagarés,ARS,258184.54498774506,0.0,1076.7499852216,GEST
2025-04-10,Criteria,CPD y Pagarés,ARS,257256.01003188506,0.0,1076.7499852216,GEST
2025-04-10,Criteria,CPD y Pagarés,ARS,260042.2640752344,0.0,1076.7499852216,GEST
2025-04-10,Criteria,CPD y Pagarés,ARS,241468.42588206826,0.0,1076.7499852216,GEST
2025-04-10,Criteria,CPD y Pagarés,ARS,241468.51875413826,0.0,1076.7499852216,GEST
2025-04-10,Criteria,CPD y Pagarés,ARS,241468.33300999826,0.0,1076.7499852216,GEST
2025-04-10,Criteria,CPD y Pagarés,ARS,1658.379990256051,0.0,1076.7499852216,GEST
2025-04-10,Criteria,CPD y Pagarés,ARS,1465.7002197916918,0.0,1076.7499852216,GEST
2025-04-10,Criteria,CPD y Pagarés,ARS,21162.92789668374,0.0,1076.7499852216,GEST
2025-04-11,Alchemy Valores,CPD y Pagarés,ARS,1396.6480499999998,0.0,1073.9999959188,PyMES
2025-04-11,Alchemy Valores,CPD y Pagarés,ARS,931.0986999999999,0.0,1073.9999959188,PyMES
2025-04-11,Criteria,CPD y Pagarés,ARS,9310.987,0.0,1073.9999959188,PyMES
2025-04-14,Alchemy Valores,CPD y Pagarés,ARS,9414.226125000005,0.0,1194.9999766975,PyMES
2025-04-15,Criteria,CPD y Pagarés,ARS,159233.01370000333,0.0,1199.5000004198,GEST
2025-04-28,Criteria,CPD y Pagarés,ARS,159584.4364600925,0.0,1178.0000480624,GEST
2025-04-16,Alchemy Valores,CPD y Pagarés,ARS,412.84573849390506,0.0,1124.9999859375,PyMES
2025-04-16,Alchemy Valores,CPD y Pagarés,ARS,2739.9484253604664,0.0,1124.9999859375,PyMES
2025-04-16,Alchemy Valores,CPD y Pagarés,ARS,755.5555650000001,0.0,1124.9999859375,PyMES
2025-04-16,Alchemy Valores,CPD y Pagarés,ARS,696.5342309289001,0.0,1124.9999859375,PyMES
2025-04-16,Alchemy Valores,CPD y Pagarés,ARS,496.03147286705996,0.0,1124.9999859375,PyMES
2025-04-16,Alchemy Valores,CPD y Pagarés,ARS,1333.33335,0.0,1124.9999859375,PyMES
2025-04-16,Alchemy Valores,CPD y Pagarés,ARS,849.8400728452232,0.0,1124.9999859375,PyMES
2025-04-16,Criteria,CPD y Pagarés,ARS,223377.78057000003,0.0,1124.9999859375,GEST
2025-04-28,Criteria,CPD y Pagarés,ARS,209383.9623145197,0.0,1178.0000480624,GEST
2025-04-21,Criteria,CPD y Pagarés,ARS,227056.67712000007,0.0,1093.9999789952,GEST
2025-04-21,Criteria,CPD y Pagarés,ARS,155667.27904000005,0.0,1093.9999789952,GEST
2025-04-21,Criteria,CPD y Pagarés,ARS,179204.75664000007,0.0,1093.9999789952,GEST
2025-04-21,Alchemy Valores,CPD y Pagarés,ARS,45703.84000000001,0.0,1093.9999789952,PyMES
2025-04-21,PP Inversiones (PPI),CPD y Pagarés,ARS,1279.7075200000004,0.0,1093.9999789952,PyMES
2025-04-22,PP Inversiones (PPI),CPD y Pagarés,ARS,3657.7409361766004,0.0,1104.0000017664,PyMES
2025-04-22,Criteria,CPD y Pagarés,ARS,134057.9708,0.0,1104.0000017664,GEST
2025-04-22,Criteria,CPD y Pagarés,ARS,143115.9418,0.0,1104.0000017664,GEST
2025-04-22,Criteria,CPD y Pagarés,ARS,190217.391,0.0,1104.0000017664,GEST
2025-04-22,Alchemy Valores,CPD y Pagarés,ARS,15398.550700000002,0.0,1104.0000017664,PyMES
2025-04-23,Criteria,CPD y Pagarés,ARS,215517.6931379491,0.0,1159.9999536,GEST
2025-04-28,Criteria,CPD y Pagarés,ARS,205264.75399361906,0.0,1178.0000480624,GEST
2025-04-23,Criteria,CPD y Pagarés,ARS,215517.6069310491,0.0,1159.9999536,GEST
2025-04-28,Criteria,CPD y Pagarés,ARS,205264.67189684825,0.0,1178.0000480624,GEST
2025-04-23,Criteria,CPD y Pagarés,ARS,215517.52072414913,0.0,1159.9999536,GEST
2025-04-28,Criteria,CPD y Pagarés,ARS,205451.85407936398,0.0,1178.0000480624,GEST
2025-04-23,Criteria,CPD y Pagarés,ARS,215517.6077931181,0.0,1159.9999536,GEST
2025-04-28,Criteria,CPD y Pagarés,ARS,203963.17923348054,0.0,1178.0000480624,GEST
2025-04-23,Criteria,CPD y Pagarés,ARS,232758.7300344871,0.0,1159.9999536,GEST
2025-04-28,Criteria,CPD y Pagarés,ARS,220279.9625405911,0.0,1178.0000480624,GEST
2025-04-23,Criteria,CPD y Pagarés,ARS,232758.81624138713,0.0,1159.9999536,GEST
2025-04-28,Criteria,CPD y Pagarés,ARS,220080.67447571698,0.0,1178.0000480624,GEST
2025-04-23,Criteria,CPD y Pagarés,ARS,198276.31486208708,0.0,1159.9999536,GEST
2025-04-28,Criteria,CPD y Pagarés,ARS,187306.8695989663,0.0,1178.0000480624,GEST
2025-04-23,Criteria,CPD y Pagarés,ARS,127586.2120000002,0.0,1159.9999536,GEST
2025-04-23,Criteria,CPD y Pagarés,ARS,118103.45300000018,0.0,1159.9999536,GEST
2025-04-23,Alchemy Valores,CPD y Pagarés,ARS,913.7931400000015,0.0,1159.9999536,PyMES
2025-04-23,Alchemy Valores,CPD y Pagarés,ARS,931.0345200000015,0.0,1159.9999536,PyMES
2025-04-23,Alchemy Valores,CPD y Pagarés,ARS,732.7586500000011,0.0,1159.9999536,PyMES
2025-04-24,Criteria,CPD y Pagarés,ARS,175468.49280000044,0.0,1173.9999398912,GEST
2025-04-24,Alchemy Valores,CPD y Pagarés,ARS,3407.155200000009,0.0,1173.9999398912,PyMES
2025-04-24,Alchemy Valores,CPD y Pagarés,ARS,2981.2608000000077,0.0,1173.9999398912,PyMES
2025-04-24,Alchemy Valores,CPD y Pagarés,ARS,17035.776000000045,0.0,1173.9999398912,PyMES
2025-04-25,Alchemy Valores,CPD y Pagarés,ARS,3847.7983500000882,0.0,1169.4999557344,PyMES
2025-04-25,Criteria,CPD y Pagarés,ARS,201795.64680000462,0.0,1169.4999557344,GEST
2025-04-28,Criteria,CPD y Pagarés,ARS,382003.5735483798,0.0,1178.0000480624,GEST
2025-05-27,Option Securities,CPD y Pagarés,ARS,377208.93974823796,0.0,1154.9999543775,GEST
2025-04-28,Criteria,CPD y Pagarés,ARS,382003.82821729983,0.0,1178.0000480624,GEST
2025-06-04,Option Securities,CPD y Pagarés,ARS,368774.13569496496,0.0,1185.5000539995,GEST
2025-04-28,Criteria,CPD y Pagarés,ARS,115449.91040000018,0.0,1178.0000480624,GEST
2025-04-28,Criteria,CPD y Pagarés,ARS,143463.49160000024,0.0,1178.0000480624,GEST
2026-03-11,INVIU,CPD y Pagarés,ARS,7163.324000000007,0.0,1395.9999575616,RCAP
2026-03-11,Criteria,CPD y Pagarés,ARS,103366.7653200001,0.0,1395.9999575616,GEST
2026-03-11,Criteria,CPD y Pagarés,ARS,147421.20792000013,0.0,1395.9999575616,GEST
2026-03-11,Criteria,CPD y Pagarés,ARS,110744.9890400001,0.0,1395.9999575616,GEST
2026-03-12,PP Inversiones (PPI),CPD y Pagarés,ARS,136249.55099999756,0.0,1394.5000082973,RFIJA
2026-03-13,Criteria,CPD y Pagarés,ARS,152928.56837000008,0.0,1400.000028,GEST
2026-03-16,Criteria,CPD y Pagarés,ARS,108166.1924000001,0.0,1395.9999575616,GEST
2026-03-17,Criteria,CPD y Pagarés,ARS,102077.3670000001,0.0,1395.9999575616,GEST
2026-03-18,INVIU,CPD y Pagarés,ARS,149210.90080000006,0.0,1394.0000287164,RCAP
2026-07-23,INVIU,CPD y Pagarés,ARS,138656.37751294224,0.0,1488.9999385043,RCAP
2026-03-18,Criteria,CPD y Pagarés,ARS,148206.59666000007,0.0,1394.0000287164,GEST
2026-03-18,Criteria,CPD y Pagarés,ARS,296484.92933000013,0.0,1394.0000287164,GEST
2026-03-20,PP Inversiones (PPI),CPD y Pagarés,ARS,1391.1306917317647,0.0,1390.4999375666,PyMES
2026-03-25,PP Inversiones (PPI),CPD y Pagarés,ARS,118330.30640000004,0.0,1377.500024795,RFIJA
2026-03-26,PP Inversiones (PPI),CPD y Pagarés,ARS,2923.976800000012,0.0,1367.9999102592,PyMES
2026-03-26,PP Inversiones (PPI),CPD y Pagarés,ARS,2375.73115000001,0.0,1367.9999102592,PyMES
2026-03-26,PP Inversiones (PPI),CPD y Pagarés,ARS,3289.473900000014,0.0,1367.9999102592,PyMES
2026-03-27,PP Inversiones (PPI),CPD y Pagarés,ARS,5428.588059194167,0.0,1382.5000107144,PyMES
2026-03-27,PP Inversiones (PPI),CPD y Pagarés,ARS,4466.546077499919,0.0,1382.5000107144,PyMES
2026-03-30,Allaria,CPD y Pagarés,ARS,4291.845600000002,0.0,1397.9999653296,PyMES
2026-03-30,Allaria,CPD y Pagarés,ARS,11587.983120000008,0.0,1397.9999653296,PyMES
2026-03-30,Criteria,CPD y Pagarés,ARS,117238.91564000008,0.0,1397.9999653296,GEST
2026-03-30,Criteria,CPD y Pagarés,ARS,135836.91324000008,0.0,1397.9999653296,GEST
2026-03-31,Alchemy Valores,CPD y Pagarés,ARS,9303.955680397212,0.0,1392.0000089088,PyMES
2026-04-01,INVIU,CPD y Pagarés,ARS,10760.401500000004,0.0,1394.0000287164,INC
2026-07-23,INVIU,CPD y Pagarés,ARS,9999.491756162353,0.0,1488.9999385043,INC
2026-04-01,Allaria,CPD y Pagarés,ARS,2576.3803343010272,0.0,1394.0000287164,PyMES
2026-04-01,Allaria,CPD y Pagarés,ARS,2576.380334301027,0.0,1394.0000287164,PyMES
2026-04-01,Alchemy Valores,CPD y Pagarés,ARS,5380.200750000002,0.0,1394.0000287164,PyMES
2026-04-06,Allaria,CPD y Pagarés,ARS,6501.270703161998,0.0,1392.9999800801,PyMES
2026-04-06,Allaria,CPD y Pagarés,ARS,4666.791717847828,0.0,1392.9999800801,PyMES
2026-04-06,Allaria,CPD y Pagarés,ARS,396.6953610209131,0.0,1392.9999800801,PyMES
2026-04-06,PP Inversiones (PPI),CPD y Pagarés,ARS,1718.9333770574165,0.0,1392.9999800801,PyMES
2026-04-06,PP Inversiones (PPI),CPD y Pagarés,ARS,1013.4984279890792,0.0,1392.9999800801,PyMES
2026-04-06,PP Inversiones (PPI),CPD y Pagarés,ARS,1129.8973600197003,0.0,1392.9999800801,PyMES
2026-04-06,PP Inversiones (PPI),CPD y Pagarés,ARS,837.5484972605043,0.0,1392.9999800801,PyMES
2026-04-06,PP Inversiones (PPI),CPD y Pagarés,ARS,1566.2606110551003,0.0,1392.9999800801,PyMES
2026-04-06,PP Inversiones (PPI),CPD y Pagarés,ARS,1369.7927905858833,0.0,1392.9999800801,PyMES
2026-04-06,PP Inversiones (PPI),CPD y Pagarés,ARS,825.6549579662341,0.0,1392.9999800801,PyMES
2026-04-06,PP Inversiones (PPI),CPD y Pagarés,ARS,950.0937680730603,0.0,1392.9999800801,PyMES
2026-04-06,PP Inversiones (PPI),CPD y Pagarés,ARS,880.7529702401373,0.0,1392.9999800801,PyMES
2026-04-06,PP Inversiones (PPI),CPD y Pagarés,ARS,867.0089355855931,0.0,1392.9999800801,PyMES
2026-04-06,PP Inversiones (PPI),CPD y Pagarés,ARS,1737.2614964867735,0.0,1392.9999800801,PyMES
2026-04-06,PP Inversiones (PPI),CPD y Pagarés,ARS,929.9504153083411,0.0,1392.9999800801,PyMES
2026-04-06,PP Inversiones (PPI),CPD y Pagarés,ARS,943.8657708555003,0.0,1392.9999800801,PyMES
2026-04-06,PP Inversiones (PPI),CPD y Pagarés,ARS,797.9561564215411,0.0,1392.9999800801,PyMES
2026-04-06,PP Inversiones (PPI),CPD y Pagarés,ARS,1047.4271147628451,0.0,1392.9999800801,PyMES
2026-04-06,PP Inversiones (PPI),CPD y Pagarés,ARS,3544.5485072556007,0.0,1392.9999800801,PyMES
2026-04-06,PP Inversiones (PPI),CPD y Pagarés,ARS,1006.0343503518333,0.0,1392.9999800801,PyMES
2026-04-06,PP Inversiones (PPI),CPD y Pagarés,ARS,6686.669456710543,0.0,1392.9999800801,PyMES
2026-04-06,PP Inversiones (PPI),CPD y Pagarés,ARS,988.4105166468331,0.0,1392.9999800801,PyMES
2026-04-06,PP Inversiones (PPI),CPD y Pagarés,ARS,4346.903005448581,0.0,1392.9999800801,PyMES
2026-04-06,PP Inversiones (PPI),CPD y Pagarés,ARS,2106.3746173429804,0.0,1392.9999800801,PyMES
2026-04-06,PP Inversiones (PPI),CPD y Pagarés,ARS,949.4154407123192,0.0,1392.9999800801,PyMES
2026-04-06,PP Inversiones (PPI),CPD y Pagarés,ARS,2106.374617342981,0.0,1392.9999800801,PyMES
2026-04-06,PP Inversiones (PPI),CPD y Pagarés,ARS,2739.411381600001,0.0,1392.9999800801,PyMES
2026-04-06,PP Inversiones (PPI),CPD y Pagarés,ARS,2106.3746460579846,0.0,1392.9999800801,PyMES
2026-04-07,SyC Inversiones,CPD y Pagarés,ARS,1282.657172689982,0.0,1392.4999119244,PyMES
2026-04-07,SyC Inversiones,CPD y Pagarés,ARS,330.34113399999535,0.0,1392.4999119244,PyMES
2026-04-07,SyC Inversiones,CPD y Pagarés,ARS,1766.3196808399753,0.0,1392.4999119244,PyMES
2026-04-07,Allaria,CPD y Pagarés,ARS,13653.86082769981,0.0,1392.4999119244,PyMES
2026-04-07,PP Inversiones (PPI),CPD y Pagarés,ARS,268581.7045999962,0.0,1392.4999119244,RFIJA
2026-04-07,PP Inversiones (PPI),CPD y Pagarés,ARS,231238.79379999675,0.0,1392.4999119244,MULTI
2026-04-08,PP Inversiones (PPI),CPD y Pagarés,ARS,119279.27585000225,0.0,1387.5000398906,RFIJA
2026-04-09,Allaria,CPD y Pagarés,ARS,5068.791000000014,0.0,1380.999926807,PyMES
2026-04-10,Criteria,CPD y Pagarés,ARS,154525.54590000003,0.0,1370.0000137,GEST
2026-04-10,Criteria,CPD y Pagarés,ARS,189854.01270000002,0.0,1370.0000137,GEST
2026-04-13,Criteria,CPD y Pagarés,ARS,109453.46568000027,0.0,1354.0000682416,GEST
2026-04-13,Criteria,CPD y Pagarés,ARS,155982.2668800004,0.0,1354.0000682416,GEST
2026-04-14,Criteria,CPD y Pagarés,ARS,161143.68844000026,0.0,1364.0000556512,GEST
2026-04-14,Allaria,CPD y Pagarés,ARS,6919.584761669212,0.0,1364.0000556512,PyMES
2026-04-14,Allaria,CPD y Pagarés,ARS,4613.056263400208,0.0,1364.0000556512,PyMES
2026-04-15,INVIU,CPD y Pagarés,ARS,115894.04400000017,0.0,1358.9999499888,INC
2026-04-15,INVIU,CPD y Pagarés,ARS,280721.1288000004,0.0,1358.9999499888,INC
2026-04-15,INVIU,CPD y Pagarés,ARS,115894.04400000017,0.0,1358.9999499888,RCAP
2026-04-17,INVIU,CPD y Pagarés,ARS,99845.53954415405,0.0,1364.4999680707,RCAP
2026-04-15,PP Inversiones (PPI),CPD y Pagarés,ARS,146431.2048000002,0.0,1358.9999499888,RFIJA
2026-04-15,Criteria,CPD y Pagarés,ARS,161662.99344000022,0.0,1358.9999499888,GEST
2026-04-16,Criteria,CPD y Pagarés,ARS,107363.76660000012,0.0,1358.000046172,GEST
2026-04-17,Criteria,CPD y Pagarés,ARS,107072.19012000006,0.0,1364.4999680707,GEST
2026-04-17,Criteria,CPD y Pagarés,ARS,123268.59944000006,0.0,1364.4999680707,GEST
2026-04-20,Criteria,CPD y Pagarés,ARS,107770.51376000003,0.0,1377.0000236844,GEST
2026-04-20,Criteria,CPD y Pagarés,ARS,153885.25516000003,0.0,1377.0000236844,GEST
2026-04-20,SyC Inversiones,CPD y Pagarés,ARS,7231.537028849226,0.0,1377.0000236844,PyMES
2026-04-21,Criteria,CPD y Pagarés,ARS,108833.15748000031,0.0,1375.4999254479,GEST
2026-04-21,Criteria,CPD y Pagarés,ARS,99600.1508000003,0.0,1375.4999254479,GEST
2026-04-22,Allaria,CPD y Pagarés,ARS,10679.193983985255,0.0,1378.0000093704,PyMES
2026-04-22,Criteria,CPD y Pagarés,ARS,130624.092,0.0,1378.0000093704,GEST
2026-04-22,Criteria,CPD y Pagarés,ARS,309143.6844,0.0,1378.0000093704,GEST
2026-04-22,Criteria,CPD y Pagarés,ARS,119738.751,0.0,1378.0000093704,GEST
2026-04-22,Criteria,CPD y Pagarés,ARS,97968.069,0.0,1378.0000093704,GEST
2026-04-22,Criteria,CPD y Pagarés,ARS,138243.83070000002,0.0,1378.0000093704,GEST
2026-04-23,Criteria,CPD y Pagarés,ARS,135991.37844,0.0,1392.0000089088,GEST
2026-04-23,Criteria,CPD y Pagarés,ARS,154669.53924,0.0,1392.0000089088,GEST
2026-04-23,Criteria,CPD y Pagarés,ARS,128879.30952,0.0,1392.0000089088,GEST
2026-04-27,SyC Inversiones,CPD y Pagarés,ARS,8115.73745,0.0,1417.0000041093,PyMES
2026-04-27,Criteria,CPD y Pagarés,ARS,136767.81894,0.0,1417.0000041093,GEST
2026-04-28,PP Inversiones (PPI),CPD y Pagarés,ARS,122463.51840000055,0.0,1404.4999053367,RFIJA
2026-04-28,PP Inversiones (PPI),CPD y Pagarés,ARS,1062.7170527592048,0.0,1404.4999053367,PyMES
2026-04-28,PP Inversiones (PPI),CPD y Pagarés,ARS,3417.586560000015,0.0,1404.4999053367,PyMES
2026-04-28,PP Inversiones (PPI),CPD y Pagarés,ARS,855.1086372000038,0.0,1404.4999053367,PyMES
2026-04-28,PP Inversiones (PPI),CPD y Pagarés,ARS,737.4202419413554,0.0,1404.4999053367,PyMES
2026-04-28,SyC Inversiones,CPD y Pagarés,ARS,168.03133920000076,0.0,1404.4999053367,PyMES
2026-04-28,SyC Inversiones,CPD y Pagarés,ARS,320.39874000000145,0.0,1404.4999053367,PyMES
2026-04-28,SyC Inversiones,CPD y Pagarés,ARS,3568.114160035216,0.0,1404.4999053367,PyMES
2026-04-29,INVIU,CPD y Pagarés,ARS,22278.115899999666,0.0,1391.500077437,INC
2026-04-29,Allaria,CPD y Pagarés,ARS,10575.586482973991,0.0,1391.500077437,PyMES
2026-04-29,Allaria,CPD y Pagarés,ARS,3175.913729117333,0.0,1391.500077437,PyMES
2026-04-29,Allaria,CPD y Pagarés,ARS,11498.382399999828,0.0,1391.500077437,PyMES
2026-04-29,SyC Inversiones,CPD y Pagarés,ARS,2640.6749949795544,0.0,1391.500077437,PyMES
2026-04-30,SyC Inversiones,CPD y Pagarés,ARS,21567.219000000063,0.0,1390.9999244687,PyMES
2026-04-30,SyC Inversiones,CPD y Pagarés,ARS,1328.972034780004,0.0,1390.9999244687,PyMES
2026-04-30,SyC Inversiones,CPD y Pagarés,ARS,718.9073000000021,0.0,1390.9999244687,PyMES
2026-04-30,SyC Inversiones,CPD y Pagarés,ARS,611.0712050000018,0.0,1390.9999244687,PyMES
2026-04-30,SyC Inversiones,CPD y Pagarés,ARS,2631.200718000008,0.0,1390.9999244687,PyMES
2026-05-04,PP Inversiones (PPI),CPD y Pagarés,ARS,2281.6399999999617,0.0,1402.4999561719,PyMES
2026-05-04,PP Inversiones (PPI),CPD y Pagarés,ARS,10077.723266800329,0.0,1402.4999561719,PyMES
2026-05-04,PP Inversiones (PPI),CPD y Pagarés,ARS,3426.0469377234417,0.0,1402.4999561719,PyMES
2026-05-06,Alchemy Valores,CPD y Pagarés,ARS,43570.19613201221,0.0,1387.9999905616,PyMES
2026-05-11,Allaria,CPD y Pagarés,ARS,3593.2444999999466,0.0,1391.500077437,PyMES
2026-05-11,Allaria,CPD y Pagarés,ARS,7186.488999999893,0.0,1391.500077437,PyMES
2025-04-30,Option Securities,CPD y Pagarés,USDMEP,48571.0,0.0,1169.99993799,RDOLAR
2025-04-24,Option Securities,CPD y Pagarés,USDMEP,53103.14,0.0,1173.9999398912,RDOLAR
2025-04-24,Option Securities,CPD y Pagarés,USDMEP,53114.82,0.0,1173.9999398912,RDOLAR
2025-05-05,Option Securities,CPD y Pagarés,USDMEP,53149.54,0.0,1200.000048,RDOLAR
2025-05-16,Option Securities,CPD y Pagarés,USDMEP,45876.94,0.0,1142.0000555012,RDOLAR
2025-05-16,Option Securities,CPD y Pagarés,USDMEP,41641.88,0.0,1142.0000555012,RDOLAR
2025-05-05,Criteria,CPD y Pagarés,USDMEP,48959.73,0.0,1200.000048,RDOLAR
2025-05-16,Option Securities,CPD y Pagarés,USDMEP,58539.76,0.0,1142.0000555012,RDOLAR
2025-01-02,SyC Inversiones,CPD y Pagarés,ARS,769.1251189659606,0.0,1031.5000517297,PyMES
2025-01-02,SyC Inversiones,CPD y Pagarés,ARS,3505.4409293888434,0.0,1031.5000517297,PyMES
2025-01-06,Alchemy Valores,CPD y Pagarés,ARS,4830.918000000003,0.0,1034.99997309,PyMES
2025-01-08,Alchemy Valores,CPD y Pagarés,ARS,281.50016073929703,0.0,1035.5000481508,PyMES
2025-01-09,Alchemy Valores,CPD y Pagarés,ARS,9395.796009488022,0.0,1036.9999508462,PyMES
2025-01-10,Alchemy Valores,CPD y Pagarés,ARS,4894.532536726011,0.0,1036.9999508462,PyMES
2025-01-27,Alchemy Valores,CPD y Pagarés,ARS,11605.864587883329,0.0,1049.4999814763,PyMES
2025-01-29,Alchemy Valores,CPD y Pagarés,ARS,7608.1784000002,0.0,1051.5000542048,PyMES
2025-02-14,PP Inversiones (PPI),CPD y Pagarés,ARS,3787.8788000000004,0.0,1055.9999966208,PyMES
2025-02-20,Alchemy Valores,CPD y Pagarés,ARS,565.6249610795142,0.0,1058.7500397031,PyMES
2025-02-20,Alchemy Valores,CPD y Pagarés,ARS,590.2387972285148,0.0,1058.7500397031,PyMES
2025-02-20,Alchemy Valores,CPD y Pagarés,ARS,815.9634924238205,0.0,1058.7500397031,PyMES
2025-02-25,SyC Inversiones,CPD y Pagarés,ARS,1315.1849823586622,0.0,1060.5000427382,PyMES
2025-02-25,SyC Inversiones,CPD y Pagarés,ARS,972.2070801033658,0.0,1060.5000427382,PyMES
2025-02-25,Alchemy Valores,CPD y Pagarés,ARS,4714.756999999786,0.0,1060.5000427382,PyMES
2025-02-26,Alchemy Valores,CPD y Pagarés,ARS,1885.014200000002,0.0,1060.9999648809,PyMES
2025-03-06,Alchemy Valores,CPD y Pagarés,ARS,4701.4575000001105,0.0,1063.4999890991,PyMES
2025-03-06,Alchemy Valores,CPD y Pagarés,ARS,2168.189020813551,0.0,1063.4999890991,PyMES
2025-03-12,Alchemy Valores,CPD y Pagarés,ARS,7297.938668751466,0.0,1065.7499511887,PyMES
2025-03-31,Alchemy Valores,CPD y Pagarés,ARS,1025.4621643886342,0.0,1073.24995326,PyMES
2025-03-31,Criteria,CPD y Pagarés,ARS,23293.73499999923,0.0,1073.24995326,PyMES
2025-03-31,Alchemy Valores,CPD y Pagarés,ARS,1956.6737399999354,0.0,1073.24995326,PyMES
2025-04-01,Alchemy Valores,CPD y Pagarés,ARS,1765.4805260620979,0.0,1072.5000372694,PyMES
2025-04-01,Alchemy Valores,CPD y Pagarés,ARS,18648.017999999585,0.0,1072.5000372694,PyMES
2025-04-04,Alchemy Valores,CPD y Pagarés,ARS,7452.259200000008,0.0,1073.4999662921,PyMES
2025-04-16,Alchemy Valores,CPD y Pagarés,ARS,2488.8889200000003,0.0,1124.9999859375,PyMES
2025-04-16,Alchemy Valores,CPD y Pagarés,ARS,3573.3333780000007,0.0,1124.9999859375,PyMES
2025-04-21,PP Inversiones (PPI),CPD y Pagarés,ARS,1430.9104479488003,0.0,1093.9999789952,PyMES
2025-04-22,PP Inversiones (PPI),CPD y Pagarés,ARS,13586.9565,0.0,1104.0000017664,PyMES
2025-04-23,Alchemy Valores,CPD y Pagarés,ARS,17241.380000000026,0.0,1159.9999536,PyMES
2025-04-30,Alchemy Valores,CPD y Pagarés,ARS,769.2308100000022,0.0,1169.99993799,PyMES
2025-05-27,Alchemy Valores,CPD y Pagarés,ARS,1298.701350000002,0.0,1154.9999543775,PyMES
2025-05-29,PP Inversiones (PPI),CPD y Pagarés,ARS,13524.936000000025,0.0,1183.0000526435,PyMES
2025-05-30,Alchemy Valores,CPD y Pagarés,ARS,2441.51257250367,0.0,1188.0000589248,PyMES
2025-05-30,Alchemy Valores,CPD y Pagarés,ARS,1349.9707158697354,0.0,1188.0000589248,PyMES
2025-06-06,Alchemy Valores,CPD y Pagarés,ARS,42194.09500000011,0.0,1184.9999389725,PyMES
2025-07-10,Alchemy Valores,CPD y Pagarés,ARS,12749.003200000048,0.0,1255.0000771825,PyMES
2025-07-15,Alchemy Valores,CPD y Pagarés,ARS,7936.508000000001,0.0,1259.99998992,PyMES
2025-08-04,Alchemy Valores,CPD y Pagarés,ARS,547.1620603975224,0.0,1360.00003264,PyMES
2025-08-04,Alchemy Valores,CPD y Pagarés,ARS,386.18988779026625,0.0,1360.00003264,PyMES
2025-08-05,Alchemy Valores,CPD y Pagarés,ARS,12700.784999999547,0.0,1338.4999431138,PyMES
2025-08-25,Alchemy Valores,CPD y Pagarés,ARS,734.2144000000002,0.0,1361.9999825664,PyMES
2025-09-02,Petrini Valores,CPD y Pagarés,ARS,11756.062400000039,0.0,1360.9999211981,PyMES
2025-09-03,Alchemy Valores,CPD y Pagarés,ARS,636.0123806899221,0.0,1360.9999211981,PyMES
2025-09-03,Alchemy Valores,CPD y Pagarés,ARS,1910.3601400000064,0.0,1360.9999211981,PyMES
2025-09-03,Alchemy Valores,CPD y Pagarés,ARS,7347.539000000024,0.0,1360.9999211981,PyMES
2025-09-11,Alchemy Valores,CPD y Pagarés,ARS,6983.240000000007,0.0,1432.000045824,PyMES
2025-09-25,Alchemy Valores,CPD y Pagarés,ARS,37397.16000747956,0.0,1336.9999219192,PyMES
2025-09-25,Alchemy Valores,CPD y Pagarés,ARS,4487.6592000000155,0.0,1336.9999219192,PyMES
2025-09-29,Alchemy Valores,CPD y Pagarés,ARS,2413.3250670801986,0.0,1360.00003264,PyMES
2025-09-29,Alchemy Valores,CPD y Pagarés,ARS,466.84545203100333,0.0,1360.00003264,PyMES
2025-09-29,Alchemy Valores,CPD y Pagarés,ARS,2387.9506559244783,0.0,1360.00003264,PyMES
2025-10-07,Petrini Valores,CPD y Pagarés,ARS,6872.453880645909,0.0,1429.4999909227,PyMES
2025-10-09,Petrini Valores,CPD y Pagarés,ARS,4788.732720000022,0.0,1419.99990344,PyMES
2025-10-09,Petrini Valores,CPD y Pagarés,ARS,14366.198160000065,0.0,1419.99990344,PyMES
2025-10-13,Petrini Valores,CPD y Pagarés,ARS,3521.1270000000163,0.0,1419.99990344,PyMES
2025-10-13,Petrini Valores,CPD y Pagarés,ARS,1830.9860400000084,0.0,1419.99990344,PyMES
2025-10-14,Alchemy Valores,CPD y Pagarés,ARS,4632.3528300000025,0.0,1360.00003264,PyMES
2025-10-14,Petrini Valores,CPD y Pagarés,ARS,5514.705750000004,0.0,1360.00003264,PyMES
2025-10-14,Petrini Valores,CPD y Pagarés,ARS,8823.529200000004,0.0,1360.00003264,PyMES
2025-10-20,Petrini Valores,CPD y Pagarés,ARS,1069.28813292,0.0,1475.0000036875,PyMES
2025-10-20,Petrini Valores,CPD y Pagarés,ARS,13830.50844,0.0,1475.0000036875,PyMES
2025-10-27,Alchemy Valores,CPD y Pagarés,ARS,2961.672425000001,0.0,1435.0000236775,PyMES
2025-10-29,Allaria,CPD y Pagarés,ARS,4735.375840000009,0.0,1436.0000620352,PyMES
2025-06-12,Criteria,CPD y Pagarés,ARS,407830.8936362024,0.0,1184.9999389725,GEST
2025-06-12,Criteria,CPD y Pagarés,ARS,367362.944809487,0.0,1184.9999389725,GEST
2025-04-28,Criteria,CPD y Pagarés,ARS,382003.7433276598,0.0,1178.0000480624,GEST
2025-06-04,Option Securities,CPD y Pagarés,ARS,365615.97921292274,0.0,1185.5000539995,GEST
2025-04-28,Criteria,CPD y Pagarés,ARS,382003.6584380198,0.0,1178.0000480624,GEST
2025-06-04,Option Securities,CPD y Pagarés,ARS,365929.3115647407,0.0,1185.5000539995,GEST
2025-06-04,Option Securities,CPD y Pagarés,ARS,366243.172124042,0.0,1185.5000539995,GEST
2025-04-28,Criteria,CPD y Pagarés,ARS,382003.48865873984,0.0,1178.0000480624,GEST
2025-06-04,Option Securities,CPD y Pagarés,ARS,366557.56224046805,0.0,1185.5000539995,GEST
2025-06-12,Criteria,CPD y Pagarés,ARS,407481.37604858197,0.0,1184.9999389725,GEST
2025-04-28,Criteria,CPD y Pagarés,ARS,185059.4152000003,0.0,1178.0000480624,GEST
2025-04-28,Criteria,CPD y Pagarés,ARS,180815.0359164647,0.0,1178.0000480624,GEST
2025-04-28,Criteria,CPD y Pagarés,ARS,179966.22440610468,0.0,1178.0000480624,GEST
2025-04-28,Criteria,CPD y Pagarés,ARS,179117.4128957447,0.0,1178.0000480624,GEST
2025-09-29,Criteria,CPD y Pagarés,ARS,78676.46870000004,0.0,1360.00003264,GEST
2025-09-29,Criteria,CPD y Pagarés,ARS,96323.52710000005,0.0,1360.00003264,GEST
2025-09-29,Alchemy Valores,CPD y Pagarés,ARS,735.2941000000004,0.0,1360.00003264,PyMES
2025-09-29,Alchemy Valores,CPD y Pagarés,ARS,3600.699494465565,0.0,1360.00003264,PyMES
2025-09-29,Alchemy Valores,CPD y Pagarés,ARS,1237.5124702997007,0.0,1360.00003264,PyMES
2025-09-29,Alchemy Valores,CPD y Pagarés,ARS,923.4294263671056,0.0,1360.00003264,PyMES
2025-09-29,Alchemy Valores,CPD y Pagarés,ARS,4926.717036170556,0.0,1360.00003264,PyMES
2025-09-29,Alchemy Valores,CPD y Pagarés,ARS,420.20660756210026,0.0,1360.00003264,PyMES
2025-09-29,Alchemy Valores,CPD y Pagarés,ARS,1028.9907253042227,0.0,1360.00003264,PyMES
2025-09-29,Alchemy Valores,CPD y Pagarés,ARS,1490.340059820074,0.0,1360.00003264,PyMES
2025-09-29,Alchemy Valores,CPD y Pagarés,ARS,44117.64600000003,0.0,1360.00003264,PyMES
2025-09-30,Cohen,CPD y Pagarés,ARS,9420.290100000007,0.0,1379.99996412,INC
2025-09-30,Criteria,CPD y Pagarés,ARS,97826.08950000007,0.0,1379.99996412,GEST
2025-09-30,Criteria,CPD y Pagarés,ARS,94202.90100000007,0.0,1379.99996412,GEST
2025-10-01,Criteria,CPD y Pagarés,ARS,127898.80740000003,0.0,1422.9999770897,GEST
2025-10-01,Criteria,CPD y Pagarés,ARS,18482.080410000006,0.0,1422.9999770897,GEST
2025-10-02,PP Inversiones (PPI),CPD y Pagarés,ARS,50087.74994500088,0.0,1424.5000040598,RFIJA
2025-10-02,Criteria,CPD y Pagarés,ARS,114426.11410000201,0.0,1424.5000040598,GEST
2025-10-03,Alchemy Valores,CPD y Pagarés,ARS,2808.0028000000493,0.0,1424.5000040598,PyMES
2025-10-03,Alchemy Valores,CPD y Pagarés,ARS,2065.513212786542,0.0,1424.5000040598,PyMES
2025-10-03,Alchemy Valores,CPD y Pagarés,ARS,3455.954928725528,0.0,1424.5000040598,PyMES
2025-10-03,Alchemy Valores,CPD y Pagarés,ARS,1072.2280067721788,0.0,1424.5000040598,PyMES
2025-10-03,Alchemy Valores,CPD y Pagarés,ARS,3510.0035000000616,0.0,1424.5000040598,PyMES
2025-10-03,Alchemy Valores,CPD y Pagarés,ARS,2976.306576284164,0.0,1424.5000040598,PyMES
2025-10-03,Alchemy Valores,CPD y Pagarés,ARS,6177.6061600001085,0.0,1424.5000040598,PyMES
2025-10-07,Petrini Valores,CPD y Pagarés,ARS,15831.270971462189,0.0,1429.4999909227,PyMES
2025-10-07,Criteria,CPD y Pagarés,ARS,143406.7864999975,0.0,1429.4999909227,GEST
2025-10-08,Criteria,CPD y Pagarés,ARS,122027.97215000002,0.0,1429.99999857,GEST
2025-10-08,Criteria,CPD y Pagarés,ARS,149650.34980000003,0.0,1429.99999857,GEST
2025-10-09,PP Inversiones (PPI),CPD y Pagarés,ARS,150704.23560000068,0.0,1419.99990344,LIQUIDEZ PLUS
2025-10-09,PP Inversiones (PPI),CPD y Pagarés,ARS,422535.24000000197,0.0,1419.99990344,PERF
2025-10-09,PP Inversiones (PPI),CPD y Pagarés,ARS,75352.11780000034,0.0,1419.99990344,GESTII
2025-10-09,PP Inversiones (PPI),CPD y Pagarés,ARS,109508.4581508005,0.0,1419.99990344,RFIJA
2025-10-09,Petrini Valores,CPD y Pagarés,ARS,21126.762000000097,0.0,1419.99990344,PyMES
2025-10-13,Petrini Valores,CPD y Pagarés,ARS,4577.465100000021,0.0,1419.99990344,PyMES
2025-10-13,Petrini Valores,CPD y Pagarés,ARS,8802.817500000041,0.0,1419.99990344,PyMES
2025-10-13,Petrini Valores,CPD y Pagarés,ARS,4929.577800000023,0.0,1419.99990344,PyMES
2025-10-13,Petrini Valores,CPD y Pagarés,ARS,2992.9579500000136,0.0,1419.99990344,PyMES
2025-10-13,Criteria,CPD y Pagarés,ARS,125352.12120000058,0.0,1419.99990344,GEST
2025-10-14,Cohen,CPD y Pagarés,ARS,9558.823300000005,0.0,1360.00003264,INC
2025-10-15,Criteria,CPD y Pagarés,ARS,87681.16170000006,0.0,1379.99996412,GEST
2025-10-16,Cohen,CPD y Pagarés,ARS,253209.71400000073,0.0,1401.9999248528,INC
2026-06-17,Cohen,CPD y Pagarés,ARS,243752.24389202613,0.0,1441.50003647,INC
2025-10-16,Alchemy Valores,CPD y Pagarés,ARS,54340.95990982239,0.0,1401.9999248528,PyMES
2025-10-17,PP Inversiones (PPI),CPD y Pagarés,ARS,43448.277600000074,0.0,1449.999942,RFIJA
2025-10-17,Criteria,CPD y Pagarés,ARS,82068.96880000013,0.0,1449.999942,GEST
2025-10-17,Criteria,CPD y Pagarés,ARS,88965.52080000014,0.0,1449.999942,GEST
2025-10-20,Petrini Valores,CPD y Pagarés,ARS,530.30508342,0.0,1475.0000036875,PyMES
2025-10-20,Petrini Valores,CPD y Pagarés,ARS,535.593219,0.0,1475.0000036875,PyMES
2025-10-20,Petrini Valores,CPD y Pagarés,ARS,533.69491392,0.0,1475.0000036875,PyMES
2025-10-21,Criteria,CPD y Pagarés,ARS,106675.61219999642,0.0,1490.5000001491,GEST
2025-10-21,Criteria,CPD y Pagarés,ARS,83193.55919999721,0.0,1490.5000001491,GEST
2025-10-21,Criteria,CPD y Pagarés,ARS,75142.56959999747,0.0,1490.5000001491,GEST
2025-10-22,Criteria,CPD y Pagarés,ARS,74546.67870000013,0.0,1488.9999385043,GEST
2025-10-22,Allaria,CPD y Pagarés,ARS,3357.9585000000056,0.0,1488.9999385043,PyMES
2025-10-23,Allaria,CPD y Pagarés,ARS,434753.1975000004,0.0,1479.0000480675,GEST
2025-10-23,Criteria,CPD y Pagarés,ARS,121703.85000000012,0.0,1479.0000480675,GEST
2025-10-24,Allaria,CPD y Pagarés,ARS,429624.6733000002,0.0,1491.9999707568,GEST
2025-10-24,Criteria,CPD y Pagarés,ARS,105898.12540000005,0.0,1491.9999707568,GEST
2025-10-27,INVIU,CPD y Pagarés,ARS,122299.64955000005,0.0,1435.0000236775,RCAP
2025-10-27,Allaria,CPD y Pagarés,ARS,362369.3320000001,0.0,1435.0000236775,MULTI
2025-11-14,Allaria,CPD y Pagarés,ARS,366464.3321155103,0.0,1402.9999506144,MULTI
2025-10-27,Criteria,CPD y Pagarés,ARS,147038.32510000005,0.0,1435.0000236775,GEST
2025-10-28,Cohen,CPD y Pagarés,ARS,8843.537300000002,0.0,1470.00001911,INC
2025-10-28,Alchemy Valores,CPD y Pagarés,ARS,3401.3605000000007,0.0,1470.00001911,PyMES
2025-10-28,Alchemy Valores,CPD y Pagarés,ARS,5241.505761792398,0.0,1470.00001911,PyMES
2025-10-28,Alchemy Valores,CPD y Pagarés,ARS,2835.001629811645,0.0,1470.00001911,PyMES
2025-10-28,Alchemy Valores,CPD y Pagarés,ARS,6802.721000000001,0.0,1470.00001911,PyMES
2025-10-28,Alchemy Valores,CPD y Pagarés,ARS,12244.897800000002,0.0,1470.00001911,PyMES
2025-10-28,Criteria,CPD y Pagarés,ARS,76190.47520000002,0.0,1470.00001911,GEST
2025-10-29,Criteria,CPD y Pagarés,ARS,95055.70620000018,0.0,1436.0000620352,GEST
2025-10-29,Criteria,CPD y Pagarés,ARS,98885.78960000018,0.0,1436.0000620352,GEST
2025-10-29,Criteria,CPD y Pagarés,ARS,77646.23620000014,0.0,1436.0000620352,GEST
2025-10-29,Alchemy Valores,CPD y Pagarés,ARS,213.06057575400038,0.0,1436.0000620352,PyMES
2025-10-29,Alchemy Valores,CPD y Pagarés,ARS,261.1420500000005,0.0,1436.0000620352,PyMES
2025-10-29,Alchemy Valores,CPD y Pagarés,ARS,282.2423276400005,0.0,1436.0000620352,PyMES
2025-10-29,Alchemy Valores,CPD y Pagarés,ARS,1462.3954800000026,0.0,1436.0000620352,PyMES
2025-10-29,Alchemy Valores,CPD y Pagarés,ARS,1395.5431152000026,0.0,1436.0000620352,PyMES
2025-10-29,Alchemy Valores,CPD y Pagarés,ARS,1394.8467364000026,0.0,1436.0000620352,PyMES
2025-10-29,Alchemy Valores,CPD y Pagarés,ARS,1454.7353132000028,0.0,1436.0000620352,PyMES
2025-10-29,Alchemy Valores,CPD y Pagarés,ARS,1378.8300240000026,0.0,1436.0000620352,PyMES
2025-10-30,Alchemy Valores,CPD y Pagarés,ARS,6954.103000000001,0.0,1437.9999836068,PyMES
2025-10-30,Petrini Valores,CPD y Pagarés,ARS,4146.265666182589,0.0,1437.9999836068,PyMES
2025-10-30,Petrini Valores,CPD y Pagarés,ARS,372.7170139847181,0.0,1437.9999836068,PyMES
2025-10-30,Petrini Valores,CPD y Pagarés,ARS,72.19109957124002,0.0,1437.9999836068,PyMES
2025-10-30,Petrini Valores,CPD y Pagarés,ARS,480.58484553430003,0.0,1437.9999836068,PyMES
2025-10-30,Petrini Valores,CPD y Pagarés,ARS,87.59388138800001,0.0,1437.9999836068,PyMES
2025-10-30,Petrini Valores,CPD y Pagarés,ARS,559.0550063732271,0.0,1437.9999836068,PyMES
2025-10-30,Petrini Valores,CPD y Pagarés,ARS,389.548119878957,0.0,1437.9999836068,PyMES
2025-10-30,Petrini Valores,CPD y Pagarés,ARS,2010.4311773000002,0.0,1437.9999836068,PyMES
2025-10-30,Petrini Valores,CPD y Pagarés,ARS,736.282803942998,0.0,1437.9999836068,PyMES
2025-10-30,Petrini Valores,CPD y Pagarés,ARS,4867.8721000000005,0.0,1437.9999836068,PyMES
2025-10-30,Petrini Valores,CPD y Pagarés,ARS,10431.1545,0.0,1437.9999836068,PyMES
2025-10-30,Criteria,CPD y Pagarés,ARS,94575.80080000001,0.0,1437.9999836068,GEST
2025-10-30,Criteria,CPD y Pagarés,ARS,133518.77760000003,0.0,1437.9999836068,GEST
2025-10-30,Criteria,CPD y Pagarés,ARS,119610.57160000001,0.0,1437.9999836068,GEST
2025-10-31,Criteria,CPD y Pagarés,ARS,142560.54900000014,0.0,1445.0000469625,GEST
2025-10-31,Criteria,CPD y Pagarés,ARS,125951.55300000015,0.0,1445.0000469625,GEST
2025-11-04,Criteria,CPD y Pagarés,ARS,86657.49540000001,0.0,1454.0000194836,GEST
2026-01-06,Cohen,CPD y Pagarés,ARS,16763.20259999943,0.0,1467.5000110063,INC
2026-01-20,INVIU,CPD y Pagarés,ARS,16991.791720330417,0.0,1434.5000121933,INC
2026-04-15,INVIU,CPD y Pagarés,ARS,11184.695040000015,0.0,1358.9999499888,INC
2025-01-22,Criteria,CPD y Pagarés,ARS,9160.384481487728,0.0,1047.0000412518,GEST
2025-02-24,Criteria,CPD y Pagarés,ARS,4448.062410902726,0.0,1060.2499772576,GEST
2025-01-10,Invertir en Bolsa (IEB),CPD y Pagarés,ARS,68915.67735532057,0.0,1036.9999508462,GEST
2025-01-10,Invertir en Bolsa (IEB),CPD y Pagarés,ARS,84418.13595898957,0.0,1036.9999508462,GEST
2025-01-10,Invertir en Bolsa (IEB),CPD y Pagarés,ARS,64360.95955987053,0.0,1036.9999508462,GEST
2025-01-16,Criteria,CPD y Pagarés,ARS,67528.48571246136,0.0,1041.5000266624,GEST
2025-01-08,Invertir en Bolsa (IEB),CPD y Pagarés,ARS,71128.1512458934,0.0,1035.5000481508,GEST
2025-01-08,Invertir en Bolsa (IEB),CPD y Pagarés,ARS,71864.92562978884,0.0,1035.5000481508,GEST
2025-01-10,Invertir en Bolsa (IEB),CPD y Pagarés,ARS,477498.0791232836,0.0,1036.9999508462,GEST
2025-01-02,Invertir en Bolsa (IEB),CPD y Pagarés,ARS,913842.388955121,0.0,1031.5000517297,GEST
2025-01-09,Invertir en Bolsa (IEB),CPD y Pagarés,ARS,893334.1436844436,0.0,1036.9999508462,GEST
2025-01-13,Criteria,CPD y Pagarés,ARS,252044.46690620124,0.0,1039.4999589398,GEST
2025-01-31,Criteria,CPD y Pagarés,ARS,241932.44803242988,0.0,1051.5000542048,GEST
2025-01-13,Criteria,CPD y Pagarés,ARS,251082.65830640128,0.0,1039.4999589398,GEST
2025-01-31,Criteria,CPD y Pagarés,ARS,241009.2271575302,0.0,1051.5000542048,GEST
2025-01-15,Criteria,CPD y Pagarés,ARS,149567.72436000002,0.0,1040.9999929212,GEST
2025-01-31,Criteria,CPD y Pagarés,ARS,145606.5051140547,0.0,1051.5000542048,GEST
2025-01-15,Criteria,CPD y Pagarés,ARS,253602.51373218204,0.0,1040.9999929212,GEST
2025-01-31,Criteria,CPD y Pagarés,ARS,242371.2446431908,0.0,1051.5000542048,GEST
2025-01-15,Criteria,CPD y Pagarés,ARS,46109.51040000001,0.0,1040.9999929212,GEST
2025-02-24,Criteria,CPD y Pagarés,ARS,43370.031819230004,0.0,1060.2499772576,GEST
2025-02-24,Criteria,CPD y Pagarés,ARS,102020.81917490995,0.0,1060.2499772576,GEST
2025-01-24,Criteria,CPD y Pagarés,ARS,98691.72197840361,0.0,1046.0000487436,GEST
2025-01-24,Criteria,CPD y Pagarés,ARS,110832.37829601423,0.0,1046.0000487436,GEST
2025-02-03,Criteria,CPD y Pagarés,ARS,342775.8020400061,0.0,1053.7499959167,GEST
2025-02-03,Criteria,CPD y Pagarés,ARS,483985.8647461537,0.0,1053.7499959167,GEST
2025-02-03,Criteria,CPD y Pagarés,ARS,256227.85674614966,0.0,1053.7499959167,GEST
2025-02-28,Criteria,CPD y Pagarés,ARS,250746.65879245976,0.0,1062.9999687478,GEST
2025-02-25,Criteria,CPD y Pagarés,ARS,75769.43865323017,0.0,1060.5000427382,GEST
2025-02-24,Criteria,CPD y Pagarés,ARS,21999.717868735097,0.0,1060.2499772576,GEST
2025-02-26,Criteria,CPD y Pagarés,ARS,246938.01571370487,0.0,1060.9999648809,GEST
2025-03-21,Criteria,CPD y Pagarés,ARS,237153.3859365878,0.0,1068.7500166992,GEST
2025-02-27,Criteria,CPD y Pagarés,ARS,234518.69938166186,0.0,1061.749999708,GEST
2025-02-27,Criteria,CPD y Pagarés,ARS,233576.95226579186,0.0,1061.749999708,GEST
2025-03-13,Criteria,CPD y Pagarés,ARS,562719.9516060766,0.0,1066.2499477538,GEST
2025-03-13,Criteria,CPD y Pagarés,ARS,18757.32799999917,0.0,1066.2499477538,GEST
2025-03-20,Criteria,CPD y Pagarés,ARS,271468.66374,0.0,1068.9999943343,GEST
2025-04-10,Criteria,CPD y Pagarés,ARS,258184.45211567509,0.0,1076.7499852216,GEST
2025-04-10,Criteria,CPD y Pagarés,ARS,257255.91715981506,0.0,1076.7499852216,GEST
2025-04-10,Criteria,CPD y Pagarés,ARS,32229.33366733038,0.0,1076.7499852216,GEST
2025-04-23,Criteria,CPD y Pagarés,ARS,215517.5215862181,0.0,1159.9999536,GEST
2025-04-28,Criteria,CPD y Pagarés,ARS,204148.0289542918,0.0,1178.0000480624,GEST
2025-04-23,Criteria,CPD y Pagarés,ARS,206896.9186551871,0.0,1159.9999536,GEST
2025-04-28,Criteria,CPD y Pagarés,ARS,195627.44878410466,0.0,1178.0000480624,GEST
2025-05-27,Option Securities,CPD y Pagarés,ARS,376884.60813369526,0.0,1154.9999543775,GEST
2025-04-28,Criteria,CPD y Pagarés,ARS,178268.60138538468,0.0,1178.0000480624,GEST
2025-04-28,Criteria,CPD y Pagarés,ARS,180815.1216550011,0.0,1178.0000480624,GEST
2025-04-28,Criteria,CPD y Pagarés,ARS,179966.31099353748,0.0,1178.0000480624,GEST
2025-05-14,Criteria,CPD y Pagarés,ARS,350265.0073000003,0.0,1132.0000335072,GEST
2025-05-26,Criteria,CPD y Pagarés,ARS,198059.1084,0.0,1133.5000031738,GEST
2025-06-17,Criteria,CPD y Pagarés,ARS,175000.00700000027,0.0,1159.9999536,GEST
2025-06-25,Criteria,CPD y Pagarés,ARS,132605.95559999452,0.0,1191.5000294301,GEST
2025-06-26,Criteria,CPD y Pagarés,ARS,195204.0344000042,0.0,1188.5000262064,GEST
2025-06-27,Criteria,CPD y Pagarés,ARS,141295.2072,0.0,1188.9999903691,GEST
2025-07-01,Criteria,CPD y Pagarés,ARS,189852.69920000003,0.0,1222.0000083096,GEST
2025-07-01,Criteria,CPD y Pagarés,ARS,118657.937,0.0,1222.0000083096,GEST
2025-07-25,Criteria,CPD y Pagarés,ARS,8352.9660859375,0.0,1280.0,GEST
2025-07-29,Criteria,CPD y Pagarés,ARS,141750.57390000034,0.0,1291.0000641627,GEST
2025-07-31,Criteria,CPD y Pagarés,ARS,142649.1920000004,0.0,1374.000071448,GEST
2025-08-18,Criteria,CPD y Pagarés,ARS,84300.07680000001,0.0,1293.0000082752,GEST
2025-08-20,Criteria,CPD y Pagarés,ARS,96848.57700000002,0.0,1301.0000136605,GEST
2025-08-25,Criteria,CPD y Pagarés,ARS,128487.52000000003,0.0,1361.9999825664,GEST
2025-08-28,Criteria,CPD y Pagarés,ARS,124730.97172419423,0.0,1333.0000833125,GEST
2025-08-27,Allaria,CPD y Pagarés,ARS,81511.67200000002,0.0,1349.4999832662,GEST
2025-09-10,Criteria,CPD y Pagarés,ARS,121531.44470000267,0.0,1423.4999051237,GEST
2025-09-15,Criteria,CPD y Pagarés,ARS,78391.2795000003,0.0,1466.9999103663,GEST
2025-09-23,Criteria,CPD y Pagarés,ARS,104455.80860000002,0.0,1368.9999811078,GEST
2025-10-01,Criteria,CPD y Pagarés,ARS,117357.69690000002,0.0,1422.9999770897,GEST
2025-10-07,Criteria,CPD y Pagarés,ARS,118922.70099999793,0.0,1429.4999909227,GEST
2025-10-08,Criteria,CPD y Pagarés,ARS,143356.6435,0.0,1429.99999857,GEST
2025-10-13,Criteria,CPD y Pagarés,ARS,127464.79740000059,0.0,1419.99990344,GEST
2025-10-14,Criteria,CPD y Pagarés,ARS,133088.23210000008,0.0,1360.00003264,GEST
2025-10-15,Criteria,CPD y Pagarés,ARS,93478.26330000006,0.0,1379.99996412,GEST
2025-10-16,Criteria,CPD y Pagarés,ARS,85592.01600000025,0.0,1401.9999248528,GEST
2025-10-21,Criteria,CPD y Pagarés,ARS,117410.26499999606,0.0,1490.5000001491,GEST
2025-10-28,Criteria,CPD y Pagarés,ARS,143537.41310000003,0.0,1470.00001911,GEST
2025-10-29,Allaria,CPD y Pagarés,ARS,446378.81080000085,0.0,1436.0000620352,GEST
2025-11-07,Criteria,CPD y Pagarés,ARS,151943.46700000012,0.0,1414.999961795,GEST
2025-11-10,Allaria,CPD y Pagarés,ARS,450545.6000000086,0.0,1420.4999449556,GEST
2025-11-13,Criteria,CPD y Pagarés,ARS,96017.07600000042,0.0,1405.9999077664,GEST
2025-11-13,Criteria,CPD y Pagarés,ARS,89615.93760000038,0.0,1405.9999077664,GEST
2025-11-14,Criteria,CPD y Pagarés,ARS,102637.20960000013,0.0,1402.9999506144,GEST
2025-11-17,Criteria,CPD y Pagarés,ARS,97332.36750000021,0.0,1387.0000644955,GEST
2025-11-20,Criteria,CPD y Pagarés,ARS,130526.31840000006,0.0,1424.9999715,GEST
2025-11-27,Criteria,CPD y Pagarés,ARS,100447.19699999828,0.0,1453.4999916424,GEST
2025-12-03,Allaria,CPD y Pagarés,ARS,125258.07840000055,0.0,1453.0000964792,GEST
2025-12-10,Allaria,CPD y Pagarés,ARS,140521.7443999953,0.0,1437.4999460938,GEST
2025-12-12,Criteria,CPD y Pagarés,ARS,134628.7250000002,0.0,1441.0000540375,GEST
2025-12-15,Criteria,CPD y Pagarés,ARS,95933.26679999675,0.0,1438.4999552627,GEST
2025-12-16,Criteria,CPD y Pagarés,ARS,88904.20710000012,0.0,1450.9999493601,GEST
2025-12-23,Criteria,CPD y Pagarés,ARS,172984.15490000023,0.0,1450.9999493601,GEST
2025-12-23,Criteria,CPD y Pagarés,ARS,241212.96500000032,0.0,1450.9999493601,GEST
2025-12-29,Criteria,CPD y Pagarés,ARS,170899.10820000002,0.0,1456.9999962118,GEST
2026-01-08,Allaria,CPD y Pagarés,ARS,140710.38060000003,0.0,1464.0000199104,GEST
2026-01-13,Criteria,CPD y Pagarés,ARS,92656.143,0.0,1456.9999962118,GEST
2026-01-13,Criteria,CPD y Pagarés,ARS,99519.561,0.0,1456.9999962118,GEST
2026-01-16,Allaria,CPD y Pagarés,ARS,135664.3358,0.0,1429.99999857,GEST
2026-01-16,Allaria,CPD y Pagarés,ARS,161538.4617,0.0,1429.99999857,GEST
2026-01-16,Criteria,CPD y Pagarés,ARS,93706.29380000001,0.0,1429.99999857,GEST
2026-01-22,Criteria,CPD y Pagarés,ARS,274221.75759999524,0.0,1429.4999909227,GEST
2026-01-22,Criteria,CPD y Pagarés,ARS,86743.6171999985,0.0,1429.4999909227,GEST
2026-01-23,Criteria,CPD y Pagarés,ARS,181786.46035,0.0,1433.0000127537,GEST
2026-01-26,Criteria,CPD y Pagarés,ARS,268521.74919999106,0.0,1437.4999460938,GEST
2026-01-26,Criteria,CPD y Pagarés,ARS,178086.96319999406,0.0,1437.4999460938,GEST
2026-01-26,Criteria,CPD y Pagarés,ARS,132869.57019999556,0.0,1437.4999460938,GEST
2026-03-13,Criteria,CPD y Pagarés,ARS,102571.42652000005,0.0,1400.000028,GEST
2026-03-18,Criteria,CPD y Pagarés,ARS,104088.95051000004,0.0,1394.0000287164,GEST
2026-03-18,Criteria,CPD y Pagarés,ARS,110903.87146000004,0.0,1394.0000287164,GEST
2026-03-30,Criteria,CPD y Pagarés,ARS,111587.98560000007,0.0,1397.9999653296,GEST
2026-04-15,Criteria,CPD y Pagarés,ARS,116335.54512000017,0.0,1358.9999499888,GEST
2026-05-13,Criteria,CPD y Pagarés,ARS,155459.76912,0.0,1392.0000089088,GEST
2026-05-15,Criteria,CPD y Pagarés,ARS,151810.6839299973,0.0,1394.5000082973,GEST
2026-05-15,Criteria,CPD y Pagarés,ARS,161419.86278999713,0.0,1394.5000082973,GEST
2026-05-18,Criteria,CPD y Pagarés,ARS,143450.24784000005,0.0,1397.0000262636,GEST
2026-05-21,Criteria,CPD y Pagarés,ARS,122202.22433999818,0.0,1389.5000759362,GEST
2026-05-21,Criteria,CPD y Pagarés,ARS,101475.34529999849,0.0,1389.5000759362,GEST
2026-05-22,Criteria,CPD y Pagarés,ARS,157804.7097600002,0.0,1402.9999506144,GEST
2026-05-29,Criteria,CPD y Pagarés,ARS,204545.46240000028,0.0,1407.9999459328,GEST
2026-06-22,Option Securities,CPD y Pagarés,ARS,139514.19114999793,0.0,1461.5000690559,GEST
2026-07-16,Criteria,CPD y Pagarés,ARS,160602.98694000024,0.0,1475.9999456832,GEST
2026-07-17,Criteria,CPD y Pagarés,ARS,108119.08200000004,0.0,1477.99997044,GEST
2026-07-21,Criteria,CPD y Pagarés,ARS,241692.0648999931,0.0,1477.4998928813,GEST
2026-02-26,Allaria,CPD y Pagarés,ARS,625710.2513000009,0.0,1407.9999459328,MULTI
2026-05-28,Allaria,CPD y Pagarés,ARS,619393.8277002642,0.0,1409.99991681,MULTI
2026-06-23,Allaria,CPD y Pagarés,ARS,842677.588000017,0.0,1471.4999160509,MULTI
2025-01-02,PP Inversiones (PPI),CPD y Pagarés,ARS,567135.2115000151,0.0,1031.5000517297,RFIJA
2025-11-17,PP Inversiones (PPI),CPD y Pagarés,ARS,47440.516900000104,0.0,1387.0000644955,RFIJA
2026-01-02,PP Inversiones (PPI),CPD y Pagarés,ARS,98305.0845,0.0,1475.0000036875,RFIJA
2026-01-14,PP Inversiones (PPI),CPD y Pagarés,ARS,53682.033600000235,0.0,1453.0000964792,RFIJA
2026-02-10,PP Inversiones (PPI),CPD y Pagarés,ARS,128734.00560000056,0.0,1405.9999077664,RFIJA
2026-03-03,PP Inversiones (PPI),CPD y Pagarés,ARS,253003.54040000017,0.0,1414.999961795,RFIJA
2026-04-07,PP Inversiones (PPI),CPD y Pagarés,ARS,81867.15059999886,0.0,1392.4999119244,RFIJA
2025-08-04,Alchemy Valores,CPD y Pagarés,ARS,2573.5293500000016,0.0,1360.00003264,PyMES
2025-08-04,Alchemy Valores,CPD y Pagarés,ARS,109.22299737864806,0.0,1360.00003264,PyMES
2025-08-04,Alchemy Valores,CPD y Pagarés,ARS,434.9469969142133,0.0,1360.00003264,PyMES
2025-08-04,Alchemy Valores,CPD y Pagarés,ARS,863.9640086766286,0.0,1360.00003264,PyMES
2025-08-04,Alchemy Valores,CPD y Pagarés,ARS,4093.9704899800026,0.0,1360.00003264,PyMES
2025-08-04,Alchemy Valores,CPD y Pagarés,ARS,5147.058700000003,0.0,1360.00003264,PyMES
2025-08-04,Alchemy Valores,CPD y Pagarés,ARS,434.99998956000024,0.0,1360.00003264,PyMES
2025-08-04,Alchemy Valores,CPD y Pagarés,ARS,225.49019311764712,0.0,1360.00003264,PyMES
2025-08-04,Alchemy Valores,CPD y Pagarés,ARS,514.7058700000003,0.0,1360.00003264,PyMES
2025-08-04,Alchemy Valores,CPD y Pagarés,ARS,547.1620751034043,0.0,1360.00003264,PyMES
2025-08-04,Alchemy Valores,CPD y Pagarés,ARS,172.50898850684308,0.0,1360.00003264,PyMES
2025-08-04,Alchemy Valores,CPD y Pagarés,ARS,162.74962844695008,0.0,1360.00003264,PyMES
2025-08-05,Cohen,CPD y Pagarés,ARS,17183.414999999386,0.0,1338.4999431138,INC
2025-08-06,Alchemy Valores,CPD y Pagarés,ARS,24774.776400000108,0.0,1331.9999126208,PyMES
2025-08-06,Alchemy Valores,CPD y Pagarés,ARS,21100.60198480009,0.0,1331.9999126208,PyMES
2025-08-07,Alchemy Valores,CPD y Pagarés,ARS,15082.956000000006,0.0,1326.0000228072,PyMES
2025-12-18,PP Inversiones (PPI),CPD y Pagarés,ARS,20675.397000000026,0.0,1450.9999493601,PyMES
2025-12-19,Allaria,CPD y Pagarés,ARS,473793.1224000008,0.0,1449.999942,GEST
2025-12-19,Allaria,CPD y Pagarés,ARS,493103.4680000008,0.0,1449.999942,GEST
2025-12-19,PP Inversiones (PPI),CPD y Pagarés,ARS,2758.6208000000047,0.0,1449.999942,PyMES
2025-12-19,PP Inversiones (PPI),CPD y Pagarés,ARS,1724.1380000000029,0.0,1449.999942,PyMES
2025-12-19,PP Inversiones (PPI),CPD y Pagarés,ARS,4137.931200000007,0.0,1449.999942,PyMES
2025-12-22,Criteria,CPD y Pagarés,ARS,99862.25400000025,0.0,1452.0000720192,GEST
2025-12-23,PP Inversiones (PPI),CPD y Pagarés,ARS,1345.7312668144018,0.0,1450.9999493601,PyMES
2025-12-23,PP Inversiones (PPI),CPD y Pagarés,ARS,1345.2791648000018,0.0,1450.9999493601,PyMES
2025-12-23,PP Inversiones (PPI),CPD y Pagarés,ARS,851.0861771874011,0.0,1450.9999493601,PyMES
2025-12-23,PP Inversiones (PPI),CPD y Pagarés,ARS,13653.538932745589,0.0,1450.9999493601,PyMES
2025-12-23,PP Inversiones (PPI),CPD y Pagarés,ARS,6891.799000000009,0.0,1450.9999493601,PyMES
2025-12-23,PP Inversiones (PPI),CPD y Pagarés,ARS,7580.97890000001,0.0,1450.9999493601,PyMES
2025-12-23,PP Inversiones (PPI),CPD y Pagarés,ARS,689.1799000000009,0.0,1450.9999493601,PyMES
2025-12-23,PP Inversiones (PPI),CPD y Pagarés,ARS,587.4976083741008,0.0,1450.9999493601,PyMES
2025-12-23,PP Inversiones (PPI),CPD y Pagarés,ARS,482.4259300000006,0.0,1450.9999493601,PyMES
2025-12-23,Allaria,CPD y Pagarés,ARS,496209.52800000063,0.0,1450.9999493601,GEST
2025-12-26,PP Inversiones (PPI),CPD y Pagarés,ARS,1683.9808936191682,0.0,1452.4999121238,PyMES
2025-12-26,PP Inversiones (PPI),CPD y Pagarés,ARS,1546.5749644799525,0.0,1452.4999121238,PyMES
2025-12-26,PP Inversiones (PPI),CPD y Pagarés,ARS,1376.9363999999578,0.0,1452.4999121238,PyMES
2025-12-26,PP Inversiones (PPI),CPD y Pagarés,ARS,688.4681999999789,0.0,1452.4999121238,PyMES
2025-12-26,Criteria,CPD y Pagarés,ARS,170051.64539999477,0.0,1452.4999121238,GEST
2025-12-26,Criteria,CPD y Pagarés,ARS,256798.63859999212,0.0,1452.4999121238,GEST
2025-12-26,Criteria,CPD y Pagarés,ARS,262306.38419999194,0.0,1452.4999121238,GEST
2025-12-26,Criteria,CPD y Pagarés,ARS,238209.99719999268,0.0,1452.4999121238,GEST
2025-12-29,PP Inversiones (PPI),CPD y Pagarés,ARS,225806.4522,0.0,1456.9999962118,RFIJA
2025-12-29,Allaria,CPD y Pagarés,ARS,491420.72880000004,0.0,1456.9999962118,GEST
2025-12-29,Criteria,CPD y Pagarés,ARS,97460.5356,0.0,1456.9999962118,GEST
2025-12-29,Alchemy Valores,CPD y Pagarés,ARS,6451.6129200000005,0.0,1456.9999962118,PyMES
2025-12-30,PP Inversiones (PPI),CPD y Pagarés,ARS,102061.85220000011,0.0,1455.00004947,RFIJA
2025-12-30,Criteria,CPD y Pagarés,ARS,98969.06880000011,0.0,1455.00004947,GEST
2025-12-30,Alchemy Valores,CPD y Pagarés,ARS,2920.9621000000034,0.0,1455.00004947,PyMES
2025-12-30,Alchemy Valores,CPD y Pagarés,ARS,3780.068600000004,0.0,1455.00004947,PyMES
2026-01-07,Alchemy Valores,CPD y Pagarés,ARS,904.10958,0.0,1460.0000146,PyMES
2026-01-07,Alchemy Valores,CPD y Pagarés,ARS,2465.7534,0.0,1460.0000146,PyMES
2026-01-07,Alchemy Valores,CPD y Pagarés,ARS,3449.315034,0.0,1460.0000146,PyMES
2026-01-07,Alchemy Valores,CPD y Pagarés,ARS,6849.3150000000005,0.0,1460.0000146,PyMES
2026-01-07,Alchemy Valores,CPD y Pagarés,ARS,715.5005339408851,0.0,1460.0000146,PyMES
2026-01-07,Alchemy Valores,CPD y Pagarés,ARS,3604.9040735400004,0.0,1460.0000146,PyMES
2026-01-07,Alchemy Valores,CPD y Pagarés,ARS,2486.3013450000003,0.0,1460.0000146,PyMES
2026-01-07,Alchemy Valores,CPD y Pagarés,ARS,1601.6027237100002,0.0,1460.0000146,PyMES
2026-01-07,Invertir en Bolsa (IEB),CPD y Pagarés,ARS,262082.55354355802,0.0,1460.0000146,PERF
2026-01-08,Alchemy Valores,CPD y Pagarés,ARS,10245.901500000002,0.0,1464.0000199104,PyMES
2026-01-08,Alchemy Valores,CPD y Pagarés,ARS,3415.3005000000007,0.0,1464.0000199104,PyMES
2026-01-08,PP Inversiones (PPI),CPD y Pagarés,ARS,119535.51750000003,0.0,1464.0000199104,RFIJA
2026-01-09,Allaria,CPD y Pagarés,ARS,133788.40440000055,0.0,1464.9999069725,GEST
2026-01-12,Allaria,CPD y Pagarés,ARS,414991.4789999859,0.0,1467.5000110063,MULTI
2026-04-27,Allaria,CPD y Pagarés,ARS,424825.4695513512,0.0,1417.0000041093,MULTI
2026-01-12,Criteria,CPD y Pagarés,ARS,161499.14699999453,0.0,1467.5000110063,GEST
2026-01-12,Criteria,CPD y Pagarés,ARS,131516.18299999554,0.0,1467.5000110063,GEST
2026-01-13,INVIU,CPD y Pagarés,ARS,92244.33792,0.0,1456.9999962118,INC
2026-01-13,Allaria,CPD y Pagarés,ARS,97460.5356,0.0,1456.9999962118,GEST
2026-01-13,Criteria,CPD y Pagarés,ARS,132463.9674,0.0,1456.9999962118,GEST
2026-01-14,Criteria,CPD y Pagarés,ARS,135581.5464000006,0.0,1453.0000964792,GEST
2026-01-14,Allaria,CPD y Pagarés,ARS,144528.55200000064,0.0,1453.0000964792,GEST
2026-01-15,INVIU,CPD y Pagarés,ARS,227619.70000000033,0.0,1441.0000540375,INC
2026-01-15,Criteria,CPD y Pagarés,ARS,99930.60000000015,0.0,1441.0000540375,GEST
2026-01-15,Criteria,CPD y Pagarés,ARS,92990.97500000014,0.0,1441.0000540375,GEST
2026-01-15,Criteria,CPD y Pagarés,ARS,138792.5000000002,0.0,1441.0000540375,GEST
2026-01-16,Allaria,CPD y Pagarés,ARS,162237.7624,0.0,1429.99999857,GEST
2026-01-16,PP Inversiones (PPI),CPD y Pagarés,ARS,50699.30075,0.0,1429.99999857,RFIJA
2026-01-16,Allaria,CPD y Pagarés,ARS,90909.091,0.0,1429.99999857,GEST
2026-01-16,Criteria,CPD y Pagarés,ARS,99300.69940000001,0.0,1429.99999857,GEST
2026-01-19,Criteria,CPD y Pagarés,ARS,94076.2238703,0.0,1429.99999857,GEST
2026-01-19,Criteria,CPD y Pagarés,ARS,108391.6085,0.0,1429.99999857,GEST
2026-01-19,PP Inversiones (PPI),CPD y Pagarés,ARS,2729.4377649672,0.0,1429.99999857,PyMES
2026-01-19,PP Inversiones (PPI),CPD y Pagarés,ARS,2714.6909118056,0.0,1429.99999857,PyMES
2026-01-19,PP Inversiones (PPI),CPD y Pagarés,ARS,2758.2104922687004,0.0,1429.99999857,PyMES
2026-01-19,PP Inversiones (PPI),CPD y Pagarés,ARS,2754.8014013562,0.0,1429.99999857,PyMES
2026-01-19,Alchemy Valores,CPD y Pagarés,ARS,960.3230778834001,0.0,1429.99999857,PyMES
2026-01-19,Alchemy Valores,CPD y Pagarés,ARS,718.2601405784001,0.0,1429.99999857,PyMES
2026-01-19,Alchemy Valores,CPD y Pagarés,ARS,6993.0070000000005,0.0,1429.99999857,PyMES
2026-01-20,Alchemy Valores,CPD y Pagarés,ARS,1023.4590153507543,0.0,1434.5000121933,PyMES
2026-01-20,Alchemy Valores,CPD y Pagarés,ARS,1023.4590223218244,0.0,1434.5000121933,PyMES
2026-01-20,Alchemy Valores,CPD y Pagarés,ARS,3775.834432875648,0.0,1434.5000121933,PyMES
2026-01-20,Alchemy Valores,CPD y Pagarés,ARS,1023.4590223218245,0.0,1434.5000121933,PyMES
2026-01-20,INVIU,CPD y Pagarés,ARS,18473.335499999357,0.0,1434.5000121933,INC
2026-01-20,Criteria,CPD y Pagarés,ARS,101604.04235699646,0.0,1434.5000121933,GEST
2026-01-20,Allaria,CPD y Pagarés,ARS,98989.19399999655,0.0,1434.5000121933,GEST
2026-01-20,Allaria,CPD y Pagarés,ARS,161728.82399999438,0.0,1434.5000121933,GEST
2026-01-21,Criteria,CPD y Pagarés,ARS,88081.09380000166,0.0,1430.4999468569,GEST
2026-01-21,Criteria,CPD y Pagarés,ARS,96469.76940000182,0.0,1430.4999468569,GEST
2026-01-21,Allaria,CPD y Pagarés,ARS,168472.5683000032,0.0,1430.4999468569,GEST
2026-01-21,Puente Hnos,CPD y Pagarés,ARS,45438.65950000086,0.0,1430.4999468569,PyMES
2026-01-22,PP Inversiones (PPI),CPD y Pagarés,ARS,840.8497010371773,0.0,1429.4999909227,PyMES
2026-01-22,PP Inversiones (PPI),CPD y Pagarés,ARS,849.4885678286552,0.0,1429.4999909227,PyMES
2026-01-22,PP Inversiones (PPI),CPD y Pagarés,ARS,2448.4085499999574,0.0,1429.4999909227,PyMES
2026-01-22,PP Inversiones (PPI),CPD y Pagarés,ARS,1717.3689231123283,0.0,1429.4999909227,PyMES
2026-01-22,PP Inversiones (PPI),CPD y Pagarés,ARS,5205.986741697309,0.0,1429.4999909227,PyMES
2025-12-12,Criteria,CPD y Pagarés,ARS,97154.75000000015,0.0,1441.0000540375,GEST
2025-12-12,PP Inversiones (PPI),CPD y Pagarés,ARS,7633.5875000000115,0.0,1441.0000540375,PyMES
2025-12-12,PP Inversiones (PPI),CPD y Pagarés,ARS,3331.020000000005,0.0,1441.0000540375,PyMES
2025-12-12,PP Inversiones (PPI),CPD y Pagarés,ARS,5551.700000000008,0.0,1441.0000540375,PyMES
2025-12-12,PP Inversiones (PPI),CPD y Pagarés,ARS,1509.3684375000023,0.0,1441.0000540375,PyMES
2025-12-15,PP Inversiones (PPI),CPD y Pagarés,ARS,52137.644999998236,0.0,1438.4999552627,RFIJA
2025-12-16,Criteria,CPD y Pagarés,ARS,102687.80510000013,0.0,1450.9999493601,GEST
2025-12-17,Allaria,CPD y Pagarés,ARS,490696.0888000006,0.0,1450.9999493601,GEST
2025-12-17,Allaria,CPD y Pagarés,ARS,493452.8084000006,0.0,1450.9999493601,GEST
2025-12-17,PP Inversiones (PPI),CPD y Pagarés,ARS,47002.069180000064,0.0,1450.9999493601,RFIJA
2026-05-12,Criteria,CPD y Pagarés,ARS,156719.66346000068,0.0,1383.9999092096,GEST
2026-05-12,PP Inversiones (PPI),CPD y Pagarés,ARS,4187.9221244386745,0.0,1383.9999092096,PyMES
2026-05-12,PP Inversiones (PPI),CPD y Pagarés,ARS,3612.7170000000156,0.0,1383.9999092096,PyMES
2026-05-12,PP Inversiones (PPI),CPD y Pagarés,ARS,281069.38260000123,0.0,1383.9999092096,RFIJA
2026-05-13,Criteria,CPD y Pagarés,ARS,109051.72344,0.0,1392.0000089088,GEST
2026-05-13,Criteria,CPD y Pagarés,ARS,116810.34408,0.0,1392.0000089088,GEST
2026-05-13,PP Inversiones (PPI),CPD y Pagarés,ARS,10775.862,0.0,1392.0000089088,PyMES
2026-05-13,PP Inversiones (PPI),CPD y Pagarés,ARS,862.06896,0.0,1392.0000089088,PyMES
2026-05-13,PP Inversiones (PPI),CPD y Pagarés,ARS,2873.5632,0.0,1392.0000089088,PyMES
2026-05-13,PP Inversiones (PPI),CPD y Pagarés,ARS,718.3908,0.0,1392.0000089088,PyMES
2026-05-13,PP Inversiones (PPI),CPD y Pagarés,ARS,2652.2539269910917,0.0,1392.0000089088,PyMES
2026-05-13,Allaria,CPD y Pagarés,ARS,3417.129044222328,0.0,1392.0000089088,PyMES
2026-05-14,Allaria,CPD y Pagarés,ARS,1247.6745824863285,0.0,1390.9999244687,PyMES
2026-05-14,Allaria,CPD y Pagarés,ARS,6709.16175898757,0.0,1390.9999244687,PyMES
2026-05-14,Allaria,CPD y Pagarés,ARS,1617.5414250000047,0.0,1390.9999244687,PyMES
2026-05-14,Allaria,CPD y Pagarés,ARS,1592.7802446475644,0.0,1390.9999244687,PyMES
2026-05-15,Criteria,CPD y Pagarés,ARS,161491.57307999712,0.0,1394.5000082973,GEST
2026-05-15,Criteria,CPD y Pagarés,ARS,108210.82760999807,0.0,1394.5000082973,GEST
2026-05-15,Criteria,CPD y Pagarés,ARS,107278.59383999808,0.0,1394.5000082973,GEST
2026-05-15,Criteria,CPD y Pagarés,ARS,116170.66979999792,0.0,1394.5000082973,GEST
2026-05-15,Criteria,CPD y Pagarés,ARS,123556.8296699978,0.0,1394.5000082973,GEST
2026-05-15,PP Inversiones (PPI),CPD y Pagarés,ARS,1773.7375512963552,0.0,1394.5000082973,PyMES
2026-05-15,PP Inversiones (PPI),CPD y Pagarés,ARS,1434.7205508036525,0.0,1394.5000082973,PyMES
2026-05-15,PP Inversiones (PPI),CPD y Pagarés,ARS,7618.503239001071,0.0,1394.5000082973,PyMES
2026-05-15,SyC Inversiones,CPD y Pagarés,ARS,7166.103922940614,0.0,1394.5000082973,PyMES
2026-05-15,SyC Inversiones,CPD y Pagarés,ARS,7171.028999999872,0.0,1394.5000082973,PyMES
2026-05-15,SyC Inversiones,CPD y Pagarés,ARS,330.5485817549941,0.0,1394.5000082973,PyMES
2026-05-15,SyC Inversiones,CPD y Pagarés,ARS,302.4532072358946,0.0,1394.5000082973,PyMES
2026-05-15,SyC Inversiones,CPD y Pagarés,ARS,279.680170440595,0.0,1394.5000082973,PyMES
2026-05-15,SyC Inversiones,CPD y Pagarés,ARS,967.9813495649827,0.0,1394.5000082973,PyMES
2026-05-15,SyC Inversiones,CPD y Pagarés,ARS,236.17784011499577,0.0,1394.5000082973,PyMES
2026-05-15,SyC Inversiones,CPD y Pagarés,ARS,1434.2057999999745,0.0,1394.5000082973,PyMES
2026-05-18,SyC Inversiones,CPD y Pagarés,ARS,2873.9533747456253,0.0,1397.0000262636,PyMES
2026-05-18,PP Inversiones (PPI),CPD y Pagarés,ARS,15543.297860971397,0.0,1397.0000262636,PyMES
2026-05-19,PP Inversiones (PPI),CPD y Pagarés,ARS,123748.21480000007,0.0,1397.9999653296,RFIJA
2026-05-19,Allaria,CPD y Pagarés,ARS,1144.4921600000007,0.0,1397.9999653296,PyMES
2026-05-19,Allaria,CPD y Pagarés,ARS,547.5462510612643,0.0,1397.9999653296,PyMES
2026-05-19,Criteria,CPD y Pagarés,ARS,116237.48500000007,0.0,1397.9999653296,GEST
2026-05-19,Criteria,CPD y Pagarés,ARS,155722.4645200001,0.0,1397.9999653296,GEST
2026-05-19,Criteria,CPD y Pagarés,ARS,110014.30888000007,0.0,1397.9999653296,GEST
2026-05-20,Alchemy Valores,CPD y Pagarés,ARS,28632.78400000001,0.0,1397.0000262636,PyMES
2026-05-20,PP Inversiones (PPI),CPD y Pagarés,ARS,1252.6843000000006,0.0,1397.0000262636,PyMES
2026-05-20,PP Inversiones (PPI),CPD y Pagarés,ARS,8466.476920286212,0.0,1397.0000262636,PyMES
2026-05-20,Criteria,CPD y Pagarés,ARS,132140.29816000006,0.0,1397.0000262636,GEST
2026-05-20,Criteria,CPD y Pagarés,ARS,142233.35452000005,0.0,1397.0000262636,GEST
2026-05-20,Criteria,CPD y Pagarés,ARS,144022.90352000005,0.0,1397.0000262636,GEST
2026-05-21,Criteria,CPD y Pagarés,ARS,132421.72719999801,0.0,1389.5000759362,GEST
2026-05-22,Criteria,CPD y Pagarés,ARS,185673.56320000024,0.0,1402.9999506144,GEST
2026-05-22,Criteria,CPD y Pagarés,ARS,98930.86592000013,0.0,1402.9999506144,GEST
2026-05-22,Criteria,CPD y Pagarés,ARS,138845.33632000018,0.0,1402.9999506144,GEST
2026-05-22,Criteria,CPD y Pagarés,ARS,139700.64640000017,0.0,1402.9999506144,GEST
2026-05-26,INVIU,CPD y Pagarés,ARS,403917.97760280425,0.0,1411.4999417051,RCAP
2026-05-26,Allaria,CPD y Pagarés,ARS,2438.395283135678,0.0,1411.4999417051,PyMES
2026-05-26,Allaria,CPD y Pagarés,ARS,2438.3952831356783,0.0,1411.4999417051,PyMES
2026-05-26,Allaria,CPD y Pagarés,ARS,129.79007974927364,0.0,1411.4999417051,PyMES
2026-05-26,Allaria,CPD y Pagarés,ARS,941.7003577019683,0.0,1411.4999417051,PyMES
2026-05-26,Allaria,CPD y Pagarés,ARS,245.95487377818975,0.0,1411.4999417051,PyMES
2026-05-28,Allaria,CPD y Pagarés,ARS,663829.8264000022,0.0,1409.99991681,MULTI
2026-05-28,Alchemy Valores,CPD y Pagarés,ARS,212765.97000000073,0.0,1409.99991681,PyMES
2026-05-29,Criteria,CPD y Pagarés,ARS,97585.23102000014,0.0,1407.9999459328,GEST
2026-05-29,Criteria,CPD y Pagarés,ARS,123792.61839000018,0.0,1407.9999459328,GEST
2026-06-02,PP Inversiones (PPI),CPD y Pagarés,ARS,126138.74400000059,0.0,1427.0000976068,RFIJA
2026-06-04,PP Inversiones (PPI),CPD y Pagarés,ARS,3648.2650318266697,0.0,1436.5000882011,PyMES
2026-06-04,INVIU,CPD y Pagarés,ARS,165427.87488275632,0.0,1436.5000882011,RCAP
2026-06-05,PP Inversiones (PPI),CPD y Pagarés,ARS,3128.702526646291,0.0,1440.5000033132,PyMES
2026-06-08,Alchemy Valores,CPD y Pagarés,ARS,14049.152073195404,0.0,1446.4999691172,PyMES
2026-06-08,Alchemy Valores,CPD y Pagarés,ARS,2510.1860197176447,0.0,1446.4999691172,PyMES
2026-06-09,Criteria,CPD y Pagarés,ARS,154337.2600000002,0.0,1441.0000540375,GEST
2026-06-10,Option Securities,CPD y Pagarés,ARS,108551.48665000199,0.0,1432.4999573831,GEST
2026-06-10,Option Securities,CPD y Pagarés,ARS,155602.09887000284,0.0,1432.4999573831,GEST
2026-06-10,Alchemy Valores,CPD y Pagarés,ARS,1717.1129655693064,0.0,1432.4999573831,PyMES
2026-06-10,Alchemy Valores,CPD y Pagarés,ARS,5811.518497500107,0.0,1432.4999573831,PyMES
2026-06-10,Alchemy Valores,CPD y Pagarés,ARS,337.3822089900062,0.0,1432.4999573831,PyMES
2026-06-10,Alchemy Valores,CPD y Pagarés,ARS,205.24277748468472,0.0,1432.4999573831,PyMES
2026-06-10,Alchemy Valores,CPD y Pagarés,ARS,260.0220600916818,0.0,1432.4999573831,PyMES
2026-06-10,Alchemy Valores,CPD y Pagarés,ARS,246.38666003506847,0.0,1432.4999573831,PyMES
2026-06-10,Alchemy Valores,CPD y Pagarés,ARS,1771.1792778235044,0.0,1432.4999573831,PyMES
2026-06-10,Alchemy Valores,CPD y Pagarés,ARS,1542.3543774732022,0.0,1432.4999573831,PyMES
2026-06-10,Alchemy Valores,CPD y Pagarés,ARS,445.42943733530313,0.0,1432.4999573831,PyMES
2026-06-10,Alchemy Valores,CPD y Pagarés,ARS,643.2363193108117,0.0,1432.4999573831,PyMES
2026-06-10,Alchemy Valores,CPD y Pagarés,ARS,4307.155451000079,0.0,1432.4999573831,PyMES
2026-06-11,Option Securities,CPD y Pagarés,ARS,108202.44650000198,0.0,1432.4999573831,GEST
2026-06-11,Option Securities,CPD y Pagarés,ARS,152181.5054000028,0.0,1432.4999573831,GEST
2026-06-11,PP Inversiones (PPI),CPD y Pagarés,ARS,284816.7624000052,0.0,1432.4999573831,RFIJA
2026-06-12,Option Securities,CPD y Pagarés,ARS,116736.69267000003,0.0,1428.0000245616,GEST
2026-06-12,Option Securities,CPD y Pagarés,ARS,162184.87116000004,0.0,1428.0000245616,GEST
2026-06-12,Option Securities,CPD y Pagarés,ARS,107843.13540000003,0.0,1428.0000245616,GEST
2026-06-17,Option Securities,CPD y Pagarés,ARS,116129.02931999606,0.0,1441.50003647,GEST
2026-06-17,INVIU,CPD y Pagarés,ARS,284425.9379999903,0.0,1441.50003647,INC
2026-06-19,INVIU,CPD y Pagarés,ARS,404067.11944997835,0.0,1450.9999493601,RCAP
2026-06-19,Option Securities,CPD y Pagarés,ARS,153824.9536800002,0.0,1450.9999493601,GEST
2026-06-19,Option Securities,CPD y Pagarés,ARS,142591.32131000017,0.0,1450.9999493601,GEST
2026-06-22,PP Inversiones (PPI),CPD y Pagarés,ARS,145056.44199999786,0.0,1461.5000690559,RFIJA
2026-06-22,Option Securities,CPD y Pagarés,ARS,183236.39229999727,0.0,1461.5000690559,GEST
2026-06-22,Option Securities,CPD y Pagarés,ARS,305371.17954999546,0.0,1461.5000690559,GEST
2026-06-23,Option Securities,CPD y Pagarés,ARS,98470.95363000198,0.0,1471.4999160509,GEST
2026-06-23,Option Securities,CPD y Pagarés,ARS,154536.19638000312,0.0,1471.4999160509,GEST
2026-06-23,Alchemy Valores,CPD y Pagarés,ARS,16989.467500000344,0.0,1471.4999160509,PyMES
2026-06-25,PP Inversiones (PPI),CPD y Pagarés,ARS,7551.891325278314,0.0,1476.9999354551,PyMES
2026-06-26,Option Securities,CPD y Pagarés,ARS,148815.17238000027,0.0,1476.9999354551,GEST
2026-06-26,Option Securities,CPD y Pagarés,ARS,180365.61384000033,0.0,1476.9999354551,GEST
2026-06-26,Option Securities,CPD y Pagarés,ARS,271496.2881000005,0.0,1476.9999354551,GEST
2026-06-29,Alchemy Valores,CPD y Pagarés,ARS,7424.907600000022,0.0,1481.4999179249,PyMES
2026-06-29,Alchemy Valores,CPD y Pagarés,ARS,2976.442959360009,0.0,1481.4999179249,PyMES
2025-08-11,Alchemy Valores,CPD y Pagarés,ARS,21180.031600000086,0.0,1321.9999161852,PyMES
2025-08-11,Criteria,CPD y Pagarés,ARS,82829.05215000034,0.0,1321.9999161852,GEST
2025-08-13,Alchemy Valores,CPD y Pagarés,ARS,34272.65700000003,0.0,1313.0000396526,PyMES
2025-08-13,Alchemy Valores,CPD y Pagarés,ARS,6473.724100000006,0.0,1313.0000396526,PyMES
2025-08-14,Criteria,CPD y Pagarés,ARS,84425.59500000007,0.0,1297.00003891,GEST
2025-08-18,Alchemy Valores,CPD y Pagarés,ARS,23735.746174464002,0.0,1293.0000082752,PyMES
2025-08-18,Alchemy Valores,CPD y Pagarés,ARS,6573.859200000001,0.0,1293.0000082752,PyMES
2025-08-18,Alchemy Valores,CPD y Pagarés,ARS,3866.9760000000006,0.0,1293.0000082752,PyMES
2025-08-20,Criteria,CPD y Pagarés,ARS,86471.94375000002,0.0,1301.0000136605,GEST
2025-08-21,PP Inversiones (PPI),CPD y Pagarés,ARS,437262.3725000005,0.0,1314.9999546325,RFIJA
2025-08-21,Petrini Valores,CPD y Pagarés,ARS,53231.941000000064,0.0,1314.9999546325,PyMES
2025-08-21,Criteria,CPD y Pagarés,ARS,121673.00800000015,0.0,1314.9999546325,GEST
2025-08-21,Criteria,CPD y Pagarés,ARS,88973.38710000011,0.0,1314.9999546325,GEST
2025-08-22,Criteria,CPD y Pagarés,ARS,139288.42320000022,0.0,1320.9999494057,GEST
2025-08-22,Criteria,CPD y Pagarés,ARS,109765.33350000017,0.0,1320.9999494057,GEST
2025-08-22,Criteria,CPD y Pagarés,ARS,103330.81395000016,0.0,1320.9999494057,GEST
2025-08-25,PP Inversiones (PPI),CPD y Pagarés,USDMEP,100823.0,0.0,1361.9999825664,PyMES
2025-08-25,PP Inversiones (PPI),CPD y Pagarés,USDMEP,17329.0,0.0,1361.9999825664,VAL
2025-08-25,PP Inversiones (PPI),CPD y Pagarés,USDMEP,131848.0,0.0,1361.9999825664,PERF
2025-08-25,PP Inversiones (PPI),CPD y Pagarés,ARS,211453.74720000004,0.0,1361.9999825664,RFIJA
2025-08-25,Alchemy Valores,CPD y Pagarés,ARS,155.86989920512002,0.0,1361.9999825664,PyMES
2025-08-25,Alchemy Valores,CPD y Pagarés,ARS,277.81549547968007,0.0,1361.9999825664,PyMES
2025-08-25,Alchemy Valores,CPD y Pagarés,ARS,398.3113120000001,0.0,1361.9999825664,PyMES
2025-08-25,Alchemy Valores,CPD y Pagarés,ARS,22026.432000000004,0.0,1361.9999825664,PyMES
2025-08-25,Criteria,CPD y Pagarés,ARS,85903.08480000003,0.0,1361.9999825664,GEST
2025-08-29,Criteria,CPD y Pagarés,ARS,84952.9263205343,0.0,1341.999969134,GEST
2025-08-26,INVIU,CPD y Pagarés,ARS,980464.4289999818,0.0,1356.5000021026,RCAP
2025-08-26,Criteria,CPD y Pagarés,ARS,121636.56449999775,0.0,1356.5000021026,GEST
2025-08-28,Criteria,CPD y Pagarés,ARS,117217.66544208796,0.0,1333.0000833125,GEST
2025-08-26,Criteria,CPD y Pagarés,ARS,114264.65149999788,0.0,1356.5000021026,GEST
2025-08-28,Criteria,CPD y Pagarés,ARS,110113.56453575667,0.0,1333.0000833125,GEST
2025-08-26,Criteria,CPD y Pagarés,ARS,144120.89914999733,0.0,1356.5000021026,GEST
2025-08-28,Criteria,CPD y Pagarés,ARS,140374.3626444568,0.0,1333.0000833125,GEST
2025-08-26,Criteria,CPD y Pagarés,ARS,121267.96884999776,0.0,1356.5000021026,GEST
2025-08-28,Criteria,CPD y Pagarés,ARS,118478.43280515047,0.0,1333.0000833125,GEST
2025-08-27,Allaria,CPD y Pagarés,ARS,137087.81200000003,0.0,1349.4999832662,GEST
2025-08-27,Criteria,CPD y Pagarés,ARS,97072.99120000002,0.0,1349.4999832662,GEST
2025-08-27,Criteria,CPD y Pagarés,ARS,143756.94880000004,0.0,1349.4999832662,GEST
2025-08-27,Criteria,CPD y Pagarés,ARS,87069.28600000002,0.0,1349.4999832662,GEST
2025-08-28,Petrini Valores,CPD y Pagarés,ARS,43135.78125000017,0.0,1333.0000833125,PyMES
2025-08-29,Criteria,CPD y Pagarés,ARS,146050.6740000001,0.0,1341.999969134,GEST
2025-08-29,Criteria,CPD y Pagarés,ARS,119225.04000000007,0.0,1341.999969134,GEST
2025-08-29,Criteria,CPD y Pagarés,ARS,74515.65000000004,0.0,1341.999969134,GEST
2025-08-29,Criteria,CPD y Pagarés,ARS,96870.34500000006,0.0,1341.999969134,GEST
2025-08-29,Criteria,CPD y Pagarés,ARS,76378.54125000004,0.0,1341.999969134,GEST
2025-09-01,Alchemy Valores,CPD y Pagarés,ARS,8650.714714614724,0.0,1341.999969134,PyMES
2025-09-01,Alchemy Valores,CPD y Pagarés,ARS,9105.593063377972,0.0,1341.999969134,PyMES
2025-09-02,Criteria,CPD y Pagarés,ARS,117560.62400000039,0.0,1360.9999211981,GEST
2025-09-02,Criteria,CPD y Pagarés,ARS,146950.7800000005,0.0,1360.9999211981,GEST
2025-09-02,Criteria,CPD y Pagarés,ARS,129316.68640000043,0.0,1360.9999211981,GEST
2025-09-03,PP Inversiones (PPI),CPD y Pagarés,ARS,90374.7297000003,0.0,1360.9999211981,RFIJA
2025-09-03,Alchemy Valores,CPD y Pagarés,ARS,288.95158910355195,0.0,1360.9999211981,PyMES
2025-09-03,Alchemy Valores,CPD y Pagarés,ARS,636.012380689922,0.0,1360.9999211981,PyMES
2025-09-03,Alchemy Valores,CPD y Pagarés,ARS,121.56531196148241,0.0,1360.9999211981,PyMES
2025-09-03,Alchemy Valores,CPD y Pagarés,ARS,142.94343222940046,0.0,1360.9999211981,PyMES
2025-09-03,Alchemy Valores,CPD y Pagarés,ARS,95.76782332600031,0.0,1360.9999211981,PyMES
2025-09-03,Alchemy Valores,CPD y Pagarés,ARS,288.95005346790094,0.0,1360.9999211981,PyMES
2025-09-03,Alchemy Valores,CPD y Pagarés,ARS,5510.654250000018,0.0,1360.9999211981,PyMES
2025-09-08,Criteria,CPD y Pagarés,ARS,116749.46640000002,0.0,1409.0000157808,GEST
2025-09-09,PP Inversiones (PPI),CPD y Pagarés,ARS,105894.80999999629,0.0,1416.5000154399,RFIJA
2025-09-10,Criteria,CPD y Pagarés,ARS,115208.99960000253,0.0,1423.4999051237,GEST
2025-09-10,Criteria,CPD y Pagarés,ARS,80786.79850000178,0.0,1423.4999051237,GEST
2025-09-10,INVIU,CPD y Pagarés,ARS,1067790.7280000234,0.0,1423.4999051237,RCAP
2025-09-10,Alchemy Valores,CPD y Pagarés,ARS,34910.36340861687,0.0,1423.4999051237,PyMES
2025-09-10,Alchemy Valores,CPD y Pagarés,ARS,39336.96442721857,0.0,1423.4999051237,PyMES
2025-09-10,Alchemy Valores,CPD y Pagarés,ARS,16715.174981295368,0.0,1423.4999051237,PyMES
2025-09-11,Alchemy Valores,CPD y Pagarés,ARS,10474.860000000011,0.0,1432.000045824,PyMES
2025-09-11,Criteria,CPD y Pagarés,ARS,120111.72800000013,0.0,1432.000045824,GEST
2025-09-11,Criteria,CPD y Pagarés,ARS,79608.93600000009,0.0,1432.000045824,GEST
2025-09-12,Alchemy Valores,CPD y Pagarés,ARS,24423.80016766091,0.0,1453.0000964792,PyMES
2025-09-12,Criteria,CPD y Pagarés,ARS,84308.32200000036,0.0,1453.0000964792,GEST
2025-09-15,Criteria,CPD y Pagarés,ARS,89979.55560000034,0.0,1466.9999103663,GEST
2025-09-17,Criteria,CPD y Pagarés,ARS,77314.344,0.0,1474.499997051,GEST
2025-09-17,Criteria,CPD y Pagarés,ARS,83418.108,0.0,1474.499997051,GEST
2025-09-18,Allaria,CPD y Pagarés,ARS,517463.548,0.0,1474.499997051,MULTI
2025-11-27,Allaria,CPD y Pagarés,ARS,516709.54784895206,0.0,1453.4999916424,MULTI
2025-09-18,Criteria,CPD y Pagarés,ARS,113936.928,0.0,1474.499997051,GEST
2025-09-18,Criteria,CPD y Pagarés,ARS,80027.128,0.0,1474.499997051,GEST
2025-09-19,Criteria,CPD y Pagarés,ARS,80691.63900000222,0.0,1474.7500667324,GEST
2025-09-19,Criteria,CPD y Pagarés,ARS,103407.35250000285,0.0,1474.7500667324,GEST
2025-09-19,Criteria,CPD y Pagarés,ARS,72893.707500002,0.0,1474.7500667324,GEST
2025-09-22,Criteria,CPD y Pagarés,ARS,75639.2074500001,0.0,1407.9999459328,GEST
2025-09-22,Criteria,CPD y Pagarés,ARS,107599.43595000016,0.0,1407.9999459328,GEST
2025-09-22,Criteria,CPD y Pagarés,ARS,101562.50390000014,0.0,1407.9999459328,GEST
2025-09-22,Petrini Valores,CPD y Pagarés,ARS,25946.835371358477,0.0,1407.9999459328,PyMES
2025-09-23,PP Inversiones (PPI),CPD y Pagarés,ARS,390796.20700000005,0.0,1368.9999811078,RFIJA
2025-09-23,Cohen,CPD y Pagarés,ARS,51132.21400000001,0.0,1368.9999811078,INC
2026-03-09,INVIU,CPD y Pagarés,ARS,48826.58118707929,0.0,1415.9999784768,INC
2025-09-23,Criteria,CPD y Pagarés,ARS,125639.15440000001,0.0,1368.9999811078,GEST
2025-09-24,Criteria,CPD y Pagarés,ARS,151028.04720000064,0.0,1337.4999130625,GEST
2025-09-24,Criteria,CPD y Pagarés,ARS,112523.37180000049,0.0,1337.4999130625,GEST
2025-09-25,Criteria,CPD y Pagarés,ARS,152206.44120000052,0.0,1336.9999219192,GEST
2025-09-25,Criteria,CPD y Pagarés,ARS,124906.51440000042,0.0,1336.9999219192,GEST
2025-09-25,Alchemy Valores,CPD y Pagarés,ARS,7479.432000000025,0.0,1336.9999219192,PyMES
2025-09-26,Criteria,CPD y Pagarés,ARS,114253.39170000004,0.0,1326.0000228072,GEST
2025-09-26,Criteria,CPD y Pagarés,ARS,153092.00340000005,0.0,1326.0000228072,GEST
2025-09-26,Criteria,CPD y Pagarés,ARS,80693.81460000003,0.0,1326.0000228072,GEST
2025-09-29,Criteria,CPD y Pagarés,ARS,100367.64465000006,0.0,1360.00003264,GEST
2025-11-04,Criteria,CPD y Pagarés,ARS,147867.94850000003,0.0,1454.0000194836,GEST
2025-11-07,Petrini Valores,CPD y Pagarés,ARS,4240.282800000003,0.0,1414.999961795,PyMES
2025-11-07,Petrini Valores,CPD y Pagarés,ARS,343.62007288198225,0.0,1414.999961795,PyMES
2025-11-07,Petrini Valores,CPD y Pagarés,ARS,9796.09162845207,0.0,1414.999961795,PyMES
2025-11-07,Petrini Valores,CPD y Pagarés,ARS,2094.1237597215536,0.0,1414.999961795,PyMES
2025-11-07,PP Inversiones (PPI),CPD y Pagarés,ARS,113720.95713407008,0.0,1414.999961795,RFIJA
2025-11-07,Criteria,CPD y Pagarés,ARS,127208.4840000001,0.0,1414.999961795,GEST
2025-11-07,Criteria,CPD y Pagarés,ARS,84805.65600000006,0.0,1414.999961795,GEST
2025-11-10,PP Inversiones (PPI),CPD y Pagarés,ARS,137275.6125000026,0.0,1420.4999449556,PERF
2025-11-10,PP Inversiones (PPI),CPD y Pagarés,ARS,35198.87500000067,0.0,1420.4999449556,GESTII
2025-11-10,Criteria,CPD y Pagarés,ARS,89405.1425000017,0.0,1420.4999449556,GEST
2025-11-10,Criteria,CPD y Pagarés,ARS,156986.98250000298,0.0,1420.4999449556,GEST
2025-11-10,Criteria,CPD y Pagarés,ARS,127419.92750000242,0.0,1420.4999449556,GEST
2025-04-01,Alchemy Valores,CPD y Pagarés,ARS,13445.472353282341,0.0,1072.5000372694,PyMES
2025-04-22,Alchemy Valores,CPD y Pagarés,ARS,5434.7826000000005,0.0,1104.0000017664,PyMES
2025-05-22,Alchemy Valores,CPD y Pagarés,ARS,14971.37809999967,0.0,1135.5000111847,PyMES
2025-05-29,Alchemy Valores,CPD y Pagarés,ARS,127.71475340376024,0.0,1183.0000526435,PyMES
2025-06-02,Alchemy Valores,CPD y Pagarés,ARS,2512.0814746999495,0.0,1179.4999604278,PyMES
2025-06-04,Alchemy Valores,CPD y Pagarés,ARS,11021.880054680714,0.0,1185.5000539995,PyMES
2025-06-12,Alchemy Valores,CPD y Pagarés,ARS,33755.276000000085,0.0,1184.9999389725,PyMES
2025-06-17,Alchemy Valores,CPD y Pagarés,ARS,12758.62120000002,0.0,1159.9999536,PyMES
2025-06-17,Alchemy Valores,CPD y Pagarés,ARS,8675.639105646253,0.0,1159.9999536,PyMES
2025-06-23,Alchemy Valores,CPD y Pagarés,ARS,8006.757800523013,0.0,1170.999951989,PyMES
2025-06-26,Alchemy Valores,CPD y Pagarés,ARS,223.28707963689482,0.0,1188.5000262064,PyMES
2025-06-26,Alchemy Valores,CPD y Pagarés,ARS,8413.96700000018,0.0,1188.5000262064,PyMES
2025-07-07,Alchemy Valores,CPD y Pagarés,ARS,22151.89760000006,0.0,1264.0000647168,PyMES
2025-07-10,Alchemy Valores,CPD y Pagarés,ARS,11582.504403213827,0.0,1255.0000771825,PyMES
2025-07-15,Alchemy Valores,CPD y Pagarés,ARS,3452.3809800000004,0.0,1259.99998992,PyMES
2025-07-28,Alchemy Valores,CPD y Pagarés,ARS,3861.004000000005,0.0,1294.99995338,PyMES
2025-07-28,Alchemy Valores,CPD y Pagarés,ARS,5019.305200000006,0.0,1294.99995338,PyMES
2025-07-30,Alchemy Valores,CPD y Pagarés,ARS,3422.0533500000042,0.0,1314.9999546325,PyMES
2025-07-30,Alchemy Valores,CPD y Pagarés,ARS,3802.2815000000046,0.0,1314.9999546325,PyMES
2025-07-30,Alchemy Valores,CPD y Pagarés,ARS,6170.933292745107,0.0,1314.9999546325,PyMES
2025-08-04,Alchemy Valores,CPD y Pagarés,ARS,51044.10932641196,0.0,1360.00003264,PyMES
2025-08-04,Alchemy Valores,CPD y Pagarés,ARS,426.4705780000003,0.0,1360.00003264,PyMES
2025-08-04,Alchemy Valores,CPD y Pagarés,ARS,161.5008490651561,0.0,1360.00003264,PyMES
2025-08-05,Alchemy Valores,CPD y Pagarés,ARS,1494.2099999999468,0.0,1338.4999431138,PyMES
2025-08-05,Alchemy Valores,CPD y Pagarés,ARS,2241.31499999992,0.0,1338.4999431138,PyMES
2025-09-01,Alchemy Valores,CPD y Pagarés,ARS,11271.04846340699,0.0,1341.999969134,PyMES
2025-09-17,Alchemy Valores,CPD y Pagarés,ARS,20345.88,0.0,1474.499997051,PyMES
2025-09-29,Alchemy Valores,CPD y Pagarés,ARS,3078.676396700002,0.0,1360.00003264,PyMES
2025-09-29,Alchemy Valores,CPD y Pagarés,ARS,4411.764600000002,0.0,1360.00003264,PyMES
2025-10-03,Alchemy Valores,CPD y Pagarés,ARS,749.5232481271221,0.0,1424.5000040598,PyMES
2025-10-14,Alchemy Valores,CPD y Pagarés,ARS,4749.529871305401,0.0,1360.00003264,PyMES
2025-10-22,Allaria,CPD y Pagarés,ARS,20315.648925000034,0.0,1488.9999385043,PyMES
2025-10-29,Alchemy Valores,CPD y Pagarés,ARS,1396.9358728000027,0.0,1436.0000620352,PyMES
2025-10-29,Alchemy Valores,CPD y Pagarés,ARS,1456.8244496000027,0.0,1436.0000620352,PyMES
2025-10-29,Alchemy Valores,CPD y Pagarés,ARS,1385.7938120000026,0.0,1436.0000620352,PyMES
2025-10-30,Petrini Valores,CPD y Pagarés,ARS,275.673681863125,0.0,1437.9999836068,PyMES
2025-11-26,Alchemy Valores,CPD y Pagarés,ARS,4127.96699999993,0.0,1453.4999916424,PyMES
2025-12-10,PP Inversiones (PPI),CPD y Pagarés,ARS,1637.2174526999454,0.0,1437.4999460938,PyMES
2025-12-11,PP Inversiones (PPI),CPD y Pagarés,ARS,10373.560568575274,0.0,1436.0000620352,PyMES
2025-12-12,PP Inversiones (PPI),CPD y Pagarés,ARS,1509.8900474735024,0.0,1441.0000540375,PyMES
2025-12-12,PP Inversiones (PPI),CPD y Pagarés,ARS,3778.6258125000054,0.0,1441.0000540375,PyMES
2025-12-12,PP Inversiones (PPI),CPD y Pagarés,ARS,4394.170550000006,0.0,1441.0000540375,PyMES
2025-12-17,PP Inversiones (PPI),CPD y Pagarés,ARS,5743.165831036074,0.0,1450.9999493601,PyMES
2025-12-23,PP Inversiones (PPI),CPD y Pagarés,ARS,477.4982937150006,0.0,1450.9999493601,PyMES
2025-12-26,PP Inversiones (PPI),CPD y Pagarés,ARS,602.9294684909814,0.0,1452.4999121238,PyMES
2026-01-02,Alchemy Valores,CPD y Pagarés,ARS,135593.22,0.0,1475.0000036875,PyMES
2026-01-07,Alchemy Valores,CPD y Pagarés,ARS,2253.42763499997,0.0,1460.0000146,PyMES
2026-01-12,PP Inversiones (PPI),CPD y Pagarés,ARS,5451.447999999815,0.0,1467.5000110063,PyMES
2026-01-16,PP Inversiones (PPI),CPD y Pagarés,ARS,23776.223800000003,0.0,1429.99999857,PyMES
2026-01-19,Alchemy Valores,CPD y Pagarés,ARS,458.88111934000005,0.0,1429.99999857,PyMES
2026-01-20,Alchemy Valores,CPD y Pagarés,ARS,467.84238710035373,0.0,1434.5000121933,PyMES
2026-01-20,Alchemy Valores,CPD y Pagarés,ARS,467.8423871003536,0.0,1434.5000121933,PyMES
2026-01-21,Puente Hnos,CPD y Pagarés,ARS,7130.374260000135,0.0,1430.4999468569,PyMES
2026-01-22,PP Inversiones (PPI),CPD y Pagarés,ARS,2054.361677962964,0.0,1429.4999909227,PyMES
2026-01-23,Allaria,CPD y Pagarés,ARS,3489.1835,0.0,1433.0000127537,PyMES
2026-01-26,PP Inversiones (PPI),CPD y Pagarés,ARS,347.8260999999884,0.0,1437.4999460938,PyMES
2026-01-26,Alchemy Valores,CPD y Pagarés,ARS,2574.8870739494805,0.0,1437.4999460938,PyMES
2026-01-27,Puente Hnos,CPD y Pagarés,ARS,693.240899999988,0.0,1442.5000025244,PyMES
2026-01-27,Puente Hnos,CPD y Pagarés,ARS,4506.065849999922,0.0,1442.5000025244,PyMES
2026-01-28,Puente Hnos,CPD y Pagarés,ARS,2769.1244000000547,0.0,1444.4999292917,PyMES
2026-01-22,PP Inversiones (PPI),CPD y Pagarés,ARS,424.7442839143276,0.0,1429.4999909227,PyMES
2026-01-22,PP Inversiones (PPI),CPD y Pagarés,ARS,1658.2358132579952,0.0,1429.4999909227,PyMES
2026-01-22,PP Inversiones (PPI),CPD y Pagarés,ARS,1693.4007242892665,0.0,1429.4999909227,PyMES
2026-01-22,PP Inversiones (PPI),CPD y Pagarés,ARS,462.9988416948439,0.0,1429.4999909227,PyMES
2026-01-22,PP Inversiones (PPI),CPD y Pagarés,ARS,3426.6526975199404,0.0,1429.4999909227,PyMES
2026-01-22,PP Inversiones (PPI),CPD y Pagarés,ARS,1399.0905999999757,0.0,1429.4999909227,PyMES
2026-01-22,PP Inversiones (PPI),CPD y Pagarés,ARS,17781.530634073653,0.0,1429.4999909227,PyMES
2026-01-22,Allaria,CPD y Pagarés,ARS,196572.22929999657,0.0,1429.4999909227,GEST
2026-01-22,Alchemy Valores,CPD y Pagarés,ARS,6995.452999999879,0.0,1429.4999909227,PyMES
2026-01-22,Criteria,CPD y Pagarés,ARS,105631.34029999816,0.0,1429.4999909227,GEST
2026-01-22,Criteria,CPD y Pagarés,ARS,121720.88219999788,0.0,1429.4999909227,GEST
2026-01-23,PP Inversiones (PPI),CPD y Pagarés,USDMEP,17329.0,0.0,1433.0000127537,VAL
2026-01-23,Criteria,CPD y Pagarés,ARS,122121.4225,0.0,1433.0000127537,GEST
2026-01-23,Criteria,CPD y Pagarés,ARS,115840.8922,0.0,1433.0000127537,GEST
2026-01-23,Criteria,CPD y Pagarés,ARS,253314.7221,0.0,1433.0000127537,GEST
2026-06-29,Alchemy Valores,CPD y Pagarés,ARS,1696.059499969121,0.0,1481.4999179249,PyMES
2026-06-29,Alchemy Valores,CPD y Pagarés,ARS,1779.8178508800054,0.0,1481.4999179249,PyMES
2026-06-29,Alchemy Valores,CPD y Pagarés,ARS,2699.966400000008,0.0,1481.4999179249,PyMES
2026-06-29,Alchemy Valores,CPD y Pagarés,ARS,2981.212902249981,0.0,1481.4999179249,PyMES
2026-06-29,Alchemy Valores,CPD y Pagarés,ARS,2981.2128887501494,0.0,1481.4999179249,PyMES
2026-06-29,Alchemy Valores,CPD y Pagarés,ARS,915.8286028800028,0.0,1481.4999179249,PyMES
2026-06-29,Alchemy Valores,CPD y Pagarés,ARS,20377.569613561296,0.0,1481.4999179249,PyMES
2026-06-29,Invertir en Bolsa (IEB),CPD y Pagarés,ARS,33749.5800000001,0.0,1481.4999179249,PyMES
2026-07-08,PP Inversiones (PPI),CPD y Pagarés,ARS,125672.04100000004,0.0,1488.000023808,RFIJA
2026-07-08,INVIU,CPD y Pagarés,ARS,1290.4718207503004,0.0,1488.000023808,RCAP
2026-07-08,INVIU,CPD y Pagarés,ARS,7814.621407224122,0.0,1488.000023808,RCAP
2026-07-13,INVIU,CPD y Pagarés,ARS,364179.1724479521,0.0,1482.0000717288,RCAP
2026-07-13,Criteria,CPD y Pagarés,ARS,107287.44420000025,0.0,1482.0000717288,GEST
2026-07-14,PP Inversiones (PPI),CPD y Pagarés,ARS,290859.68360000587,0.0,1471.4999160509,RFIJA
2026-07-14,PP Inversiones (PPI),CPD y Pagarés,ARS,48929.66640000099,0.0,1471.4999160509,RFIJA
2026-07-14,Criteria,CPD y Pagarés,ARS,154740.06999000313,0.0,1471.4999160509,GEST
2026-07-16,Criteria,CPD y Pagarés,ARS,106910.57304000015,0.0,1475.9999456832,GEST
2026-07-16,Criteria,CPD y Pagarés,ARS,115785.91212000017,0.0,1475.9999456832,GEST
2026-07-16,BAVSA,CPD y Pagarés,ARS,37355.76369176528,0.0,1475.9999456832,INC
2026-07-17,Criteria,CPD y Pagarés,ARS,131190.80100000006,0.0,1477.99997044,GEST
2026-07-17,Criteria,CPD y Pagarés,ARS,112922.87100000004,0.0,1477.99997044,GEST
2026-07-20,Criteria,CPD y Pagarés,ARS,304186.33970000147,0.0,1481.0001015966,GEST
2026-07-20,Criteria,CPD y Pagarés,ARS,154091.81927400074,0.0,1481.0001015966,GEST
2026-07-20,PP Inversiones (PPI),CPD y Pagarés,ARS,22282.240200000106,0.0,1481.0001015966,PyMES
2026-07-21,SyC Inversiones,CPD y Pagarés,ARS,1709.3977550649513,0.0,1477.4998928813,PyMES
2026-07-21,Criteria,CPD y Pagarés,ARS,115736.0489999967,0.0,1477.4998928813,GEST
2026-07-30,Option Securities,CPD y Pagarés,ARS,113069.77906453946,0.0,1488.000023808,GEST
2026-07-21,Criteria,CPD y Pagarés,ARS,307140.4621999912,0.0,1477.4998928813,GEST
2026-07-21,SyC Inversiones,CPD y Pagarés,ARS,24626.026245622958,0.0,1477.4998928813,PyMES
2026-07-22,PP Inversiones (PPI),CPD y Pagarés,ARS,279163.84320000064,0.0,1483.0000735568,RFIJA
2026-07-22,Criteria,CPD y Pagarés,ARS,98482.80024000023,0.0,1483.0000735568,GEST
2026-07-22,Criteria,CPD y Pagarés,ARS,140829.39288000035,0.0,1483.0000735568,GEST
2026-07-27,Alchemy Valores,CPD y Pagarés,ARS,8862.127959833515,0.0,1496.9999372757,PyMES
2026-07-27,PP Inversiones (PPI),CPD y Pagarés,ARS,68804.27810000013,0.0,1496.9999372757,RFIJA
2026-07-28,Option Securities,CPD y Pagarés,ARS,166889.17500000066,0.0,1498.0000949732,GEST
2026-07-28,Option Securities,CPD y Pagarés,ARS,134212.27453500053,0.0,1498.0000949732,GEST
2026-07-28,Option Securities,CPD y Pagarés,ARS,121395.18589500048,0.0,1498.0000949732,GEST
2026-07-28,Option Securities,CPD y Pagarés,ARS,140774.35689600057,0.0,1498.0000949732,GEST
2026-07-28,Option Securities,CPD y Pagarés,ARS,308144.17272000125,0.0,1498.0000949732,GEST
2026-07-28,Option Securities,CPD y Pagarés,ARS,139986.63999000055,0.0,1498.0000949732,GEST
2026-07-30,SyC Inversiones,CPD y Pagarés,ARS,9408.602000000003,0.0,1488.000023808,PyMES
2026-07-30,SyC Inversiones,CPD y Pagarés,ARS,7862.903570430102,0.0,1488.000023808,PyMES
2026-07-30,SyC Inversiones,CPD y Pagarés,ARS,5660.040232020002,0.0,1488.000023808,PyMES
2026-07-30,SyC Inversiones,CPD y Pagarés,ARS,6894.008317115223,0.0,1488.000023808,PyMES
2026-07-30,SyC Inversiones,CPD y Pagarés,ARS,9744.623500000003,0.0,1488.000023808,PyMES
2026-07-30,SyC Inversiones,CPD y Pagarés,ARS,6086.021408000001,0.0,1488.000023808,PyMES
2026-04-06,PP Inversiones (PPI),CPD y Pagarés,ARS,989.1076954077002,0.0,1392.9999800801,PyMES
2026-04-14,PP Inversiones (PPI),CPD y Pagarés,ARS,4802.052590000008,0.0,1364.0000556512,PyMES
2026-04-28,PP Inversiones (PPI),CPD y Pagarés,ARS,1500.4226002384867,0.0,1404.4999053367,PyMES
2026-04-28,PP Inversiones (PPI),CPD y Pagarés,ARS,1299.4944272085659,0.0,1404.4999053367,PyMES
2026-04-28,SyC Inversiones,CPD y Pagarés,ARS,972.9966764735324,0.0,1404.4999053367,PyMES
2026-04-28,PP Inversiones (PPI),CPD y Pagarés,ARS,868.309499606296,0.0,1404.4999053367,PyMES
2026-04-29,SyC Inversiones,CPD y Pagarés,ARS,1760.4499846755548,0.0,1391.500077437,PyMES
2026-04-30,SyC Inversiones,CPD y Pagarés,ARS,1647.6931160693048,0.0,1390.9999244687,PyMES
2026-05-04,PP Inversiones (PPI),CPD y Pagarés,ARS,4963.636518749916,0.0,1402.4999561719,PyMES
2026-05-04,PP Inversiones (PPI),CPD y Pagarés,ARS,774.102198878737,0.0,1402.4999561719,PyMES
2026-05-12,PP Inversiones (PPI),CPD y Pagarés,ARS,2814.697280019864,0.0,1383.9999092096,PyMES
2026-05-19,Allaria,CPD y Pagarés,ARS,829.5823739355886,0.0,1397.9999653296,PyMES
2026-05-19,Allaria,CPD y Pagarés,ARS,727.3084586667205,0.0,1397.9999653296,PyMES
2026-05-26,Allaria,CPD y Pagarés,ARS,162.94722599999452,0.0,1411.4999417051,PyMES
2026-06-04,PP Inversiones (PPI),CPD y Pagarés,ARS,9357.008405639795,0.0,1436.5000882011,PyMES
2026-06-10,Alchemy Valores,CPD y Pagarés,ARS,785.3403375000144,0.0,1432.4999573831,PyMES
2026-06-29,Alchemy Valores,CPD y Pagarés,ARS,9562.381224997229,0.0,1481.4999179249,PyMES
2026-06-29,Alchemy Valores,CPD y Pagarés,ARS,4724.941200000015,0.0,1481.4999179249,PyMES
2026-06-29,Alchemy Valores,CPD y Pagarés,ARS,708.092405073746,0.0,1481.4999179249,PyMES
2025-03-19,Criteria,CPD y Pagarés,ARS,187090.74,0.0,1068.9999943343,GEST
2025-03-19,Criteria,CPD y Pagarés,ARS,99625.81905,0.0,1068.9999943343,GEST
2025-03-21,Criteria,CPD y Pagarés,ARS,160935.67000000286,0.0,1068.7500166992,GEST
2025-03-21,Criteria,CPD y Pagarés,ARS,2237283.0611828426,0.0,1068.7500166992,GEST
2025-04-10,Criteria,CPD y Pagarés,ARS,2153717.01914882,0.0,1076.7499852216,GEST
2025-04-10,Criteria,CPD y Pagarés,ARS,1309.082822703645,0.0,1076.7499852216,GEST
2025-04-23,Criteria,CPD y Pagarés,ARS,215517.4345172491,0.0,1159.9999536,GEST
2025-04-28,Criteria,CPD y Pagarés,ARS,205451.77190619247,0.0,1178.0000480624,GEST
2025-04-23,Criteria,CPD y Pagarés,ARS,215517.34831034913,0.0,1159.9999536,GEST
2025-04-28,Criteria,CPD y Pagarés,ARS,205451.68972453199,0.0,1178.0000480624,GEST
2025-04-23,Criteria,CPD y Pagarés,ARS,215517.6940000181,0.0,1159.9999536,GEST
2025-04-28,Criteria,CPD y Pagarés,ARS,203963.2608294025,0.0,1178.0000480624,GEST
2025-05-27,Option Securities,CPD y Pagarés,ARS,377533.82051431754,0.0,1154.9999543775,GEST
2025-06-04,Option Securities,CPD y Pagarés,ARS,369092.81187614735,0.0,1185.5000539995,GEST
2025-04-28,Criteria,CPD y Pagarés,ARS,174872.65840000028,0.0,1178.0000480624,GEST
2025-04-30,Criteria,CPD y Pagarés,ARS,152564.11065000042,0.0,1169.99993799,GEST
2025-05-16,Criteria,CPD y Pagarés,ARS,226795.08530000053,0.0,1142.0000555012,GEST
2025-05-22,Criteria,CPD y Pagarés,ARS,214883.30919999527,0.0,1135.5000111847,GEST
2025-05-28,Criteria,CPD y Pagarés,ARS,131896.5570000002,0.0,1159.9999536,GEST
2025-05-28,Criteria,CPD y Pagarés,ARS,98275.86600000015,0.0,1159.9999536,GEST
2025-05-28,Criteria,CPD y Pagarés,ARS,255603.45850000042,0.0,1159.9999536,GEST
2025-05-29,Criteria,CPD y Pagarés,ARS,114116.64750000021,0.0,1183.0000526435,GEST
2025-06-03,Criteria,CPD y Pagarés,ARS,119087.8386,0.0,1183.9999924224,GEST
2025-06-04,Criteria,CPD y Pagarés,ARS,147617.0325000034,0.0,1185.5000539995,GEST
2025-06-18,Criteria,CPD y Pagarés,ARS,233362.51055000056,0.0,1142.0000555012,GEST
2025-06-19,Criteria,CPD y Pagarés,ARS,182574.42195000043,0.0,1142.0000555012,GEST
2025-06-25,Criteria,CPD y Pagarés,ARS,121695.33899999496,0.0,1191.5000294301,GEST
2025-06-25,Criteria,CPD y Pagarés,ARS,255140.57279998943,0.0,1191.5000294301,GEST
2025-07-01,Criteria,CPD y Pagarés,ARS,196808.5093,0.0,1222.0000083096,GEST
2025-07-02,Criteria,CPD y Pagarés,ARS,146341.4580000002,0.0,1230.00004551,GEST
2025-07-08,Criteria,CPD y Pagarés,ARS,42652.154508366606,0.0,1255.0000771825,GEST
2025-07-25,Criteria,CPD y Pagarés,ARS,128125.0,0.0,1280.0,GEST
2025-08-25,Criteria,CPD y Pagarés,ARS,117474.30400000003,0.0,1361.9999825664,GEST
2025-08-28,Criteria,CPD y Pagarés,ARS,114039.74561070045,0.0,1333.0000833125,GEST
2025-08-25,Criteria,CPD y Pagarés,ARS,143171.80800000002,0.0,1361.9999825664,GEST
2025-08-29,Criteria,CPD y Pagarés,ARS,139488.07384906028,0.0,1341.999969134,GEST
2025-09-01,Criteria,CPD y Pagarés,ARS,93517.14075000005,0.0,1341.999969134,GEST
2025-09-08,Criteria,CPD y Pagarés,ARS,143364.08640000003,0.0,1409.0000157808,GEST
2025-09-10,Criteria,CPD y Pagarés,ARS,86406.74970000189,0.0,1423.4999051237,GEST
2025-09-11,Criteria,CPD y Pagarés,ARS,85195.5280000001,0.0,1432.000045824,GEST
2025-10-08,Criteria,CPD y Pagarés,ARS,76923.077,0.0,1429.99999857,GEST
2025-10-09,Criteria,CPD y Pagarés,ARS,85915.4988000004,0.0,1419.99990344,GEST
2025-10-09,Criteria,CPD y Pagarés,ARS,122535.21960000056,0.0,1419.99990344,GEST
2025-10-14,Criteria,CPD y Pagarés,ARS,88235.29200000006,0.0,1360.00003264,GEST
2025-10-14,Criteria,CPD y Pagarés,ARS,94852.93890000005,0.0,1360.00003264,GEST
2025-10-24,Criteria,CPD y Pagarés,ARS,142761.39690000005,0.0,1491.9999707568,GEST
2025-10-28,Criteria,CPD y Pagarés,ARS,107482.99180000002,0.0,1470.00001911,GEST
2025-11-13,Criteria,CPD y Pagarés,ARS,11993.913731324214,0.0,1405.9999077664,GEST
2025-11-17,Criteria,CPD y Pagarés,ARS,92285.50400000019,0.0,1387.0000644955,GEST
2025-11-25,Criteria,CPD y Pagarés,ARS,122970.64140000216,0.0,1447.4999721356,GEST
2025-11-27,Criteria,CPD y Pagarés,ARS,149294.80649999744,0.0,1453.4999916424,GEST
2025-11-28,Criteria,CPD y Pagarés,ARS,79228.38749999876,0.0,1451.4999437544,GEST
2025-12-02,Allaria,CPD y Pagarés,ARS,143642.60680000015,0.0,1455.00004947,GEST
2025-12-11,Allaria,CPD y Pagarés,ARS,129526.45680000025,0.0,1436.0000620352,GEST
2025-12-11,Allaria,CPD y Pagarés,ARS,155292.4724000003,0.0,1436.0000620352,GEST
2025-12-11,Criteria,CPD y Pagarés,ARS,133008.35080000025,0.0,1436.0000620352,GEST
2025-12-17,Allaria,CPD y Pagarés,ARS,468642.33200000064,0.0,1450.9999493601,GEST
2026-01-14,Criteria,CPD y Pagarés,ARS,137646.2400000006,0.0,1453.0000964792,GEST
2026-01-20,Criteria,CPD y Pagarés,ARS,135935.86499999528,0.0,1434.5000121933,GEST
2026-01-23,Criteria,CPD y Pagarés,ARS,138869.5033,0.0,1433.0000127537,GEST
2026-02-10,Criteria,CPD y Pagarés,ARS,141536.2824000006,0.0,1405.9999077664,GEST
2026-02-11,Criteria,CPD y Pagarés,ARS,99642.85515000005,0.0,1400.000028,GEST
2026-03-03,Criteria,CPD y Pagarés,ARS,110035.33866000008,0.0,1414.999961795,GEST
2026-03-10,Criteria,CPD y Pagarés,ARS,180499.99639000007,0.0,1400.000028,GEST
2026-03-12,Criteria,CPD y Pagarés,ARS,153531.73088999727,0.0,1394.5000082973,GEST
2026-03-16,Criteria,CPD y Pagarés,ARS,101862.4672800001,0.0,1395.9999575616,GEST
2026-03-30,Criteria,CPD y Pagarés,ARS,175393.42352000013,0.0,1397.9999653296,GEST
2026-04-13,Criteria,CPD y Pagarés,ARS,117208.2658800003,0.0,1354.0000682416,GEST
2026-04-17,Criteria,CPD y Pagarés,ARS,106998.90320000004,0.0,1364.4999680707,GEST
2026-04-27,Criteria,CPD y Pagarés,ARS,177840.50759999998,0.0,1417.0000041093,GEST
2026-05-21,Criteria,CPD y Pagarés,ARS,315437.1903899953,0.0,1389.5000759362,GEST
2026-05-29,Criteria,CPD y Pagarés,ARS,122372.16379000018,0.0,1407.9999459328,GEST
2026-06-10,Option Securities,CPD y Pagarés,ARS,116369.98601000213,0.0,1432.4999573831,GEST
2026-06-12,Option Securities,CPD y Pagarés,ARS,107563.02336000004,0.0,1428.0000245616,GEST
2026-06-23,Option Securities,CPD y Pagarés,ARS,96704.04901000195,0.0,1471.4999160509,GEST
2026-06-26,Option Securities,CPD y Pagarés,ARS,200270.82798000038,0.0,1476.9999354551,GEST
2026-07-13,Criteria,CPD y Pagarés,ARS,115317.13342000026,0.0,1482.0000717288,GEST
2026-07-14,Criteria,CPD y Pagarés,ARS,151749.92371000306,0.0,1471.4999160509,GEST
2026-07-16,Criteria,CPD y Pagarés,ARS,106233.06624000015,0.0,1475.9999456832,GEST
2026-07-28,Option Securities,CPD y Pagarés,ARS,158644.84975500064,0.0,1498.0000949732,GEST
2026-01-23,PP Inversiones (PPI),CPD y Pagarés,USDMEP,131848.0,0.0,1433.0000127537,PERF
2025-06-02,PP Inversiones (PPI),CPD y Pagarés,ARS,222975.8446999955,0.0,1179.4999604278,RFIJA
2025-07-18,PP Inversiones (PPI),CPD y Pagarés,ARS,87091.76000000007,0.0,1285.99996142,RFIJA
2025-10-23,PP Inversiones (PPI),CPD y Pagarés,ARS,158816.76292500016,0.0,1479.0000480675,RFIJA
2025-10-27,PP Inversiones (PPI),CPD y Pagarés,ARS,213574.90936800008,0.0,1435.0000236775,RFIJA
2025-11-03,PP Inversiones (PPI),CPD y Pagarés,ARS,89662.6137440002,0.0,1482.0000717288,RFIJA
2026-06-11,PP Inversiones (PPI),CPD y Pagarés,ARS,48167.54070000088,0.0,1432.4999573831,RFIJA
2026-06-18,PP Inversiones (PPI),CPD y Pagarés,ARS,124741.56190000016,0.0,1450.9999493601,RFIJA
2025-04-24,Option Securities,CPD y Pagarés,USDMEP,53078.9,0.0,1173.9999398912,RDOLAR
2025-04-30,Option Securities,CPD y Pagarés,USDMEP,53044.82,0.0,1169.99993799,RDOLAR
2025-05-16,Option Securities,CPD y Pagarés,USDMEP,45832.87,0.0,1142.0000555012,RDOLAR
2025-05-16,Option Securities,CPD y Pagarés,USDMEP,41617.36,0.0,1142.0000555012,RDOLAR
2025-05-16,Option Securities,CPD y Pagarés,USDMEP,29357.4,0.0,1142.0000555012,RDOLAR
2025-04-04,Criteria,CPD y Pagarés,USDMEP,85000.0,0.0,1073.4999662921,RDOLAR
2025-05-16,Option Securities,CPD y Pagarés,USDMEP,66274.69,0.0,1142.0000555012,RDOLAR
2025-05-16,Option Securities,CPD y Pagarés,USDMEP,58477.79,0.0,1142.0000555012,RDOLAR
2025-01-03,Alchemy Valores,CPD y Pagarés,ARS,8716.706999999578,0.0,1032.5000025813,PyMES
2025-01-08,Alchemy Valores,CPD y Pagarés,ARS,5794.301999999732,0.0,1035.5000481508,PyMES
2025-01-08,Alchemy Valores,CPD y Pagarés,ARS,4011.3745116843147,0.0,1035.5000481508,PyMES
2025-01-08,Alchemy Valores,CPD y Pagarés,ARS,515.7628538537962,0.0,1035.5000481508,PyMES
2025-01-08,Alchemy Valores,CPD y Pagarés,ARS,9869.643925416465,0.0,1035.5000481508,PyMES
2025-01-17,Alchemy Valores,CPD y Pagarés,ARS,11117.891218022409,0.0,1041.5000266624,PyMES
2025-01-17,Alchemy Valores,CPD y Pagarés,ARS,2036.9255743549454,0.0,1041.5000266624,PyMES
2025-01-17,Alchemy Valores,CPD y Pagarés,ARS,3828.395235646467,0.0,1041.5000266624,PyMES
2025-01-23,Alchemy Valores,CPD y Pagarés,ARS,4775.549000000007,0.0,1047.0000412518,PyMES
2025-01-27,Alchemy Valores,CPD y Pagarés,ARS,3682.706115500089,0.0,1049.4999814763,PyMES
2025-01-31,Alchemy Valores,CPD y Pagarés,ARS,1198.2880980000316,0.0,1051.5000542048,PyMES
2025-02-06,Alchemy Valores,CPD y Pagarés,ARS,5738.6008142556475,0.0,1054.0000037944,PyMES
2025-10-29,Alchemy Valores,CPD y Pagarés,ARS,1452.2229734756668,0.0,1436.0000620352,PyMES
2025-10-29,Alchemy Valores,CPD y Pagarés,ARS,1448.4679040000026,0.0,1436.0000620352,PyMES
2025-10-30,Petrini Valores,CPD y Pagarés,ARS,270.6773327102,0.0,1437.9999836068,PyMES
2025-10-30,Petrini Valores,CPD y Pagarés,ARS,87.59457679830001,0.0,1437.9999836068,PyMES
2025-11-26,Alchemy Valores,CPD y Pagarés,ARS,4815.961499999918,0.0,1453.4999916424,PyMES
2025-11-26,Alchemy Valores,CPD y Pagarés,ARS,1596.4912372499728,0.0,1453.4999916424,PyMES
2025-11-28,Alchemy Valores,CPD y Pagarés,ARS,1201.0263848105062,0.0,1451.4999437544,PyMES
2025-12-01,Alchemy Valores,CPD y Pagarés,ARS,16605.586995515816,0.0,1451.4999437544,PyMES
2025-12-01,Alchemy Valores,CPD y Pagarés,ARS,2204.6159999999654,0.0,1451.4999437544,PyMES
2025-12-02,PP Inversiones (PPI),CPD y Pagarés,ARS,3573.8830400000043,0.0,1455.00004947,PyMES
2025-12-05,PP Inversiones (PPI),CPD y Pagarés,ARS,4064.2807343330956,0.0,1435.0000236775,PyMES
2025-12-05,PP Inversiones (PPI),CPD y Pagarés,ARS,1590.4194859532006,0.0,1435.0000236775,PyMES
2025-12-05,PP Inversiones (PPI),CPD y Pagarés,ARS,1393.7282000000005,0.0,1435.0000236775,PyMES
2025-12-10,PP Inversiones (PPI),CPD y Pagarés,ARS,593.0149787597802,0.0,1437.4999460938,PyMES
2025-12-10,PP Inversiones (PPI),CPD y Pagarés,ARS,900.87446856537,0.0,1437.4999460938,PyMES
2026-01-07,Alchemy Valores,CPD y Pagarés,ARS,240.97944964500002,0.0,1460.0000146,PyMES
2026-01-08,Alchemy Valores,CPD y Pagarés,ARS,13661.202000000003,0.0,1464.0000199104,PyMES
2026-01-08,Alchemy Valores,CPD y Pagarés,ARS,6830.6010000000015,0.0,1464.0000199104,PyMES
2026-01-16,Alchemy Valores,CPD y Pagarés,ARS,6993.0070000000005,0.0,1429.99999857,PyMES
2026-01-19,PP Inversiones (PPI),CPD y Pagarés,ARS,6993.0070000000005,0.0,1429.99999857,PyMES
2026-01-19,PP Inversiones (PPI),CPD y Pagarés,ARS,2722.0643383864003,0.0,1429.99999857,PyMES
2026-01-19,PP Inversiones (PPI),CPD y Pagarés,ARS,2707.3174852248003,0.0,1429.99999857,PyMES
2026-01-19,PP Inversiones (PPI),CPD y Pagarés,ARS,2761.6195831812,0.0,1429.99999857,PyMES
2026-01-22,PP Inversiones (PPI),CPD y Pagarés,ARS,3203.2369563321045,0.0,1429.4999909227,PyMES
2026-01-22,PP Inversiones (PPI),CPD y Pagarés,ARS,335.78174399999415,0.0,1429.4999909227,PyMES
2026-01-22,PP Inversiones (PPI),CPD y Pagarés,ARS,349.7726499999939,0.0,1429.4999909227,PyMES
2026-01-22,Alchemy Valores,CPD y Pagarés,ARS,1234.7571327095216,0.0,1429.4999909227,PyMES
2026-01-22,Alchemy Valores,CPD y Pagarés,ARS,1060.5252883012986,0.0,1429.4999909227,PyMES
2026-01-23,PP Inversiones (PPI),CPD y Pagarés,USDMEP,100823.0,0.0,1433.0000127537,PyMES
2026-01-26,Puente Hnos,CPD y Pagarés,ARS,6360.248586335188,0.0,1437.4999460938,PyMES
2026-01-28,Puente Hnos,CPD y Pagarés,ARS,1730.702750000034,0.0,1444.4999292917,PyMES
2026-02-02,PP Inversiones (PPI),CPD y Pagarés,ARS,5106.133879100006,0.0,1450.9999493601,PyMES
2026-02-04,PP Inversiones (PPI),CPD y Pagarés,ARS,1450.6519312065946,0.0,1447.4999721356,PyMES
2026-02-05,PP Inversiones (PPI),CPD y Pagarés,ARS,647.6331708131007,0.0,1441.9999501068,PyMES
2026-03-25,PP Inversiones (PPI),CPD y Pagarés,ARS,7259.528000000003,0.0,1377.500024795,PyMES
2026-03-26,PP Inversiones (PPI),CPD y Pagarés,ARS,2997.0762200000127,0.0,1367.9999102592,PyMES
2026-04-01,Puente Hnos,CPD y Pagarés,ARS,15423.242150000005,0.0,1394.0000287164,PyMES
2026-04-06,Allaria,CPD y Pagarés,ARS,5982.262519142909,0.0,1392.9999800801,PyMES
2026-05-15,SyC Inversiones,CPD y Pagarés,ARS,1024.0027332402597,0.0,1394.5000082973,PyMES
2026-05-19,Allaria,CPD y Pagarés,ARS,1354.571485667765,0.0,1397.9999653296,PyMES
2026-05-20,SyC Inversiones,CPD y Pagarés,ARS,930.5654800000004,0.0,1397.0000262636,PyMES
2026-06-02,PP Inversiones (PPI),CPD y Pagarés,ARS,32936.22760000016,0.0,1427.0000976068,PyMES
2026-06-03,PP Inversiones (PPI),CPD y Pagarés,ARS,6117.483679999793,0.0,1438.4999552627,PyMES
2026-06-08,Alchemy Valores,CPD y Pagarés,ARS,1178.423225988945,0.0,1446.4999691172,PyMES
2026-06-22,PP Inversiones (PPI),CPD y Pagarés,ARS,34211.42499999949,0.0,1461.5000690559,PyMES
2026-06-29,Alchemy Valores,CPD y Pagarés,ARS,1696.0595067190372,0.0,1481.4999179249,PyMES
2026-06-29,Alchemy Valores,CPD y Pagarés,ARS,941.7482803200029,0.0,1481.4999179249,PyMES
2026-07-30,SyC Inversiones,CPD y Pagarés,ARS,13924.730960000004,0.0,1488.000023808,PyMES
2025-01-27,Invertir en Bolsa (IEB),CPD y Pagarés,ARS,212495.19060142656,0.0,1049.4999814763,RCAP
2026-03-05,INVIU,CPD y Pagarés,ARS,1197782.7554567433,0.0,1406.9999089671,RCAP
2025-11-10,PP Inversiones (PPI),CPD y Pagarés,ARS,132347.77000000252,0.0,1420.4999449556,LIQUIDEZ PLUS
2025-01-03,INVIU,CPD y Pagarés,ARS,426071.70488153136,0.0,1032.5000025813,BALANCEADO
2025-09-16,Cohen,CPD y Pagarés,ARS,8168.822400000001,0.0,1468.9999870728,INC
2026-01-13,INVIU,CPD y Pagarés,ARS,8160.6794790077465,0.0,1456.9999962118,INC
2025-11-25,Cohen,CPD y Pagarés,ARS,16925.734350000297,0.0,1447.4999721356,INC
2026-01-06,INVIU,CPD y Pagarés,ARS,16584.266369654917,0.0,1467.5000110063,INC
2026-03-25,INVIU,CPD y Pagarés,ARS,10961.887280000004,0.0,1377.500024795,INC
2026-07-23,INVIU,CPD y Pagarés,ARS,10066.155042998826,0.0,1488.9999385043,INC
2026-07-22,INVIU,CPD y Pagarés,ARS,11395.818720000027,0.0,1483.0000735568,INC
2025-02-24,Criteria,CPD y Pagarés,ARS,36845.660795056596,0.0,1060.2499772576,GEST
2025-02-24,Criteria,CPD y Pagarés,ARS,4354.22365387927,0.0,1060.2499772576,GEST
2025-02-24,Criteria,CPD y Pagarés,ARS,3205.269222254671,0.0,1060.2499772576,GEST
2025-02-24,Criteria,CPD y Pagarés,ARS,8881.699855686085,0.0,1060.2499772576,GEST
2025-01-08,Invertir en Bolsa (IEB),CPD y Pagarés,ARS,71919.44818640371,0.0,1035.5000481508,GEST
2025-01-08,Invertir en Bolsa (IEB),CPD y Pagarés,ARS,90380.5368306179,0.0,1035.5000481508,GEST
2025-01-08,Invertir en Bolsa (IEB),CPD y Pagarés,ARS,76155.00317052213,0.0,1035.5000481508,GEST
2025-01-10,Invertir en Bolsa (IEB),CPD y Pagarés,ARS,2426862.113104624,0.0,1036.9999508462,GEST
2025-01-29,Criteria,CPD y Pagarés,ARS,2345994.9964867425,0.0,1051.5000542048,GEST
2025-01-10,Invertir en Bolsa (IEB),CPD y Pagarés,ARS,1928640.4000000046,0.0,1036.9999508462,GEST
2025-01-15,Criteria,CPD y Pagarés,ARS,253602.70585514203,0.0,1040.9999929212,GEST
2025-01-31,Criteria,CPD y Pagarés,ARS,242371.4282665765,0.0,1051.5000542048,GEST
2025-01-15,Criteria,CPD y Pagarés,ARS,45148.8956,0.0,1040.9999929212,GEST
2025-02-24,Criteria,CPD y Pagarés,ARS,42711.34710809577,0.0,1060.2499772576,GEST
2025-01-21,Criteria,CPD y Pagarés,ARS,221107.91870000036,0.0,1047.0000412518,GEST
2025-01-31,Criteria,CPD y Pagarés,ARS,215226.8380634068,0.0,1051.5000542048,GEST
2025-01-31,Criteria,CPD y Pagarés,ARS,243937.21995000643,0.0,1051.5000542048,GEST
2025-02-03,Criteria,CPD y Pagarés,ARS,483985.9596453237,0.0,1053.7499959167,GEST
2025-02-03,Criteria,CPD y Pagarés,ARS,75155.87759609394,0.0,1053.7499959167,GEST
2025-02-03,Criteria,CPD y Pagarés,ARS,246738.22444365948,0.0,1053.7499959167,GEST
2025-02-28,Criteria,CPD y Pagarés,ARS,241697.8301068569,0.0,1062.9999687478,GEST
2025-02-11,Criteria,CPD y Pagarés,ARS,62514.797399999,0.0,1055.7500423092,GEST
2025-02-25,Criteria,CPD y Pagarés,ARS,59392.914494723,0.0,1060.5000427382,GEST
2025-02-26,Criteria,CPD y Pagarés,ARS,246937.54446015487,0.0,1060.9999648809,GEST
2025-03-21,Criteria,CPD y Pagarés,ARS,237970.22135774288,0.0,1068.7500166992,GEST
2025-02-26,Criteria,CPD y Pagarés,ARS,246937.92146299485,0.0,1060.9999648809,GEST
2025-03-21,Criteria,CPD y Pagarés,ARS,237765.74305450512,0.0,1068.7500166992,GEST
2025-03-13,Criteria,CPD y Pagarés,ARS,309496.02266822144,0.0,1066.2499477538,GEST
