Fecha,Fondo,Tipo,Moneda,PatrimonioNeto,PatrimonioNeto_USD
2025-01-02,Novus Multiestrategia,Multi,ARS,5079253476.38,4924142.725793092
2025-01-02,Novus Liquidez,Money Market,ARS,46432197306.76,45014246.22218764
2025-01-02,Novus Renta Fija,Renta Fija,ARS,2628053775.18,2547798.0061882436
2025-01-02,Novus Liquidez Plus,Renta Fija CP,ARS,6707656876.15,6502817.779700616
2025-01-02,Novus Estrategia,CER,ARS,1179462839.64,1143444.2854968202
2025-01-02,Novus Ahorro Dolares,USD MEP,USD,2000.0,2000.0
2025-01-02,Novus Renta Capital,Pagarés/Cheques,ARS,3000.0,2.9083857000000775
2025-01-02,Novus Balanceado,Renta Fija Mix,ARS,7131041639.06,6913273.176382407
2025-01-02,Novus Renta Balanceado,Renta Fija Mix,ARS,821017882.56,795945.5563606157
2025-01-02,Novus Gestión,Renta Fija CER,ARS,71264867910.26,69088574.24753153
2025-01-02,Novus Income,Renta Fija,ARS,2657902635.17,2576735.3387069837
2025-01-02,Novus Valor,Dólar Linked,ARS,500251521.85,484974.79085060547
2025-01-02,Novus Capital,House View USD,USD,15770328.35,15770328.35
2025-01-02,Novus Performance,House View ARS,ARS,47241091289.2,45798438.1193025
2025-01-02,Novus PyME FCI Abierto PyMES,PyME,ARS,1897841683.25,1839885.2041427922
2025-01-02,Novus Renta Mixta,Mixto,ARS,1491966395.19,1446404.576217087
2025-01-02,Novus Gestion II,Renta Fija CP,ARS,4429762687.74,4294486.151805641
2025-01-02,Novus Renta Dolar,USD MEP,USD,17369980.98,17369980.98
2025-01-03,Novus Liquidez,Money Market,ARS,53202065711.22,51527424.28882544
2025-01-03,Novus Gestión,Renta Fija CER,ARS,71395752957.99,69148428.84212801
2025-01-03,Novus Valor,Dólar Linked,ARS,505438067.86,489528.39379794715
2025-01-03,Novus Gestion II,Renta Fija CP,ARS,4492236018.07,4350833.904929
2025-01-03,Novus Capital,House View USD,USD,16114949.19,16114949.19
2025-01-03,Novus Renta Dolar,USD MEP,USD,17426189.98,17426189.98
2025-01-03,Novus Renta Balanceado,Renta Fija Mix,ARS,825348364.31,799368.8738465755
2025-01-03,Novus Renta Mixta,Mixto,ARS,1503890778.78,1456552.8087362715
2025-01-03,Novus Renta Fija,Renta Fija,ARS,2640015994.97,2556916.2114962055
2025-01-03,Novus Income,Renta Fija,ARS,2668755587.61,2584751.167978675
2025-01-03,Novus Liquidez Plus,Renta Fija CP,ARS,6779613351.09,6566211.461637423
2025-01-03,Novus Balanceado,Renta Fija Mix,ARS,3569422408.03,3457067.698892273
2025-01-03,Novus Ahorro Dolares,USD MEP,USD,2000.0,2000.0
2025-01-03,Novus PyME FCI Abierto PyMES,PyME,ARS,1900875638.59,1841041.7761140135
2025-01-03,Novus Renta Capital,Pagarés/Cheques,ARS,137973000.0,133630.02387899355
2025-01-03,Novus Estrategia,CER,ARS,1191710128.04,1154198.6683396292
2025-01-03,Novus Multiestrategia,Multi,ARS,5085951788.64,4925861.284188741
2025-01-03,Novus Performance,House View ARS,ARS,47002077205.16,45522592.82097098
2025-01-06,Novus Balanceado,Renta Fija Mix,ARS,3125618743.95,3019921.5702570914
2025-01-06,Novus Renta Dolar,USD MEP,USD,17550088.51,17550088.51
2025-01-06,Novus Ahorro Dolares,USD MEP,USD,2000.0,2000.0
2025-01-06,Novus Income,Renta Fija,ARS,2672199260.39,2581835.1013209494
2025-01-06,Novus Renta Capital,Pagarés/Cheques,ARS,138204090.35,133530.52554908834
2025-01-06,Novus Estrategia,CER,ARS,1202621539.92,1161953.2088774503
2025-01-06,Novus Liquidez Plus,Renta Fija CP,ARS,6827529138.08,6596646.681735037
2025-01-06,Novus Gestión,Renta Fija CER,ARS,71523217208.34,69104559.48593594
2025-01-06,Novus Renta Fija,Renta Fija,ARS,2646838516.55,2557331.9665389406
2025-01-06,Novus Renta Balanceado,Renta Fija Mix,ARS,829173570.91,801133.9057666797
2025-01-06,Novus PyME FCI Abierto PyMES,PyME,ARS,1905773108.19,1841326.7224542052
2025-01-06,Novus Renta Mixta,Mixto,ARS,1526374062.72,1474757.5868654365
2025-01-06,Novus Liquidez,Money Market,ARS,51313130981.63,49577905.61910284
2025-01-06,Novus Performance,House View ARS,ARS,46950494465.9,45362797.764843374
2025-01-06,Novus Valor,Dólar Linked,ARS,507596231.27,490431.1540748815
2025-01-06,Novus Gestion II,Renta Fija CP,ARS,4716844257.8,4557337.565640536
2025-01-06,Novus Multiestrategia,Multi,ARS,5089529184.44,4917419.629727307
2025-01-06,Novus Capital,House View USD,USD,16578810.46,16578810.46
2025-01-07,Novus Gestion II,Renta Fija CP,ARS,4701859521.47,4540665.671495235
2025-01-07,Novus Performance,House View ARS,ARS,47144989841.94,45528718.155186675
2025-01-07,Novus Ahorro Dolares,USD MEP,USD,2000.0,2000.0
2025-01-07,Novus Liquidez,Money Market,ARS,60176100160.83,58113082.91901358
2025-01-07,Novus PyME FCI Abierto PyMES,PyME,ARS,1907500380.53,1842105.544984205
2025-01-07,Novus Renta Capital,Pagarés/Cheques,ARS,139326938.28,134550.39285494055
2025-01-07,Novus Estrategia,CER,ARS,1212636894.54,1171064.063884431
2025-01-07,Novus Liquidez Plus,Renta Fija CP,ARS,6860324738.14,6625132.225142041
2025-01-07,Novus Renta Mixta,Mixto,ARS,1529800720.68,1477354.5625728595
2025-01-07,Novus Renta Dolar,USD MEP,USD,17567779.11,17567779.11
2025-01-07,Novus Renta Fija,Renta Fija,ARS,2646776430.26,2556036.993901279
2025-01-07,Novus Balanceado,Renta Fija Mix,ARS,113485681.64,109595.05201633082
2025-01-07,Novus Income,Renta Fija,ARS,2682094462.57,2590144.2181095933
2025-01-07,Novus Gestión,Renta Fija CER,ARS,71705789174.38,69247499.60411154
2025-01-07,Novus Multiestrategia,Multi,ARS,5131993269.68,4956053.144415332
2025-01-07,Novus Renta Balanceado,Renta Fija Mix,ARS,832177774.23,803648.2235960359
2025-01-07,Novus Capital,House View USD,USD,17376909.62,17376909.62
2025-01-07,Novus Valor,Dólar Linked,ARS,508317144.74,490890.50806685595
2025-01-08,Novus Gestión,Renta Fija CER,ARS,71891235210.47,69426587.99374625
2025-01-08,Novus Valor,Dólar Linked,ARS,509931323.83,492449.34825511335
2025-01-08,Novus Liquidez Plus,Renta Fija CP,ARS,7611656607.33,7350706.1838605665
2025-01-08,Novus Estrategia,CER,ARS,1228504148.26,1186387.3405451477
2025-01-08,Novus Renta Mixta,Mixto,ARS,1521264505.02,1469110.9939943315
2025-01-08,Novus PyME FCI Abierto PyMES,PyME,ARS,1909217820.14,1843764.1056120554
2025-01-08,Novus Renta Dolar,USD MEP,USD,18162357.41,18162357.41
2025-01-08,Novus Renta Capital,Pagarés/Cheques,ARS,139908024.53,135111.55772503177
2025-01-08,Novus Ahorro Dolares,USD MEP,USD,2000.0,2000.0
2025-01-08,Novus Multiestrategia,Multi,ARS,5143895255.91,4967547.094851408
2025-01-08,Novus Liquidez,Money Market,ARS,59792388410.01,57742525.95814697
2025-01-08,Novus Gestion II,Renta Fija CP,ARS,5208261700.74,5029706.864853298
2025-01-08,Novus Performance,House View ARS,ARS,47248486350.33,45628666.49277953
2025-01-08,Novus Capital,House View USD,USD,17822942.36,17822942.36
2025-01-08,Novus Renta Balanceado,Renta Fija Mix,ARS,830897459.33,802411.8017317526
2025-01-08,Novus Balanceado,Renta Fija Mix,ARS,113703511.24,109805.41376415401
2025-01-08,Novus Renta Fija,Renta Fija,ARS,2654508157.4,2563503.6542397374
2025-01-08,Novus Income,Renta Fija,ARS,2689126734.68,2596935.4028348457
2025-01-09,Novus Renta Fija,Renta Fija,ARS,2656708357.02,2561917.5341832037
2025-01-09,Novus Liquidez Plus,Renta Fija CP,ARS,7638851292.14,7366298.60580672
2025-01-09,Novus Liquidez,Money Market,ARS,61288809962.12,59102037.480433695
2025-01-09,Novus Renta Mixta,Mixto,ARS,1520362163.03,1466115.9451255256
2025-01-09,Novus Balanceado,Renta Fija Mix,ARS,110398713.48,106459.70946277655
2025-01-09,Novus Estrategia,CER,ARS,1228543954.67,1184709.752076168
2025-01-09,Novus Multiestrategia,Multi,ARS,5165666912.34,4981356.950041103
2025-01-09,Novus PyME FCI Abierto PyMES,PyME,ARS,1909611328.99,1841476.778693907
2025-01-09,Novus Renta Capital,Pagarés/Cheques,ARS,140374035.57,135365.51805566982
2025-01-09,Novus Gestion II,Renta Fija CP,ARS,5226322022.61,5039847.898107691
2025-01-09,Novus Ahorro Dolares,USD MEP,USD,2000.0,2000.0
2025-01-09,Novus Performance,House View ARS,ARS,47321392934.24,45632975.09862501
2025-01-09,Novus Renta Balanceado,Renta Fija Mix,ARS,823221569.25,793849.1883034757
2025-01-09,Novus Renta Dolar,USD MEP,USD,18220754.93,18220754.93
2025-01-09,Novus Capital,House View USD,USD,17955908.93,17955908.93
2025-01-09,Novus Income,Renta Fija,ARS,2684583400.72,2588798.0018989965
2025-01-09,Novus Gestión,Renta Fija CER,ARS,71902062071.82,69336610.87751004
2025-01-09,Novus Valor,Dólar Linked,ARS,508307807.74,490171.4868213995
2025-01-10,Novus Estrategia,CER,ARS,1061042374.98,1023184.595249191
2025-01-10,Novus PyME FCI Abierto PyMES,PyME,ARS,1912301004.87,1844070.4874764436
2025-01-10,Novus Capital,House View USD,USD,18120089.92,18120089.92
2025-01-10,Novus Renta Mixta,Mixto,ARS,1526944131.43,1472463.0702094075
2025-01-10,Novus Income,Renta Fija,ARS,2687848236.47,2591946.3489624034
2025-01-10,Novus Renta Balanceado,Renta Fija Mix,ARS,827852622.96,798315.0069433136
2025-01-10,Novus Ahorro Dolares,USD MEP,USD,2000.0,2000.0
2025-01-10,Novus Renta Fija,Renta Fija,ARS,2657851616.33,2563020.0022296747
2025-01-10,Novus Liquidez Plus,Renta Fija CP,ARS,7489181727.19,7221969.2210002225
2025-01-10,Novus Valor,Dólar Linked,ARS,509665972.95,491481.1929683397
2025-01-10,Novus Gestion II,Renta Fija CP,ARS,5278753691.11,5090408.815161945
2025-01-10,Novus Renta Dolar,USD MEP,USD,18211641.25,18211641.25
2025-01-10,Novus Renta Capital,Pagarés/Cheques,ARS,140584473.01,135568.44712989812
2025-01-10,Novus Multiestrategia,Multi,ARS,5159237943.15,4975157.365186008
2025-01-10,Novus Gestión,Renta Fija CER,ARS,72061561397.39,69490419.29904357
2025-01-10,Novus Liquidez,Money Market,ARS,66455420621.21,64084304.5045295
2025-01-10,Novus Performance,House View ARS,ARS,46782370339.11,45113184.72188473
2025-01-10,Novus Balanceado,Renta Fija Mix,ARS,110458619.29,106517.47784545692
2025-01-13,Novus Liquidez Plus,Renta Fija CP,ARS,7491631017.83,7206956.530783142
2025-01-13,Novus Income,Renta Fija,ARS,2690414347.72,2588181.292920867
2025-01-13,Novus Gestion II,Renta Fija CP,ARS,6974714621.26,6709682.440366428
2025-01-13,Novus Valor,Dólar Linked,ARS,509913193.27,490537.0018389104
2025-01-13,Novus Estrategia,CER,ARS,1237758833.61,1190725.235691598
2025-01-13,Novus Performance,House View ARS,ARS,46810188147.0,45031447.80760005
2025-01-13,Novus Gestión,Renta Fija CER,ARS,72197186561.06,69453765.66892304
2025-01-13,Novus Balanceado,Renta Fija Mix,ARS,110620515.49,106417.04652189053
2025-01-13,Novus Ahorro Dolares,USD MEP,USD,2000.0,2000.0
2025-01-13,Novus Renta Dolar,USD MEP,USD,18166738.09,18166738.09
2025-01-13,Novus Capital,House View USD,USD,18233473.1,18233473.1
2025-01-13,Novus PyME FCI Abierto PyMES,PyME,ARS,1915765142.77,1842967.983109797
2025-01-13,Novus Renta Capital,Pagarés/Cheques,ARS,1491810384.06,1435123.081276037
2025-01-13,Novus Renta Fija,Renta Fija,ARS,2662971876.67,2561781.6083282973
2025-01-13,Novus Renta Balanceado,Renta Fija Mix,ARS,828533487.61,797050.0436142705
2025-01-13,Novus Liquidez,Money Market,ARS,63687486255.6,61267425.465370595
2025-01-13,Novus Renta Mixta,Mixto,ARS,1496812767.33,1439935.37898416
2025-01-13,Novus Multiestrategia,Multi,ARS,5178035265.24,4981275.103195913
2025-01-14,Novus Multiestrategia,Multi,ARS,5189762443.78,4990156.395548563
2025-01-14,Novus Income,Renta Fija,ARS,2697111542.52,2593376.586927371
2025-01-14,Novus Renta Balanceado,Renta Fija Mix,ARS,829388942.08,797489.3992841914
2025-01-14,Novus Valor,Dólar Linked,ARS,534082405.94,513540.7954839395
2025-01-14,Novus Gestion II,Renta Fija CP,ARS,7025131218.39,6754934.134033904
2025-01-14,Novus Gestión,Renta Fija CER,ARS,72280816728.27,69500788.09567577
2025-01-14,Novus Performance,House View ARS,ARS,46772033914.9,44973111.33248215
2025-01-14,Novus Liquidez,Money Market,ARS,46616500882.93,44823560.33422126
2025-01-14,Novus Estrategia,CER,ARS,1245219068.3,1197326.0751045814
2025-01-14,Novus Renta Capital,Pagarés/Cheques,ARS,1498181507.14,1440559.1991031372
2025-01-14,Novus Balanceado,Renta Fija Mix,ARS,110674458.25,106417.7525740178
2025-01-14,Novus Liquidez Plus,Renta Fija CP,ARS,7473373670.78,7185936.509341306
2025-01-14,Novus Ahorro Dolares,USD MEP,USD,2000.0,2000.0
2025-01-14,Novus PyME FCI Abierto PyMES,PyME,ARS,1917855916.85,1844092.3015040767
2025-01-14,Novus Renta Dolar,USD MEP,USD,18187704.99,18187704.99
2025-01-14,Novus Renta Mixta,Mixto,ARS,1519320090.87,1460884.7611950058
2025-01-14,Novus Capital,House View USD,USD,18404503.2,18404503.2
2025-01-14,Novus Renta Fija,Renta Fija,ARS,2663956248.47,2561496.495219475
2025-01-15,Novus Capital,House View USD,USD,19502921.45,19502921.45
2025-01-15,Novus Renta Dolar,USD MEP,USD,18007283.82,18007283.82
2025-01-15,Novus Renta Capital,Pagarés/Cheques,ARS,1489079328.15,1430431.640994947
2025-01-15,Novus Gestion II,Renta Fija CP,ARS,7135789392.47,6854744.900089691
2025-01-15,Novus Ahorro Dolares,USD MEP,USD,2000.0,2000.0
2025-01-15,Novus Renta Mixta,Mixto,ARS,1511467614.72,1451938.16042073
2025-01-15,Novus Balanceado,Renta Fija Mix,ARS,110728559.03,106367.49258689166
2025-01-15,Novus Income,Renta Fija,ARS,2696966701.97,2590746.1290195715
2025-01-15,Novus Renta Balanceado,Renta Fija Mix,ARS,828917474.46,796270.3939448982
2025-01-15,Novus Estrategia,CER,ARS,1244224411.94,1195220.384630861
2025-01-15,Novus Liquidez,Money Market,ARS,56219342185.03,54005132.149204165
2025-01-15,Novus Gestión,Renta Fija CER,ARS,72330029591.89,69481296.9104075
2025-01-15,Novus Valor,Dólar Linked,ARS,536225625.06,515106.27157188696
2025-01-15,Novus PyME FCI Abierto PyMES,PyME,ARS,1919272692.7,1843681.7538434723
2025-01-15,Novus Multiestrategia,Multi,ARS,5181817070.29,4977730.168613215
2025-01-15,Novus Renta Fija,Renta Fija,ARS,2662341542.14,2557484.688034508
2025-01-15,Novus Performance,House View ARS,ARS,46711485331.02,44871744.13896071
2025-01-15,Novus Liquidez Plus,Renta Fija CP,ARS,7055327136.04,6777451.665721638
2025-01-16,Novus Balanceado,Renta Fija Mix,ARS,110782470.18,106368.18756021973
2025-01-16,Novus Capital,House View USD,USD,19539549.52,19539549.52
2025-01-16,Novus Renta Capital,Pagarés/Cheques,ARS,1489577395.73,1430223.0989887852
2025-01-16,Novus Valor,Dólar Linked,ARS,535115346.56,513792.926414832
2025-01-16,Novus Performance,House View ARS,ARS,46635594082.18,44777333.54614385
2025-01-16,Novus Multiestrategia,Multi,ARS,5195647480.97,4988619.633184281
2025-01-16,Novus PyME FCI Abierto PyMES,PyME,ARS,1921776376.58,1845200.5063682438
2025-01-16,Novus Ahorro Dolares,USD MEP,USD,2000.0,2000.0
2025-01-16,Novus Renta Fija,Renta Fija,ARS,2666552009.28,2560299.5112974276
2025-01-16,Novus Renta Mixta,Mixto,ARS,1486312059.7,1427087.874844371
2025-01-16,Novus Estrategia,CER,ARS,1245787778.91,1196147.6207564415
2025-01-16,Novus Gestión,Renta Fija CER,ARS,72284759555.63,69404472.1124726
2025-01-16,Novus Renta Balanceado,Renta Fija Mix,ARS,827717562.13,794735.9970623438
2025-01-16,Novus Liquidez Plus,Renta Fija CP,ARS,7435383082.66,7139109.834195102
2025-01-16,Novus Income,Renta Fija,ARS,2698170331.18,2590657.956895671
2025-01-16,Novus Liquidez,Money Market,ARS,67857985404.47,65154088.97484937
2025-01-16,Novus Renta Dolar,USD MEP,USD,18056561.45,18056561.45
2025-01-16,Novus Gestion II,Renta Fija CP,ARS,7445205570.5,7148540.931255634
2025-01-17,Novus Renta Fija,Renta Fija,ARS,2662115821.68,2556040.0898030116
2025-01-17,Novus Ahorro Dolares,USD MEP,USD,2000.0,2000.0
2025-01-17,Novus Liquidez Plus,Renta Fija CP,ARS,7586419593.05,7284128.083377498
2025-01-17,Novus PyME FCI Abierto PyMES,PyME,ARS,1922799243.63,1846182.615848623
2025-01-17,Novus Renta Dolar,USD MEP,USD,17947259.98,17947259.98
2025-01-17,Novus Income,Renta Fija,ARS,2701003348.4,2593378.0885783164
2025-01-17,Novus Gestión,Renta Fija CER,ARS,72315509677.17,69433996.95236966
2025-01-17,Novus Liquidez,Money Market,ARS,46214712602.01,44373222.6777853
2025-01-17,Novus Gestion II,Renta Fija CP,ARS,7455786937.01,7158700.66840313
2025-01-17,Novus Renta Mixta,Mixto,ARS,1453726776.8,1395800.9981609175
2025-01-17,Novus Multiestrategia,Multi,ARS,5212965269.93,5005247.370598265
2025-01-17,Novus Renta Balanceado,Renta Fija Mix,ARS,825507844.41,792614.3286385019
2025-01-17,Novus Renta Capital,Pagarés/Cheques,ARS,1498520513.85,1438809.8660469283
2025-01-17,Novus Valor,Dólar Linked,ARS,534476114.37,513179.1653263676
2025-01-17,Novus Balanceado,Renta Fija Mix,ARS,110836407.96,106419.97611386272
2025-01-17,Novus Performance,House View ARS,ARS,46522650342.34,44668890.20773901
2025-01-17,Novus Estrategia,CER,ARS,1294212378.77,1242642.6746405798
2025-01-17,Novus Capital,House View USD,USD,19979154.74,19979154.74
2025-01-20,Novus Renta Balanceado,Renta Fija Mix,ARS,825610530.19,792712.9227598378
2025-01-20,Novus Liquidez,Money Market,ARS,48345722589.92,46419319.589313045
2025-01-20,Novus Balanceado,Renta Fija Mix,ARS,3071884.13,2949.48060620237
2025-01-20,Novus Renta Fija,Renta Fija,ARS,2667239401.33,2560959.513248846
2025-01-20,Novus Renta Dolar,USD MEP,USD,18108749.15,18108749.15
2025-01-20,Novus PyME FCI Abierto PyMES,PyME,ARS,1926017625.83,1849272.7571041288
2025-01-20,Novus Liquidez Plus,Renta Fija CP,ARS,7581516409.5,7279420.274040504
2025-01-20,Novus Performance,House View ARS,ARS,46661060026.25,44801784.76402006
2025-01-20,Novus Income,Renta Fija,ARS,2701916813.99,2594255.1558530307
2025-01-20,Novus Estrategia,CER,ARS,1295413462.2,1243795.899219795
2025-01-20,Novus Capital,House View USD,USD,20041063.22,20041063.22
2025-01-20,Novus Valor,Dólar Linked,ARS,534520729.42,513222.0026272393
2025-01-20,Novus Gestion II,Renta Fija CP,ARS,7490164759.05,7191708.657994996
2025-01-20,Novus Multiestrategia,Multi,ARS,5213033195.91,5005312.589972495
2025-01-20,Novus Renta Mixta,Mixto,ARS,1460715765.03,1402511.5003703097
2025-01-20,Novus Ahorro Dolares,USD MEP,USD,2000.0,2000.0
2025-01-20,Novus Gestión,Renta Fija CER,ARS,72446068752.2,69559353.71827239
2025-01-20,Novus Renta Capital,Pagarés/Cheques,ARS,1495543486.88,1435951.4628843858
2025-01-21,Novus PyME FCI Abierto PyMES,PyME,ARS,1928128455.05,1841574.3830771174
2025-01-21,Novus Income,Renta Fija,ARS,2705623007.54,2584167.049606932
2025-01-21,Novus Gestión,Renta Fija CER,ARS,72488997189.24,69234951.6076157
2025-01-21,Novus Balanceado,Renta Fija Mix,ARS,3131661.58,2991.080665341489
2025-01-21,Novus Renta Capital,Pagarés/Cheques,ARS,1503299097.6,1435815.7004489186
2025-01-21,Novus Valor,Dólar Linked,ARS,536311831.18,512236.68581596436
2025-01-21,Novus Liquidez Plus,Renta Fija CP,ARS,7573178462.36,7233216.966548978
2025-01-21,Novus Capital,House View USD,USD,24978503.04,24978503.04
2025-01-21,Novus Multiestrategia,Multi,ARS,5232460225.25,4997574.03924649
2025-01-21,Novus Renta Balanceado,Renta Fija Mix,ARS,823788451.88,786808.4235174176
2025-01-21,Novus Renta Dolar,USD MEP,USD,17984875.19,17984875.19
2025-01-21,Novus Gestion II,Renta Fija CP,ARS,7575381028.3,7235320.658863419
2025-01-21,Novus Estrategia,CER,ARS,1296080924.22,1237899.5923155814
2025-01-21,Novus Renta Fija,Renta Fija,ARS,2673930020.93,2553896.767504452
2025-01-21,Novus Liquidez,Money Market,ARS,50624526605.57,48351981.481340714
2025-01-21,Novus Renta Mixta,Mixto,ARS,1468616975.88,1402690.4661093538
2025-01-21,Novus Ahorro Dolares,USD MEP,USD,2000.0,2000.0
2025-01-21,Novus Performance,House View ARS,ARS,46708664141.1,44611902.86607326
2025-01-22,Novus Renta Fija,Renta Fija,ARS,2673705944.75,2553682.7501489874
2025-01-22,Novus Renta Dolar,USD MEP,USD,17841946.07,17841946.07
2025-01-22,Novus Multiestrategia,Multi,ARS,5236563731.33,5001493.338117857
2025-01-22,Novus Renta Mixta,Mixto,ARS,1466183154.75,1400365.8996966437
2025-01-22,Novus PyME FCI Abierto PyMES,PyME,ARS,1929771005.24,1843143.1988605782
2025-01-22,Novus Liquidez Plus,Renta Fija CP,ARS,7329138399.09,7000131.910527181
2025-01-22,Novus Renta Balanceado,Renta Fija Mix,ARS,823339565.24,786379.6874884646
2025-01-22,Novus Capital,House View USD,USD,25113888.41,25113888.41
2025-01-22,Novus Income,Renta Fija,ARS,2710303050.36,2588637.0043687336
2025-01-22,Novus Renta Capital,Pagarés/Cheques,ARS,1499371360.05,1432064.2798230858
2025-01-22,Novus Estrategia,CER,ARS,1298530652.35,1240239.3516598798
2025-01-22,Novus Valor,Dólar Linked,ARS,537498205.65,513369.8036987312
2025-01-22,Novus Ahorro Dolares,USD MEP,USD,2000.0,2000.0
2025-01-22,Novus Balanceado,Renta Fija Mix,ARS,3132241.96,2991.6349919672125
2025-01-22,Novus Gestion II,Renta Fija CP,ARS,7586160118.86,7245615.873892362
2025-01-22,Novus Gestión,Renta Fija CER,ARS,72599127797.44,69340138.43078747
2025-01-22,Novus Liquidez,Money Market,ARS,55336359032.09,52852298.80786775
2025-01-22,Novus Performance,House View ARS,ARS,47126332864.74,45010822.35717532
2025-01-23,Novus Performance,House View ARS,ARS,47131906579.96,45016145.867204346
2025-01-23,Novus Capital,House View USD,USD,25121523.69,25121523.69
2025-01-23,Novus Renta Dolar,USD MEP,USD,17875902.73,17875902.73
2025-01-23,Novus Gestión,Renta Fija CER,ARS,72629911615.72,69369540.35730812
2025-01-23,Novus Estrategia,CER,ARS,1303282100.08,1244777.5059509906
2025-01-23,Novus Renta Balanceado,Renta Fija Mix,ARS,822019086.51,785118.48531275
2025-01-23,Novus Ahorro Dolares,USD MEP,USD,2000.0,2000.0
2025-01-23,Novus Renta Mixta,Mixto,ARS,1465179907.73,1399407.688636021
2025-01-23,Novus Valor,Dólar Linked,ARS,538568091.56,514391.66221625404
2025-01-23,Novus Income,Renta Fija,ARS,2711560628.13,2589838.1292211227
2025-01-23,Novus Renta Fija,Renta Fija,ARS,2676399027.61,2556254.939980786
2025-01-23,Novus Renta Capital,Pagarés/Cheques,ARS,1496280190.88,1429111.873855361
2025-01-23,Novus PyME FCI Abierto PyMES,PyME,ARS,1931191325.52,1844499.7606791449
2025-01-23,Novus Multiestrategia,Multi,ARS,5230465540.55,4995668.896341611
2025-01-23,Novus Balanceado,Renta Fija Mix,ARS,3132519.06,2991.899652892793
2025-01-23,Novus Gestion II,Renta Fija CP,ARS,7599391007.79,7258252.825572116
2025-01-23,Novus Liquidez Plus,Renta Fija CP,ARS,7336348046.56,7007017.915480324
2025-01-23,Novus Liquidez,Money Market,ARS,53638844228.87,51230985.78366727
2025-01-24,Novus Capital,House View USD,USD,25230667.29,25230667.29
2025-01-24,Novus Multiestrategia,Multi,ARS,5255414299.24,5024296.419060904
2025-01-24,Novus Valor,Dólar Linked,ARS,539376954.35,515656.7200908557
2025-01-24,Novus Liquidez Plus,Renta Fija CP,ARS,7369121611.13,7045049.0131251905
2025-01-24,Novus Renta Dolar,USD MEP,USD,17927902.25,17927902.25
2025-01-24,Novus Renta Fija,Renta Fija,ARS,2686481136.78,2568337.487179718
2025-01-24,Novus Renta Mixta,Mixto,ARS,1469897891.27,1405256.0447158332
2025-01-24,Novus Renta Capital,Pagarés/Cheques,ARS,1505040359.03,1438853.0486569048
2025-01-24,Novus Liquidez,Money Market,ARS,55858225416.71,53401742.651736915
2025-01-24,Novus Ahorro Dolares,USD MEP,USD,2000.0,2000.0
2025-01-24,Novus Estrategia,CER,ARS,1306299893.92,1248852.6128550936
2025-01-24,Novus Renta Balanceado,Renta Fija Mix,ARS,823085887.37,786888.9569925425
2025-01-24,Novus Balanceado,Renta Fija Mix,ARS,3140395.67,3002.2901755808493
2025-01-24,Novus Income,Renta Fija,ARS,2722410243.66,2602686.5361335455
2025-01-24,Novus PyME FCI Abierto PyMES,PyME,ARS,1933463482.35,1848435.3654403498
2025-01-24,Novus Gestión,Renta Fija CER,ARS,73146190076.9,69929432.7612693
2025-01-24,Novus Gestion II,Renta Fija CP,ARS,7687357752.24,7349290.051633982
2025-01-24,Novus Performance,House View ARS,ARS,47170377348.92,45095960.947208904
2025-01-27,Novus Renta Dolar,USD MEP,USD,17882138.49,17882138.49
2025-01-27,Novus Renta Capital,Pagarés/Cheques,ARS,1501868043.16,1431031.9863439803
2025-01-27,Novus Valor,Dólar Linked,ARS,539401211.17,513960.19122481596
2025-01-27,Novus Balanceado,Renta Fija Mix,ARS,3140185.67,2992.077870818821
2025-01-27,Novus Renta Mixta,Mixto,ARS,1471595708.11,1402187.4550583132
2025-01-27,Novus Estrategia,CER,ARS,1306252472.35,1244642.6826159004
2025-01-27,Novus Income,Renta Fija,ARS,2726664281.43,2598060.342597132
2025-01-27,Novus Renta Fija,Renta Fija,ARS,2686725747.03,2560005.521153668
2025-01-27,Novus Capital,House View USD,USD,25104866.64,25104866.64
2025-01-27,Novus Gestion II,Renta Fija CP,ARS,7709516817.07,7345895.143538025
2025-01-27,Novus Liquidez Plus,Renta Fija CP,ARS,6922303616.42,6595811.089660625
2025-01-27,Novus Ahorro Dolares,USD MEP,USD,2000.0,2000.0
2025-01-27,Novus Performance,House View ARS,ARS,47159534274.17,44935240.69226957
2025-01-27,Novus Gestión,Renta Fija CER,ARS,73129690878.33,69680507.06914799
2025-01-27,Novus Renta Balanceado,Renta Fija Mix,ARS,823204975.06,784378.2654498215
2025-01-27,Novus Liquidez,Money Market,ARS,68905047837.93,65655120.58514126
2025-01-27,Novus Multiestrategia,Multi,ARS,5262614374.77,5014401.588999782
2025-01-27,Novus PyME FCI Abierto PyMES,PyME,ARS,1937412586.36,1846033.940500599
2025-01-28,Novus Gestion II,Renta Fija CP,ARS,7682069386.24,7312774.642083698
2025-01-28,Novus PyME FCI Abierto PyMES,PyME,ARS,1939374047.56,1846143.8765334417
2025-01-28,Novus Multiestrategia,Multi,ARS,5276722457.79,5023058.2727822745
2025-01-28,Novus Income,Renta Fija,ARS,2725391337.96,2594375.50794413
2025-01-28,Novus Liquidez Plus,Renta Fija CP,ARS,6925545404.47,6592618.508122556
2025-01-28,Novus Ahorro Dolares,USD MEP,USD,2000.0,2000.0
2025-01-28,Novus Performance,House View ARS,ARS,47284955536.24,45011858.96821424
2025-01-28,Novus Renta Balanceado,Renta Fija Mix,ARS,827248444.9,787480.7094822169
2025-01-28,Novus Estrategia,CER,ARS,1307474781.94,1244621.461980119
2025-01-28,Novus Balanceado,Renta Fija Mix,ARS,3137959.03,2987.110122122067
2025-01-28,Novus Liquidez,Money Market,ARS,62969356558.08,59942274.75881173
2025-01-28,Novus Renta Dolar,USD MEP,USD,18017825.9,18017825.9
2025-01-28,Novus Gestión,Renta Fija CER,ARS,73254898146.88,69733366.70669225
2025-01-28,Novus Renta Fija,Renta Fija,ARS,2691905547.17,2562499.456134725
2025-01-28,Novus Capital,House View USD,USD,25246222.29,25246222.29
2025-01-28,Novus Renta Mixta,Mixto,ARS,1476407500.45,1405433.1961660874
2025-01-28,Novus Renta Capital,Pagarés/Cheques,ARS,1501521828.98,1429340.2211606943
2025-01-28,Novus Valor,Dólar Linked,ARS,541637244.81,515599.49668630917
2025-01-29,Novus Renta Fija,Renta Fija,ARS,2685709804.8,2554169.9156935145
2025-01-29,Novus Liquidez Plus,Renta Fija CP,ARS,6893210002.8,6555596.431246035
2025-01-29,Novus Ahorro Dolares,USD MEP,USD,2000.0,2000.0
2025-01-29,Novus Liquidez,Money Market,ARS,67766142373.95,64447112.58260308
2025-01-29,Novus Estrategia,CER,ARS,1307863875.22,1243807.7106986702
2025-01-29,Novus Renta Mixta,Mixto,ARS,1475122107.89,1402874.019826433
2025-01-29,Novus Performance,House View ARS,ARS,47158715336.06,44848989.92394623
2025-01-29,Novus Renta Dolar,USD MEP,USD,18062777.12,18062777.12
2025-01-29,Novus Renta Capital,Pagarés/Cheques,ARS,1514330274.11,1440161.8602437605
2025-01-29,Novus Renta Balanceado,Renta Fija Mix,ARS,827596766.13,787062.9799975355
2025-01-29,Novus Capital,House View USD,USD,25322322.79,25322322.79
2025-01-29,Novus Multiestrategia,Multi,ARS,5285663888.24,5026784.22802108
2025-01-29,Novus Gestión,Renta Fija CER,ARS,72277237439.44,68737264.58730415
2025-01-29,Novus Valor,Dólar Linked,ARS,540269409.33,513808.25628067163
2025-01-29,Novus Income,Renta Fija,ARS,2729790593.93,2596091.729157743
2025-01-29,Novus Balanceado,Renta Fija Mix,ARS,3141079.58,2987.2367266547126
2025-01-29,Novus Gestion II,Renta Fija CP,ARS,8436671014.12,8023462.272191946
2025-01-29,Novus PyME FCI Abierto PyMES,PyME,ARS,1940634809.2,1845586.979705494
2025-01-30,Novus Performance,House View ARS,ARS,46974917121.33,44695449.87303405
2025-01-30,Novus Capital,House View USD,USD,25444272.83,25444272.83
2025-01-30,Novus Gestion II,Renta Fija CP,ARS,8623914423.74,8205437.251545134
2025-01-30,Novus Renta Mixta,Mixto,ARS,1478455198.38,1406712.8641875712
2025-01-30,Novus PyME FCI Abierto PyMES,PyME,ARS,1942118789.54,1847877.086853814
2025-01-30,Novus Income,Renta Fija,ARS,2734050142.69,2601379.81270594
2025-01-30,Novus Renta Fija,Renta Fija,ARS,2690274920.37,2559728.791804062
2025-01-30,Novus Valor,Dólar Linked,ARS,540181430.55,513969.01859627524
2025-01-30,Novus Balanceado,Renta Fija Mix,ARS,3141997.58,2989.531519030985
2025-01-30,Novus Renta Balanceado,Renta Fija Mix,ARS,828743189.47,788528.2604523306
2025-01-30,Novus Renta Capital,Pagarés/Cheques,ARS,1512653524.88,1439251.7100544935
2025-01-30,Novus Liquidez,Money Market,ARS,58917426643.23,56058446.731881954
2025-01-30,Novus Estrategia,CER,ARS,1304658634.7,1241349.813519456
2025-01-30,Novus Liquidez Plus,Renta Fija CP,ARS,7364794273.48,7007416.15840053
2025-01-30,Novus Ahorro Dolares,USD MEP,USD,2000.0,2000.0
2025-01-30,Novus Gestión,Renta Fija CER,ARS,71281574801.94,67822622.12836093
2025-01-30,Novus Multiestrategia,Multi,ARS,5279112719.93,5022942.719372855
2025-01-30,Novus Renta Dolar,USD MEP,USD,17597791.66,17597791.66
2025-01-31,Novus Estrategia,CER,ARS,1308787565.99,1244686.1612192444
2025-01-31,Novus Renta Fija,Renta Fija,ARS,2694022240.46,2562075.2273734896
2025-01-31,Novus Ahorro Dolares,USD MEP,USD,2000.0,2000.0
2025-01-31,Novus Gestión,Renta Fija CER,ARS,70680170197.35,67218418.02547702
2025-01-31,Novus Valor,Dólar Linked,ARS,540143103.36,513688.13648657844
2025-01-31,Novus Liquidez Plus,Renta Fija CP,ARS,7469866115.09,7104009.253465144
2025-01-31,Novus Renta Mixta,Mixto,ARS,1479767532.56,1407291.922280573
2025-01-31,Novus Renta Balanceado,Renta Fija Mix,ARS,831002139.33,790301.5658505579
2025-01-31,Novus Liquidez,Money Market,ARS,70973597395.25,67497473.83410645
2025-01-31,Novus Capital,House View USD,USD,25712331.77,25712331.77
2025-01-31,Novus Performance,House View ARS,ARS,47683994721.36,45348542.33309684
2025-01-31,Novus Gestion II,Renta Fija CP,ARS,8879573283.89,8444672.207463842
2025-01-31,Novus Renta Capital,Pagarés/Cheques,ARS,1520802217.86,1446316.8230743562
2025-01-31,Novus Balanceado,Renta Fija Mix,ARS,3148979.81,2994.750021559842
2025-01-31,Novus Income,Renta Fija,ARS,2742464981.49,2608145.3543661456
2025-01-31,Novus Multiestrategia,Multi,ARS,5251580084.39,4994369.770490903
2025-01-31,Novus Renta Dolar,USD MEP,USD,17585189.17,17585189.17
2025-01-31,Novus PyME FCI Abierto PyMES,PyME,ARS,1944848179.53,1849593.9888474823
2025-02-03,Novus Income,Renta Fija,ARS,2744215538.49,2604237.7690380863
2025-02-03,Novus Valor,Dólar Linked,ARS,539106436.48,511607.5336361063
2025-02-03,Novus Renta Mixta,Mixto,ARS,1479387560.73,1403926.5162160408
2025-02-03,Novus Liquidez Plus,Renta Fija CP,ARS,7461738050.08,7081127.47710023
2025-02-03,Novus Renta Capital,Pagarés/Cheques,ARS,1515320769.97,1438026.8335391649
2025-02-03,Novus Renta Balanceado,Renta Fija Mix,ARS,829106445.38,786815.1350821373
2025-02-03,Novus Renta Fija,Renta Fija,ARS,2696123934.55,2558599.236059339
2025-02-03,Novus Liquidez,Money Market,ARS,56872583525.99,53971609.7237222
2025-02-03,Novus PyME FCI Abierto PyMES,PyME,ARS,1948406418.96,1849021.5198197954
2025-02-03,Novus Renta Dolar,USD MEP,USD,17509547.46,17509547.46
2025-02-03,Novus Gestión,Renta Fija CER,ARS,69788543610.89,66228748.64182381
2025-02-03,Novus Ahorro Dolares,USD MEP,USD,2000.0,2000.0
2025-02-03,Novus Balanceado,Renta Fija Mix,ARS,3130216.21,2970.5492024955097
2025-02-03,Novus Performance,House View ARS,ARS,47871191674.31,45429363.5680301
2025-02-03,Novus Capital,House View USD,USD,25780533.46,25780533.46
2025-02-03,Novus Gestion II,Renta Fija CP,ARS,8645345576.3,8204361.195540561
2025-02-03,Novus Multiestrategia,Multi,ARS,5248649113.8,4980924.445208644
2025-02-03,Novus Estrategia,CER,ARS,1310609108.12,1243757.1655503046
2025-02-04,Novus Estrategia,CER,ARS,1308746987.01,1241990.02807252
2025-02-04,Novus Liquidez,Money Market,ARS,63540897491.92,60299784.330383964
2025-02-04,Novus Renta Mixta,Mixto,ARS,1480485423.05,1404968.3784454635
2025-02-04,Novus Renta Capital,Pagarés/Cheques,ARS,1518215273.49,1440773.6933552655
2025-02-04,Novus Gestion II,Renta Fija CP,ARS,8586189398.69,8148222.473984945
2025-02-04,Novus Multiestrategia,Multi,ARS,5254772262.56,4986735.262559749
2025-02-04,Novus Ahorro Dolares,USD MEP,USD,2000.0,2000.0
2025-02-04,Novus Capital,House View USD,USD,25786887.93,25786887.93
2025-02-04,Novus Gestión,Renta Fija CER,ARS,68573811881.04,65075978.312469505
2025-02-04,Novus PyME FCI Abierto PyMES,PyME,ARS,1950044357.63,1850575.9100227347
2025-02-04,Novus Liquidez Plus,Renta Fija CP,ARS,7455194139.88,7074917.360634885
2025-02-04,Novus Balanceado,Renta Fija Mix,ARS,3148372.96,2987.779807544485
2025-02-04,Novus Performance,House View ARS,ARS,47093287107.4,44691138.5906404
2025-02-04,Novus Renta Balanceado,Renta Fija Mix,ARS,829688830.39,787367.8136228317
2025-02-04,Novus Valor,Dólar Linked,ARS,539714898.8,512184.959327549
2025-02-04,Novus Income,Renta Fija,ARS,2745979925.39,2605912.1575617753
2025-02-04,Novus Renta Fija,Renta Fija,ARS,2698212575.57,2560581.339051598
2025-02-04,Novus Renta Dolar,USD MEP,USD,17391859.17,17391859.17
2025-02-05,Novus Renta Mixta,Mixto,ARS,1479527550.43,1403726.3236277995
2025-02-05,Novus Renta Capital,Pagarés/Cheques,ARS,1522957130.35,1444930.858507926
2025-02-05,Novus Renta Fija,Renta Fija,ARS,2699528021.22,2561222.022297627
2025-02-05,Novus Gestión,Renta Fija CER,ARS,68485265366.72,64976532.37208068
2025-02-05,Novus Multiestrategia,Multi,ARS,5258051867.15,4988663.992619556
2025-02-05,Novus Estrategia,CER,ARS,1305330110.03,1238453.610370789
2025-02-05,Novus PyME FCI Abierto PyMES,PyME,ARS,1948190658.99,1848378.2276817015
2025-02-05,Novus Income,Renta Fija,ARS,2748315607.77,2607510.0549108763
2025-02-05,Novus Balanceado,Renta Fija Mix,ARS,3152156.38,2990.6606913209075
2025-02-05,Novus Ahorro Dolares,USD MEP,USD,2000.0,2000.0
2025-02-05,Novus Capital,House View USD,USD,25594475.81,25594475.81
2025-02-05,Novus Renta Dolar,USD MEP,USD,17313949.74,17313949.74
2025-02-05,Novus Gestion II,Renta Fija CP,ARS,9118809240.23,8651621.638901599
2025-02-05,Novus Valor,Dólar Linked,ARS,538716351.74,511116.08140476386
2025-02-05,Novus Liquidez,Money Market,ARS,59840216960.72,56774399.18908465
2025-02-05,Novus Renta Balanceado,Renta Fija Mix,ARS,829708447.05,787199.6622989085
2025-02-05,Novus Performance,House View ARS,ARS,47181193373.64,44763940.42105095
2025-02-05,Novus Liquidez Plus,Renta Fija CP,ARS,7346369395.54,6969989.91375054
2025-02-06,Novus Balanceado,Renta Fija Mix,ARS,3156026.05,2994.33210496993
2025-02-06,Novus Gestion II,Renta Fija CP,ARS,9109567619.52,8642853.497842085
2025-02-06,Novus Renta Fija,Renta Fija,ARS,2702445513.5,2563990.041528649
2025-02-06,Novus Liquidez Plus,Renta Fija CP,ARS,7260291405.87,6888321.992156499
2025-02-06,Novus Estrategia,CER,ARS,1303802098.82,1237003.8843703154
2025-02-06,Novus Performance,House View ARS,ARS,47301216218.74,44877814.0877188
2025-02-06,Novus Renta Mixta,Mixto,ARS,1480403332.74,1404557.2366323983
2025-02-06,Novus Renta Capital,Pagarés/Cheques,ARS,1515460548.83,1437818.352347573
2025-02-06,Novus Gestión,Renta Fija CER,ARS,67507385483.64,64048752.60020247
2025-02-06,Novus Multiestrategia,Multi,ARS,5249036067.11,4980110.102669326
2025-02-06,Novus Ahorro Dolares,USD MEP,USD,2000.0,2000.0
2025-02-06,Novus Renta Balanceado,Renta Fija Mix,ARS,829896318.1,787377.9080762555
2025-02-06,Novus PyME FCI Abierto PyMES,PyME,ARS,1951048613.83,1851089.7597782018
2025-02-06,Novus Income,Renta Fija,ARS,2748945186.67,2608107.3783432613
2025-02-06,Novus Capital,House View USD,USD,25685934.79,25685934.79
2025-02-06,Novus Liquidez,Money Market,ARS,57957769596.24,54988396.00340799
2025-02-06,Novus Renta Dolar,USD MEP,USD,17351156.29,17351156.29
2025-02-06,Novus Valor,Dólar Linked,ARS,537785609.52,510233.024273218
2025-02-07,Novus Renta Balanceado,Renta Fija Mix,ARS,832123219.79,789865.4231070636
2025-02-07,Novus Renta Capital,Pagarés/Cheques,ARS,1523289784.36,1445932.4069118332
2025-02-07,Novus Performance,House View ARS,ARS,47435835308.35,45026896.54030146
2025-02-07,Novus Renta Mixta,Mixto,ARS,1482446814.6,1407163.5697694533
2025-02-07,Novus Balanceado,Renta Fija Mix,ARS,3162187.31,3001.6016356174678
2025-02-07,Novus PyME FCI Abierto PyMES,PyME,ARS,1953703761.59,1854488.6280947546
2025-02-07,Novus Gestión,Renta Fija CER,ARS,66719342042.73,63331127.023838334
2025-02-07,Novus Valor,Dólar Linked,ARS,540616239.77,513162.0712041239
2025-02-07,Novus Income,Renta Fija,ARS,2754230126.69,2614361.7827432267
2025-02-07,Novus Liquidez Plus,Renta Fija CP,ARS,7285355712.76,6915382.765063173
2025-02-07,Novus Ahorro Dolares,USD MEP,USD,2000.0,2000.0
2025-02-07,Novus Multiestrategia,Multi,ARS,5261385638.73,4994196.1656996915
2025-02-07,Novus Capital,House View USD,USD,25724259.67,25724259.67
2025-02-07,Novus Estrategia,CER,ARS,1308588707.62,1242134.516422033
2025-02-07,Novus Renta Fija,Renta Fija,ARS,2703678798.51,2566377.607717326
2025-02-07,Novus Renta Dolar,USD MEP,USD,17359591.46,17359591.46
2025-02-07,Novus Liquidez,Money Market,ARS,54229242995.81,51475313.925828256
2025-02-07,Novus Gestion II,Renta Fija CP,ARS,9138899508.03,8674797.860423556
2025-02-10,Novus Renta Dolar,USD MEP,USD,17296903.57,17296903.57
2025-02-10,Novus Valor,Dólar Linked,ARS,540808303.34,512371.6833762794
2025-02-10,Novus Income,Renta Fija,ARS,2756981697.73,2612014.913194533
2025-02-10,Novus Renta Capital,Pagarés/Cheques,ARS,1523013363.36,1442930.731591848
2025-02-10,Novus Balanceado,Renta Fija Mix,ARS,3168797.87,3002.177091039093
2025-02-10,Novus Capital,House View USD,USD,25816656.62,25816656.62
2025-02-10,Novus Estrategia,CER,ARS,1310293774.4,1241396.3002426613
2025-02-10,Novus Liquidez,Money Market,ARS,53245826806.32,50446070.714939326
2025-02-10,Novus Renta Balanceado,Renta Fija Mix,ARS,828553168.6,784986.4344546442
2025-02-10,Novus Ahorro Dolares,USD MEP,USD,2000.0,2000.0
2025-02-10,Novus Renta Fija,Renta Fija,ARS,2701848624.39,2559780.8305769735
2025-02-10,Novus PyME FCI Abierto PyMES,PyME,ARS,1957843730.25,1854896.978579158
2025-02-10,Novus Liquidez Plus,Renta Fija CP,ARS,7572022312.2,7173872.506586765
2025-02-10,Novus Gestión,Renta Fija CER,ARS,65741206210.39,62284421.82779863
2025-02-10,Novus Performance,House View ARS,ARS,46766248300.05,44307199.461812325
2025-02-10,Novus Multiestrategia,Multi,ARS,5271556458.45,4994369.058218839
2025-02-10,Novus Gestion II,Renta Fija CP,ARS,9097553807.38,8619188.962346692
2025-02-10,Novus Renta Mixta,Mixto,ARS,1473515652.44,1396035.6944581291
2025-02-11,Novus Ahorro Dolares,USD MEP,USD,2000.0,2000.0
2025-02-11,Novus Capital,House View USD,USD,25339949.27,25339949.27
2025-02-11,Novus Balanceado,Renta Fija Mix,ARS,3168751.44,3001.4220345841677
2025-02-11,Novus Renta Mixta,Mixto,ARS,1467232083.79,1389753.2796501545
2025-02-11,Novus Liquidez,Money Market,ARS,51835966654.59,49098711.41583026
2025-02-11,Novus Multiestrategia,Multi,ARS,5261753952.17,4983901.246796235
2025-02-11,Novus Renta Capital,Pagarés/Cheques,ARS,1516254950.63,1436187.4400815142
2025-02-11,Novus PyME FCI Abierto PyMES,PyME,ARS,1958361448.65,1854948.0181564135
2025-02-11,Novus Estrategia,CER,ARS,1307137545.8,1238112.7098427108
2025-02-11,Novus Renta Dolar,USD MEP,USD,17229030.72,17229030.72
2025-02-11,Novus Gestion II,Renta Fija CP,ARS,9162691344.72,8678845.34930144
2025-02-11,Novus Liquidez Plus,Renta Fija CP,ARS,7414501758.84,7022970.8375124065
2025-02-11,Novus Renta Balanceado,Renta Fija Mix,ARS,827498119.54,783801.1710897462
2025-02-11,Novus Performance,House View ARS,ARS,46561782490.26,44103036.347900376
2025-02-11,Novus Gestión,Renta Fija CER,ARS,64860567244.28,61435533.64432084
2025-02-11,Novus Valor,Dólar Linked,ARS,539101894.39,510634.025844644
2025-02-11,Novus Income,Renta Fija,ARS,2758622740.3,2612950.6320134024
2025-02-11,Novus Renta Fija,Renta Fija,ARS,2698187596.06,2555706.8320436548
2025-02-12,Novus Liquidez Plus,Renta Fija CP,ARS,7203898890.83,6820259.577738194
2025-02-12,Novus Estrategia,CER,ARS,1305177019.24,1235670.6001865873
2025-02-12,Novus PyME FCI Abierto PyMES,PyME,ARS,1958910904.34,1854590.2794759187
2025-02-12,Novus Gestión,Renta Fija CER,ARS,63792145308.85,60394932.88571447
2025-02-12,Novus Multiestrategia,Multi,ARS,5248763181.61,4969243.447631276
2025-02-12,Novus Income,Renta Fija,ARS,2756922617.02,2610104.357204174
2025-02-12,Novus Liquidez,Money Market,ARS,57171051067.33,54126441.04537007
2025-02-12,Novus Valor,Dólar Linked,ARS,537376059.7,508758.4200663132
2025-02-12,Novus Renta Dolar,USD MEP,USD,17286902.53,17286902.53
2025-02-12,Novus Ahorro Dolares,USD MEP,USD,2000.0,2000.0
2025-02-12,Novus Renta Mixta,Mixto,ARS,1467226120.21,1389089.873513891
2025-02-12,Novus Performance,House View ARS,ARS,46402395176.56,43931263.46286947
2025-02-12,Novus Balanceado,Renta Fija Mix,ARS,3168687.26,2999.9407211810603
2025-02-12,Novus Renta Balanceado,Renta Fija Mix,ARS,829501103.14,785326.5195929424
2025-02-12,Novus Capital,House View USD,USD,25409875.28,25409875.28
2025-02-12,Novus Renta Capital,Pagarés/Cheques,ARS,1518041972.12,1437199.5577199347
2025-02-12,Novus Renta Fija,Renta Fija,ARS,2697306432.31,2553662.9966411944
2025-02-12,Novus Gestion II,Renta Fija CP,ARS,9324491895.76,8827921.674546452
2025-02-13,Novus Renta Mixta,Mixto,ARS,1473194307.94,1394080.2379372832
2025-02-13,Novus Balanceado,Renta Fija Mix,ARS,3171632.09,3001.3078348499844
2025-02-13,Novus Valor,Dólar Linked,ARS,537684915.47,508809.945065464
2025-02-13,Novus Renta Dolar,USD MEP,USD,17344098.66,17344098.66
2025-02-13,Novus Income,Renta Fija,ARS,2760685186.03,2612429.7658957434
2025-02-13,Novus Renta Fija,Renta Fija,ARS,2701272799.47,2556207.9670837424
2025-02-13,Novus Gestion II,Renta Fija CP,ARS,9318538614.47,8818110.726380287
2025-02-13,Novus Gestión,Renta Fija CER,ARS,59016713096.45,55847373.96305921
2025-02-13,Novus Multiestrategia,Multi,ARS,5277415298.76,4994005.431419872
2025-02-13,Novus Liquidez Plus,Renta Fija CP,ARS,7225590033.41,6837558.507199804
2025-02-13,Novus Performance,House View ARS,ARS,46500209193.3,44003036.35911774
2025-02-13,Novus Estrategia,CER,ARS,1308497987.48,1238228.5051571543
2025-02-13,Novus Renta Balanceado,Renta Fija Mix,ARS,831855856.83,787183.2008641728
2025-02-13,Novus Liquidez,Money Market,ARS,62205480185.82,58864896.60668903
2025-02-13,Novus Capital,House View USD,USD,25326687.23,25326687.23
2025-02-13,Novus Ahorro Dolares,USD MEP,USD,2000.0,2000.0
2025-02-13,Novus Renta Capital,Pagarés/Cheques,ARS,1524942029.72,1443048.982863165
2025-02-13,Novus PyME FCI Abierto PyMES,PyME,ARS,1960398413.42,1855120.3136631541
2025-02-14,Novus Balanceado,Renta Fija Mix,ARS,3179939.19,3011.3060607725433
2025-02-14,Novus Gestion II,Renta Fija CP,ARS,9368516127.18,8871700.906400807
2025-02-14,Novus Valor,Dólar Linked,ARS,540266403.3,511615.91385308
2025-02-14,Novus Renta Mixta,Mixto,ARS,1478142196.49,1399755.8723674763
2025-02-14,Novus Renta Dolar,USD MEP,USD,17401905.48,17401905.48
2025-02-14,Novus Income,Renta Fija,ARS,2774946852.74,2627790.588655142
2025-02-14,Novus Capital,House View USD,USD,25394795.33,25394795.33
2025-02-14,Novus Renta Capital,Pagarés/Cheques,ARS,1532164828.63,1450913.6681183027
2025-02-14,Novus Gestión,Renta Fija CER,ARS,58705872979.62,55592682.923748866
2025-02-14,Novus Liquidez,Money Market,ARS,89999524096.89,85226822.3341747
2025-02-14,Novus Renta Balanceado,Renta Fija Mix,ARS,835796349.41,791473.8182618829
2025-02-14,Novus Multiestrategia,Multi,ARS,5302175846.66,5020999.870858867
2025-02-14,Novus Estrategia,CER,ARS,1310201326.29,1240720.9568964434
2025-02-14,Novus Ahorro Dolares,USD MEP,USD,2000.0,2000.0
2025-02-14,Novus Performance,House View ARS,ARS,46720689600.13,44243077.41442823
2025-02-14,Novus Liquidez Plus,Renta Fija CP,ARS,7269395014.06,6883896.815645895
2025-02-14,Novus PyME FCI Abierto PyMES,PyME,ARS,1963256128.51,1859144.0670382762
2025-02-14,Novus Renta Fija,Renta Fija,ARS,2707794743.96,2564199.576349378
2025-02-17,Novus Liquidez,Money Market,ARS,63010240400.06,59668788.4485727
2025-02-17,Novus Estrategia,CER,ARS,1301350691.01,1232339.6734605324
2025-02-17,Novus Ahorro Dolares,USD MEP,USD,2000.0,2000.0
2025-02-17,Novus Gestion II,Renta Fija CP,ARS,9333514807.87,8838555.717554213
2025-02-17,Novus Multiestrategia,Multi,ARS,5297614044.1,5016679.982057164
2025-02-17,Novus PyME FCI Abierto PyMES,PyME,ARS,1963660160.43,1859526.6730243491
2025-02-17,Novus Valor,Dólar Linked,ARS,539144756.1,510553.7479405902
2025-02-17,Novus Gestión,Renta Fija CER,ARS,58306446104.19,55214437.77535098
2025-02-17,Novus Balanceado,Renta Fija Mix,ARS,3180670.18,3011.9982861535464
2025-02-17,Novus Renta Capital,Pagarés/Cheques,ARS,1525226905.65,1444343.665275309
2025-02-17,Novus Renta Mixta,Mixto,ARS,1475641544.23,1397387.83044702
2025-02-17,Novus Capital,House View USD,USD,25152763.13,25152763.13
2025-02-17,Novus Renta Fija,Renta Fija,ARS,2714956742.16,2570981.7716362327
2025-02-17,Novus Income,Renta Fija,ARS,2775657033.56,2628463.1083732033
2025-02-17,Novus Renta Dolar,USD MEP,USD,17206512.5,17206512.5
2025-02-17,Novus Liquidez Plus,Renta Fija CP,ARS,6884633429.15,6519539.253012147
2025-02-17,Novus Performance,House View ARS,ARS,46237268827.67,43785292.590558015
2025-02-17,Novus Renta Balanceado,Renta Fija Mix,ARS,835504381.07,791197.3330905436
2025-02-18,Novus Renta Dolar,USD MEP,USD,17269822.05,17269822.05
2025-02-18,Novus Renta Balanceado,Renta Fija Mix,ARS,836502049.89,790457.8820064932
2025-02-18,Novus Ahorro Dolares,USD MEP,USD,2000.0,2000.0
2025-02-18,Novus Liquidez,Money Market,ARS,61353026196.94,57975928.62886521
2025-02-18,Novus Performance,House View ARS,ARS,46577311613.24,44013524.0459956
2025-02-18,Novus Renta Mixta,Mixto,ARS,1482652828.25,1401042.130767697
2025-02-18,Novus Balanceado,Renta Fija Mix,ARS,1598820.96,1510.8159387240926
2025-02-18,Novus Valor,Dólar Linked,ARS,540672219.32,510911.6198814309
2025-02-18,Novus Gestión,Renta Fija CER,ARS,57934225235.76,54745311.122152016
2025-02-18,Novus Liquidez Plus,Renta Fija CP,ARS,7266171024.19,6866214.0861859955
2025-02-18,Novus Multiestrategia,Multi,ARS,5312031141.6,5019637.2930512605
2025-02-18,Novus Capital,House View USD,USD,25282943.72,25282943.72
2025-02-18,Novus Renta Capital,Pagarés/Cheques,ARS,1528611398.0,1444470.9707919501
2025-02-18,Novus Gestion II,Renta Fija CP,ARS,9343949447.34,8829623.897145713
2025-02-18,Novus Income,Renta Fija,ARS,2774617079.4,2621891.889266708
2025-02-18,Novus PyME FCI Abierto PyMES,PyME,ARS,1968340313.72,1859995.5799937455
2025-02-18,Novus Renta Fija,Renta Fija,ARS,2716672731.27,2567137.0124518694
2025-02-18,Novus Estrategia,CER,ARS,1307800708.0,1235814.518169097
2025-02-19,Novus Multiestrategia,Multi,ARS,5304972438.4,5011783.05714431
2025-02-19,Novus Ahorro Dolares,USD MEP,USD,2000.0,2000.0
2025-02-19,Novus Performance,House View ARS,ARS,46598824035.37,44023451.48729066
2025-02-19,Novus PyME FCI Abierto PyMES,PyME,ARS,1970014048.37,1861137.4789601841
2025-02-19,Novus Renta Fija,Renta Fija,ARS,2715198884.66,2565138.259421445
2025-02-19,Novus Renta Balanceado,Renta Fija Mix,ARS,835497784.26,789322.4117670998
2025-02-19,Novus Capital,House View USD,USD,25228502.59,25228502.59
2025-02-19,Novus Renta Capital,Pagarés/Cheques,ARS,1530331502.49,1445754.82437507
2025-02-19,Novus Estrategia,CER,ARS,1308812797.84,1236478.7718230858
2025-02-19,Novus Gestión,Renta Fija CER,ARS,53925677687.7,50945372.65150286
2025-02-19,Novus Balanceado,Renta Fija Mix,ARS,1600806.39,1512.334783324545
2025-02-19,Novus Renta Dolar,USD MEP,USD,17174964.01,17174964.01
2025-02-19,Novus Liquidez Plus,Renta Fija CP,ARS,7107775877.57,6714951.138922086
2025-02-19,Novus Income,Renta Fija,ARS,2775762853.07,2622355.0450457283
2025-02-19,Novus Renta Mixta,Mixto,ARS,1480288444.12,1398477.4907076976
2025-02-19,Novus Liquidez,Money Market,ARS,66759623124.32,63070025.70907202
2025-02-19,Novus Gestion II,Renta Fija CP,ARS,10875546262.04,10274488.534330707
2025-02-19,Novus Valor,Dólar Linked,ARS,540500725.67,510628.92611448077
2025-02-20,Novus Ahorro Dolares,USD MEP,USD,2000.0,2000.0
2025-02-20,Novus Renta Balanceado,Renta Fija Mix,ARS,833799334.09,787531.8090413657
2025-02-20,Novus Gestion II,Renta Fija CP,ARS,10893919711.23,10289416.106454106
2025-02-20,Novus Gestión,Renta Fija CER,ARS,50690750147.95,47877920.42224146
2025-02-20,Novus Multiestrategia,Multi,ARS,5311826904.97,5017073.630013341
2025-02-20,Novus PyME FCI Abierto PyMES,PyME,ARS,1971785674.63,1862371.2875448281
2025-02-20,Novus Balanceado,Renta Fija Mix,ARS,1605232.33,1516.1579880083382
2025-02-20,Novus Renta Mixta,Mixto,ARS,1484458715.97,1402086.1018208598
2025-02-20,Novus Income,Renta Fija,ARS,2782524302.3,2628122.028765439
2025-02-20,Novus Valor,Dólar Linked,ARS,539124940.23,509208.8972966501
2025-02-20,Novus Capital,House View USD,USD,25492430.62,25492430.62
2025-02-20,Novus Renta Fija,Renta Fija,ARS,2704277328.56,2554216.97959827
2025-02-20,Novus Liquidez,Money Market,ARS,52700276776.34,49775938.41802214
2025-02-20,Novus Estrategia,CER,ARS,1309076512.29,1236435.856623059
2025-02-20,Novus Renta Capital,Pagarés/Cheques,ARS,1534156806.06,1449026.4448917669
2025-02-20,Novus Liquidez Plus,Renta Fija CP,ARS,7073504716.22,6680995.93951712
2025-02-20,Novus Renta Dolar,USD MEP,USD,17236224.44,17236224.44
2025-02-20,Novus Performance,House View ARS,ARS,46679657239.73,44089403.0594985
2025-02-21,Novus Renta Dolar,USD MEP,USD,17275325.03,17275325.03
2025-02-21,Novus Balanceado,Renta Fija Mix,ARS,1609479.16,1520.169161411638
2025-02-21,Novus Liquidez,Money Market,ARS,53052571099.91,50108683.929577254
2025-02-21,Novus Capital,House View USD,USD,25454123.15,25454123.15
2025-02-21,Novus Renta Capital,Pagarés/Cheques,ARS,1790517747.65,1691161.917832944
2025-02-21,Novus Performance,House View ARS,ARS,46793848304.7,44197257.6622733
2025-02-21,Novus Ahorro Dolares,USD MEP,USD,2000.0,2000.0
2025-02-21,Novus Renta Mixta,Mixto,ARS,1486953175.32,1404442.1436215285
2025-02-21,Novus Gestión,Renta Fija CER,ARS,50602716989.19,47794772.22346105
2025-02-21,Novus Renta Fija,Renta Fija,ARS,2719704577.05,2568788.1700695604
2025-02-21,Novus Multiestrategia,Multi,ARS,5307209525.6,5012712.469024582
2025-02-21,Novus Valor,Dólar Linked,ARS,539309447.1,509383.1658804338
2025-02-21,Novus Estrategia,CER,ARS,1310226309.44,1237521.8515292055
2025-02-21,Novus Income,Renta Fija,ARS,2788020038.1,2633312.806185897
2025-02-21,Novus Liquidez Plus,Renta Fija CP,ARS,7094396501.91,6700728.440019182
2025-02-21,Novus Renta Balanceado,Renta Fija Mix,ARS,836547212.67,790127.2078389615
2025-02-21,Novus PyME FCI Abierto PyMES,PyME,ARS,1972701297.57,1863236.1025678874
2025-02-21,Novus Gestion II,Renta Fija CP,ARS,10992207873.85,10382250.258930326
2025-02-24,Novus Ahorro Dolares,USD MEP,USD,2000.0,2000.0
2025-02-24,Novus Gestion II,Renta Fija CP,ARS,10908276344.34,10288400.451141635
2025-02-24,Novus Income,Renta Fija,ARS,2791647681.64,2633008.952153683
2025-02-24,Novus Liquidez Plus,Renta Fija CP,ARS,6853628361.88,6464162.705862367
2025-02-24,Novus Liquidez,Money Market,ARS,54748229968.68,51637096.10283565
2025-02-24,Novus Renta Fija,Renta Fija,ARS,2708669660.54,2554746.2566763135
2025-02-24,Novus Balanceado,Renta Fija Mix,ARS,1615131.87,1523.3500633290607
2025-02-24,Novus Performance,House View ARS,ARS,46621634433.02,43972304.11040389
2025-02-24,Novus Renta Balanceado,Renta Fija Mix,ARS,837078139.51,789510.1697386052
2025-02-24,Novus Gestión,Renta Fija CER,ARS,50954643832.33,48059085.050986975
2025-02-24,Novus Multiestrategia,Multi,ARS,5318133847.88,5015924.510213781
2025-02-24,Novus Capital,House View USD,USD,25522629.92,25522629.92
2025-02-24,Novus Renta Mixta,Mixto,ARS,1482764355.76,1398504.491926761
2025-02-24,Novus Valor,Dólar Linked,ARS,538898615.01,508275.05453373695
2025-02-24,Novus PyME FCI Abierto PyMES,PyME,ARS,1976926036.38,1864584.8420515298
2025-02-24,Novus Renta Dolar,USD MEP,USD,17247386.2,17247386.2
2025-02-24,Novus Estrategia,CER,ARS,1310028841.86,1235584.8808867394
2025-02-24,Novus Renta Capital,Pagarés/Cheques,ARS,1548014482.26,1460046.7016882491
2025-02-25,Novus Renta Dolar,USD MEP,USD,17210964.13,17210964.13
2025-02-25,Novus Gestión,Renta Fija CER,ARS,50461260934.93,47582516.644355394
2025-02-25,Novus Renta Balanceado,Renta Fija Mix,ARS,835210668.21,787563.0688835193
2025-02-25,Novus Income,Renta Fija,ARS,2785241823.12,2626347.6764494367
2025-02-25,Novus Estrategia,CER,ARS,1310472919.12,1235712.2737462346
2025-02-25,Novus Renta Fija,Renta Fija,ARS,2713040022.06,2558264.8870573915
2025-02-25,Novus Liquidez Plus,Renta Fija CP,ARS,7405017961.53,6982572.0538495425
2025-02-25,Novus PyME FCI Abierto PyMES,PyME,ARS,1979272620.33,1866357.888321757
2025-02-25,Novus Performance,House View ARS,ARS,46613161759.31,43953946.13936583
2025-02-25,Novus Capital,House View USD,USD,25399056.53,25399056.53
2025-02-25,Novus Ahorro Dolares,USD MEP,USD,2000.0,2000.0
2025-02-25,Novus Renta Mixta,Mixto,ARS,1482375279.97,1397807.84557304
2025-02-25,Novus Renta Capital,Pagarés/Cheques,ARS,1550429059.09,1461979.2518695318
2025-02-25,Novus Liquidez,Money Market,ARS,55290650178.61,52136395.99282818
2025-02-25,Novus Valor,Dólar Linked,ARS,538677037.48,507946.2666395954
2025-02-25,Novus Gestion II,Renta Fija CP,ARS,12415714355.33,11707415.233357988
2025-02-25,Novus Balanceado,Renta Fija Mix,ARS,1611604.92,1519.6651155608188
2025-02-25,Novus Multiestrategia,Multi,ARS,5311936176.26,5008897.654114787
2025-02-26,Novus Gestión,Renta Fija CER,ARS,49976369341.44,47103082.93652958
2025-02-26,Novus Renta Capital,Pagarés/Cheques,ARS,1545433647.16,1456582.1850271965
2025-02-26,Novus Valor,Dólar Linked,ARS,537716310.45,506801.44038492977
2025-02-26,Novus Income,Renta Fija,ARS,2788647205.4,2628319.7904846612
2025-02-26,Novus Performance,House View ARS,ARS,46663224295.22,43980420.20713739
2025-02-26,Novus Multiestrategia,Multi,ARS,5319038106.5,5013231.180546812
2025-02-26,Novus Estrategia,CER,ARS,1308689255.02,1233448.9145500618
2025-02-26,Novus PyME FCI Abierto PyMES,PyME,ARS,1978251840.57,1864516.405325295
2025-02-26,Novus Liquidez Plus,Renta Fija CP,ARS,7369886297.97,6946170.162029448
2025-02-26,Novus Renta Mixta,Mixto,ARS,1479506963.56,1394445.8176547426
2025-02-26,Novus Gestion II,Renta Fija CP,ARS,12427995985.11,11713474.454737682
2025-02-26,Novus Renta Fija,Renta Fija,ARS,2715982334.3,2559832.6335523264
2025-02-26,Novus Liquidez,Money Market,ARS,61245644171.03,57724454.47526945
2025-02-26,Novus Renta Balanceado,Renta Fija Mix,ARS,833579016.55,785654.1415093932
2025-02-26,Novus Renta Dolar,USD MEP,USD,17166334.3,17166334.3
2025-02-26,Novus Capital,House View USD,USD,25354279.96,25354279.96
2025-02-26,Novus Balanceado,Renta Fija Mix,ARS,1608060.8,1515.6087212316816
2025-02-26,Novus Ahorro Dolares,USD MEP,USD,2000.0,2000.0
2025-02-27,Novus Valor,Dólar Linked,ARS,536471701.58,505271.2048293282
2025-02-27,Novus Renta Capital,Pagarés/Cheques,ARS,1547667592.5,1457657.257288096
2025-02-27,Novus Multiestrategia,Multi,ARS,5283848490.59,4976546.731380411
2025-02-27,Novus PyME FCI Abierto PyMES,PyME,ARS,1979141210.09,1864036.9301947716
2025-02-27,Novus Capital,House View USD,USD,25245783.12,25245783.12
2025-02-27,Novus Renta Balanceado,Renta Fija Mix,ARS,835194674.03,786620.8375415053
2025-02-27,Novus Renta Dolar,USD MEP,USD,16735226.22,16735226.22
2025-02-27,Novus Estrategia,CER,ARS,1301385660.31,1225698.7621077504
2025-02-27,Novus Renta Mixta,Mixto,ARS,1474588703.58,1388828.5415451264
2025-02-27,Novus Performance,House View ARS,ARS,46467709684.31,43765208.097093895
2025-02-27,Novus Gestion II,Renta Fija CP,ARS,12356643103.05,11637996.803812852
2025-02-27,Novus Balanceado,Renta Fija Mix,ARS,1607331.08,1513.8507939176309
2025-02-27,Novus Renta Fija,Renta Fija,ARS,2707475684.94,2550012.4188223253
2025-02-27,Novus Liquidez,Money Market,ARS,59564792070.43,56100581.197844476
2025-02-27,Novus Gestión,Renta Fija CER,ARS,49926746595.43,47023071.9182112
2025-02-27,Novus Income,Renta Fija,ARS,2789417393.86,2627188.504475761
2025-02-27,Novus Liquidez Plus,Renta Fija CP,ARS,7369044589.7,6940470.536121137
2025-02-27,Novus Ahorro Dolares,USD MEP,USD,2000.0,2000.0
2025-02-28,Novus Estrategia,CER,ARS,1303916311.24,1226638.146354789
2025-02-28,Novus Renta Dolar,USD MEP,USD,16672736.0,16672736.0
2025-02-28,Novus Income,Renta Fija,ARS,2795117126.2,2629461.1555752074
2025-02-28,Novus Renta Balanceado,Renta Fija Mix,ARS,837199792.16,787582.1418378876
2025-02-28,Novus Renta Fija,Renta Fija,ARS,2711983981.86,2551254.9967942913
2025-02-28,Novus Capital,House View USD,USD,25103419.15,25103419.15
2025-02-28,Novus Liquidez Plus,Renta Fija CP,ARS,7440636326.55,6999658.085893428
2025-02-28,Novus Multiestrategia,Multi,ARS,5290146207.6,4976619.344431141
2025-02-28,Novus Liquidez,Money Market,ARS,58581937831.15,55110008.98726154
2025-02-28,Novus Balanceado,Renta Fija Mix,ARS,1619881.41,1523.8771943786592
2025-02-28,Novus Ahorro Dolares,USD MEP,USD,2000.0,2000.0
2025-02-28,Novus Renta Mixta,Mixto,ARS,1474595322.55,1387201.6612446883
2025-02-28,Novus Renta Capital,Pagarés/Cheques,ARS,1548391913.93,1456624.6090806432
2025-02-28,Novus Valor,Dólar Linked,ARS,539220212.46,507262.6795043036
2025-02-28,Novus Gestion II,Renta Fija CP,ARS,12384968445.82,11650958.428916352
2025-02-28,Novus Gestión,Renta Fija CER,ARS,50081071310.05,47112956.521574356
2025-02-28,Novus Performance,House View ARS,ARS,45795656581.65,43081522.039550655
2025-02-28,Novus PyME FCI Abierto PyMES,PyME,ARS,1981497889.71,1864062.0394788708
2025-03-05,Novus Gestion II,Renta Fija CP,ARS,11502704583.96,10815895.347308878
2025-03-05,Novus Renta Dolar,USD MEP,USD,16874577.59,16874577.59
2025-03-05,Novus Valor,Dólar Linked,ARS,537615259.52,505515.05879696197
2025-03-05,Novus Performance,House View ARS,ARS,45599835806.87,42877138.010596514
2025-03-05,Novus Capital,House View USD,USD,23920002.84,23920002.84
2025-03-05,Novus Renta Balanceado,Renta Fija Mix,ARS,842830640.14,792506.4868632195
2025-03-05,Novus Renta Fija,Renta Fija,ARS,2729387036.03,2566419.4301892635
2025-03-05,Novus Renta Mixta,Mixto,ARS,1485092309.08,1396419.6749433298
2025-03-05,Novus Estrategia,CER,ARS,1306151706.06,1228163.3469187454
2025-03-05,Novus Balanceado,Renta Fija Mix,ARS,1607938.46,1511.9308664611256
2025-03-05,Novus Liquidez Plus,Renta Fija CP,ARS,7391555272.41,6950216.594427471
2025-03-05,Novus Gestión,Renta Fija CER,ARS,50121142214.58,47128483.99466186
2025-03-05,Novus Ahorro Dolares,USD MEP,USD,2000.0,2000.0
2025-03-05,Novus Income,Renta Fija,ARS,2797249702.62,2630230.1187511757
2025-03-05,Novus Renta Capital,Pagarés/Cheques,ARS,1543219888.77,1451076.5440414106
2025-03-05,Novus Liquidez,Money Market,ARS,47863142277.46,45005305.84678734
2025-03-05,Novus Multiestrategia,Multi,ARS,5296442728.81,4980200.078136966
2025-03-05,Novus PyME FCI Abierto PyMES,PyME,ARS,1986775862.93,1868148.456318288
2025-03-06,Novus PyME FCI Abierto PyMES,PyME,ARS,1987573065.5,1868898.0591186373
2025-03-06,Novus Estrategia,CER,ARS,1292844615.29,1215650.8025779857
2025-03-06,Novus Liquidez,Money Market,ARS,50815399629.17,47781288.340412825
2025-03-06,Novus Ahorro Dolares,USD MEP,USD,2000.0,2000.0
2025-03-06,Novus Balanceado,Renta Fija Mix,ARS,1593447.31,1498.3049612909003
2025-03-06,Novus Renta Dolar,USD MEP,USD,17154815.79,17154815.79
2025-03-06,Novus Gestion II,Renta Fija CP,ARS,11474329545.41,10789214.539748142
2025-03-06,Novus Multiestrategia,Multi,ARS,5266054590.58,4951626.37005847
2025-03-06,Novus Renta Capital,Pagarés/Cheques,ARS,1550935086.32,1458331.0787184965
2025-03-06,Novus Renta Balanceado,Renta Fija Mix,ARS,840993612.04,790779.1449555283
2025-03-06,Novus Capital,House View USD,USD,24038400.12,24038400.12
2025-03-06,Novus Renta Mixta,Mixto,ARS,1476822338.57,1388643.4919675258
2025-03-06,Novus Liquidez Plus,Renta Fija CP,ARS,7397579743.48,6955881.353366588
2025-03-06,Novus Valor,Dólar Linked,ARS,537399394.21,505312.08248082415
2025-03-06,Novus Performance,House View ARS,ARS,45524155764.1,42805976.70966024
2025-03-06,Novus Gestión,Renta Fija CER,ARS,50082853861.82,47092481.78201263
2025-03-06,Novus Renta Fija,Renta Fija,ARS,2724876038.95,2562177.777978414
2025-03-06,Novus Income,Renta Fija,ARS,2799701504.22,2632535.526955342
2025-03-07,Novus Performance,House View ARS,ARS,45768527408.54,42975141.45206738
2025-03-07,Novus Gestión,Renta Fija CER,ARS,50134845129.85,47074970.14052445
2025-03-07,Novus Renta Balanceado,Renta Fija Mix,ARS,838477400.01,787302.6927029309
2025-03-07,Novus Capital,House View USD,USD,24016808.31,24016808.31
2025-03-07,Novus Liquidez Plus,Renta Fija CP,ARS,7549116079.31,7088371.632553091
2025-03-07,Novus Liquidez,Money Market,ARS,54470258009.09,51145780.19904708
2025-03-07,Novus Estrategia,CER,ARS,1294592563.88,1215579.8253879703
2025-03-07,Novus Renta Dolar,USD MEP,USD,17197635.57,17197635.57
2025-03-07,Novus Renta Mixta,Mixto,ARS,1475739171.63,1385670.5303418254
2025-03-07,Novus Renta Fija,Renta Fija,ARS,2732138714.07,2565388.365148041
2025-03-07,Novus Renta Capital,Pagarés/Cheques,ARS,1552432286.92,1457682.8423956425
2025-03-07,Novus Multiestrategia,Multi,ARS,5277101176.83,4955024.38841466
2025-03-07,Novus Balanceado,Renta Fija Mix,ARS,1594388.42,1497.0782710009842
2025-03-07,Novus PyME FCI Abierto PyMES,PyME,ARS,1989728831.81,1868289.910991026
2025-03-07,Novus Gestion II,Renta Fija CP,ARS,11499807586.52,10797940.9800727
2025-03-07,Novus Valor,Dólar Linked,ARS,538489020.25,505623.4737259845
2025-03-07,Novus Income,Renta Fija,ARS,2794765868.53,2624193.2027525995
2025-03-07,Novus Ahorro Dolares,USD MEP,USD,2000.0,2000.0
2025-03-10,Novus Renta Capital,Pagarés/Cheques,ARS,1549490888.27,1453897.2172053608
2025-03-10,Novus Liquidez,Money Market,ARS,56779300554.41,53276381.09772407
2025-03-10,Novus Multiestrategia,Multi,ARS,5263828266.71,4939083.751154679
2025-03-10,Novus Performance,House View ARS,ARS,45589856242.6,42777253.887509614
2025-03-10,Novus Gestión,Renta Fija CER,ARS,50087952710.43,46997846.591091715
2025-03-10,Novus Valor,Dólar Linked,ARS,535861007.66,502801.81299780455
2025-03-10,Novus Renta Fija,Renta Fija,ARS,2715657134.52,2548118.4695256627
2025-03-10,Novus Renta Balanceado,Renta Fija Mix,ARS,838826782.73,787076.5387269333
2025-03-10,Novus Balanceado,Renta Fija Mix,ARS,1591689.95,1493.492866900613
2025-03-10,Novus Renta Dolar,USD MEP,USD,17115288.53,17115288.53
2025-03-10,Novus Estrategia,CER,ARS,1286727873.74,1207344.99898858
2025-03-10,Novus Liquidez Plus,Renta Fija CP,ARS,7407543685.77,6950545.64863727
2025-03-10,Novus Capital,House View USD,USD,23829367.3,23829367.3
2025-03-10,Novus Income,Renta Fija,ARS,2802308460.51,2629423.9632705627
2025-03-10,Novus Gestion II,Renta Fija CP,ARS,11560477234.9,10847269.776560487
2025-03-10,Novus PyME FCI Abierto PyMES,PyME,ARS,1991855574.97,1868970.8338699471
2025-03-10,Novus Renta Mixta,Mixto,ARS,1461246681.57,1371097.1132958317
2025-03-10,Novus Ahorro Dolares,USD MEP,USD,2000.0,2000.0
2025-03-11,Novus Estrategia,CER,ARS,1288510389.87,1209301.1464182984
2025-03-11,Novus Renta Fija,Renta Fija,ARS,2718471711.67,2551357.740902595
2025-03-11,Novus Multiestrategia,Multi,ARS,5260391252.89,4937016.591205353
2025-03-11,Novus Gestión,Renta Fija CER,ARS,50019920500.55,46945020.91765835
2025-03-11,Novus Income,Renta Fija,ARS,2807152319.12,2634586.8410305157
2025-03-11,Novus Gestion II,Renta Fija CP,ARS,11631760057.47,10916715.055576865
2025-03-11,Novus Capital,House View USD,USD,23756005.46,23756005.46
2025-03-11,Novus Performance,House View ARS,ARS,45256598642.85,42474517.12617777
2025-03-11,Novus Liquidez,Money Market,ARS,59649157770.87,55982315.270641126
2025-03-11,Novus Renta Capital,Pagarés/Cheques,ARS,2349313537.61,2204893.0118556805
2025-03-11,Novus Renta Mixta,Mixto,ARS,1463410326.06,1373449.3713809187
2025-03-11,Novus PyME FCI Abierto PyMES,PyME,ARS,1993626844.11,1871071.6243085605
2025-03-11,Novus Valor,Dólar Linked,ARS,536213974.77,503251.02499196475
2025-03-11,Novus Renta Balanceado,Renta Fija Mix,ARS,838660030.92,787104.663509221
2025-03-11,Novus Ahorro Dolares,USD MEP,USD,2000.0,2000.0
2025-03-11,Novus Balanceado,Renta Fija Mix,ARS,1598726.87,1500.4475337570204
2025-03-11,Novus Renta Dolar,USD MEP,USD,16585133.12,16585133.12
2025-03-11,Novus Liquidez Plus,Renta Fija CP,ARS,7440672203.96,6983268.041229703
2025-03-12,Novus Performance,House View ARS,ARS,45248531748.0,42456986.92974969
2025-03-12,Novus Renta Mixta,Mixto,ARS,1481042215.74,1389671.3896989606
2025-03-12,Novus Liquidez Plus,Renta Fija CP,ARS,7530652492.0,7066059.4294192325
2025-03-12,Novus Capital,House View USD,USD,23780944.19,23780944.19
2025-03-12,Novus Renta Fija,Renta Fija,ARS,2723223285.64,2555217.8375449255
2025-03-12,Novus Gestión,Renta Fija CER,ARS,50229529093.45,47130688.61736822
2025-03-12,Novus Valor,Dólar Linked,ARS,538110683.02,504912.6977860147
2025-03-12,Novus PyME FCI Abierto PyMES,PyME,ARS,1995623321.09,1872506.134167918
2025-03-12,Novus Gestion II,Renta Fija CP,ARS,11570900991.43,10857050.454024628
2025-03-12,Novus Renta Capital,Pagarés/Cheques,ARS,2351346865.78,2206283.8127812166
2025-03-12,Novus Renta Balanceado,Renta Fija Mix,ARS,839559704.72,787764.244120851
2025-03-12,Novus Income,Renta Fija,ARS,2107676291.77,1977646.1536959698
2025-03-12,Novus Multiestrategia,Multi,ARS,5286469956.74,4960328.593816643
2025-03-12,Novus Ahorro Dolares,USD MEP,USD,2000.0,2000.0
2025-03-12,Novus Renta Dolar,USD MEP,USD,16564342.31,16564342.31
2025-03-12,Novus Balanceado,Renta Fija Mix,ARS,1602951.26,1504.0594261459967
2025-03-12,Novus Liquidez,Money Market,ARS,62568914043.62,58708812.4881759
2025-03-12,Novus Estrategia,CER,ARS,1287873233.03,1208419.6969406863
2025-03-13,Novus Estrategia,CER,ARS,1289220213.01,1209116.3199828682
2025-03-13,Novus Performance,House View ARS,ARS,45308537389.81,42493354.85104461
2025-03-13,Novus Liquidez,Money Market,ARS,65888439540.28,61794553.593257315
2025-03-13,Novus Renta Mixta,Mixto,ARS,1478732003.77,1386853.0609404948
2025-03-13,Novus Valor,Dólar Linked,ARS,539765388.37,506227.8216351513
2025-03-13,Novus Gestión,Renta Fija CER,ARS,50241965188.12,47120251.019905336
2025-03-13,Novus Ahorro Dolares,USD MEP,USD,2000.0,2000.0
2025-03-13,Novus Gestion II,Renta Fija CP,ARS,11841570231.62,11105810.843476122
2025-03-13,Novus PyME FCI Abierto PyMES,PyME,ARS,1997114919.29,1873026.9797407195
2025-03-13,Novus Renta Fija,Renta Fija,ARS,2725995731.12,2556619.8027607687
2025-03-13,Novus Income,Renta Fija,ARS,2112944697.49,1981659.8368339473
2025-03-13,Novus Renta Balanceado,Renta Fija Mix,ARS,838739875.13,786625.9472245877
2025-03-13,Novus Renta Capital,Pagarés/Cheques,ARS,2352921686.16,2206726.191280711
2025-03-13,Novus Renta Dolar,USD MEP,USD,16498514.69,16498514.69
2025-03-13,Novus Liquidez Plus,Renta Fija CP,ARS,7395844519.87,6936314.074809897
2025-03-13,Novus Capital,House View USD,USD,23724811.51,23724811.51
2025-03-13,Novus Balanceado,Renta Fija Mix,ARS,1607713.75,1507.820706942933
2025-03-13,Novus Multiestrategia,Multi,ARS,5290920823.49,4962176.865411381
2025-03-14,Novus Gestion II,Renta Fija CP,ARS,11885265440.82,11146791.112025771
2025-03-14,Novus PyME FCI Abierto PyMES,PyME,ARS,2000482759.28,1876185.5637079168
2025-03-14,Novus Renta Dolar,USD MEP,USD,16508971.12,16508971.12
2025-03-14,Novus Liquidez,Money Market,ARS,58583894238.02,54943865.98699012
2025-03-14,Novus Liquidez Plus,Renta Fija CP,ARS,7406072326.1,6945906.390618725
2025-03-14,Novus Balanceado,Renta Fija Mix,ARS,1618433.67,1517.8745597216205
2025-03-14,Novus Renta Balanceado,Renta Fija Mix,ARS,842723099.44,790361.6794685997
2025-03-14,Novus Renta Mixta,Mixto,ARS,1493097030.19,1400325.5365549244
2025-03-14,Novus Ahorro Dolares,USD MEP,USD,2000.0,2000.0
2025-03-14,Novus Gestión,Renta Fija CER,ARS,50448521391.06,47313973.14235433
2025-03-14,Novus Income,Renta Fija,ARS,2121255785.68,1989454.527194785
2025-03-14,Novus Renta Fija,Renta Fija,ARS,2726686363.4,2557267.523570936
2025-03-14,Novus Estrategia,CER,ARS,1292290878.13,1211996.1936245682
2025-03-14,Novus Multiestrategia,Multi,ARS,5298651864.9,4969427.549386828
2025-03-14,Novus Valor,Dólar Linked,ARS,542979030.36,509241.7884792013
2025-03-14,Novus Capital,House View USD,USD,23731689.97,23731689.97
2025-03-14,Novus Performance,House View ARS,ARS,45497262836.83,42670354.10662965
2025-03-14,Novus Renta Capital,Pagarés/Cheques,ARS,2348469036.03,2202550.200332829
2025-03-17,Novus Estrategia,CER,ARS,1267790421.07,1187347.5975046037
2025-03-17,Novus Renta Mixta,Mixto,ARS,1494058988.82,1399259.153108585
2025-03-17,Novus Ahorro Dolares,USD MEP,USD,2000.0,2000.0
2025-03-17,Novus Renta Dolar,USD MEP,USD,16449644.55,16449644.55
2025-03-17,Novus Gestión,Renta Fija CER,ARS,50561867111.15,47353655.96870702
2025-03-17,Novus Renta Capital,Pagarés/Cheques,ARS,2359159116.53,2209467.639595233
2025-03-17,Novus Valor,Dólar Linked,ARS,543741013.83,509239.99401327013
2025-03-17,Novus Multiestrategia,Multi,ARS,5270006837.56,4935618.579708615
2025-03-17,Novus Capital,House View USD,USD,23736582.14,23736582.14
2025-03-17,Novus Renta Balanceado,Renta Fija Mix,ARS,843165956.49,789666.0647515621
2025-03-17,Novus Renta Fija,Renta Fija,ARS,2742133442.33,2568141.7848540316
2025-03-17,Novus Liquidez,Money Market,ARS,52945172553.08,49585737.82038003
2025-03-17,Novus Liquidez Plus,Renta Fija CP,ARS,7481687175.31,7006965.146011974
2025-03-17,Novus Performance,House View ARS,ARS,45563099864.1,42672066.50200304
2025-03-17,Novus Income,Renta Fija,ARS,2125471184.86,1990607.4876152119
2025-03-17,Novus Balanceado,Renta Fija Mix,ARS,1623601.32,1520.5818679244167
2025-03-17,Novus Gestion II,Renta Fija CP,ARS,11909633418.14,11153952.88619892
2025-03-17,Novus PyME FCI Abierto PyMES,PyME,ARS,2004622559.4,1877426.8524589995
2025-03-18,Novus Gestion II,Renta Fija CP,ARS,9459822197.85,8857511.534584014
2025-03-18,Novus Liquidez Plus,Renta Fija CP,ARS,7031712866.48,6584000.8955860725
2025-03-18,Novus Renta Fija,Renta Fija,ARS,2715397247.24,2542506.8183493307
2025-03-18,Novus PyME FCI Abierto PyMES,PyME,ARS,2003419096.64,1875860.6013892929
2025-03-18,Novus Gestión,Renta Fija CER,ARS,50351959404.73,47146030.00864709
2025-03-18,Novus Valor,Dólar Linked,ARS,556076488.84,520670.8763649618
2025-03-18,Novus Income,Renta Fija,ARS,2110657717.02,1976271.2959142502
2025-03-18,Novus Renta Capital,Pagarés/Cheques,ARS,2339054304.94,2190125.7817227487
2025-03-18,Novus Ahorro Dolares,USD MEP,USD,2000.0,2000.0
2025-03-18,Novus Capital,House View USD,USD,23438171.71,23438171.71
2025-03-18,Novus Renta Balanceado,Renta Fija Mix,ARS,838473993.87,785088.0192906996
2025-03-18,Novus Multiestrategia,Multi,ARS,5225308002.74,4892610.552082344
2025-03-18,Novus Liquidez,Money Market,ARS,59892319281.23,56078951.355666384
2025-03-18,Novus Balanceado,Renta Fija Mix,ARS,1605161.34,1502.9600754176643
2025-03-18,Novus Performance,House View ARS,ARS,45071764539.11,42202027.26219906
2025-03-18,Novus Estrategia,CER,ARS,1251249842.95,1171582.2649494365
2025-03-18,Novus Renta Dolar,USD MEP,USD,16331974.32,16331974.32
2025-03-18,Novus Renta Mixta,Mixto,ARS,1475086160.0,1381166.8341583363
2025-03-19,Novus Renta Mixta,Mixto,ARS,1496959762.44,1400336.548525619
2025-03-19,Novus Renta Dolar,USD MEP,USD,16426828.16,16426828.16
2025-03-19,Novus Liquidez Plus,Renta Fija CP,ARS,7274901825.53,6805333.829828793
2025-03-19,Novus Gestión,Renta Fija CER,ARS,50513010427.74,47252582.502767965
2025-03-19,Novus Valor,Dólar Linked,ARS,552366688.52,516713.46253278153
2025-03-19,Novus Gestion II,Renta Fija CP,ARS,9587410167.78,8968578.314867422
2025-03-19,Novus Multiestrategia,Multi,ARS,5230523854.56,4892912.8926864145
2025-03-19,Novus Estrategia,CER,ARS,1251297097.66,1170530.4998053084
2025-03-19,Novus Renta Balanceado,Renta Fija Mix,ARS,844077430.23,789595.3551951454
2025-03-19,Novus Renta Fija,Renta Fija,ARS,2731590677.37,2555276.6060312726
2025-03-19,Novus Balanceado,Renta Fija Mix,ARS,1618921.97,1514.426546847789
2025-03-19,Novus Liquidez,Money Market,ARS,65608095824.51,61373335.98899243
2025-03-19,Novus Income,Renta Fija,ARS,2120018066.68,1983178.7445426527
2025-03-19,Novus Capital,House View USD,USD,23484224.96,23484224.96
2025-03-19,Novus Performance,House View ARS,ARS,46004732188.92,43035296.94363431
2025-03-19,Novus Ahorro Dolares,USD MEP,USD,2000.0,2000.0
2025-03-19,Novus PyME FCI Abierto PyMES,PyME,ARS,2006804087.48,1877272.3088082897
2025-03-19,Novus Renta Capital,Pagarés/Cheques,ARS,2357183559.97,2205036.0827531083
2025-03-20,Novus Ahorro Dolares,USD MEP,USD,2000.0,2000.0
2025-03-20,Novus Renta Balanceado,Renta Fija Mix,ARS,846773961.11,792117.8349840057
2025-03-20,Novus Renta Fija,Renta Fija,ARS,2737447901.54,2560755.7680528285
2025-03-20,Novus PyME FCI Abierto PyMES,PyME,ARS,2008404735.67,1878769.6410800235
2025-03-20,Novus Capital,House View USD,USD,23480720.55,23480720.55
2025-03-20,Novus Gestión,Renta Fija CER,ARS,50839176308.29,47557695.582542226
2025-03-20,Novus Liquidez,Money Market,ARS,60263733935.67,56373932.88593806
2025-03-20,Novus Renta Mixta,Mixto,ARS,1500156439.56,1403326.8919652284
2025-03-20,Novus Multiestrategia,Multi,ARS,5298938046.46,4956911.201631779
2025-03-20,Novus Income,Renta Fija,ARS,2120888069.91,1983992.5922831683
2025-03-20,Novus Valor,Dólar Linked,ARS,548432627.27,513033.3303804424
2025-03-20,Novus Renta Capital,Pagarés/Cheques,ARS,2359897474.09,2207574.823758145
2025-03-20,Novus Renta Dolar,USD MEP,USD,16370787.07,16370787.07
2025-03-20,Novus Estrategia,CER,ARS,1265934384.61,1184223.0040406475
2025-03-20,Novus Balanceado,Renta Fija Mix,ARS,1625803.69,1520.864077284153
2025-03-20,Novus Gestion II,Renta Fija CP,ARS,9792750494.04,9160664.682826547
2025-03-20,Novus Liquidez Plus,Renta Fija CP,ARS,7344083295.09,6870049.891500132
2025-03-20,Novus Performance,House View ARS,ARS,46108196880.04,43132083.37176187
2025-03-21,Novus Income,Renta Fija,ARS,2129527251.19,1992540.086939111
2025-03-21,Novus Renta Dolar,USD MEP,USD,16436368.97,16436368.97
2025-03-21,Novus Renta Fija,Renta Fija,ARS,2738076974.7,2561943.3281100313
2025-03-21,Novus Performance,House View ARS,ARS,46059608118.42,43096708.67718311
2025-03-21,Novus Ahorro Dolares,USD MEP,USD,2000.0,2000.0
2025-03-21,Novus Renta Mixta,Mixto,ARS,1500574320.91,1404046.126281687
2025-03-21,Novus Gestion II,Renta Fija CP,ARS,10173135984.15,9518723.579129761
2025-03-21,Novus Capital,House View USD,USD,23679489.12,23679489.12
2025-03-21,Novus Liquidez,Money Market,ARS,61380462189.42,57432010.507931106
2025-03-21,Novus Estrategia,CER,ARS,1262247467.54,1181050.2435718416
2025-03-21,Novus Multiestrategia,Multi,ARS,5266267930.65,4927502.080341199
2025-03-21,Novus Balanceado,Renta Fija Mix,ARS,1631206.31,1526.2748860935023
2025-03-21,Novus PyME FCI Abierto PyMES,PyME,ARS,2009470013.94,1880205.8316183083
2025-03-21,Novus Renta Capital,Pagarés/Cheques,ARS,2361551573.67,2209638.8648147825
2025-03-21,Novus Renta Balanceado,Renta Fija Mix,ARS,845859221.45,791447.2123821893
2025-03-21,Novus Gestión,Renta Fija CER,ARS,50851647512.91,47580488.15752413
2025-03-21,Novus Liquidez Plus,Renta Fija CP,ARS,7540988939.47,7055895.973466369
2025-03-21,Novus Valor,Dólar Linked,ARS,546885117.44,511705.3650478876
2025-03-25,Novus PyME FCI Abierto PyMES,PyME,ARS,2012832935.99,1879395.7995978284
2025-03-25,Novus Multiestrategia,Multi,ARS,5256377573.35,4907915.483604396
2025-03-25,Novus Gestión,Renta Fija CER,ARS,50536713375.17,47186472.928047195
2025-03-25,Novus Liquidez,Money Market,ARS,64941964898.43,60636754.23102542
2025-03-25,Novus Estrategia,CER,ARS,1261605292.33,1177969.4403645091
2025-03-25,Novus Capital,House View USD,USD,23625773.56,23625773.56
2025-03-25,Novus Renta Dolar,USD MEP,USD,16521332.21,16521332.21
2025-03-25,Novus Balanceado,Renta Fija Mix,ARS,1621911.45,1514.3897498628605
2025-03-25,Novus Renta Fija,Renta Fija,ARS,2732249501.48,2551119.938828487
2025-03-25,Novus Ahorro Dolares,USD MEP,USD,2000.0,2000.0
2025-03-25,Novus Liquidez Plus,Renta Fija CP,ARS,7156861973.13,6682410.690972901
2025-03-25,Novus Gestion II,Renta Fija CP,ARS,10099829282.35,9430279.279769318
2025-03-25,Novus Income,Renta Fija,ARS,2127023537.84,1986016.341041266
2025-03-25,Novus Valor,Dólar Linked,ARS,545422371.16,509264.57682421606
2025-03-25,Novus Renta Balanceado,Renta Fija Mix,ARS,848673860.68,792412.5546991689
2025-03-25,Novus Performance,House View ARS,ARS,45481048340.22,42465964.106392145
2025-03-25,Novus Renta Capital,Pagarés/Cheques,ARS,2368553187.39,2211534.217227718
2025-03-25,Novus Renta Mixta,Mixto,ARS,1511202854.46,1411020.381388713
2025-03-26,Novus PyME FCI Abierto PyMES,PyME,ARS,2014724776.97,1880723.2158564602
2025-03-26,Novus Gestión,Renta Fija CER,ARS,50741944907.78,47367042.335823886
2025-03-26,Novus Balanceado,Renta Fija Mix,ARS,1627691.48,1519.4319292045634
2025-03-26,Novus Multiestrategia,Multi,ARS,5234511776.46,4886358.640244664
2025-03-26,Novus Renta Capital,Pagarés/Cheques,ARS,2358640834.76,2201765.038335182
2025-03-26,Novus Renta Balanceado,Renta Fija Mix,ARS,846387940.4,790093.7474572571
2025-03-26,Novus Liquidez,Money Market,ARS,66334230556.13,61922267.91418783
2025-03-26,Novus Estrategia,CER,ARS,1258364645.93,1174669.4291280785
2025-03-26,Novus Liquidez Plus,Renta Fija CP,ARS,7129960395.48,6655738.886620152
2025-03-26,Novus Capital,House View USD,USD,23556025.03,23556025.03
2025-03-26,Novus Performance,House View ARS,ARS,45480063095.73,42455134.07116336
2025-03-26,Novus Renta Mixta,Mixto,ARS,1501659404.75,1401782.3859147243
2025-03-26,Novus Renta Dolar,USD MEP,USD,16486151.16,16486151.16
2025-03-26,Novus Gestion II,Renta Fija CP,ARS,10069231733.81,9399516.055039337
2025-03-26,Novus Valor,Dólar Linked,ARS,540129502.23,504204.89489422744
2025-03-26,Novus Ahorro Dolares,USD MEP,USD,2000.0,2000.0
2025-03-26,Novus Income,Renta Fija,ARS,2127694178.55,1986178.898271032
2025-03-26,Novus Renta Fija,Renta Fija,ARS,2738700228.05,2556546.2633121293
2025-03-27,Novus Renta Balanceado,Renta Fija Mix,ARS,846958366.5,790626.2338898774
2025-03-27,Novus Estrategia,CER,ARS,1258175904.75,1174493.2413315757
2025-03-27,Novus Renta Fija,Renta Fija,ARS,2737512453.53,2555437.4889820064
2025-03-27,Novus Liquidez Plus,Renta Fija CP,ARS,7132883098.89,6658467.19781138
2025-03-27,Novus Multiestrategia,Multi,ARS,5257519370.93,4907835.97429811
2025-03-27,Novus Renta Capital,Pagarés/Cheques,ARS,2359271328.85,2202353.5975697124
2025-03-27,Novus Gestion II,Renta Fija CP,ARS,10106895686.82,9434674.937104292
2025-03-27,Novus Balanceado,Renta Fija Mix,ARS,1635967.56,1527.1575580200754
2025-03-27,Novus Gestión,Renta Fija CER,ARS,50842268153.72,47460692.97232085
2025-03-27,Novus Valor,Dólar Linked,ARS,542971836.27,506858.18217065954
2025-03-27,Novus Renta Dolar,USD MEP,USD,16601492.12,16601492.12
2025-03-27,Novus PyME FCI Abierto PyMES,PyME,ARS,2516426743.19,2349056.4324310026
2025-03-27,Novus Performance,House View ARS,ARS,44892444264.62,41906598.4148912
2025-03-27,Novus Renta Mixta,Mixto,ARS,1498239214.23,1398589.6760284193
2025-03-27,Novus Income,Renta Fija,ARS,2130726214.05,1989009.2697546878
2025-03-27,Novus Ahorro Dolares,USD MEP,USD,2000.0,2000.0
2025-03-27,Novus Capital,House View USD,USD,23881352.03,23881352.03
2025-03-27,Novus Liquidez,Money Market,ARS,66674951047.24,62240326.71064156
2025-03-28,Novus Valor,Dólar Linked,ARS,552045369.89,515448.5157748084
2025-03-28,Novus Income,Renta Fija,ARS,2144669709.41,2002492.691430142
2025-03-28,Novus Capital,House View USD,USD,23417431.58,23417431.58
2025-03-28,Novus Gestion II,Renta Fija CP,ARS,10576086482.64,9874963.866229054
2025-03-28,Novus Liquidez Plus,Renta Fija CP,ARS,7248893150.13,6768340.826749804
2025-03-28,Novus PyME FCI Abierto PyMES,PyME,ARS,2522377303.35,2355160.8403035584
2025-03-28,Novus Multiestrategia,Multi,ARS,5263208605.41,4914293.664689835
2025-03-28,Novus Estrategia,CER,ARS,1262339671.99,1178655.1356468329
2025-03-28,Novus Renta Dolar,USD MEP,USD,16491947.61,16491947.61
2025-03-28,Novus Balanceado,Renta Fija Mix,ARS,1650204.5,1540.8071630406005
2025-03-28,Novus Gestión,Renta Fija CER,ARS,51092690889.29,47705592.91362814
2025-03-28,Novus Renta Fija,Renta Fija,ARS,2751219510.58,2568832.365321219
2025-03-28,Novus Performance,House View ARS,ARS,44875261289.43,41900336.61771757
2025-03-28,Novus Renta Balanceado,Renta Fija Mix,ARS,849802158.58,793466.0541208247
2025-03-28,Novus Ahorro Dolares,USD MEP,USD,2000.0,2000.0
2025-03-28,Novus Liquidez,Money Market,ARS,70519921931.83,65844930.64321884
2025-03-28,Novus Renta Mixta,Mixto,ARS,1494544095.16,1395465.9845507396
2025-03-28,Novus Renta Capital,Pagarés/Cheques,ARS,3371201767.05,3147714.014066602
2025-03-31,Novus Liquidez,Money Market,ARS,82752618506.7,77104702.64204407
2025-03-31,Novus Renta Dolar,USD MEP,USD,16415915.77,16415915.77
2025-03-31,Novus Capital,House View USD,USD,23337573.29,23337573.29
2025-03-31,Novus PyME FCI Abierto PyMES,PyME,ARS,2528786362.62,2356195.1760992897
2025-03-31,Novus Gestión,Renta Fija CER,ARS,51079170952.58,47592986.887562275
2025-03-31,Novus Balanceado,Renta Fija Mix,ARS,1653830.45,1540.955529489179
2025-03-31,Novus Multiestrategia,Multi,ARS,5259582333.8,4900612.683768588
2025-03-31,Novus Valor,Dólar Linked,ARS,531781951.68,495487.5144086526
2025-03-31,Novus Ahorro Dolares,USD MEP,USD,2000.0,2000.0
2025-03-31,Novus Renta Fija,Renta Fija,ARS,2747678347.5,2560147.6516760318
2025-03-31,Novus Renta Mixta,Mixto,ARS,1494155572.37,1392178.558062358
2025-03-31,Novus Income,Renta Fija,ARS,2143911946.96,1997588.6702327458
2025-03-31,Novus Renta Balanceado,Renta Fija Mix,ARS,850302822.72,792269.1448876403
2025-03-31,Novus Liquidez Plus,Renta Fija CP,ARS,7260659276.38,6765114.924371276
2025-03-31,Novus Gestion II,Renta Fija CP,ARS,10485879240.89,9770211.69117139
2025-03-31,Novus Performance,House View ARS,ARS,44957704919.61,41889314.58422228
2025-03-31,Novus Renta Capital,Pagarés/Cheques,ARS,3394095667.05,3162446.601316333
2025-03-31,Novus Estrategia,CER,ARS,1265359665.04,1178998.108685182
2025-04-01,Novus Income,Renta Fija,ARS,2149286936.05,2003997.073531218
2025-04-01,Novus Renta Mixta,Mixto,ARS,1504453670.65,1402753.9565223325
2025-04-01,Novus Capital,House View USD,USD,23372210.61,23372210.61
2025-04-01,Novus Multiestrategia,Multi,ARS,5277861674.96,4921082.975808103
2025-04-01,Novus Performance,House View ARS,ARS,44890318891.47,41855773.7356927
2025-04-01,Novus Gestion II,Renta Fija CP,ARS,11149047921.21,10395382.315879101
2025-04-01,Novus Valor,Dólar Linked,ARS,528034840.06,492340.1601032891
2025-04-01,Novus Balanceado,Renta Fija Mix,ARS,1643696.59,1532.5841798428971
2025-04-01,Novus Renta Dolar,USD MEP,USD,16451865.29,16451865.29
2025-04-01,Novus Liquidez,Money Market,ARS,74565311910.31,69524763.93395221
2025-04-01,Novus Renta Capital,Pagarés/Cheques,ARS,3394225650.17,3164779.051021523
2025-04-01,Novus Renta Fija,Renta Fija,ARS,2756452253.36,2570118.5618398353
2025-04-01,Novus Estrategia,CER,ARS,1274964042.98,1188777.6211421643
2025-04-01,Novus Gestión,Renta Fija CER,ARS,51422706042.5,47946577.39446138
2025-04-01,Novus PyME FCI Abierto PyMES,PyME,ARS,2531195477.37,2360088.9411756652
2025-04-01,Novus Ahorro Dolares,USD MEP,USD,2000.0,2000.0
2025-04-01,Novus Renta Balanceado,Renta Fija Mix,ARS,854739043.88,796959.4537788338
2025-04-01,Novus Liquidez Plus,Renta Fija CP,ARS,8003547565.36,7462514.953134307
2025-04-03,Novus Performance,House View ARS,ARS,44750980165.0,41657881.917954564
2025-04-03,Novus Gestión,Renta Fija CER,ARS,51455752521.06,47899233.818308264
2025-04-03,Novus Valor,Dólar Linked,ARS,470927963.11,438378.3641557529
2025-04-03,Novus Liquidez,Money Market,ARS,80959480408.11,75363723.04126051
2025-04-03,Novus Balanceado,Renta Fija Mix,ARS,1643091.95,1529.5247205998644
2025-04-03,Novus Renta Dolar,USD MEP,USD,16344774.64,16344774.64
2025-04-03,Novus Liquidez Plus,Renta Fija CP,ARS,7816008620.96,7275781.737096318
2025-04-03,Novus Renta Capital,Pagarés/Cheques,ARS,3398455915.91,3163561.4399140594
2025-04-03,Novus Renta Mixta,Mixto,ARS,1490132979.74,1387137.9684462985
2025-04-03,Novus Gestion II,Renta Fija CP,ARS,11149618486.1,10378979.1555775
2025-04-03,Novus PyME FCI Abierto PyMES,PyME,ARS,2534760749.26,2359563.155792593
2025-04-03,Novus Multiestrategia,Multi,ARS,5265267767.0,4901342.98948038
2025-04-03,Novus Income,Renta Fija,ARS,2147091724.9,1998689.0390583156
2025-04-03,Novus Renta Balanceado,Renta Fija Mix,ARS,851924220.58,793040.9223019332
2025-04-03,Novus Renta Fija,Renta Fija,ARS,2757715722.4,2567107.9270990975
2025-04-03,Novus Capital,House View USD,USD,23201963.91,23201963.91
2025-04-03,Novus Estrategia,CER,ARS,1276211442.98,1188002.2604640808
2025-04-03,Novus Ahorro Dolares,USD MEP,USD,2000.0,2000.0
2025-04-04,Novus Valor,Dólar Linked,ARS,471014486.29,438765.2548484912
2025-04-04,Novus Renta Dolar,USD MEP,USD,16198186.2,16198186.2
2025-04-04,Novus Renta Capital,Pagarés/Cheques,ARS,3392748388.02,3160455.048488405
2025-04-04,Novus Gestión,Renta Fija CER,ARS,51367542259.01,47850529.92263705
2025-04-04,Novus Multiestrategia,Multi,ARS,5262377362.93,4902075.014595859
2025-04-04,Novus Renta Balanceado,Renta Fija Mix,ARS,849285789.72,791137.2299837677
2025-04-04,Novus Renta Fija,Renta Fija,ARS,2762998272.93,2573822.4123783405
2025-04-04,Novus Liquidez Plus,Renta Fija CP,ARS,7293250267.43,6793898.925419717
2025-04-04,Novus Liquidez,Money Market,ARS,75686590541.09,70504511.33455893
2025-04-04,Novus Ahorro Dolares,USD MEP,USD,2000.0,2000.0
2025-04-04,Novus Balanceado,Renta Fija Mix,ARS,1643039.43,1530.5444635225335
2025-04-04,Novus Gestion II,Renta Fija CP,ARS,11212673224.82,10444968.399532324
2025-04-04,Novus Estrategia,CER,ARS,1327356259.07,1236475.3616665
2025-04-04,Novus PyME FCI Abierto PyMES,PyME,ARS,2534530629.74,2360997.4003952155
2025-04-04,Novus Capital,House View USD,USD,22824891.98,22824891.98
2025-04-04,Novus Renta Mixta,Mixto,ARS,1461006317.84,1360974.7216726593
2025-04-04,Novus Income,Renta Fija,ARS,2151388105.87,2004087.725592537
2025-04-04,Novus Performance,House View ARS,ARS,44662823312.23,41604866.99081761
2025-04-07,Novus Gestión,Renta Fija CER,ARS,51330689983.46,47727280.679689005
2025-04-07,Novus Liquidez Plus,Renta Fija CP,ARS,7174399598.58,6670757.46419949
2025-04-07,Novus Liquidez,Money Market,ARS,67572334490.12,62828763.36614557
2025-04-07,Novus Capital,House View USD,USD,22261968.97,22261968.97
2025-04-07,Novus Income,Renta Fija,ARS,2148121041.83,1997323.159505592
2025-04-07,Novus Gestion II,Renta Fija CP,ARS,11114354105.62,10334127.55884065
2025-04-07,Novus Renta Balanceado,Renta Fija Mix,ARS,845320199.46,785978.8059899098
2025-04-07,Novus Multiestrategia,Multi,ARS,5217946511.65,4851647.188326709
2025-04-07,Novus Renta Dolar,USD MEP,USD,15986655.5,15986655.5
2025-04-07,Novus Renta Fija,Renta Fija,ARS,2746471343.14,2553669.3294986472
2025-04-07,Novus Valor,Dólar Linked,ARS,470512029.6,437482.13217327284
2025-04-07,Novus Balanceado,Renta Fija Mix,ARS,1637362.1,1522.4194443161748
2025-04-07,Novus Renta Capital,Pagarés/Cheques,ARS,3357199793.5,3121524.7037162073
2025-04-07,Novus Ahorro Dolares,USD MEP,USD,2000.0,2000.0
2025-04-07,Novus Renta Mixta,Mixto,ARS,1429454336.9,1329106.785395023
2025-04-07,Novus Performance,House View ARS,ARS,44181204373.12,41079688.24424647
2025-04-07,Novus Estrategia,CER,ARS,1320691451.04,1227979.0432461086
2025-04-07,Novus PyME FCI Abierto PyMES,PyME,ARS,2536562309.04,2358495.8886015685
2025-04-08,Novus Capital,House View USD,USD,22171639.17,22171639.17
2025-04-08,Novus Renta Balanceado,Renta Fija Mix,ARS,840677405.53,781480.2653421997
2025-04-08,Novus Renta Dolar,USD MEP,USD,15927785.43,15927785.43
2025-04-08,Novus Renta Fija,Renta Fija,ARS,2751187619.53,2557459.9921131763
2025-04-08,Novus Estrategia,CER,ARS,1308036711.7,1215929.998608933
2025-04-08,Novus Liquidez,Money Market,ARS,58762768382.15,54624929.28375254
2025-04-08,Novus Gestión,Renta Fija CER,ARS,51282408910.36,47671306.8045281
2025-04-08,Novus Renta Mixta,Mixto,ARS,1416092794.59,1316377.2043661508
2025-04-08,Novus Income,Renta Fija,ARS,2141963807.6,1991135.2841240389
2025-04-08,Novus Balanceado,Renta Fija Mix,ARS,1634418.18,1519.3289894371203
2025-04-08,Novus Performance,House View ARS,ARS,43897260598.61,40806191.096298285
2025-04-08,Novus Renta Capital,Pagarés/Cheques,ARS,4337692382.32,4032249.4355265554
2025-04-08,Novus Valor,Dólar Linked,ARS,472068610.64,438827.42735317384
2025-04-08,Novus Multiestrategia,Multi,ARS,5169488232.4,4805473.549027323
2025-04-08,Novus Gestion II,Renta Fija CP,ARS,11041536341.64,10264035.51860708
2025-04-08,Novus PyME FCI Abierto PyMES,PyME,ARS,2539015005.96,2360227.7253003214
2025-04-08,Novus Liquidez Plus,Renta Fija CP,ARS,7133065131.83,6630783.217507061
2025-04-08,Novus Ahorro Dolares,USD MEP,USD,2000.0,2000.0
2025-04-09,Novus Multiestrategia,Multi,ARS,4597554103.3,4270835.357524736
2025-04-09,Novus Ahorro Dolares,USD MEP,USD,2000.0,2000.0
2025-04-09,Novus Balanceado,Renta Fija Mix,ARS,1632960.56,1516.916503948386
2025-04-09,Novus Renta Fija,Renta Fija,ARS,2740711617.24,2545946.7831571065
2025-04-09,Novus PyME FCI Abierto PyMES,PyME,ARS,2539406671.17,2358947.2912526466
2025-04-09,Novus Renta Mixta,Mixto,ARS,1466069127.78,1361884.977711095
2025-04-09,Novus Performance,House View ARS,ARS,44000298159.94,40873478.57162134
2025-04-09,Novus Renta Balanceado,Renta Fija Mix,ARS,842837876.45,782942.7827331088
2025-04-09,Novus Estrategia,CER,ARS,1309509582.95,1216451.117751076
2025-04-09,Novus Renta Capital,Pagarés/Cheques,ARS,4344018440.4,4035316.851558795
2025-04-09,Novus Renta Dolar,USD MEP,USD,16168155.09,16168155.09
2025-04-09,Novus Gestión,Renta Fija CER,ARS,51448096172.13,47792009.24499228
2025-04-09,Novus Valor,Dólar Linked,ARS,473893709.32,440217.1163183678
2025-04-09,Novus Gestion II,Renta Fija CP,ARS,10474989622.4,9730599.149869628
2025-04-09,Novus Liquidez Plus,Renta Fija CP,ARS,7149736527.62,6641650.510915832
2025-04-09,Novus Income,Renta Fija,ARS,2139165561.86,1987148.7560382083
2025-04-09,Novus Liquidez,Money Market,ARS,60009314439.11,55744836.521534935
2025-04-09,Novus Capital,House View USD,USD,22498155.14,22498155.14
2025-04-10,Novus Performance,House View ARS,ARS,43709405796.2,40593829.947631165
2025-04-10,Novus Capital,House View USD,USD,22368166.41,22368166.41
2025-04-10,Novus Renta Balanceado,Renta Fija Mix,ARS,838989255.5,779186.6886604436
2025-04-10,Novus PyME FCI Abierto PyMES,PyME,ARS,2538903911.13,2357932.6175774056
2025-04-10,Novus Valor,Dólar Linked,ARS,485562473.49,450951.920273367
2025-04-10,Novus Renta Mixta,Mixto,ARS,1455927249.67,1352149.7744626054
2025-04-10,Novus Gestion II,Renta Fija CP,ARS,10368798423.66,9629717.73018047
2025-04-10,Novus Renta Fija,Renta Fija,ARS,2748385976.2,2552482.947686663
2025-04-10,Novus Balanceado,Renta Fija Mix,ARS,1616633.99,1501.4014508366022
2025-04-10,Novus Liquidez,Money Market,ARS,64795052857.3,60176506.846169025
2025-04-10,Novus Renta Capital,Pagarés/Cheques,ARS,4332906821.1,4024060.2559267916
2025-04-10,Novus Renta Dolar,USD MEP,USD,15801461.41,15801461.41
2025-04-10,Novus Gestión,Renta Fija CER,ARS,51582118596.52,47905381.29044336
2025-04-10,Novus Estrategia,CER,ARS,1310559448.79,1217143.6886718704
2025-04-10,Novus Income,Renta Fija,ARS,2129794522.77,1977984.2600431324
2025-04-10,Novus Ahorro Dolares,USD MEP,USD,2000.0,2000.0
2025-04-10,Novus Multiestrategia,Multi,ARS,4592219806.78,4264889.593506612
2025-04-10,Novus Liquidez Plus,Renta Fija CP,ARS,7234021228.04,6718385.258720209
2025-04-11,Novus Renta Capital,Pagarés/Cheques,ARS,4449623980.99,4143039.104188613
2025-04-11,Novus Estrategia,CER,ARS,1327566970.86,1236095.8807306837
2025-04-11,Novus Income,Renta Fija,ARS,2140515708.37,1993031.3933928858
2025-04-11,Novus PyME FCI Abierto PyMES,PyME,ARS,2543408435.63,2368164.2879841267
2025-04-11,Novus Ahorro Dolares,USD MEP,USD,2000.0,2000.0
2025-04-11,Novus Renta Balanceado,Renta Fija Mix,ARS,850345093.73,791755.211323381
2025-04-11,Novus Multiestrategia,Multi,ARS,4614341926.83,4296407.769426907
2025-04-11,Novus Renta Dolar,USD MEP,USD,15875263.63,15875263.63
2025-04-11,Novus Balanceado,Renta Fija Mix,ARS,1630899.56,1518.528460146572
2025-04-11,Novus Valor,Dólar Linked,ARS,514978888.46,479496.17357255094
2025-04-11,Novus Renta Mixta,Mixto,ARS,1494048596.08,1391106.705546913
2025-04-11,Novus Renta Fija,Renta Fija,ARS,2761576023.51,2571299.8454413307
2025-04-11,Novus Performance,House View ARS,ARS,44055209411.9,41019748.21164785
2025-04-11,Novus Liquidez,Money Market,ARS,55802800778.86,51957915.26155553
2025-04-11,Novus Capital,House View USD,USD,22737960.91,22737960.91
2025-04-11,Novus Gestión,Renta Fija CER,ARS,52046293367.53,48460236.0943258
2025-04-11,Novus Liquidez Plus,Renta Fija CP,ARS,7295483471.54,6792815.17622238
2025-04-11,Novus Gestion II,Renta Fija CP,ARS,10408432973.35,9691278.41052332
2025-04-14,Novus PyME FCI Abierto PyMES,PyME,ARS,2572970324.79,2153113.284487801
2025-04-14,Novus Ahorro Dolares,USD MEP,USD,2000.0,2000.0
2025-04-14,Novus Estrategia,CER,ARS,1361617859.17,1139429.193072426
2025-04-14,Novus Renta Balanceado,Renta Fija Mix,ARS,846171739.98,708093.5200672379
2025-04-14,Novus Gestion II,Renta Fija CP,ARS,10489196578.65,8777570.529865554
2025-04-14,Novus Valor,Dólar Linked,ARS,526926686.52,440942.84250633523
2025-04-14,Novus Capital,House View USD,USD,23338909.7,23338909.7
2025-04-14,Novus Renta Dolar,USD MEP,USD,16379902.43,16379902.43
2025-04-14,Novus Renta Mixta,Mixto,ARS,1530512623.5,1280763.7266485328
2025-04-14,Novus Multiestrategia,Multi,ARS,4681601450.18,3917658.1936997743
2025-04-14,Novus Liquidez Plus,Renta Fija CP,ARS,7336062186.66,6138964.292647042
2025-04-14,Novus Renta Capital,Pagarés/Cheques,ARS,4510273022.98,3774287.122117427
2025-04-14,Novus Renta Fija,Renta Fija,ARS,2769218860.91,2317338.0041085933
2025-04-14,Novus Balanceado,Renta Fija Mix,ARS,1635431.83,1368.5622275237836
2025-04-14,Novus Income,Renta Fija,ARS,2133813750.78,1785618.2363090953
2025-04-14,Novus Liquidez,Money Market,ARS,61221654738.15,51231511.24014418
2025-04-14,Novus Gestión,Renta Fija CER,ARS,52626174304.58,44038640.444176085
2025-04-14,Novus Performance,House View ARS,ARS,44143432440.86,36940111.54950373
2025-04-15,Novus Balanceado,Renta Fija Mix,ARS,1650216.37,1375.7535384930877
2025-04-15,Novus Renta Dolar,USD MEP,USD,16284250.42,16284250.42
2025-04-15,Novus Capital,House View USD,USD,23518585.04,23518585.04
2025-04-15,Novus Valor,Dólar Linked,ARS,547554735.98,456485.81558013114
2025-04-15,Novus Gestión,Renta Fija CER,ARS,52895823903.17,44098227.49867242
2025-04-15,Novus Gestion II,Renta Fija CP,ARS,10535104312.0,8782913.137401361
2025-04-15,Novus Renta Mixta,Mixto,ARS,1519103229.1,1266447.0434083748
2025-04-15,Novus Liquidez,Money Market,ARS,65874297385.87,54918130.35666142
2025-04-15,Novus PyME FCI Abierto PyMES,PyME,ARS,2577173128.34,2148539.497655726
2025-04-15,Novus Multiestrategia,Multi,ARS,4698676821.8,3917196.181872081
2025-04-15,Novus Renta Balanceado,Renta Fija Mix,ARS,848282245.23,707196.5360009328
2025-04-15,Novus Income,Renta Fija,ARS,2147964754.6,1790716.7601902934
2025-04-15,Novus Renta Capital,Pagarés/Cheques,ARS,9526537457.77,7942090.41637008
2025-04-15,Novus Estrategia,CER,ARS,1366006846.21,1138813.543753169
2025-04-15,Novus Performance,House View ARS,ARS,44158146399.05,36813794.40066325
2025-04-15,Novus Renta Fija,Renta Fija,ARS,2777140904.01,2315248.772853738
2025-04-15,Novus Liquidez Plus,Renta Fija CP,ARS,7228575429.25,6026323.823860066
2025-04-15,Novus Ahorro Dolares,USD MEP,USD,2000.0,2000.0
2025-04-16,Novus Capital,House View USD,USD,23582126.16,23582126.16
2025-04-16,Novus Renta Mixta,Mixto,ARS,1505219114.97,1337972.563364657
2025-04-16,Novus Valor,Dólar Linked,ARS,530795748.79,471818.4492666195
2025-04-16,Novus Gestión,Renta Fija CER,ARS,53558401975.85,47607469.01807114
2025-04-16,Novus Ahorro Dolares,USD MEP,USD,2000.0,2000.0
2025-04-16,Novus Estrategia,CER,ARS,1391542666.0,1236926.8296838077
2025-04-16,Novus Renta Fija,Renta Fija,ARS,2783963072.18,2474633.872870701
2025-04-16,Novus Gestion II,Renta Fija CP,ARS,11235888690.01,9987456.738185432
2025-04-16,Novus Performance,House View ARS,ARS,44519853018.96,39573203.17818504
2025-04-16,Novus Balanceado,Renta Fija Mix,ARS,1698928.75,1510.1589077658753
2025-04-16,Novus Income,Renta Fija,ARS,2177644069.83,1935683.641822712
2025-04-16,Novus Renta Dolar,USD MEP,USD,14933650.85,14933650.85
2025-04-16,Novus Liquidez Plus,Renta Fija CP,ARS,7621838737.08,6774967.850980432
2025-04-16,Novus Multiestrategia,Multi,ARS,4744655920.49,4217471.982042844
2025-04-16,Novus Renta Balanceado,Renta Fija Mix,ARS,849355579.73,754982.7469750621
2025-04-16,Novus PyME FCI Abierto PyMES,PyME,ARS,2574694254.51,2288617.1437277147
2025-04-16,Novus Liquidez,Money Market,ARS,71003958657.05,63114630.70631067
2025-04-16,Novus Renta Capital,Pagarés/Cheques,ARS,9588208055.33,8522851.711273424
2025-04-21,Novus Liquidez Plus,Renta Fija CP,ARS,6676653272.07,6102973.857643276
2025-04-21,Novus Renta Mixta,Mixto,ARS,1474776897.85,1348059.347500655
2025-04-21,Novus Income,Renta Fija,ARS,2181479604.44,1994039.8960917816
2025-04-21,Novus Multiestrategia,Multi,ARS,4710566110.78,4305819.196730229
2025-04-21,Novus Liquidez,Money Market,ARS,65398410192.75,59779169.51407632
2025-04-21,Novus Renta Dolar,USD MEP,USD,14952914.83,14952914.83
2025-04-21,Novus Valor,Dólar Linked,ARS,512420748.22,468391.91778654343
2025-04-21,Novus PyME FCI Abierto PyMES,PyME,ARS,2572578922.81,2351534.7095096125
2025-04-21,Novus Performance,House View ARS,ARS,42613720815.02,38952213.55868688
2025-04-21,Novus Ahorro Dolares,USD MEP,USD,2000.0,2000.0
2025-04-21,Novus Gestión,Renta Fija CER,ARS,52945253746.23,48396028.11954195
2025-04-21,Novus Capital,House View USD,USD,23720580.67,23720580.67
2025-04-21,Novus Balanceado,Renta Fija Mix,ARS,1692346.53,1546.9347006335045
2025-04-21,Novus Gestion II,Renta Fija CP,ARS,10149900614.98,9277788.674458953
2025-04-21,Novus Renta Fija,Renta Fija,ARS,2774117948.61,2535756.857287994
2025-04-21,Novus Renta Capital,Pagarés/Cheques,ARS,9642626592.21,8814101.259002224
2025-04-21,Novus Estrategia,CER,ARS,1375071993.53,1256921.4076155236
2025-04-21,Novus Renta Balanceado,Renta Fija Mix,ARS,843941714.55,771427.5418223776
2025-04-22,Novus Ahorro Dolares,USD MEP,USD,2000.0,2000.0
2025-04-22,Novus Balanceado,Renta Fija Mix,ARS,1696987.5,1537.12635623625
2025-04-22,Novus Multiestrategia,Multi,ARS,4688062014.16,4246432.977046287
2025-04-22,Novus Renta Balanceado,Renta Fija Mix,ARS,850430099.49,770317.1178707535
2025-04-22,Novus Renta Dolar,USD MEP,USD,14724016.74,14724016.74
2025-04-22,Novus Liquidez Plus,Renta Fija CP,ARS,6796183997.68,6155963.756164951
2025-04-22,Novus Capital,House View USD,USD,23946762.08,23946762.08
2025-04-22,Novus Performance,House View ARS,ARS,42173846152.57,38200947.54084407
2025-04-22,Novus Renta Mixta,Mixto,ARS,1498982031.44,1357773.577030461
2025-04-22,Novus Gestión,Renta Fija CER,ARS,52814702466.52,47839404.331536666
2025-04-22,Novus PyME FCI Abierto PyMES,PyME,ARS,2576583240.59,2333861.6272350247
2025-04-22,Novus Estrategia,CER,ARS,1365269583.47,1236657.2294253341
2025-04-22,Novus Renta Capital,Pagarés/Cheques,ARS,9493965732.04,8599606.62758121
2025-04-22,Novus Liquidez,Money Market,ARS,77778788576.87,70451801.13444197
2025-04-22,Novus Income,Renta Fija,ARS,2181341841.02,1975853.113704577
2025-04-22,Novus Valor,Dólar Linked,ARS,456491294.64,413488.4908601576
2025-04-22,Novus Gestion II,Renta Fija CP,ARS,12024820685.81,10892047.70522671
2025-04-22,Novus Renta Fija,Renta Fija,ARS,2783451831.44,2521242.5969080413
2025-04-23,Novus Renta Dolar,USD MEP,USD,14736561.0,14736561.0
2025-04-23,Novus Liquidez,Money Market,ARS,65747734689.94,56679083.89642198
2025-04-23,Novus Balanceado,Renta Fija Mix,ARS,1699619.76,1465.1895068834424
2025-04-23,Novus Estrategia,CER,ARS,1362609247.93,1174663.191753769
2025-04-23,Novus Multiestrategia,Multi,ARS,4665459403.09,4021947.9221623996
2025-04-23,Novus Renta Mixta,Mixto,ARS,1514974290.66,1306012.3717749778
2025-04-23,Novus Ahorro Dolares,USD MEP,USD,2000.0,2000.0
2025-04-23,Novus Renta Balanceado,Renta Fija Mix,ARS,855982258.89,737915.7699390446
2025-04-23,Novus Renta Capital,Pagarés/Cheques,ARS,9487196923.55,8178618.364687837
2025-04-23,Novus Performance,House View ARS,ARS,42466190436.39,36608786.32330835
2025-04-23,Novus Liquidez Plus,Renta Fija CP,ARS,6890035281.81,5939685.825354675
2025-04-23,Novus Renta Fija,Renta Fija,ARS,2792407822.18,2407248.218858894
2025-04-23,Novus Capital,House View USD,USD,24401291.98,24401291.98
2025-04-23,Novus Gestión,Renta Fija CER,ARS,52600828346.18,45345543.49156312
2025-04-23,Novus Valor,Dólar Linked,ARS,474159492.66,408758.1996779142
2025-04-23,Novus Income,Renta Fija,ARS,2184643127.61,1883313.1163756282
2025-04-23,Novus PyME FCI Abierto PyMES,PyME,ARS,2589048158.72,2231938.157139595
2025-04-23,Novus Gestion II,Renta Fija CP,ARS,11079767275.81,9551523.895690266
2025-04-24,Novus Liquidez Plus,Renta Fija CP,ARS,6594501268.27,5617122.321898196
2025-04-24,Novus Capital,House View USD,USD,24423610.33,24423610.33
2025-04-24,Novus Renta Balanceado,Renta Fija Mix,ARS,859952215.4,732497.6656129094
2025-04-24,Novus Renta Mixta,Mixto,ARS,1524361948.2,1298434.4346229436
2025-04-24,Novus Estrategia,CER,ARS,1361269636.38,1159514.2300485596
2025-04-24,Novus Valor,Dólar Linked,ARS,477674495.86,406877.78561919543
2025-04-24,Novus PyME FCI Abierto PyMES,PyME,ARS,2594486011.69,2209954.126514217
2025-04-24,Novus Renta Dolar,USD MEP,USD,14519141.28,14519141.28
2025-04-24,Novus Gestion II,Renta Fija CP,ARS,11076613106.69,9434934.986211771
2025-04-24,Novus Renta Capital,Pagarés/Cheques,ARS,9604441933.37,8180956.0690949345
2025-04-24,Novus Liquidez,Money Market,ARS,68240821473.58,58126767.43399509
2025-04-24,Novus Balanceado,Renta Fija Mix,ARS,1704268.31,1451.6766586529318
2025-04-24,Novus Performance,House View ARS,ARS,42685660198.65,36359167.27781594
2025-04-24,Novus Income,Renta Fija,ARS,2186508845.65,1862443.7458256036
2025-04-24,Novus Ahorro Dolares,USD MEP,USD,2000.0,2000.0
2025-04-24,Novus Renta Fija,Renta Fija,ARS,2551746364.81,2173548.973985878
2025-04-24,Novus Multiestrategia,Multi,ARS,4654736904.26,3964852.761995351
2025-04-24,Novus Gestión,Renta Fija CER,ARS,52570325295.18,44778814.29879113
2025-04-25,Novus Renta Fija,Renta Fija,ARS,2556723866.29,2186168.416470335
2025-04-25,Novus Income,Renta Fija,ARS,2193997163.57,1876013.0368643377
2025-04-25,Novus Gestión,Renta Fija CER,ARS,52662006731.78,45029507.24671925
2025-04-25,Novus Valor,Dólar Linked,ARS,477059795.94,407917.75459318014
2025-04-25,Novus PyME FCI Abierto PyMES,PyME,ARS,2596203256.33,2219925.9124380955
2025-04-25,Novus Renta Capital,Pagarés/Cheques,ARS,9659970588.59,8259915.309294662
2025-04-25,Novus Renta Dolar,USD MEP,USD,13889419.78,13889419.78
2025-04-25,Novus Capital,House View USD,USD,24216670.33,24216670.33
2025-04-25,Novus Renta Balanceado,Renta Fija Mix,ARS,863081065.28,737991.533089045
2025-04-25,Novus Balanceado,Renta Fija Mix,ARS,1710914.4,1462.9452456247534
2025-04-25,Novus Liquidez Plus,Renta Fija CP,ARS,5285576761.68,4519518.564975803
2025-04-25,Novus Gestion II,Renta Fija CP,ARS,11115790691.44,9504738.01810426
2025-04-25,Novus Renta Mixta,Mixto,ARS,1511180323.21,1292159.3676000084
2025-04-25,Novus Multiestrategia,Multi,ARS,4671354353.22,3994317.6827968103
2025-04-25,Novus Liquidez,Money Market,ARS,61994113359.21,53009077.13184148
2025-04-25,Novus Estrategia,CER,ARS,1366836180.56,1168735.555617598
2025-04-25,Novus Performance,House View ARS,ARS,41874622446.24,35805578.479004204
2025-04-25,Novus Ahorro Dolares,USD MEP,USD,2000.0,2000.0
2025-04-28,Novus Renta Fija,Renta Fija,ARS,2554975555.52,2168909.5511689316
2025-04-28,Novus Renta Dolar,USD MEP,USD,9607236.5,9607236.5
2025-04-28,Novus Ahorro Dolares,USD MEP,USD,2000.0,2000.0
2025-04-28,Novus Liquidez,Money Market,ARS,62042959554.96,52668045.01155123
2025-04-28,Novus PyME FCI Abierto PyMES,PyME,ARS,2602025896.89,2208850.4165766956
2025-04-28,Novus Gestión,Renta Fija CER,ARS,52733273697.72,44765086.20220927
2025-04-28,Novus Estrategia,CER,ARS,1364815854.0,1158587.2651235275
2025-04-28,Novus Gestion II,Renta Fija CP,ARS,11108988187.88,9430380.08033387
2025-04-28,Novus Income,Renta Fija,ARS,2198412917.59,1866224.8114556507
2025-04-28,Novus Performance,House View ARS,ARS,41814498681.46,35496177.398496196
2025-04-28,Novus Balanceado,Renta Fija Mix,ARS,1719428.34,1459.6165278839785
2025-04-28,Novus Valor,Dólar Linked,ARS,477392952.56,405257.15881355543
2025-04-28,Novus Capital,House View USD,USD,24249631.85,24249631.85
2025-04-28,Novus Renta Balanceado,Renta Fija Mix,ARS,863901267.83,733362.676216324
2025-04-28,Novus Multiestrategia,Multi,ARS,4667107857.6,3961891.058728359
2025-04-28,Novus Renta Mixta,Mixto,ARS,1504093878.26,1276819.8785169544
2025-04-28,Novus Renta Capital,Pagarés/Cheques,ARS,9674371323.21,8212538.988536218
2025-04-28,Novus Liquidez Plus,Renta Fija CP,ARS,5695186430.63,4834623.258290664
2025-04-29,Novus Ahorro Dolares,USD MEP,USD,2000.0,2000.0
2025-04-29,Novus PyME FCI Abierto PyMES,PyME,ARS,2601254469.24,2232836.457632516
2025-04-29,Novus Renta Balanceado,Renta Fija Mix,ARS,862020497.87,739931.7589382238
2025-04-29,Novus Valor,Dólar Linked,ARS,470542898.79,403899.4845457634
2025-04-29,Novus Renta Mixta,Mixto,ARS,1492264830.18,1280914.0192432594
2025-04-29,Novus Income,Renta Fija,ARS,2198353574.35,1886998.7790965925
2025-04-29,Novus Gestion II,Renta Fija CP,ARS,11167095716.04,9585489.899391111
2025-04-29,Novus Renta Capital,Pagarés/Cheques,ARS,9671860332.84,8302026.049225571
2025-04-29,Novus Gestión,Renta Fija CER,ARS,52749219187.4,45278299.799591266
2025-04-29,Novus Performance,House View ARS,ARS,41706328784.7,35799423.90322703
2025-04-29,Novus Estrategia,CER,ARS,1356543877.96,1164415.347635035
2025-04-29,Novus Liquidez,Money Market,ARS,58315421307.38,50056155.70373659
2025-04-29,Novus Capital,House View USD,USD,24449699.41,24449699.41
2025-04-29,Novus Liquidez Plus,Renta Fija CP,ARS,5640864415.07,4841943.711185662
2025-04-29,Novus Multiestrategia,Multi,ARS,4668498161.98,4007294.5656504263
2025-04-29,Novus Balanceado,Renta Fija Mix,ARS,1718644.0,1475.2309035004
2025-04-29,Novus Renta Dolar,USD MEP,USD,9340653.25,9340653.25
2025-04-29,Novus Renta Fija,Renta Fija,ARS,2557017794.86,2194865.063257963
2025-04-30,Novus Liquidez Plus,Renta Fija CP,ARS,5654788140.04,4833152.512601527
2025-04-30,Novus PyME FCI Abierto PyMES,PyME,ARS,2604884603.56,2226397.2150588813
2025-04-30,Novus Renta Balanceado,Renta Fija Mix,ARS,864137232.35,738578.8702130562
2025-04-30,Novus Ahorro Dolares,USD MEP,USD,2000.0,2000.0
2025-04-30,Novus Renta Mixta,Mixto,ARS,1490440603.61,1273880.9253020138
2025-04-30,Novus Valor,Dólar Linked,ARS,473681245.5,404855.7868419721
2025-04-30,Novus Balanceado,Renta Fija Mix,ARS,1728516.85,1477.3649073601691
2025-04-30,Novus Income,Renta Fija,ARS,2206581101.42,1885966.8533066707
2025-04-30,Novus Renta Capital,Pagarés/Cheques,ARS,9688386987.2,8280673.077508152
2025-04-30,Novus Renta Fija,Renta Fija,ARS,2564063134.01,2191507.068295174
2025-04-30,Novus Gestion II,Renta Fija CP,ARS,11141421029.19,9522582.580927646
2025-04-30,Novus Gestión,Renta Fija CER,ARS,52847385274.32,45168707.75660817
2025-04-30,Novus Liquidez,Money Market,ARS,55331720167.5,47292071.02571053
2025-04-30,Novus Estrategia,CER,ARS,1362851838.5,1164830.6929326078
2025-04-30,Novus Capital,House View USD,USD,24432569.94,24432569.94
2025-04-30,Novus Renta Dolar,USD MEP,USD,5271987.44,5271987.44
2025-04-30,Novus Performance,House View ARS,ARS,41817948158.09,35741837.92687296
2025-04-30,Novus Multiestrategia,Multi,ARS,4681066500.35,4000911.750809007
2025-05-05,Novus Balanceado,Renta Fija Mix,ARS,1352288.56,1126.9070882570497
2025-05-05,Novus Estrategia,CER,ARS,1364917516.5,1137431.2182527513
2025-05-05,Novus Renta Fija,Renta Fija,ARS,2572891429.33,2144076.1053452888
2025-05-05,Novus Gestion II,Renta Fija CP,ARS,11132594507.43,9277161.71843853
2025-05-05,Novus Performance,House View ARS,ARS,42007336988.01,35006112.75643049
2025-05-05,Novus Renta Capital,Pagarés/Cheques,ARS,9702529882.69,8085441.245490683
2025-05-05,Novus Liquidez,Money Market,ARS,60471666405.67,50393053.3223362
2025-05-05,Novus Ahorro Dolares,USD MEP,USD,2000.0,2000.0
2025-05-05,Novus Liquidez Plus,Renta Fija CP,ARS,5724378143.62,4770314.928870736
2025-05-05,Novus Renta Balanceado,Renta Fija Mix,ARS,866561762.38,722134.7730979424
2025-05-05,Novus Capital,House View USD,USD,24328313.55,24328313.55
2025-05-05,Novus Multiestrategia,Multi,ARS,4693349866.03,3911124.7319133435
2025-05-05,Novus Renta Mixta,Mixto,ARS,1483762907.55,1236469.0401662383
2025-05-05,Novus Gestión,Renta Fija CER,ARS,52989984893.29,44158318.97807557
2025-05-05,Novus Valor,Dólar Linked,ARS,480650928.23,400542.4241699697
2025-05-05,Novus Income,Renta Fija,ARS,2206984618.46,1839153.7751505156
2025-05-05,Novus PyME FCI Abierto PyMES,PyME,ARS,2618184686.83,2181820.4850855134
2025-05-05,Novus Renta Dolar,USD MEP,USD,5230049.28,5230049.28
2025-05-06,Novus Estrategia,CER,ARS,1368747836.98,1146354.9203005452
2025-05-06,Novus Gestion II,Renta Fija CP,ARS,11123738001.05,9316363.062003616
2025-05-06,Novus Liquidez,Money Market,ARS,59838943923.57,50116366.16991798
2025-05-06,Novus Valor,Dólar Linked,ARS,479797844.83,401840.72282008274
2025-05-06,Novus Renta Dolar,USD MEP,USD,5234070.02,5234070.02
2025-05-06,Novus Renta Mixta,Mixto,ARS,1499970476.88,1256256.6237699694
2025-05-06,Novus Income,Renta Fija,ARS,2209770887.78,1850729.3027273086
2025-05-06,Novus Renta Balanceado,Renta Fija Mix,ARS,867372445.79,726442.5514332434
2025-05-06,Novus Performance,House View ARS,ARS,42112707150.93,35270272.3944834
2025-05-06,Novus PyME FCI Abierto PyMES,PyME,ARS,2618677308.63,2193196.97633338
2025-05-06,Novus Renta Fija,Renta Fija,ARS,2575292897.16,2156861.624993055
2025-05-06,Novus Capital,House View USD,USD,24368158.65,24368158.65
2025-05-06,Novus Renta Capital,Pagarés/Cheques,ARS,11138818003.53,9328992.879252668
2025-05-06,Novus Ahorro Dolares,USD MEP,USD,2000.0,2000.0
2025-05-06,Novus Multiestrategia,Multi,ARS,4707788247.94,3942871.05042414
2025-05-06,Novus Liquidez Plus,Renta Fija CP,ARS,5739847367.81,4807242.133350872
2025-05-06,Novus Balanceado,Renta Fija Mix,ARS,1353784.62,1133.8229133485604
2025-05-06,Novus Gestión,Renta Fija CER,ARS,53143836687.45,44509073.931926236
2025-05-07,Novus Estrategia,CER,ARS,1368974615.63,1217948.9253413142
2025-05-07,Novus Performance,House View ARS,ARS,41556364053.12,36971853.5038706
2025-05-07,Novus Gestion II,Renta Fija CP,ARS,11078615058.5,9856418.921661764
2025-05-07,Novus Capital,House View USD,USD,24321161.78,24321161.78
2025-05-07,Novus Liquidez,Money Market,ARS,61073514019.66,54335865.63095692
2025-05-07,Novus Ahorro Dolares,USD MEP,USD,2000.0,2000.0
2025-05-07,Novus Renta Dolar,USD MEP,USD,5234060.95,5234060.95
2025-05-07,Novus Renta Capital,Pagarés/Cheques,ARS,11978085658.62,10656659.655335346
2025-05-07,Novus Gestión,Renta Fija CER,ARS,53198737220.54,47329836.57074887
2025-05-07,Novus Renta Fija,Renta Fija,ARS,2571958853.34,2288219.581051876
2025-05-07,Novus Income,Renta Fija,ARS,2209744812.83,1965965.1021551508
2025-05-07,Novus Valor,Dólar Linked,ARS,451176262.39,401402.36177025654
2025-05-07,Novus Balanceado,Renta Fija Mix,ARS,1357608.8,1207.8369899013603
2025-05-07,Novus Renta Mixta,Mixto,ARS,1475107260.3,1312372.9848115263
2025-05-07,Novus PyME FCI Abierto PyMES,PyME,ARS,2607136632.57,2319516.5371238883
2025-05-07,Novus Multiestrategia,Multi,ARS,4714485280.04,4194381.8496004045
2025-05-07,Novus Liquidez Plus,Renta Fija CP,ARS,5931779460.67,5277383.771035048
2025-05-07,Novus Renta Balanceado,Renta Fija Mix,ARS,866598879.16,770995.4308314052
2025-05-08,Novus Liquidez,Money Market,ARS,52085314321.47,46755220.97422818
2025-05-08,Novus Performance,House View ARS,ARS,41576820816.5,37322102.592746414
2025-05-08,Novus Renta Capital,Pagarés/Cheques,ARS,11979590806.33,10753672.55871412
2025-05-08,Novus Capital,House View USD,USD,24210190.76,24210190.76
2025-05-08,Novus Renta Dolar,USD MEP,USD,3174323.1,3174323.1
2025-05-08,Novus Ahorro Dolares,USD MEP,USD,2000.0,2000.0
2025-05-08,Novus Balanceado,Renta Fija Mix,ARS,1360518.53,1221.2913628028346
2025-05-08,Novus Renta Fija,Renta Fija,ARS,2572220944.7,2308995.5437671673
2025-05-08,Novus Liquidez Plus,Renta Fija CP,ARS,6069734291.07,5448594.709101078
2025-05-08,Novus Valor,Dólar Linked,ARS,452126134.69,405858.30403524754
2025-05-08,Novus Renta Balanceado,Renta Fija Mix,ARS,865013965.46,776493.7128200139
2025-05-08,Novus Gestion II,Renta Fija CP,ARS,6696760950.44,6011455.285013775
2025-05-08,Novus Renta Mixta,Mixto,ARS,1488757657.85,1336407.2805673454
2025-05-08,Novus Multiestrategia,Multi,ARS,4755199405.31,4268581.304886953
2025-05-08,Novus Estrategia,CER,ARS,1382512557.4,1241034.6556022859
2025-05-08,Novus Gestión,Renta Fija CER,ARS,53310412806.41,47854950.35332018
2025-05-08,Novus PyME FCI Abierto PyMES,PyME,ARS,2607061431.46,2340270.6676391186
2025-05-08,Novus Income,Renta Fija,ARS,2214030154.23,1987459.813830045
2025-05-09,Novus Valor,Dólar Linked,ARS,459430857.48,404428.5762549522
2025-05-09,Novus Gestión,Renta Fija CER,ARS,53524374503.09,47116527.37901672
2025-05-09,Novus Liquidez Plus,Renta Fija CP,ARS,6079333122.32,5351525.695782158
2025-05-09,Novus Balanceado,Renta Fija Mix,ARS,1362841.48,1199.684414844916
2025-05-09,Novus Ahorro Dolares,USD MEP,USD,2000.0,2000.0
2025-05-09,Novus Renta Balanceado,Renta Fija Mix,ARS,866860060.45,763081.0476750288
2025-05-09,Novus Renta Fija,Renta Fija,ARS,2576387592.26,2267946.84957354
2025-05-09,Novus Multiestrategia,Multi,ARS,4780970078.98,4208600.468773648
2025-05-09,Novus Renta Capital,Pagarés/Cheques,ARS,12005726308.91,10568421.16494202
2025-05-09,Novus Renta Mixta,Mixto,ARS,1495842531.68,1316762.8067195744
2025-05-09,Novus Liquidez,Money Market,ARS,54497662585.82,47973295.06707203
2025-05-09,Novus Renta Dolar,USD MEP,USD,3174526.62,3174526.62
2025-05-09,Novus Performance,House View ARS,ARS,41799034752.86,36794925.37060668
2025-05-09,Novus Estrategia,CER,ARS,1394419699.47,1227482.1435629409
2025-05-09,Novus PyME FCI Abierto PyMES,PyME,ARS,2513233161.99,2212353.1603329326
2025-05-09,Novus Income,Renta Fija,ARS,2216139888.83,1950827.3887770835
2025-05-09,Novus Gestion II,Renta Fija CP,ARS,7457108242.28,6564355.920598251
2025-05-09,Novus Capital,House View USD,USD,24454226.64,24454226.64
2025-05-12,Novus Multiestrategia,Multi,ARS,4781360316.24,4231292.543746434
2025-05-12,Novus Estrategia,CER,ARS,1391947447.2,1231811.9666948374
2025-05-12,Novus Renta Mixta,Mixto,ARS,1527291660.5,1351585.6132511098
2025-05-12,Novus Renta Balanceado,Renta Fija Mix,ARS,870141952.68,770037.1678474938
2025-05-12,Novus Balanceado,Renta Fija Mix,ARS,1364538.38,1207.5561537036074
2025-05-12,Novus Gestion II,Renta Fija CP,ARS,7471765870.85,6612182.543650778
2025-05-12,Novus Performance,House View ARS,ARS,41926195321.14,37102829.721375816
2025-05-12,Novus Liquidez Plus,Renta Fija CP,ARS,6616373823.96,5855198.390481598
2025-05-12,Novus Valor,Dólar Linked,ARS,459709664.32,406822.73375603824
2025-05-12,Novus Capital,House View USD,USD,24685965.26,24685965.26
2025-05-12,Novus Gestión,Renta Fija CER,ARS,53532747573.75,47374115.455326125
2025-05-12,Novus PyME FCI Abierto PyMES,PyME,ARS,2517987678.12,2228307.8000808335
2025-05-12,Novus Liquidez,Money Market,ARS,50750101609.83,44911596.77020853
2025-05-12,Novus Renta Dolar,USD MEP,USD,3175017.9,3175017.9
2025-05-12,Novus Ahorro Dolares,USD MEP,USD,2000.0,2000.0
2025-05-12,Novus Income,Renta Fija,ARS,2217493336.12,1962383.589260749
2025-05-12,Novus Renta Fija,Renta Fija,ARS,2581814964.19,2284792.1270867395
2025-05-12,Novus Renta Capital,Pagarés/Cheques,ARS,13329071283.16,11795638.940645918
2025-05-13,Novus Gestión,Renta Fija CER,ARS,53527583027.78,47558936.35468436
2025-05-13,Novus Valor,Dólar Linked,ARS,458505076.19,407379.00916435785
2025-05-13,Novus Renta Fija,Renta Fija,ARS,2585252720.38,2296981.5305413078
2025-05-13,Novus Ahorro Dolares,USD MEP,USD,2000.0,2000.0
2025-05-13,Novus Multiestrategia,Multi,ARS,4770402047.48,4238473.596773695
2025-05-13,Novus Renta Dolar,USD MEP,USD,3171651.73,3171651.73
2025-05-13,Novus Gestion II,Renta Fija CP,ARS,7403801222.99,6578232.963819277
2025-05-13,Novus PyME FCI Abierto PyMES,PyME,ARS,2518982959.26,2238101.2454047548
2025-05-13,Novus Renta Mixta,Mixto,ARS,6527142735.1,5799327.157279939
2025-05-13,Novus Balanceado,Renta Fija Mix,ARS,301365442.55,267761.3875130197
2025-05-13,Novus Renta Balanceado,Renta Fija Mix,ARS,869206929.38,772285.1415125537
2025-05-13,Novus Liquidez Plus,Renta Fija CP,ARS,6697148097.22,5950375.901491387
2025-05-13,Novus Performance,House View ARS,ARS,41955562000.77,37277265.10431214
2025-05-13,Novus Renta Capital,Pagarés/Cheques,ARS,13467381521.11,11965687.67721711
2025-05-13,Novus Estrategia,CER,ARS,1393980721.42,1238543.5070973416
2025-05-13,Novus Liquidez,Money Market,ARS,58298920645.82,51798241.20028719
2025-05-13,Novus Capital,House View USD,USD,24742496.48,24742496.48
2025-05-13,Novus Income,Renta Fija,ARS,2218715180.69,1971315.125751981
2025-05-14,Novus Renta Capital,Pagarés/Cheques,ARS,13472463539.72,11901469.205773048
2025-05-14,Novus PyME FCI Abierto PyMES,PyME,ARS,2521393157.28,2227379.0482745273
2025-05-14,Novus Liquidez,Money Market,ARS,55863821454.96,49349664.13550436
2025-05-14,Novus Performance,House View ARS,ARS,41929135131.08,37039870.92754208
2025-05-14,Novus Renta Fija,Renta Fija,ARS,2583523294.94,2282264.3272682973
2025-05-14,Novus Multiestrategia,Multi,ARS,4773559497.42,4216925.226256752
2025-05-14,Novus Capital,House View USD,USD,24908706.36,24908706.36
2025-05-14,Novus Liquidez Plus,Renta Fija CP,ARS,6437888691.18,5687180.654256626
2025-05-14,Novus Renta Mixta,Mixto,ARS,6520343285.79,5760020.399989262
2025-05-14,Novus Renta Balanceado,Renta Fija Mix,ARS,869057484.93,767718.6035387801
2025-05-14,Novus Gestion II,Renta Fija CP,ARS,7202441978.08,6362581.064388448
2025-05-14,Novus Renta Dolar,USD MEP,USD,3172290.5,3172290.5
2025-05-14,Novus Income,Renta Fija,ARS,2220378865.48,1961465.370809883
2025-05-14,Novus Balanceado,Renta Fija Mix,ARS,301595908.92,266427.47349183867
2025-05-14,Novus Valor,Dólar Linked,ARS,458920210.38,405406.5342720514
2025-05-14,Novus Ahorro Dolares,USD MEP,USD,2000.0,2000.0
2025-05-14,Novus Estrategia,CER,ARS,1396136400.29,1233336.0061522648
2025-05-14,Novus Gestión,Renta Fija CER,ARS,53562994977.32,47317131.97160371
2025-05-15,Novus Renta Mixta,Mixto,ARS,6542739643.4,5749331.703447244
2025-05-15,Novus PyME FCI Abierto PyMES,PyME,ARS,2522667508.1,2216755.2236632514
2025-05-15,Novus Gestión,Renta Fija CER,ARS,53711091666.29,47197794.6509407
2025-05-15,Novus Renta Balanceado,Renta Fija Mix,ARS,867651380.6,762435.2888709892
2025-05-15,Novus Renta Capital,Pagarés/Cheques,ARS,13464188180.67,11831448.015265787
2025-05-15,Novus Multiestrategia,Multi,ARS,4787409874.96,4206862.701509028
2025-05-15,Novus Income,Renta Fija,ARS,2221370055.91,1951994.7275320524
2025-05-15,Novus Renta Dolar,USD MEP,USD,3165650.75,3165650.75
2025-05-15,Novus Renta Fija,Renta Fija,ARS,2584150350.14,2270782.324270134
2025-05-15,Novus Liquidez,Money Market,ARS,53382474317.97,46909027.216811664
2025-05-15,Novus Gestion II,Renta Fija CP,ARS,6843754937.98,6013844.257923883
2025-05-15,Novus Valor,Dólar Linked,ARS,460664369.09,404801.7201065537
2025-05-15,Novus Ahorro Dolares,USD MEP,USD,2000.0,2000.0
2025-05-15,Novus Estrategia,CER,ARS,1400707732.09,1230850.348675014
2025-05-15,Novus Balanceado,Renta Fija Mix,ARS,302108925.08,265473.5654366039
2025-05-15,Novus Capital,House View USD,USD,24881357.64,24881357.64
2025-05-15,Novus Liquidez Plus,Renta Fija CP,ARS,6487616167.73,5700892.798103757
2025-05-15,Novus Performance,House View ARS,ARS,41931503888.63,36846663.29697374
2025-05-16,Novus Renta Balanceado,Renta Fija Mix,ARS,868830837.3,760797.5438483567
2025-05-16,Novus Ahorro Dolares,USD MEP,USD,2000.0,2000.0
2025-05-16,Novus Renta Fija,Renta Fija,ARS,2589314786.31,2267350.8410414252
2025-05-16,Novus Balanceado,Renta Fija Mix,ARS,302793778.26,265143.400651684
2025-05-16,Novus Income,Renta Fija,ARS,1586604283.92,1389320.6714632537
2025-05-16,Novus Multiestrategia,Multi,ARS,4792403909.29,4196500.592275991
2025-05-16,Novus Performance,House View ARS,ARS,42054119390.81,36824971.40716278
2025-05-16,Novus Renta Dolar,USD MEP,USD,3147088.59,3147088.59
2025-05-16,Novus Estrategia,CER,ARS,1406389843.85,1231514.689579209
2025-05-16,Novus Renta Capital,Pagarés/Cheques,ARS,13555089700.77,11869605.115580274
2025-05-16,Novus Liquidez,Money Market,ARS,57504674059.32,50354353.12135988
2025-05-16,Novus Valor,Dólar Linked,ARS,446419049.13,390909.8313783146
2025-05-16,Novus Liquidez Plus,Renta Fija CP,ARS,7758459141.1,6793746.728580477
2025-05-16,Novus Gestión,Renta Fija CER,ARS,53820040896.84,47127879.40559206
2025-05-16,Novus Capital,House View USD,USD,24915808.25,24915808.25
2025-05-16,Novus PyME FCI Abierto PyMES,PyME,ARS,2527081340.31,2212855.7070874367
2025-05-16,Novus Renta Mixta,Mixto,ARS,6561465741.64,5745591.438487549
2025-05-16,Novus Gestion II,Renta Fija CP,ARS,6862196480.87,6008928.325190252
2025-05-19,Novus Gestion II,Renta Fija CP,ARS,6867775618.15,6019084.75191662
2025-05-19,Novus Multiestrategia,Multi,ARS,4784927509.1,4193626.2642209614
2025-05-19,Novus Ahorro Dolares,USD MEP,USD,2000.0,2000.0
2025-05-19,Novus Renta Fija,Renta Fija,ARS,2595820603.09,2275039.9954066714
2025-05-19,Novus Valor,Dólar Linked,ARS,444458030.68,389533.7739722945
2025-05-19,Novus Balanceado,Renta Fija Mix,ARS,303919376.36,266362.29629081197
2025-05-19,Novus Liquidez Plus,Renta Fija CP,ARS,9792811836.78,8582657.279800443
2025-05-19,Novus PyME FCI Abierto PyMES,PyME,ARS,2530825464.48,2218076.683046513
2025-05-19,Novus Estrategia,CER,ARS,1404035858.99,1230531.0044866237
2025-05-19,Novus Performance,House View ARS,ARS,42086320310.56,36885469.6091263
2025-05-19,Novus Gestión,Renta Fija CER,ARS,52929445242.66,46388646.70324211
2025-05-19,Novus Liquidez,Money Market,ARS,50717828972.29,44450332.68277609
2025-05-19,Novus Renta Mixta,Mixto,ARS,6566688969.81,5755205.127014555
2025-05-19,Novus Renta Dolar,USD MEP,USD,3179431.16,3179431.16
2025-05-19,Novus Capital,House View USD,USD,25142058.75,25142058.75
2025-05-19,Novus Renta Capital,Pagarés/Cheques,ARS,13566456116.28,11889970.448545808
2025-05-19,Novus Renta Balanceado,Renta Fija Mix,ARS,873231739.74,765321.4289162378
2025-05-19,Novus Income,Renta Fija,ARS,1588090119.84,1391840.6128086762
2025-05-20,Novus Liquidez,Money Market,ARS,57849759122.7,50612210.468714565
2025-05-20,Novus Balanceado,Renta Fija Mix,ARS,304480755.18,266387.3505878838
2025-05-20,Novus Renta Balanceado,Renta Fija Mix,ARS,875920507.96,766334.6187614306
2025-05-20,Novus Income,Renta Fija,ARS,1589463804.4,1390606.9415098014
2025-05-20,Novus Renta Mixta,Mixto,ARS,6562063578.79,5741087.741685741
2025-05-20,Novus Gestion II,Renta Fija CP,ARS,6923022831.65,6056887.598995978
2025-05-20,Novus Estrategia,CER,ARS,1405432406.36,1229599.6012597464
2025-05-20,Novus Ahorro Dolares,USD MEP,USD,2000.0,2000.0
2025-05-20,Novus Liquidez Plus,Renta Fija CP,ARS,9975916734.48,8727835.777379263
2025-05-20,Novus Performance,House View ARS,ARS,42243267774.4,36958237.88910555
2025-05-20,Novus Renta Capital,Pagarés/Cheques,ARS,13601181581.14,11899545.914232545
2025-05-20,Novus Renta Dolar,USD MEP,USD,3193669.96,3193669.96
2025-05-20,Novus PyME FCI Abierto PyMES,PyME,ARS,2534082335.98,2217044.815374948
2025-05-20,Novus Gestión,Renta Fija CER,ARS,51722200651.56,45251267.1613638
2025-05-20,Novus Valor,Dólar Linked,ARS,447314860.71,391351.566875489
2025-05-20,Novus Renta Fija,Renta Fija,ARS,2598933795.81,2273782.7479764926
2025-05-20,Novus Multiestrategia,Multi,ARS,4784843404.52,4186214.517086554
2025-05-20,Novus Capital,House View USD,USD,25203546.32,25203546.32
2025-05-21,Novus Capital,House View USD,USD,25124157.95,25124157.95
2025-05-21,Novus PyME FCI Abierto PyMES,PyME,ARS,2535452871.12,2214369.2046082597
2025-05-21,Novus Renta Capital,Pagarés/Cheques,ARS,13560380110.52,11843126.118236046
2025-05-21,Novus Valor,Dólar Linked,ARS,447501301.69,390830.81084710354
2025-05-21,Novus Income,Renta Fija,ARS,1591561194.51,1390009.7045841243
2025-05-21,Novus Estrategia,CER,ARS,1406718124.98,1228574.7177560362
2025-05-21,Novus Gestion II,Renta Fija CP,ARS,7036157031.33,6145114.991659261
2025-05-21,Novus Liquidez,Money Market,ARS,53486525104.54,46713119.932961434
2025-05-21,Novus Renta Balanceado,Renta Fija Mix,ARS,873318517.84,762723.5567051873
2025-05-21,Novus Renta Fija,Renta Fija,ARS,2599112803.68,2269967.3960927
2025-05-21,Novus Gestión,Renta Fija CER,ARS,50573120221.37,44168661.65202436
2025-05-21,Novus Liquidez Plus,Renta Fija CP,ARS,9718765686.84,8488004.525296254
2025-05-21,Novus Renta Mixta,Mixto,ARS,6554544984.31,5724493.13840496
2025-05-21,Novus Ahorro Dolares,USD MEP,USD,2000.0,2000.0
2025-05-21,Novus Balanceado,Renta Fija Mix,ARS,303858482.41,265378.57345795614
2025-05-21,Novus Multiestrategia,Multi,ARS,4801106540.92,4193105.931233601
2025-05-21,Novus Performance,House View ARS,ARS,41207882523.66,35989415.179781854
2025-05-21,Novus Renta Dolar,USD MEP,USD,3178796.0,3178796.0
2025-05-22,Novus Gestión,Renta Fija CER,ARS,49581246336.53,43664681.50431848
2025-05-22,Novus Income,Renta Fija,ARS,1591566386.1,1401643.6551501858
2025-05-22,Novus Renta Dolar,USD MEP,USD,3180179.4,3180179.4
2025-05-22,Novus Gestion II,Renta Fija CP,ARS,7352867856.43,6475444.988114567
2025-05-22,Novus Liquidez,Money Market,ARS,53248227027.03,46894078.82213456
2025-05-22,Novus Valor,Dólar Linked,ARS,443466561.78,390547.38653619075
2025-05-22,Novus Renta Balanceado,Renta Fija Mix,ARS,872784214.51,768634.2632435546
2025-05-22,Novus Renta Mixta,Mixto,ARS,6568696432.11,5784849.288778684
2025-05-22,Novus Multiestrategia,Multi,ARS,4802293406.39,4229232.372600004
2025-05-22,Novus Renta Fija,Renta Fija,ARS,2601801000.75,2291326.2660697517
2025-05-22,Novus Estrategia,CER,ARS,1410066500.36,1241802.2778254636
2025-05-22,Novus Performance,House View ARS,ARS,41152005403.51,36241307.792304575
2025-05-22,Novus Capital,House View USD,USD,25164779.75,25164779.75
2025-05-22,Novus Liquidez Plus,Renta Fija CP,ARS,9727745824.1,8566927.105487883
2025-05-22,Novus Balanceado,Renta Fija Mix,ARS,303785629.12,267534.67734716414
2025-05-22,Novus Ahorro Dolares,USD MEP,USD,2000.0,2000.0
2025-05-22,Novus Renta Capital,Pagarés/Cheques,ARS,13571012173.71,11951573.7913124
2025-05-22,Novus PyME FCI Abierto PyMES,PyME,ARS,2534298989.87,2231879.317399471
2025-05-23,Novus Income,Renta Fija,ARS,1595572105.41,1407650.7286655477
2025-05-23,Novus Renta Fija,Renta Fija,ARS,2600670612.49,2294371.9498968874
2025-05-23,Novus Renta Capital,Pagarés/Cheques,ARS,13578957492.55,11979671.331741437
2025-05-23,Novus Renta Balanceado,Renta Fija Mix,ARS,874238852.43,771273.7979551223
2025-05-23,Novus Multiestrategia,Multi,ARS,4814894665.57,4247811.779522095
2025-05-23,Novus Renta Mixta,Mixto,ARS,6569235818.13,5795532.245025267
2025-05-23,Novus Valor,Dólar Linked,ARS,443953164.05,391665.78103831597
2025-05-23,Novus Balanceado,Renta Fija Mix,ARS,303581410.52,267826.56344946806
2025-05-23,Novus Liquidez,Money Market,ARS,55277041088.87,48766688.07595438
2025-05-23,Novus Ahorro Dolares,USD MEP,USD,2000.0,2000.0
2025-05-23,Novus Liquidez Plus,Renta Fija CP,ARS,9754240336.51,8605417.12324493
2025-05-23,Novus Gestión,Renta Fija CER,ARS,49708704296.91,43854172.172673695
2025-05-23,Novus Performance,House View ARS,ARS,41122199674.62,36278958.587982215
2025-05-23,Novus Gestion II,Renta Fija CP,ARS,7310159759.22,6449192.535290298
2025-05-23,Novus PyME FCI Abierto PyMES,PyME,ARS,2536946293.26,2238152.8770679757
2025-05-23,Novus Capital,House View USD,USD,25207765.55,25207765.55
2025-05-23,Novus Renta Dolar,USD MEP,USD,3196403.95,3196403.95
2025-05-23,Novus Estrategia,CER,ARS,1417263453.56,1250342.6992427546
2025-05-26,Novus Performance,House View ARS,ARS,40683852878.32,35892238.87464068
2025-05-26,Novus Balanceado,Renta Fija Mix,ARS,304229085.67,268397.95749286155
2025-05-26,Novus Capital,House View USD,USD,25226002.38,25226002.38
2025-05-26,Novus Income,Renta Fija,ARS,1596187309.57,1408193.476048236
2025-05-26,Novus Liquidez Plus,Renta Fija CP,ARS,12439637558.56,10974536.85375299
2025-05-26,Novus Gestión,Renta Fija CER,ARS,46660574988.82,41165041.78047674
2025-05-26,Novus Valor,Dólar Linked,ARS,445630147.91,393145.2551056335
2025-05-26,Novus Liquidez,Money Market,ARS,56143284335.06,49530907.964586504
2025-05-26,Novus Gestion II,Renta Fija CP,ARS,7303920014.51,6443687.687745059
2025-05-26,Novus Renta Fija,Renta Fija,ARS,2607121787.83,2300063.3264491037
2025-05-26,Novus Multiestrategia,Multi,ARS,4799606145.33,4234323.892272698
2025-05-26,Novus Renta Balanceado,Renta Fija Mix,ARS,874410873.2,771425.5586692983
2025-05-26,Novus Estrategia,CER,ARS,1411623683.76,1245367.1634825352
2025-05-26,Novus Renta Dolar,USD MEP,USD,3187379.98,3187379.98
2025-05-26,Novus Ahorro Dolares,USD MEP,USD,2000.0,2000.0
2025-05-26,Novus Renta Mixta,Mixto,ARS,6564025847.16,5790935.887764206
2025-05-26,Novus Renta Capital,Pagarés/Cheques,ARS,13601178272.16,11999275.019035466
2025-05-26,Novus PyME FCI Abierto PyMES,PyME,ARS,2541290595.46,2241985.5212566266
2025-05-27,Novus PyME FCI Abierto PyMES,PyME,ARS,2547147744.28,2205322.8094305974
2025-05-27,Novus Liquidez Plus,Renta Fija CP,ARS,12449822088.34,10779067.168924669
2025-05-27,Novus Income,Renta Fija,ARS,1597814823.84,1383389.5125140157
2025-05-27,Novus Estrategia,CER,ARS,1416074838.51,1226038.8696493146
2025-05-27,Novus Gestión,Renta Fija CER,ARS,45609993507.96,39489173.428185984
2025-05-27,Novus Renta Mixta,Mixto,ARS,6583323387.0,5699847.313455657
2025-05-27,Novus Gestion II,Renta Fija CP,ARS,6329594183.91,5480168.341064052
2025-05-27,Novus Balanceado,Renta Fija Mix,ARS,305741297.52,264711.09055998415
2025-05-27,Novus Capital,House View USD,USD,25169260.53,25169260.53
2025-05-27,Novus Performance,House View ARS,ARS,40838606691.46,35358102.42821214
2025-05-27,Novus Liquidez,Money Market,ARS,54167599235.85,46898356.169238314
2025-05-27,Novus Multiestrategia,Multi,ARS,4804884556.89,4160073.37375147
2025-05-27,Novus Ahorro Dolares,USD MEP,USD,2000.0,2000.0
2025-05-27,Novus Renta Capital,Pagarés/Cheques,ARS,13664186558.1,11830465.019770902
2025-05-27,Novus Renta Fija,Renta Fija,ARS,2614536862.44,2263668.368583732
2025-05-27,Novus Valor,Dólar Linked,ARS,450297358.35,389867.8581270531
2025-05-27,Novus Renta Balanceado,Renta Fija Mix,ARS,877221197.13,759498.9019742326
2025-05-27,Novus Renta Dolar,USD MEP,USD,3188332.31,3188332.31
2025-05-28,Novus Renta Mixta,Mixto,ARS,6607237474.68,5695894.602559922
2025-05-28,Novus Capital,House View USD,USD,25166941.0,25166941.0
2025-05-28,Novus PyME FCI Abierto PyMES,PyME,ARS,2550627779.24,2198817.139021651
2025-05-28,Novus Renta Fija,Renta Fija,ARS,2620783941.44,2259296.591613243
2025-05-28,Novus Income,Renta Fija,ARS,1598725371.25,1378211.5820681185
2025-05-28,Novus Liquidez Plus,Renta Fija CP,ARS,12452623416.65,10735020.616168065
2025-05-28,Novus Renta Dolar,USD MEP,USD,3210126.24,3210126.24
2025-05-28,Novus Estrategia,CER,ARS,1421547509.97,1225472.04037233
2025-05-28,Novus Gestión,Renta Fija CER,ARS,44293061798.03,38183675.49116598
2025-05-28,Novus Renta Balanceado,Renta Fija Mix,ARS,881884542.06,760245.3252891233
2025-05-28,Novus Gestion II,Renta Fija CP,ARS,6302394931.32,5433099.296048109
2025-05-28,Novus Performance,House View ARS,ARS,41055209033.94,35392422.99667968
2025-05-28,Novus Ahorro Dolares,USD MEP,USD,2000.0,2000.0
2025-05-28,Novus Liquidez,Money Market,ARS,49282593954.35,42484996.48763262
2025-05-28,Novus Valor,Dólar Linked,ARS,431276072.85,371789.73284572724
2025-05-28,Novus Multiestrategia,Multi,ARS,4818856875.58,4154187.1278743814
2025-05-28,Novus Renta Capital,Pagarés/Cheques,ARS,13755045365.12,11857798.202863652
2025-05-28,Novus Balanceado,Renta Fija Mix,ARS,306960990.24,264621.553895207
2025-05-29,Novus Liquidez Plus,Renta Fija CP,ARS,12532277988.14,10593641.10773766
2025-05-29,Novus Multiestrategia,Multi,ARS,4811331035.21,4067059.02037682
2025-05-29,Novus Ahorro Dolares,USD MEP,USD,2000.0,2000.0
2025-05-29,Novus PyME FCI Abierto PyMES,PyME,ARS,2558578686.89,2162788.3119469597
2025-05-29,Novus Liquidez,Money Market,ARS,51336553116.2,43395224.70982543
2025-05-29,Novus Renta Capital,Pagarés/Cheques,ARS,13718157266.75,11596074.941920564
2025-05-29,Novus Estrategia,CER,ARS,1421597821.69,1201688.7222560437
2025-05-29,Novus Renta Fija,Renta Fija,ARS,2624447982.22,2218468.187178419
2025-05-29,Novus Valor,Dólar Linked,ARS,439757605.71,371730.84204631223
2025-05-29,Novus Renta Dolar,USD MEP,USD,3201283.74,3201283.74
2025-05-29,Novus Gestión,Renta Fija CER,ARS,43186312302.54,36505756.8729917
2025-05-29,Novus Renta Balanceado,Renta Fija Mix,ARS,883575731.12,746894.0759094519
2025-05-29,Novus Performance,House View ARS,ARS,41130782191.47,34768199.79809829
2025-05-29,Novus Capital,House View USD,USD,25163030.49,25163030.49
2025-05-29,Novus Balanceado,Renta Fija Mix,ARS,306599944.51,259171.53919383182
2025-05-29,Novus Gestion II,Renta Fija CP,ARS,5246705891.82,4435085.087355535
2025-05-29,Novus Renta Mixta,Mixto,ARS,6607136398.9,5585068.558649571
2025-05-29,Novus Income,Renta Fija,ARS,1599378752.76,1351968.454427429
2025-05-30,Novus Renta Fija,Renta Fija,ARS,2629113291.1,2213058.2160740634
2025-05-30,Novus Income,Renta Fija,ARS,1602473597.05,1348883.4322957185
2025-05-30,Novus Renta Dolar,USD MEP,USD,3187392.13,3187392.13
2025-05-30,Novus Valor,Dólar Linked,ARS,442586362.0,372547.4242825905
2025-05-30,Novus Capital,House View USD,USD,25248958.75,25248958.75
2025-05-30,Novus PyME FCI Abierto PyMES,PyME,ARS,2563269035.5,2157633.7612473588
2025-05-30,Novus Ahorro Dolares,USD MEP,USD,2000.0,2000.0
2025-05-30,Novus Gestion II,Renta Fija CP,ARS,5280270274.38,4444671.727675595
2025-05-30,Novus Liquidez,Money Market,ARS,63901910952.89,53789484.66612405
2025-05-30,Novus Liquidez Plus,Renta Fija CP,ARS,12839589526.89,10807734.755931305
2025-05-30,Novus Estrategia,CER,ARS,1442665054.3,1214364.4635890713
2025-05-30,Novus Renta Balanceado,Renta Fija Mix,ARS,889797227.45,748987.5280438213
2025-05-30,Novus Gestión,Renta Fija CER,ARS,43329017373.37,36472235.03724819
2025-05-30,Novus Renta Mixta,Mixto,ARS,6647989292.51,5595950.30536174
2025-05-30,Novus Balanceado,Renta Fija Mix,ARS,308064952.51,259313.92022725515
2025-05-30,Novus Renta Capital,Pagarés/Cheques,ARS,13830581386.55,11641902.9465936
2025-05-30,Novus Multiestrategia,Multi,ARS,4857794442.58,4089052.358277279
2025-05-30,Novus Performance,House View ARS,ARS,41406705209.57,34854127.235519804
2025-06-02,Novus Multiestrategia,Multi,ARS,4857832044.9,4118552.1050276957
2025-06-02,Novus Ahorro Dolares,USD MEP,USD,2000.0,2000.0
2025-06-02,Novus Liquidez Plus,Renta Fija CP,ARS,12721488504.98,10785492.94767756
2025-06-02,Novus Balanceado,Renta Fija Mix,ARS,309948384.87,262779.478820485
2025-06-02,Novus Renta Capital,Pagarés/Cheques,ARS,13890618578.42,11776701.182238216
2025-06-02,Novus Renta Dolar,USD MEP,USD,3610336.85,3610336.85
2025-06-02,Novus Valor,Dólar Linked,ARS,439781704.51,372854.3613943767
2025-06-02,Novus Capital,House View USD,USD,25184590.06,25184590.06
2025-06-02,Novus PyME FCI Abierto PyMES,PyME,ARS,2564595554.33,2174307.4526257985
2025-06-02,Novus Income,Renta Fija,ARS,1139702485.35,966259.0280517129
2025-06-02,Novus Renta Fija,Renta Fija,ARS,2632133729.77,2231567.4591589943
2025-06-02,Novus Renta Balanceado,Renta Fija Mix,ARS,889051619.42,753752.9879166291
2025-06-02,Novus Gestión,Renta Fija CER,ARS,43176251281.21,36605555.51485576
2025-06-02,Novus Estrategia,CER,ARS,1440974308.06,1221682.3708390496
2025-06-02,Novus Renta Mixta,Mixto,ARS,6628320814.15,5619602.4048580155
2025-06-02,Novus Performance,House View ARS,ARS,41232774593.63,34957843.13436944
2025-06-02,Novus Liquidez,Money Market,ARS,56744725416.16,48109137.19367902
2025-06-02,Novus Gestion II,Renta Fija CP,ARS,5346360401.7,4532734.702051957
2025-06-03,Novus Renta Capital,Pagarés/Cheques,ARS,13907108885.93,11745869.066668494
2025-06-03,Novus Multiestrategia,Multi,ARS,5711994043.55,4824319.324414495
2025-06-03,Novus Capital,House View USD,USD,25158171.9,25158171.9
2025-06-03,Novus Balanceado,Renta Fija Mix,ARS,309761169.41,261622.6109733712
2025-06-03,Novus Renta Dolar,USD MEP,USD,3603551.77,3603551.77
2025-06-03,Novus Valor,Dólar Linked,ARS,440384060.74,371945.99962707603
2025-06-03,Novus Renta Fija,Renta Fija,ARS,2634582185.64,2225153.887247741
2025-06-03,Novus Liquidez,Money Market,ARS,52327046073.56,44195140.547679976
2025-06-03,Novus Renta Mixta,Mixto,ARS,6636519510.67,5605168.541506524
2025-06-03,Novus Performance,House View ARS,ARS,41259023448.19,34847148.40561466
2025-06-03,Novus Ahorro Dolares,USD MEP,USD,2000.0,2000.0
2025-06-03,Novus PyME FCI Abierto PyMES,PyME,ARS,2566651696.93,2167780.1633079145
2025-06-03,Novus Renta Balanceado,Renta Fija Mix,ARS,890280277.6,751925.914947461
2025-06-03,Novus Liquidez Plus,Renta Fija CP,ARS,12519293097.63,10573727.34607557
2025-06-03,Novus Gestion II,Renta Fija CP,ARS,5346097857.22,4515285.381279583
2025-06-03,Novus Income,Renta Fija,ARS,1141120331.22,963784.0696986234
2025-06-03,Novus Gestión,Renta Fija CER,ARS,41295012681.91,34877544.718072705
2025-06-03,Novus Estrategia,CER,ARS,1441496097.62,1217479.8199709246
2025-06-04,Novus PyME FCI Abierto PyMES,PyME,ARS,2569229966.0,2167212.019377169
2025-06-04,Novus Balanceado,Renta Fija Mix,ARS,309561234.72,261122.9191223053
2025-06-04,Novus Renta Mixta,Mixto,ARS,6596832773.45,5564599.302374036
2025-06-04,Novus Income,Renta Fija,ARS,1139898648.33,961534.0332413688
2025-06-04,Novus Multiestrategia,Multi,ARS,7562290957.7,6378988.286155902
2025-06-04,Novus Renta Capital,Pagarés/Cheques,ARS,13920920683.34,11742657.14824326
2025-06-04,Novus Liquidez Plus,Renta Fija CP,ARS,12479022523.9,10526378.705593262
2025-06-04,Novus Estrategia,CER,ARS,1440285832.22,1214918.4028806526
2025-06-04,Novus Renta Fija,Renta Fija,ARS,2636922613.53,2224312.5208082967
2025-06-04,Novus Renta Balanceado,Renta Fija Mix,ARS,887789928.25,748873.798238034
2025-06-04,Novus Performance,House View ARS,ARS,41141153528.96,34703628.55755496
2025-06-04,Novus Valor,Dólar Linked,ARS,440634326.99,371686.4672451426
2025-06-04,Novus Ahorro Dolares,USD MEP,USD,2000.0,2000.0
2025-06-04,Novus Gestión,Renta Fija CER,ARS,39036743696.87,32928504.359972358
2025-06-04,Novus Capital,House View USD,USD,25123396.76,25123396.76
2025-06-04,Novus Renta Dolar,USD MEP,USD,3595443.17,3595443.17
2025-06-04,Novus Liquidez,Money Market,ARS,52522284966.18,44303907.696154475
2025-06-04,Novus Gestion II,Renta Fija CP,ARS,5264500328.9,4440742.377985771
2025-06-05,Novus Valor,Dólar Linked,ARS,442069273.89,371174.88967782573
2025-06-05,Novus Renta Capital,Pagarés/Cheques,ARS,13874168628.45,11649176.530006673
2025-06-05,Novus Ahorro Dolares,USD MEP,USD,2000.0,2000.0
2025-06-05,Novus Renta Fija,Renta Fija,ARS,2634771731.55,2212234.96982437
2025-06-05,Novus Multiestrategia,Multi,ARS,4842187314.35,4065648.640060087
2025-06-05,Novus Renta Balanceado,Renta Fija Mix,ARS,886634725.4,744445.6464684387
2025-06-05,Novus Liquidez Plus,Renta Fija CP,ARS,12475564824.74,10474865.97913536
2025-06-05,Novus Balanceado,Renta Fija Mix,ARS,309214054.63,259625.58221742016
2025-06-05,Novus Renta Dolar,USD MEP,USD,3563251.01,3563251.01
2025-06-05,Novus Income,Renta Fija,ARS,3704.97,3.110806184082006
2025-06-05,Novus Capital,House View USD,USD,24976970.18,24976970.18
2025-06-05,Novus Gestión,Renta Fija CER,ARS,37509308744.31,31493963.40657031
2025-06-05,Novus PyME FCI Abierto PyMES,PyME,ARS,2572421277.88,2159883.6209991556
2025-06-05,Novus Renta Mixta,Mixto,ARS,6565419554.11,5512527.159469122
2025-06-05,Novus Performance,House View ARS,ARS,41036980522.33,34455904.57815232
2025-06-05,Novus Estrategia,CER,ARS,1437699743.14,1207136.6979524866
2025-06-05,Novus Liquidez,Money Market,ARS,52001381802.66,43661951.40379658
2025-06-05,Novus Gestion II,Renta Fija CP,ARS,5294191893.66,4445165.516188891
2025-06-06,Novus Liquidez,Money Market,ARS,53887400697.37,45474602.08655804
2025-06-06,Novus Balanceado,Renta Fija Mix,ARS,309369625.13,261071.4270569928
2025-06-06,Novus Valor,Dólar Linked,ARS,441693010.69,372736.73707779846
2025-06-06,Novus PyME FCI Abierto PyMES,PyME,ARS,2573742261.42,2171934.509677412
2025-06-06,Novus Renta Fija,Renta Fija,ARS,2637601727.74,2225824.357448519
2025-06-06,Novus Ahorro Dolares,USD MEP,USD,2000.0,2000.0
2025-06-06,Novus Renta Capital,Pagarés/Cheques,ARS,13899478126.97,11729518.010795914
2025-06-06,Novus Performance,House View ARS,ARS,41083455389.25,34669584.39244562
2025-06-06,Novus Renta Balanceado,Renta Fija Mix,ARS,887511679.79,748955.0426133787
2025-06-06,Novus Multiestrategia,Multi,ARS,4847807315.7,4090976.848406826
2025-06-06,Novus Capital,House View USD,USD,25087908.35,25087908.35
2025-06-06,Novus Liquidez Plus,Renta Fija CP,ARS,12527765085.86,10571954.203409228
2025-06-06,Novus Renta Dolar,USD MEP,USD,3576621.06,3576621.06
2025-06-06,Novus Income,Renta Fija,ARS,3717.8,3.1373841278200083
2025-06-06,Novus Estrategia,CER,ARS,1439046229.64,1214385.0664564427
2025-06-06,Novus Renta Mixta,Mixto,ARS,6599962568.95,5569588.952614421
2025-06-06,Novus Gestión,Renta Fija CER,ARS,36212419341.51,30559005.237510286
2025-06-06,Novus Gestion II,Renta Fija CP,ARS,5604120497.46,4729215.853225502
2025-06-09,Novus Estrategia,CER,ARS,1440534144.32,1215640.690723639
2025-06-09,Novus Valor,Dólar Linked,ARS,442088773.68,373070.71430174937
2025-06-09,Novus Liquidez Plus,Renta Fija CP,ARS,12483555185.72,10534646.268880272
2025-06-09,Novus Performance,House View ARS,ARS,41158134474.31,34732604.72063631
2025-06-09,Novus Renta Capital,Pagarés/Cheques,ARS,13931779595.75,11756776.635642773
2025-06-09,Novus PyME FCI Abierto PyMES,PyME,ARS,2578900724.95,2176287.643682189
2025-06-09,Novus Gestión,Renta Fija CER,ARS,35211420528.49,29714280.45728122
2025-06-09,Novus Renta Mixta,Mixto,ARS,6602487473.67,5571719.674006854
2025-06-09,Novus Income,Renta Fija,ARS,1003749.31,847.0458748464912
2025-06-09,Novus Renta Dolar,USD MEP,USD,3589993.5,3589993.5
2025-06-09,Novus Multiestrategia,Multi,ARS,4859508269.15,4100851.0712360237
2025-06-09,Novus Renta Balanceado,Renta Fija Mix,ARS,888876090.61,750106.4442085408
2025-06-09,Novus Gestion II,Renta Fija CP,ARS,5618079189.79,4740995.341030458
2025-06-09,Novus Balanceado,Renta Fija Mix,ARS,309663081.43,261319.06951700378
2025-06-09,Novus Ahorro Dolares,USD MEP,USD,2000.0,2000.0
2025-06-09,Novus Liquidez,Money Market,ARS,52698713348.82,44471490.3483577
2025-06-09,Novus Capital,House View USD,USD,25184709.81,25184709.81
2025-06-09,Novus Renta Fija,Renta Fija,ARS,2644194384.94,2231387.781532504
2025-06-10,Novus PyME FCI Abierto PyMES,PyME,ARS,2582180601.03,2172638.2365107057
2025-06-10,Novus Liquidez,Money Market,ARS,54337455565.81,45719355.79947015
2025-06-10,Novus Performance,House View ARS,ARS,41367425570.7,34806415.36268334
2025-06-10,Novus Renta Dolar,USD MEP,USD,3624874.05,3624874.05
2025-06-10,Novus Ahorro Dolares,USD MEP,USD,2000.0,2000.0
2025-06-10,Novus Capital,House View USD,USD,25322024.73,25322024.73
2025-06-10,Novus Gestión,Renta Fija CER,ARS,33373699359.03,28080520.50748056
2025-06-10,Novus Renta Capital,Pagarés/Cheques,ARS,13949115224.22,11736739.517578721
2025-06-10,Novus Renta Balanceado,Renta Fija Mix,ARS,892455460.93,750909.079723497
2025-06-10,Novus Liquidez Plus,Renta Fija CP,ARS,12505690350.65,10522246.592258979
2025-06-10,Novus Income,Renta Fija,ARS,1007518.08,847.7223877023542
2025-06-10,Novus Estrategia,CER,ARS,1445032597.73,1215845.6591224757
2025-06-10,Novus Gestion II,Renta Fija CP,ARS,5640674125.07,4746044.594609387
2025-06-10,Novus Valor,Dólar Linked,ARS,444224402.92,373768.94667636644
2025-06-10,Novus Multiestrategia,Multi,ARS,4849374910.38,4080248.0466566156
2025-06-10,Novus Renta Fija,Renta Fija,ARS,2649345749.23,2229150.770561198
2025-06-10,Novus Balanceado,Renta Fija Mix,ARS,310132562.92,260944.515003436
2025-06-10,Novus Renta Mixta,Mixto,ARS,6690445943.06,5629319.138019194
2025-06-11,Novus Renta Fija,Renta Fija,ARS,2648049792.46,2240312.8832012415
2025-06-11,Novus Income,Renta Fija,ARS,1011735.21,855.9519657844771
2025-06-11,Novus Ahorro Dolares,USD MEP,USD,2000.0,2000.0
2025-06-11,Novus Balanceado,Renta Fija Mix,ARS,309278251.63,261656.73077354368
2025-06-11,Novus Liquidez,Money Market,ARS,54786498969.17,46350676.567943394
2025-06-11,Novus Liquidez Plus,Renta Fija CP,ARS,13699119059.59,11589779.393534854
2025-06-11,Novus Multiestrategia,Multi,ARS,4845046005.89,4099023.7485732804
2025-06-11,Novus Gestion II,Renta Fija CP,ARS,5626798124.48,4760404.56842563
2025-06-11,Novus Renta Dolar,USD MEP,USD,3614814.4,3614814.4
2025-06-11,Novus PyME FCI Abierto PyMES,PyME,ARS,2581431249.31,2183952.016836869
2025-06-11,Novus Renta Balanceado,Renta Fija Mix,ARS,888991463.84,752107.8475063331
2025-06-11,Novus Renta Mixta,Mixto,ARS,6647689719.41,5624103.0528672105
2025-06-11,Novus Renta Capital,Pagarés/Cheques,ARS,13930858929.53,11785836.815739013
2025-06-11,Novus Estrategia,CER,ARS,1443863120.98,1221542.4199050474
2025-06-11,Novus Valor,Dólar Linked,ARS,441692869.79,373682.6359633541
2025-06-11,Novus Capital,House View USD,USD,25263133.88,25263133.88
2025-06-11,Novus Gestión,Renta Fija CER,ARS,31629087198.94,26758957.379669856
2025-06-11,Novus Performance,House View ARS,ARS,41553167937.62,35154964.88530665
2025-06-12,Novus Renta Capital,Pagarés/Cheques,ARS,13972627473.69,11791247.420489747
2025-06-12,Novus Gestión,Renta Fija CER,ARS,31653022398.14,26711412.682085007
2025-06-12,Novus Gestion II,Renta Fija CP,ARS,5691324457.2,4802805.696458417
2025-06-12,Novus Multiestrategia,Multi,ARS,4847734129.02,4090915.0874922536
2025-06-12,Novus Renta Dolar,USD MEP,USD,3614089.46,3614089.46
2025-06-12,Novus Balanceado,Renta Fija Mix,ARS,310823978.51,262298.72955057863
2025-06-12,Novus Performance,House View ARS,ARS,41604509417.63,35109292.45591758
2025-06-12,Novus Liquidez,Money Market,ARS,45237757972.95,38175325.14995329
2025-06-12,Novus Estrategia,CER,ARS,1446937882.89,1221044.689795194
2025-06-12,Novus Capital,House View USD,USD,25298253.33,25298253.33
2025-06-12,Novus Ahorro Dolares,USD MEP,USD,2000.0,2000.0
2025-06-12,Novus Income,Renta Fija,ARS,1015952.86,857.3442298072362
2025-06-12,Novus Renta Fija,Renta Fija,ARS,2650015615.54,2236300.2126715705
2025-06-12,Novus Renta Balanceado,Renta Fija Mix,ARS,890082146.84,751124.2132314201
2025-06-12,Novus Valor,Dólar Linked,ARS,443472955.19,374238.800024353
2025-06-12,Novus Renta Mixta,Mixto,ARS,6668090879.69,5627081.200925482
2025-06-12,Novus PyME FCI Abierto PyMES,PyME,ARS,2584959369.26,2181400.423953936
2025-06-12,Novus Liquidez Plus,Renta Fija CP,ARS,13869393529.36,11704130.163404053
2025-06-13,Novus Performance,House View ARS,ARS,41660119717.27,35245448.62564772
2025-06-13,Novus Gestion II,Renta Fija CP,ARS,5998869073.91,5075185.409724913
2025-06-13,Novus Income,Renta Fija,ARS,1020158.86,863.0785733249821
2025-06-13,Novus Renta Dolar,USD MEP,USD,3583756.62,3583756.62
2025-06-13,Novus Renta Mixta,Mixto,ARS,6647779795.41,5624179.259298012
2025-06-13,Novus Liquidez,Money Market,ARS,49201064046.32,41625266.24840462
2025-06-13,Novus Gestión,Renta Fija CER,ARS,31775362636.2,26882709.866319682
2025-06-13,Novus Liquidez Plus,Renta Fija CP,ARS,13836686269.41,11706164.513385447
2025-06-13,Novus Multiestrategia,Multi,ARS,4863876464.24,4114954.762619243
2025-06-13,Novus Balanceado,Renta Fija Mix,ARS,523511407.71,442903.05814302276
2025-06-13,Novus Renta Fija,Renta Fija,ARS,2653591112.94,2245000.9716566172
2025-06-13,Novus Ahorro Dolares,USD MEP,USD,323000.0,323000.0
2025-06-13,Novus Renta Capital,Pagarés/Cheques,ARS,14016455611.89,11858253.637656944
2025-06-13,Novus Estrategia,CER,ARS,1452904327.3,1229191.494728357
2025-06-13,Novus Renta Balanceado,Renta Fija Mix,ARS,892128345.16,754761.7234471404
2025-06-13,Novus Valor,Dólar Linked,ARS,444678209.3,376208.3039413605
2025-06-13,Novus PyME FCI Abierto PyMES,PyME,ARS,2587936196.39,2189455.3562337947
2025-06-13,Novus Capital,House View USD,USD,25210597.34,25210597.34
2025-06-17,Novus Low Volatility,Low Vol,ARS,101000.0,87.06896900000014
2025-06-17,Novus Income Dolares,USD MEP,USD,2000.0,2000.0
2025-06-17,Novus Performance,House View ARS,ARS,41481794556.91,35760169.151880905
2025-06-17,Novus Estrategia,CER,ARS,1451119401.63,1250965.0514437745
2025-06-17,Novus Renta Mixta,Mixto,ARS,6593324483.47,5683900.644140509
2025-06-17,Novus Ahorro Dolares,USD MEP,USD,322702.19,322702.19
2025-06-17,Novus Renta Fija,Renta Fija,ARS,2654869118.94,2288680.3664954905
2025-06-17,Novus Income,Renta Fija,ARS,1033261.0,890.7422770090014
2025-06-17,Novus Balanceado,Renta Fija Mix,ARS,522419857.75,450361.9643506855
2025-06-17,Novus Gestión,Renta Fija CER,ARS,31790385527.68,27405505.861461613
2025-06-17,Novus Valor,Dólar Linked,ARS,440331057.01,379595.7539855543
2025-06-17,Novus Gestion II,Renta Fija CP,ARS,5974545992.79,5150470.889458491
2025-06-17,Novus PyME FCI Abierto PyMES,PyME,ARS,2588498690.3,2231464.4774482343
2025-06-17,Novus Liquidez,Money Market,ARS,48197036115.18,41549170.72677717
2025-06-17,Novus Liquidez Plus,Renta Fija CP,ARS,13769398255.3,11870171.384548234
2025-06-17,Novus Capital,House View USD,USD,25135172.61,25135172.61
2025-06-17,Novus Retorno Total,Total Return,ARS,101000.0,87.06896900000014
2025-06-17,Novus Renta Balanceado,Renta Fija Mix,ARS,889593574.69,766891.0433394349
2025-06-17,Novus Renta Dolar,USD MEP,USD,3559965.77,3559965.77
2025-06-17,Novus Renta Capital,Pagarés/Cheques,ARS,13991676555.41,12061790.616445763
2025-06-17,Novus Multiestrategia,Multi,ARS,4867597118.61,4196204.580443011
2025-06-18,Novus Income,Renta Fija,ARS,1034639.96,905.9894130617341
2025-06-18,Novus Low Volatility,Low Vol,ARS,100000.0,87.56567000000021
2025-06-18,Novus Balanceado,Renta Fija Mix,ARS,520782905.88,456027.04077929247
2025-06-18,Novus Multiestrategia,Multi,ARS,4868853637.1,4263444.308645994
2025-06-18,Novus Renta Balanceado,Renta Fija Mix,ARS,886780405.15,776515.2031983138
2025-06-18,Novus Valor,Dólar Linked,ARS,435362530.49,381228.1167525237
2025-06-18,Novus Retorno Total,Total Return,ARS,100000.0,87.56567000000021
2025-06-18,Novus Renta Dolar,USD MEP,USD,3548227.45,3548227.45
2025-06-18,Novus Estrategia,CER,ARS,1446629447.21,1266750.7678667358
2025-06-18,Novus Capital,House View USD,USD,25005254.55,25005254.55
2025-06-18,Novus Liquidez Plus,Renta Fija CP,ARS,13758523390.57,12047743.189059366
2025-06-18,Novus Income Dolares,USD MEP,USD,1000.0,1000.0
2025-06-18,Novus Renta Fija,Renta Fija,ARS,2649903114.71,2320405.4167466857
2025-06-18,Novus Renta Capital,Pagarés/Cheques,ARS,13922369429.18,12191216.070536671
2025-06-18,Novus PyME FCI Abierto PyMES,PyME,ARS,2585455989.15,2263971.85945433
2025-06-18,Novus Performance,House View ARS,ARS,41247465060.44,36118619.13819028
2025-06-18,Novus Gestion II,Renta Fija CP,ARS,6020404359.1,5271807.413755134
2025-06-18,Novus Liquidez,Money Market,ARS,51977249181.56,45514226.49340264
2025-06-18,Novus Ahorro Dolares,USD MEP,USD,321341.75,321341.75
2025-06-18,Novus Renta Mixta,Mixto,ARS,6546670225.08,5732635.645281823
2025-06-18,Novus Gestión,Renta Fija CER,ARS,31802203676.48,27847812.72407441
2025-06-19,Novus Gestion II,Renta Fija CP,ARS,6088333981.08,5331290.442370388
2025-06-19,Novus Estrategia,CER,ARS,1447699381.42,1267687.6629262816
2025-06-19,Novus Liquidez,Money Market,ARS,52314733216.17,45809746.64945192
2025-06-19,Novus Renta Dolar,USD MEP,USD,3569822.68,3569822.68
2025-06-19,Novus Capital,House View USD,USD,25161816.46,25161816.46
2025-06-19,Novus Retorno Total,Total Return,ARS,100000.0,87.56567000000021
2025-06-19,Novus Valor,Dólar Linked,ARS,437622599.45,383207.1612798097
2025-06-19,Novus Liquidez Plus,Renta Fija CP,ARS,13368986533.27,11706642.630067676
2025-06-19,Novus Performance,House View ARS,ARS,41530988245.97,36366888.11520497
2025-06-19,Novus Multiestrategia,Multi,ARS,4846290938.89,4243687.130788329
2025-06-19,Novus Renta Mixta,Mixto,ARS,6553861326.68,5738932.581578244
2025-06-19,Novus Ahorro Dolares,USD MEP,USD,322144.76,322144.76
2025-06-19,Novus PyME FCI Abierto PyMES,PyME,ARS,2582082767.11,2261018.0749744168
2025-06-19,Novus Renta Balanceado,Renta Fija Mix,ARS,894835415.56,783568.6270324001
2025-06-19,Novus Balanceado,Renta Fija Mix,ARS,522890302.8,457872.39701184985
2025-06-19,Novus Income Dolares,USD MEP,USD,1000.0,1000.0
2025-06-19,Novus Income,Renta Fija,ARS,101040556.81,88476.84054240734
2025-06-19,Novus Low Volatility,Low Vol,ARS,100000.0,87.56567000000021
2025-06-19,Novus Renta Fija,Renta Fija,ARS,2656268504.42,2325979.3128943583
2025-06-19,Novus Renta Capital,Pagarés/Cheques,ARS,13917110115.92,12186610.717643153
2025-06-19,Novus Gestión,Renta Fija CER,ARS,31910743146.92,27942856.038579646
2025-06-23,Novus Low Volatility,Low Vol,ARS,100000.0,85.39710000000014
2025-06-23,Novus Performance,House View ARS,ARS,41426819473.65,35377302.45273242
2025-06-23,Novus Retorno Total,Total Return,ARS,100000.0,85.39710000000014
2025-06-23,Novus Renta Dolar,USD MEP,USD,3587188.79,3587188.79
2025-06-23,Novus Valor,Dólar Linked,ARS,440501843.42,376175.7997272215
2025-06-23,Novus Gestion II,Renta Fija CP,ARS,6905139734.62,5896789.084313186
2025-06-23,Novus Multiestrategia,Multi,ARS,4845913287.7,4138269.4162104633
2025-06-23,Novus Renta Mixta,Mixto,ARS,6498345324.98,5549398.455518505
2025-06-23,Novus Balanceado,Renta Fija Mix,ARS,520506612.01,444497.5519647924
2025-06-23,Novus Income,Renta Fija,ARS,101194297.68,86416.99558408743
2025-06-23,Novus Renta Fija,Renta Fija,ARS,2660511987.83,2272000.082759177
2025-06-23,Novus Liquidez Plus,Renta Fija CP,ARS,13083786989.2,11173174.658954132
2025-06-23,Novus Income Dolares,USD MEP,USD,1000.0,1000.0
2025-06-23,Novus Estrategia,CER,ARS,1442072185.12,1231487.8259991135
2025-06-23,Novus Renta Capital,Pagarés/Cheques,ARS,13888497623.46,11860374.20400378
2025-06-23,Novus Capital,House View USD,USD,25008659.09,25008659.09
2025-06-23,Novus Liquidez,Money Market,ARS,51565635217.76,44035557.072545804
2025-06-23,Novus Renta Balanceado,Renta Fija Mix,ARS,894557310.61,763926.0010989336
2025-06-23,Novus PyME FCI Abierto PyMES,PyME,ARS,2593031680.66,2214373.8573649046
2025-06-23,Novus Ahorro Dolares,USD MEP,USD,321847.42,321847.42
2025-06-23,Novus Gestión,Renta Fija CER,ARS,31973640949.63,27304562.13539653
2025-06-24,Novus Performance,House View ARS,ARS,40059399584.29,34107618.356393
2025-06-24,Novus Capital,House View USD,USD,25186687.34,25186687.34
2025-06-24,Novus Liquidez Plus,Renta Fija CP,ARS,13112215081.77,11164082.149432398
2025-06-24,Novus Renta Capital,Pagarés/Cheques,ARS,13916316825.04,11848715.360707963
2025-06-24,Novus Estrategia,CER,ARS,1444838752.68,1230173.4243231735
2025-06-24,Novus Retorno Total,Total Return,ARS,100000.0,85.14260999999837
2025-06-24,Novus Income,Renta Fija,ARS,101241853.24,86199.95626090391
2025-06-24,Novus PyME FCI Abierto PyMES,PyME,ARS,2600526504.42,2214156.139604911
2025-06-24,Novus Balanceado,Renta Fija Mix,ARS,519794326.06,442566.4558393857
2025-06-24,Novus Valor,Dólar Linked,ARS,443092488.02,377260.5090141581
2025-06-24,Novus Gestión,Renta Fija CER,ARS,31871056391.84,27135849.246583883
2025-06-24,Novus Renta Balanceado,Renta Fija Mix,ARS,895326237.56,762304.1266733697
2025-06-24,Novus Ahorro Dolares,USD MEP,USD,321968.59,321968.59
2025-06-24,Novus Renta Dolar,USD MEP,USD,3631289.84,3631289.84
2025-06-24,Novus Income Dolares,USD MEP,USD,1000.0,1000.0
2025-06-24,Novus Multiestrategia,Multi,ARS,4848325010.56,4127990.455273481
2025-06-24,Novus Gestion II,Renta Fija CP,ARS,6950562213.47,5917890.078222017
2025-06-24,Novus Renta Mixta,Mixto,ARS,6578631817.96,5601218.832101486
2025-06-24,Novus Low Volatility,Low Vol,ARS,100000.0,85.14260999999837
2025-06-24,Novus Liquidez,Money Market,ARS,52217617546.02,44459442.45849852
2025-06-24,Novus Renta Fija,Renta Fija,ARS,2666343674.0,2270194.595613448
2025-06-25,Novus Ahorro Dolares,USD MEP,USD,322434.86,322434.86
2025-06-25,Novus Gestion II,Renta Fija CP,ARS,7464168559.69,6264513.9532729555
2025-06-25,Novus Valor,Dólar Linked,ARS,446514890.97,374750.2139664824
2025-06-25,Novus Balanceado,Renta Fija Mix,ARS,518596638.24,435246.85306810035
2025-06-25,Novus PyME FCI Abierto PyMES,PyME,ARS,2604581964.15,2185968.862624186
2025-06-25,Novus Multiestrategia,Multi,ARS,4845697788.33,4066888.517533415
2025-06-25,Novus Estrategia,CER,ARS,1443361080.74,1211381.4897934718
2025-06-25,Novus Renta Mixta,Mixto,ARS,6550143660.3,5497392.780957768
2025-06-25,Novus Income,Renta Fija,ARS,101282339.9,85004.05992305666
2025-06-25,Novus Renta Dolar,USD MEP,USD,3620149.15,3620149.15
2025-06-25,Novus Renta Capital,Pagarés/Cheques,ARS,13872550002.23,11642928.795281108
2025-06-25,Novus Liquidez,Money Market,ARS,52428770652.71,44002324.26161745
2025-06-25,Novus Liquidez Plus,Renta Fija CP,ARS,13137494575.08,11026012.79948245
2025-06-25,Novus Income Dolares,USD MEP,USD,1000.0,1000.0
2025-06-25,Novus Low Volatility,Low Vol,ARS,100000.0,83.92781999999653
2025-06-25,Novus Capital,House View USD,USD,25057191.23,25057191.23
2025-06-25,Novus Gestión,Renta Fija CER,ARS,31909372067.57,26780840.35199932
2025-06-25,Novus Retorno Total,Total Return,ARS,100000.0,83.92781999999653
2025-06-25,Novus Renta Fija,Renta Fija,ARS,2666409909.54,2237859.7093408015
2025-06-25,Novus Renta Balanceado,Renta Fija Mix,ARS,896399168.63,752328.2807292517
2025-06-25,Novus Performance,House View ARS,ARS,38562268569.28,32364471.352740552
2025-06-26,Novus Retorno Total,Total Return,ARS,100000.0,84.13967000000181
2025-06-26,Novus Valor,Dólar Linked,ARS,444782164.12,374238.2451094345
2025-06-26,Novus PyME FCI Abierto PyMES,PyME,ARS,2603141019.53,2190274.263467225
2025-06-26,Novus Renta Capital,Pagarés/Cheques,ARS,13847011783.31,11650830.0193384
2025-06-26,Novus Ahorro Dolares,USD MEP,USD,323582.86,323582.86
2025-06-26,Novus Income,Renta Fija,ARS,100290213.48,84383.85466436934
2025-06-26,Novus Renta Dolar,USD MEP,USD,3637302.27,3637302.27
2025-06-26,Novus Renta Fija,Renta Fija,ARS,2670588775.5,2247024.5827627894
2025-06-26,Novus Gestion II,Renta Fija CP,ARS,6903738851.58,5808783.087381327
2025-06-26,Novus Income Dolares,USD MEP,USD,1000.0,1000.0
2025-06-26,Novus Renta Mixta,Mixto,ARS,6537146665.75,5500333.631978172
2025-06-26,Novus Estrategia,CER,ARS,1433333623.71,1206002.1809886617
2025-06-26,Novus Liquidez Plus,Renta Fija CP,ARS,13059947422.72,10988596.663650349
2025-06-26,Novus Renta Balanceado,Renta Fija Mix,ARS,895036344.17,753080.6263647184
2025-06-26,Novus Multiestrategia,Multi,ARS,4830964710.81,4064757.765492076
2025-06-26,Novus Capital,House View USD,USD,25054317.24,25054317.24
2025-06-26,Novus Balanceado,Renta Fija Mix,ARS,516428378.98,434521.13386013074
2025-06-26,Novus Liquidez,Money Market,ARS,52176090995.62,43900790.782615334
2025-06-26,Novus Gestión,Renta Fija CER,ARS,31879205709.35,26823058.482468825
2025-06-26,Novus Performance,House View ARS,ARS,38373726111.39,32287526.516828075
2025-06-26,Novus Low Volatility,Low Vol,ARS,100000.0,84.13967000000181
2025-06-27,Novus Low Volatility,Low Vol,ARS,100000.0,84.10429
2025-06-27,Novus Renta Fija,Renta Fija,ARS,2673531060.22,2248554.3161275033
2025-06-27,Novus Retorno Total,Total Return,ARS,100000.0,84.10429
2025-06-27,Novus Ahorro Dolares,USD MEP,USD,323169.5,323169.5
2025-06-27,Novus Gestion II,Renta Fija CP,ARS,6875835577.57,5782872.694082648
2025-06-27,Novus Liquidez Plus,Renta Fija CP,ARS,12904349892.15,10853111.855908524
2025-06-27,Novus Renta Capital,Pagarés/Cheques,ARS,13875228549.97,11669662.457829563
2025-06-27,Novus Renta Mixta,Mixto,ARS,6542219310.52,5502287.101355742
2025-06-27,Novus Income Dolares,USD MEP,USD,1000.0,1000.0
2025-06-27,Novus Performance,House View ARS,ARS,38417442668.16,32310717.392213028
2025-06-27,Novus PyME FCI Abierto PyMES,PyME,ARS,2607614005.01,2193115.2448542253
2025-06-27,Novus Balanceado,Renta Fija Mix,ARS,518921104.21,436434.9103559806
2025-06-27,Novus Gestión,Renta Fija CER,ARS,31990068130.38,26905019.671572376
2025-06-27,Novus Valor,Dólar Linked,ARS,445285510.01,374504.21666678943
2025-06-27,Novus Liquidez,Money Market,ARS,44506079826.03,37431522.444515765
2025-06-27,Novus Renta Dolar,USD MEP,USD,3634199.99,3634199.99
2025-06-27,Novus Estrategia,CER,ARS,1431294794.73,1203780.324914624
2025-06-27,Novus Multiestrategia,Multi,ARS,4840615424.89,4071165.234734218
2025-06-27,Novus Income,Renta Fija,ARS,100341870.08,84391.81740350643
2025-06-27,Novus Capital,House View USD,USD,24971833.8,24971833.8
2025-06-27,Novus Renta Balanceado,Renta Fija Mix,ARS,897692330.17,754997.7606739342
2025-06-30,Novus Renta Mixta,Mixto,ARS,6482028998.01,5379277.0557380505
2025-06-30,Novus Income,Renta Fija,ARS,100483599.61,83388.8774681486
2025-06-30,Novus Renta Fija,Renta Fija,ARS,2677733325.86,2222185.2826647316
2025-06-30,Novus Gestion II,Renta Fija CP,ARS,6926966787.02,5748520.025861619
2025-06-30,Novus Multiestrategia,Multi,ARS,4846066484.39,4021631.846766396
2025-06-30,Novus Performance,House View ARS,ARS,37994057697.51,31530337.628749978
2025-06-30,Novus Ahorro Dolares,USD MEP,USD,323891.82,323891.82
2025-06-30,Novus Retorno Total,Total Return,ARS,100000.0,82.98755000000004
2025-06-30,Novus Gestión,Renta Fija CER,ARS,32014730442.43,26568240.433276832
2025-06-30,Novus Liquidez Plus,Renta Fija CP,ARS,12830986227.69,10648121.111197358
2025-06-30,Novus Renta Dolar,USD MEP,USD,3619632.37,3619632.37
2025-06-30,Novus Capital,House View USD,USD,24688042.14,24688042.14
2025-06-30,Novus Liquidez,Money Market,ARS,53879548842.48,44713317.53542754
2025-06-30,Novus Valor,Dólar Linked,ARS,449195014.8,372775.9375046576
2025-06-30,Novus Renta Balanceado,Renta Fija Mix,ARS,895649450.95,743277.5359318572
2025-06-30,Novus Balanceado,Renta Fija Mix,ARS,518151229.31,430001.01049925113
2025-06-30,Novus Income Dolares,USD MEP,USD,1000.0,1000.0
2025-06-30,Novus Estrategia,CER,ARS,1432431520.91,1188739.8246309473
2025-06-30,Novus Renta Capital,Pagarés/Cheques,ARS,13855336536.86,11498204.336194968
2025-06-30,Novus Low Volatility,Low Vol,ARS,100000.0,82.98755000000004
2025-06-30,Novus PyME FCI Abierto PyMES,PyME,ARS,2613214021.17,2168642.2924254653
2025-07-01,Novus Income,Renta Fija,ARS,100498721.37,82241.17895794494
2025-07-01,Novus Valor,Dólar Linked,ARS,452734386.31,370486.4019896941
2025-07-01,Novus Balanceado,Renta Fija Mix,ARS,516505097.41,422671.9262665838
2025-07-01,Novus Liquidez,Money Market,ARS,49155990375.84,40225851.097855374
2025-07-01,Novus Capital,House View USD,USD,24794609.61,24794609.61
2025-07-01,Novus Liquidez Plus,Renta Fija CP,ARS,12618171909.39,10325836.189514264
2025-07-01,Novus Income Dolares,USD MEP,USD,1000.0,1000.0
2025-07-01,Novus Renta Capital,Pagarés/Cheques,ARS,13814478373.87,11304810.376376063
2025-07-01,Novus Gestion II,Renta Fija CP,ARS,6758936273.45,5531044.376014103
2025-07-01,Novus Ahorro Dolares,USD MEP,USD,324078.31,324078.31
2025-07-01,Novus Low Volatility,Low Vol,ARS,100000.0,81.83306
2025-07-01,Novus Renta Dolar,USD MEP,USD,3610390.36,3610390.36
2025-07-01,Novus Estrategia,CER,ARS,1245865406.56,1019529.7856694888
2025-07-01,Novus Renta Balanceado,Renta Fija Mix,ARS,898682965.44,735419.7703182946
2025-07-01,Novus Performance,House View ARS,ARS,38041933051.96,31130877.89957026
2025-07-01,Novus Renta Fija,Renta Fija,ARS,2682171680.34,2194903.1604756406
2025-07-01,Novus Multiestrategia,Multi,ARS,4835505436.5,3957042.0651543075
2025-07-01,Novus Renta Mixta,Mixto,ARS,6499821754.33,5319003.036113922
2025-07-01,Novus Retorno Total,Total Return,ARS,100000.0,81.83306
2025-07-01,Novus PyME FCI Abierto PyMES,PyME,ARS,2617308700.93,2141823.7996172677
2025-07-01,Novus Gestión,Renta Fija CER,ARS,32000506974.42,26186994.072681304
2025-07-02,Novus Multiestrategia,Multi,ARS,4857604156.2,3949271.5255842702
2025-07-02,Novus Low Volatility,Low Vol,ARS,100000.0,81.30081000000011
2025-07-02,Novus Retorno Total,Total Return,ARS,100000.0,81.30081000000011
2025-07-02,Novus Income Dolares,USD MEP,USD,1000.0,1000.0
2025-07-02,Novus Liquidez Plus,Renta Fija CP,ARS,12947507215.39,10526428.240920529
2025-07-02,Novus Valor,Dólar Linked,ARS,457344340.86,371824.65360834147
2025-07-02,Novus Capital,House View USD,USD,24879411.15,24879411.15
2025-07-02,Novus Balanceado,Renta Fija Mix,ARS,519156674.82,422078.58179772657
2025-07-02,Novus Renta Fija,Renta Fija,ARS,2687084590.69,2184621.5376161574
2025-07-02,Novus Gestión,Renta Fija CER,ARS,32153719456.33,26141234.363123924
2025-07-02,Novus Performance,House View ARS,ARS,38272884859.37,31116165.401035216
2025-07-02,Novus Income,Renta Fija,ARS,100542026.68,81741.48208125622
2025-07-02,Novus PyME FCI Abierto PyMES,PyME,ARS,2623745680.98,2133126.4909767588
2025-07-02,Novus Gestion II,Renta Fija CP,ARS,6728369572.55,5470218.962276695
2025-07-02,Novus Estrategia,CER,ARS,1251435719.12,1017427.3762738861
2025-07-02,Novus Renta Balanceado,Renta Fija Mix,ARS,903926166.37,734899.2950607586
2025-07-02,Novus Renta Capital,Pagarés/Cheques,ARS,13896525719.81,11297987.972063875
2025-07-02,Novus Liquidez,Money Market,ARS,55360690118.75,45008689.48813377
2025-07-02,Novus Ahorro Dolares,USD MEP,USD,325294.15,325294.15
2025-07-02,Novus Renta Mixta,Mixto,ARS,6554066314.71,5328509.001796386
2025-07-02,Novus Renta Dolar,USD MEP,USD,3618991.81,3618991.81
2025-07-03,Novus Ahorro Dolares,USD MEP,USD,325264.53,325264.53
2025-07-03,Novus Renta Fija,Renta Fija,ARS,2692502456.06,2187248.1774246925
2025-07-03,Novus Gestión,Renta Fija CER,ARS,32196179609.99,26154492.454962283
2025-07-03,Novus Income Dolares,USD MEP,USD,1000.0,1000.0
2025-07-03,Novus Income,Renta Fija,ARS,100582929.87,81708.31173915583
2025-07-03,Novus Estrategia,CER,ARS,1255310018.91,1019748.2066484954
2025-07-03,Novus PyME FCI Abierto PyMES,PyME,ARS,2626342616.62,2133503.3840232394
2025-07-03,Novus Balanceado,Renta Fija Mix,ARS,521591372.89,423713.55210703396
2025-07-03,Novus Renta Capital,Pagarés/Cheques,ARS,13922286620.48,11309737.514887704
2025-07-03,Novus Low Volatility,Low Vol,ARS,100000.0,81.23477000000003
2025-07-03,Novus Renta Balanceado,Renta Fija Mix,ARS,906172500.14,736127.1462919789
2025-07-03,Novus Multiestrategia,Multi,ARS,4866130788.1,3952990.153612224
2025-07-03,Novus Liquidez Plus,Renta Fija CP,ARS,12911808686.12,10488878.089009607
2025-07-03,Novus Capital,House View USD,USD,24831628.89,24831628.89
2025-07-03,Novus Gestion II,Renta Fija CP,ARS,6747342403.39,5481188.082506341
2025-07-03,Novus Retorno Total,Total Return,ARS,100000.0,81.23477000000003
2025-07-03,Novus Renta Mixta,Mixto,ARS,6569307189.42,5336561.585918803
2025-07-03,Novus Renta Dolar,USD MEP,USD,3627395.82,3627395.82
2025-07-03,Novus Valor,Dólar Linked,ARS,460132643.98,373787.69503207196
2025-07-03,Novus Performance,House View ARS,ARS,38367449569.68,31167709.412795547
2025-07-03,Novus Liquidez,Money Market,ARS,63210345129.78,51348778.482383
2025-07-04,Novus Liquidez Plus,Renta Fija CP,ARS,12893229577.9,10473785.393179039
2025-07-04,Novus Renta Capital,Pagarés/Cheques,ARS,13962809433.1,11342656.128517093
2025-07-04,Novus Renta Dolar,USD MEP,USD,3636441.62,3636441.62
2025-07-04,Novus Balanceado,Renta Fija Mix,ARS,522538183.05,424482.69116284663
2025-07-04,Novus Capital,House View USD,USD,24869248.01,24869248.01
2025-07-04,Novus PyME FCI Abierto PyMES,PyME,ARS,2629314095.06,2135917.257699573
2025-07-04,Novus Income,Renta Fija,ARS,100621948.74,81740.00862845691
2025-07-04,Novus Renta Mixta,Mixto,ARS,6599000109.49,5360682.561243951
2025-07-04,Novus Renta Fija,Renta Fija,ARS,2699052629.97,2192569.196135081
2025-07-04,Novus Valor,Dólar Linked,ARS,462463553.9,375681.2043444911
2025-07-04,Novus Multiestrategia,Multi,ARS,4871814235.87,3957607.0893362532
2025-07-04,Novus Liquidez,Money Market,ARS,55107588575.48,44766522.83183747
2025-07-04,Novus Performance,House View ARS,ARS,38527884221.54,31298038.13323432
2025-07-04,Novus Renta Balanceado,Renta Fija Mix,ARS,911917962.53,740794.4594499319
2025-07-04,Novus Retorno Total,Total Return,ARS,100000.0,81.23477000000003
2025-07-04,Novus Low Volatility,Low Vol,ARS,100000.0,81.23477000000003
2025-07-04,Novus Gestion II,Renta Fija CP,ARS,6778415824.06,5506430.504318748
2025-07-04,Novus Gestión,Renta Fija CER,ARS,32288717473.47,26229665.375523176
2025-07-04,Novus Estrategia,CER,ARS,1257571702.88,1021585.4804196517
2025-07-04,Novus Income Dolares,USD MEP,USD,1000.0,1000.0
2025-07-04,Novus Ahorro Dolares,USD MEP,USD,326529.92,326529.92
2025-07-07,Novus PyME FCI Abierto PyMES,PyME,ARS,2642289615.99,2090418.8929626413
2025-07-07,Novus Gestión,Renta Fija CER,ARS,32325313229.92,25573822.44846839
2025-07-07,Novus Renta Balanceado,Renta Fija Mix,ARS,914142797.36,723214.2013891545
2025-07-07,Novus Estrategia,CER,ARS,1258011573.94,995262.2701976352
2025-07-07,Novus Renta Capital,Pagarés/Cheques,ARS,13941054696.86,11029314.860030092
2025-07-07,Novus Ahorro Dolares,USD MEP,USD,358994.81,358994.81
2025-07-07,Novus Renta Mixta,Mixto,ARS,6598400785.39,5220253.518632831
2025-07-07,Novus Liquidez,Money Market,ARS,52818000464.25,41786390.632886484
2025-07-07,Novus Liquidez Plus,Renta Fija CP,ARS,12803307839.5,10129198.721495787
2025-07-07,Novus Low Volatility,Low Vol,ARS,100000.0,79.11392000000022
2025-07-07,Novus Income Dolares,USD MEP,USD,1000.0,1000.0
2025-07-07,Novus Multiestrategia,Multi,ARS,4872798954.18,3855062.2663708124
2025-07-07,Novus Balanceado,Renta Fija Mix,ARS,520987740.33,412173.824094485
2025-07-07,Novus Valor,Dólar Linked,ARS,470164908.31,371965.88942844776
2025-07-07,Novus Performance,House View ARS,ARS,36720839655.59,29051295.708451822
2025-07-07,Novus Retorno Total,Total Return,ARS,100000.0,79.11392000000022
2025-07-07,Novus Gestion II,Renta Fija CP,ARS,6776991579.61,5361543.696699406
2025-07-07,Novus Renta Fija,Renta Fija,ARS,2706440353.17,2141171.055854637
2025-07-07,Novus Renta Dolar,USD MEP,USD,3604336.61,3604336.61
2025-07-07,Novus Capital,House View USD,USD,24154713.6,24154713.6
2025-07-07,Novus Income,Renta Fija,ARS,100733753.05,79694.42080097477
2025-07-08,Novus Income,Renta Fija,ARS,101060815.39,80526.54117510776
2025-07-08,Novus Estrategia,CER,ARS,1106608981.38,881760.0902976509
2025-07-08,Novus Valor,Dólar Linked,ARS,467747946.87,372707.50446494267
2025-07-08,Novus Capital,House View USD,USD,23936868.99,23936868.99
2025-07-08,Novus Renta Fija,Renta Fija,ARS,2698388407.3,2150110.152469421
2025-07-08,Novus Ahorro Dolares,USD MEP,USD,363843.67,363843.67
2025-07-08,Novus Low Volatility,Low Vol,ARS,100000.0,79.6812700000003
2025-07-08,Novus Gestion II,Renta Fija CP,ARS,6780548029.72,5402826.783040894
2025-07-08,Novus Renta Balanceado,Renta Fija Mix,ARS,913632378.58,727993.8823837547
2025-07-08,Novus Retorno Total,Total Return,ARS,100000.0,79.6812700000003
2025-07-08,Novus Performance,House View ARS,ARS,34815447694.08,27741390.878828764
2025-07-08,Novus Liquidez,Money Market,ARS,64523420695.98,51413081.0579999
2025-07-08,Novus Multiestrategia,Multi,ARS,4879464828.46,3888019.544520264
2025-07-08,Novus Renta Dolar,USD MEP,USD,3492070.6,3492070.6
2025-07-08,Novus Gestión,Renta Fija CER,ARS,33961126954.74,27060657.26384926
2025-07-08,Novus Income Dolares,USD MEP,USD,1000.0,1000.0
2025-07-08,Novus PyME FCI Abierto PyMES,PyME,ARS,2641993746.77,2105174.170746928
2025-07-08,Novus Balanceado,Renta Fija Mix,ARS,523344631.79,417007.6490870973
2025-07-08,Novus Renta Mixta,Mixto,ARS,6658537824.66,5305607.502119481
2025-07-08,Novus Renta Capital,Pagarés/Cheques,ARS,13991131927.34,11148311.607080031
2025-07-08,Novus Liquidez Plus,Renta Fija CP,ARS,12716787752.94,10132897.984747093
2025-07-10,Novus Liquidez,Money Market,ARS,56030430033.94,44645758.23750499
2025-07-10,Novus Renta Mixta,Mixto,ARS,6644896386.63,5294737.831050914
2025-07-10,Novus Gestion II,Renta Fija CP,ARS,6798657126.33,5417256.341205269
2025-07-10,Novus Renta Capital,Pagarés/Cheques,ARS,14079212706.83,11218495.490803562
2025-07-10,Novus Low Volatility,Low Vol,ARS,100000.0,79.6812700000003
2025-07-10,Novus Ahorro Dolares,USD MEP,USD,359193.06,359193.06
2025-07-10,Novus Renta Fija,Renta Fija,ARS,2712574460.33,2161413.779686598
2025-07-10,Novus Performance,House View ARS,ARS,35043028911.48,27922730.48313455
2025-07-10,Novus Renta Dolar,USD MEP,USD,3613706.73,3613706.73
2025-07-10,Novus Renta Balanceado,Renta Fija Mix,ARS,918098169.77,731552.2815194948
2025-07-10,Novus Capital,House View USD,USD,23901868.45,23901868.45
2025-07-10,Novus Retorno Total,Total Return,ARS,100000.0,79.6812700000003
2025-07-10,Novus Balanceado,Renta Fija Mix,ARS,527066605.44,419973.36496048264
2025-07-10,Novus Liquidez Plus,Renta Fija CP,ARS,12743360285.11,10154071.315851308
2025-07-10,Novus Income Dolares,USD MEP,USD,1000.0,1000.0
2025-07-10,Novus Multiestrategia,Multi,ARS,4882745401.86,3890633.5470686657
2025-07-10,Novus Gestión,Renta Fija CER,ARS,35926981832.4,28627075.3967257
2025-07-10,Novus Income,Renta Fija,ARS,102051908.72,81316.25692733705
2025-07-10,Novus Valor,Dólar Linked,ARS,471646601.5,375814.00198704045
2025-07-10,Novus Estrategia,CER,ARS,1109055496.63,883709.5047195946
2025-07-10,Novus PyME FCI Abierto PyMES,PyME,ARS,2647724528.41,2109740.530338607
2025-07-11,Novus Retorno Total,Total Return,ARS,100000.0,79.27071000000157
2025-07-11,Novus Gestión,Renta Fija CER,ARS,40384619472.14,32013174.586364266
2025-07-11,Novus Renta Mixta,Mixto,ARS,6585505480.35,5220376.951362459
2025-07-11,Novus Estrategia,CER,ARS,1107556155.97,877967.6284861438
2025-07-11,Novus Liquidez Plus,Renta Fija CP,ARS,12775221977.52,10127009.165656345
2025-07-11,Novus Gestion II,Renta Fija CP,ARS,6779383092.57,5374065.111100303
2025-07-11,Novus Multiestrategia,Multi,ARS,4890844004.11,3877006.767050503
2025-07-11,Novus Income,Renta Fija,ARS,102794507.72,81485.93611065042
2025-07-11,Novus Low Volatility,Low Vol,ARS,100000.0,79.27071000000157
2025-07-11,Novus Ahorro Dolares,USD MEP,USD,389549.7,389549.7
2025-07-11,Novus Liquidez,Money Market,ARS,50931808759.7,40374006.419657186
2025-07-11,Novus PyME FCI Abierto PyMES,PyME,ARS,2649454428.26,2100241.3364081844
2025-07-11,Novus Renta Dolar,USD MEP,USD,3594510.7,3594510.7
2025-07-11,Novus Valor,Dólar Linked,ARS,470568749.11,373023.18845762307
2025-07-11,Novus Income Dolares,USD MEP,USD,1000.0,1000.0
2025-07-11,Novus Renta Fija,Renta Fija,ARS,2714433755.32,2151750.9103218694
2025-07-11,Novus Renta Capital,Pagarés/Cheques,ARS,14155949719.85,11221521.850168329
2025-07-11,Novus Performance,House View ARS,ARS,34963133556.7,27715524.20864489
2025-07-11,Novus Capital,House View USD,USD,23792533.3,23792533.3
2025-07-11,Novus Balanceado,Renta Fija Mix,ARS,529987180.72,420124.60106573545
2025-07-11,Novus Renta Balanceado,Renta Fija Mix,ARS,916635764.46,726623.678601384
2025-07-14,Novus Liquidez,Money Market,ARS,46011303075.21,35946330.52750781
2025-07-14,Novus Gestion II,Renta Fija CP,ARS,6695624879.72,5230956.93728125
2025-07-14,Novus Ahorro Dolares,USD MEP,USD,423452.19,423452.19
2025-07-14,Novus Renta Mixta,Mixto,ARS,6615365477.55,5168254.279335937
2025-07-14,Novus Liquidez Plus,Renta Fija CP,ARS,12767223916.73,9974393.684945311
2025-07-14,Novus Renta Dolar,USD MEP,USD,3577839.29,3577839.29
2025-07-14,Novus Renta Capital,Pagarés/Cheques,ARS,14169782514.71,11070142.589617187
2025-07-14,Novus Capital,House View USD,USD,24198428.92,24198428.92
2025-07-14,Novus Gestión,Renta Fija CER,ARS,42586012382.15,33270322.17355469
2025-07-14,Novus Low Volatility,Low Vol,ARS,100000.0,78.125
2025-07-14,Novus Retorno Total,Total Return,ARS,100000.0,78.125
2025-07-14,Novus Multiestrategia,Multi,ARS,4900261670.91,3828329.430398437
2025-07-14,Novus Performance,House View ARS,ARS,35058275361.2,27389277.6259375
2025-07-14,Novus Valor,Dólar Linked,ARS,475611559.38,371571.530765625
2025-07-14,Novus Income Dolares,USD MEP,USD,1000.0,1000.0
2025-07-14,Novus Balanceado,Renta Fija Mix,ARS,530452929.46,414416.35114062496
2025-07-14,Novus Estrategia,CER,ARS,1105576089.09,863731.3196015625
2025-07-14,Novus Renta Fija,Renta Fija,ARS,2718628748.65,2123928.7098828126
2025-07-14,Novus Income,Renta Fija,ARS,302494539.63,236323.8590859375
2025-07-14,Novus Renta Balanceado,Renta Fija Mix,ARS,919398808.85,718280.3194140625
2025-07-14,Novus PyME FCI Abierto PyMES,PyME,ARS,2657159771.95,2075906.0718359374
2025-07-15,Novus Renta Balanceado,Renta Fija Mix,ARS,910342774.37,722494.27115297
2025-07-15,Novus Renta Fija,Renta Fija,ARS,2710627943.14,2151292.0355754155
2025-07-15,Novus Liquidez Plus,Renta Fija CP,ARS,12547513275.89,9958343.94942072
2025-07-15,Novus Gestión,Renta Fija CER,ARS,42465221988.39,33702557.403263316
2025-07-15,Novus Low Volatility,Low Vol,ARS,100000.0,79.36508
2025-07-15,Novus Income Dolares,USD MEP,USD,1000.0,1000.0
2025-07-15,Novus PyME FCI Abierto PyMES,PyME,ARS,2649384938.87,2102686.476242127
2025-07-15,Novus Balanceado,Renta Fija Mix,ARS,521707563.92,414053.6254711592
2025-07-15,Novus Valor,Dólar Linked,ARS,468877775.66,372125.2217547796
2025-07-15,Novus Capital,House View USD,USD,24260434.62,24260434.62
2025-07-15,Novus Ahorro Dolares,USD MEP,USD,425529.26,425529.26
2025-07-15,Novus Renta Mixta,Mixto,ARS,6548183997.47,5196971.468139264
2025-07-15,Novus Estrategia,CER,ARS,1094856413.46,868933.6684276599
2025-07-15,Novus Renta Capital,Pagarés/Cheques,ARS,13990992122.39,11103962.090728521
2025-07-15,Novus Liquidez,Money Market,ARS,55797613640.94,44283820.70422295
2025-07-15,Novus Income,Renta Fija,ARS,298885504.61,237210.71984213023
2025-07-15,Novus Gestion II,Renta Fija CP,ARS,6279303504.59,4983574.249860657
2025-07-15,Novus Renta Dolar,USD MEP,USD,3571628.71,3571628.71
2025-07-15,Novus Performance,House View ARS,ARS,34612203641.01,27470003.109450504
2025-07-15,Novus Retorno Total,Total Return,ARS,100000.0,79.36508
2025-07-15,Novus Multiestrategia,Multi,ARS,4887171361.1,3878707.4604741046
2025-07-16,Novus Renta Mixta,Mixto,ARS,6493942494.45,5149835.368468232
2025-07-16,Novus Renta Balanceado,Renta Fija Mix,ARS,910887997.5,722353.6750206467
2025-07-16,Novus Low Volatility,Low Vol,ARS,100000.0,79.30214000000002
2025-07-16,Novus Renta Fija,Renta Fija,ARS,2709173700.14,2148432.7205282035
2025-07-16,Novus Performance,House View ARS,ARS,34539472637.4,27390540.946172647
2025-07-16,Novus PyME FCI Abierto PyMES,PyME,ARS,2651917066.19,2103026.984513887
2025-07-16,Novus Liquidez Plus,Renta Fija CP,ARS,12388172749.58,9824086.097313784
2025-07-16,Novus Gestión,Renta Fija CER,ARS,42409959190.89,33632005.21150246
2025-07-16,Novus Retorno Total,Total Return,ARS,100000.0,79.30214000000002
2025-07-16,Novus Estrategia,CER,ARS,1078882316.59,855576.7651374452
2025-07-16,Novus Renta Dolar,USD MEP,USD,3574106.74,3574106.74
2025-07-16,Novus Multiestrategia,Multi,ARS,4858894519.99,3853207.3346947986
2025-07-16,Novus Ahorro Dolares,USD MEP,USD,428926.05,428926.05
2025-07-16,Novus Liquidez,Money Market,ARS,57323095328.0,45458441.30934403
2025-07-16,Novus Income Dolares,USD MEP,USD,1000.0,1000.0
2025-07-16,Novus Income,Renta Fija,ARS,298875702.74,237014.8282128587
2025-07-16,Novus Balanceado,Renta Fija Mix,ARS,1102598310.83,874384.0560920419
2025-07-16,Novus Renta Capital,Pagarés/Cheques,ARS,14006385424.42,11107363.378213145
2025-07-16,Novus Gestion II,Renta Fija CP,ARS,6287805798.34,4986364.557127706
2025-07-16,Novus Valor,Dólar Linked,ARS,469668602.14,372457.25240510586
2025-07-16,Novus Capital,House View USD,USD,24117001.71,24117001.71
2025-07-17,Novus Renta Dolar,USD MEP,USD,3552305.11,3552305.11
2025-07-17,Novus Low Volatility,Low Vol,ARS,100000.0,78.49294000000025
2025-07-17,Novus Renta Capital,Pagarés/Cheques,ARS,13992500842.9,10983125.291117026
2025-07-17,Novus Capital,House View USD,USD,24014169.37,24014169.37
2025-07-17,Novus Retorno Total,Total Return,ARS,100000.0,78.49294000000025
2025-07-17,Novus Income,Renta Fija,ARS,348926806.62,273882.9089641535
2025-07-17,Novus Gestion II,Renta Fija CP,ARS,6110675521.62,4796448.870779889
2025-07-17,Novus Performance,House View ARS,ARS,34463456171.28,27051379.97444919
2025-07-17,Novus Multiestrategia,Multi,ARS,4850701605.13,3807458.30049374
2025-07-17,Novus Liquidez Plus,Renta Fija CP,ARS,13039961334.15,10235449.02603759
2025-07-17,Novus Renta Fija,Renta Fija,ARS,2708897980.48,2126293.666479385
2025-07-17,Novus Renta Balanceado,Renta Fija Mix,ARS,911345045.45,715341.5197180435
2025-07-17,Novus Valor,Dólar Linked,ARS,470776744.81,369526.5078376676
2025-07-17,Novus Renta Mixta,Mixto,ARS,6527635171.69,5123732.7587335445
2025-07-17,Novus PyME FCI Abierto PyMES,PyME,ARS,2654193818.38,2083354.761344729
2025-07-17,Novus Liquidez,Money Market,ARS,62887332050.04,49362115.81363882
2025-07-17,Novus Gestión,Renta Fija CER,ARS,42405615860.68,33285414.61415414
2025-07-17,Novus Estrategia,CER,ARS,1077799542.71,845996.5483796373
2025-07-17,Novus Income Dolares,USD MEP,USD,1000.0,1000.0
2025-07-17,Novus Ahorro Dolares,USD MEP,USD,565636.19,565636.19
2025-07-17,Novus Balanceado,Renta Fija Mix,ARS,1101388401.82,864512.1374075342
2025-07-18,Novus PyME FCI Abierto PyMES,PyME,ARS,2658016873.26,2066887.2107313443
2025-07-18,Novus Retorno Total,Total Return,ARS,100000.0,77.76050000000006
2025-07-18,Novus Liquidez Plus,Renta Fija CP,ARS,13025249437.25,10128499.088652795
2025-07-18,Novus Balanceado,Renta Fija Mix,ARS,1093128793.15,850022.4151974065
2025-07-18,Novus Income Dolares,USD MEP,USD,1000.0,1000.0
2025-07-18,Novus Renta Dolar,USD MEP,USD,3556883.82,3556883.82
2025-07-18,Novus Capital,House View USD,USD,24079619.72,24079619.72
2025-07-18,Novus Performance,House View ARS,ARS,34435297084.93,26777059.189727016
2025-07-18,Novus Ahorro Dolares,USD MEP,USD,571757.6,571757.6
2025-07-18,Novus Gestion II,Renta Fija CP,ARS,6042546219.1,4698714.15270326
2025-07-18,Novus Liquidez,Money Market,ARS,64887790245.96,50457070.13420977
2025-07-18,Novus Income,Renta Fija,ARS,667701037.67,519207.66539738077
2025-07-18,Novus Valor,Dólar Linked,ARS,492303575.89,382817.7221299438
2025-07-18,Novus Gestión,Renta Fija CER,ARS,42397599865.0,32968585.643023353
2025-07-18,Novus Renta Fija,Renta Fija,ARS,2712814188.85,2109497.877320706
2025-07-18,Novus Low Volatility,Low Vol,ARS,100000.0,77.76050000000006
2025-07-18,Novus Renta Capital,Pagarés/Cheques,ARS,13932232835.11,10833773.913745722
2025-07-18,Novus Renta Mixta,Mixto,ARS,6513873921.19,5065220.930486954
2025-07-18,Novus Multiestrategia,Multi,ARS,4836600083.9,3760964.4082410624
2025-07-18,Novus Estrategia,CER,ARS,1073256085.89,834569.2986684941
2025-07-18,Novus Renta Balanceado,Renta Fija Mix,ARS,910205116.64,707780.0497248478
2025-07-21,Novus Estrategia,CER,ARS,1053577277.87,826335.0930421487
2025-07-21,Novus Low Volatility,Low Vol,ARS,100000.0,78.43137000000009
2025-07-21,Novus Ahorro Dolares,USD MEP,USD,686873.53,686873.53
2025-07-21,Novus Capital,House View USD,USD,24016559.29,24016559.29
2025-07-21,Novus PyME FCI Abierto PyMES,PyME,ARS,2655254036.4,2082552.117728821
2025-07-21,Novus Renta Balanceado,Renta Fija Mix,ARS,900898179.45,706586.7844476943
2025-07-21,Novus Income Dolares,USD MEP,USD,1000.0,1000.0
2025-07-21,Novus Performance,House View ARS,ARS,31432380777.44,24652846.867362868
2025-07-21,Novus Balanceado,Renta Fija Mix,ARS,1078792332.52,846111.6058503925
2025-07-21,Novus Multiestrategia,Multi,ARS,4811717030.49,3773895.587536629
2025-07-21,Novus Gestion II,Renta Fija CP,ARS,5655867184.28,4435974.118011233
2025-07-21,Novus Renta Mixta,Mixto,ARS,6427016441.65,5040797.045311351
2025-07-21,Novus Renta Fija,Renta Fija,ARS,2707376962.96,2123432.843113923
2025-07-21,Novus Income,Renta Fija,ARS,663843597.57,520661.62823143834
2025-07-21,Novus Retorno Total,Total Return,ARS,100000.0,78.43137000000009
2025-07-21,Novus Renta Capital,Pagarés/Cheques,ARS,13795800462.96,10820235.305565882
2025-07-21,Novus Liquidez Plus,Renta Fija CP,ARS,12035870338.58,9439897.997971943
2025-07-21,Novus Gestión,Renta Fija CER,ARS,42348779567.39,33214727.992984086
2025-07-21,Novus Valor,Dólar Linked,ARS,486848265.61,381841.7645391623
2025-07-21,Novus Liquidez,Money Market,ARS,61489908744.5,48227377.8400612
2025-07-21,Novus Renta Dolar,USD MEP,USD,3549240.65,3549240.65
2025-07-22,Novus Low Volatility,Low Vol,ARS,100000.0,79.58615000000164
2025-07-22,Novus Gestion II,Renta Fija CP,ARS,5629734930.3,4480489.286231046
2025-07-22,Novus Liquidez,Money Market,ARS,49997833548.55,39791350.80470015
2025-07-22,Novus Renta Capital,Pagarés/Cheques,ARS,13804440236.23,10986422.513066588
2025-07-22,Novus Performance,House View ARS,ARS,31064363338.12,24722930.8028217
2025-07-22,Novus Ahorro Dolares,USD MEP,USD,695003.4,695003.4
2025-07-22,Novus PyME FCI Abierto PyMES,PyME,ARS,2651935395.06,2110573.2814155878
2025-07-22,Novus Renta Balanceado,Renta Fija Mix,ARS,895570918.89,712750.4148641884
2025-07-22,Novus Multiestrategia,Multi,ARS,4795197850.11,3816313.353785398
2025-07-22,Novus Retorno Total,Total Return,ARS,100000.0,79.58615000000164
2025-07-22,Novus Renta Mixta,Mixto,ARS,6361313893.03,5062724.816877799
2025-07-22,Novus Renta Dolar,USD MEP,USD,3543437.79,3543437.79
2025-07-22,Novus Liquidez Plus,Renta Fija CP,ARS,11291214822.51,8986243.165465228
2025-07-22,Novus Valor,Dólar Linked,ARS,481669274.63,383342.03141095163
2025-07-22,Novus Income,Renta Fija,ARS,664313090.99,528701.2130649488
2025-07-22,Novus Income Dolares,USD MEP,USD,1000.0,1000.0
2025-07-22,Novus Gestión,Renta Fija CER,ARS,42290171685.15,33657119.472601704
2025-07-22,Novus Balanceado,Renta Fija Mix,ARS,1080018196.91,859544.9022201058
2025-07-22,Novus Estrategia,CER,ARS,987845481.52,786188.1866907456
2025-07-22,Novus Capital,House View USD,USD,23835151.47,23835151.47
2025-07-22,Novus Renta Fija,Renta Fija,ARS,2700872866.81,2149520.731088751
2025-07-23,Novus Income Dolares,USD MEP,USD,1000.0,1000.0
2025-07-23,Novus Retorno Total,Total Return,ARS,100000.0,77.79073999999709
2025-07-23,Novus Income,Renta Fija,ARS,668627169.76,520130.02319734066
2025-07-23,Novus Performance,House View ARS,ARS,31383143209.51,24413179.337936662
2025-07-23,Novus Low Volatility,Low Vol,ARS,100000.0,77.79073999999709
2025-07-23,Novus Liquidez Plus,Renta Fija CP,ARS,11343694602.93,8824343.974958977
2025-07-23,Novus Estrategia,CER,ARS,874347899.43,680161.7011410272
2025-07-23,Novus Liquidez,Money Market,ARS,53405424045.26,41544474.56494413
2025-07-23,Novus Gestion II,Renta Fija CP,ARS,5680383539.46,4418812.39018396
2025-07-23,Novus Ahorro Dolares,USD MEP,USD,730986.22,730986.22
2025-07-23,Novus Valor,Dólar Linked,ARS,484686926.91,377041.547126534
2025-07-23,Novus Capital,House View USD,USD,24377349.34,24377349.34
2025-07-23,Novus Renta Capital,Pagarés/Cheques,ARS,13909169218.45,10820045.662884066
2025-07-23,Novus Balanceado,Renta Fija Mix,ARS,1090207999.75,848080.8705446913
2025-07-23,Novus Renta Fija,Renta Fija,ARS,2708467701.09,2106937.06733882
2025-07-23,Novus Multiestrategia,Multi,ARS,4831812029.14,3758702.3328768807
2025-07-23,Novus Renta Dolar,USD MEP,USD,3538450.17,3538450.17
2025-07-23,Novus PyME FCI Abierto PyMES,PyME,ARS,2662811395.13,2071420.6890758732
2025-07-23,Novus Renta Balanceado,Renta Fija Mix,ARS,903702686.82,702997.0074771341
2025-07-23,Novus Renta Mixta,Mixto,ARS,6477034116.0,5038532.768888669
2025-07-23,Novus Gestión,Renta Fija CER,ARS,42449516100.95,33021792.70134691
2025-07-24,Novus Income,Renta Fija,ARS,671109556.68,527601.8379629975
2025-07-24,Novus Renta Balanceado,Renta Fija Mix,ARS,913084064.34,717833.3638157601
2025-07-24,Novus Balanceado,Renta Fija Mix,ARS,1207166799.06,949030.4758328069
2025-07-24,Novus Performance,House View ARS,ARS,31673364501.41,24900443.093204256
2025-07-24,Novus Low Volatility,Low Vol,ARS,100000.0,78.61635000000005
2025-07-24,Novus Liquidez,Money Market,ARS,50301574810.8,39545262.10877039
2025-07-24,Novus Renta Mixta,Mixto,ARS,6583019621.7,5175329.746364351
2025-07-24,Novus Renta Fija,Renta Fija,ARS,2717423362.89,2136339.0619513737
2025-07-24,Novus Liquidez Plus,Renta Fija CP,ARS,11263675983.18,8855090.933802737
2025-07-24,Novus Gestión,Renta Fija CER,ARS,42606311609.51,33495527.05702304
2025-07-24,Novus Estrategia,CER,ARS,887380992.88,697626.5471960164
2025-07-24,Novus Gestion II,Renta Fija CP,ARS,5731237725.64,4505689.909721185
2025-07-24,Novus Income Dolares,USD MEP,USD,1000.0,1000.0
2025-07-24,Novus Multiestrategia,Multi,ARS,4865804876.27,3825318.1918454934
2025-07-24,Novus Renta Dolar,USD MEP,USD,3571483.99,3571483.99
2025-07-24,Novus Retorno Total,Total Return,ARS,100000.0,78.61635000000005
2025-07-24,Novus Valor,Dólar Linked,ARS,489384079.32,384735.9006424891
2025-07-24,Novus PyME FCI Abierto PyMES,PyME,ARS,2665976010.26,2095893.0311420392
2025-07-24,Novus Renta Capital,Pagarés/Cheques,ARS,13954954040.77,10970875.511030894
2025-07-24,Novus Capital,House View USD,USD,24417726.55,24417726.55
2025-07-24,Novus Ahorro Dolares,USD MEP,USD,736308.96,736308.96
2025-07-25,Novus Capital,House View USD,USD,24528210.65,24528210.65
2025-07-25,Novus Gestion II,Renta Fija CP,ARS,5488158063.17,4287623.486851563
2025-07-25,Novus Income Dolares,USD MEP,USD,1000.0,1000.0
2025-07-25,Novus Multiestrategia,Multi,ARS,4853459821.91,3791765.4858671874
2025-07-25,Novus Valor,Dólar Linked,ARS,493499740.46,385546.672234375
2025-07-25,Novus Low Volatility,Low Vol,ARS,100000.0,78.125
2025-07-25,Novus Liquidez Plus,Renta Fija CP,ARS,11400068486.44,8906303.50503125
2025-07-25,Novus Renta Capital,Pagarés/Cheques,ARS,13952203472.99,10900158.963273438
2025-07-25,Novus PyME FCI Abierto PyMES,PyME,ARS,2669685609.87,2085691.8827109374
2025-07-25,Novus Income,Renta Fija,ARS,669991150.26,523430.586140625
2025-07-25,Novus Renta Dolar,USD MEP,USD,3591865.81,3591865.81
2025-07-25,Novus Renta Balanceado,Renta Fija Mix,ARS,917606148.21,716879.8032890626
2025-07-25,Novus Liquidez,Money Market,ARS,53065346037.47,41457301.591773435
2025-07-25,Novus Estrategia,CER,ARS,886068155.24,692240.74628125
2025-07-25,Novus Balanceado,Renta Fija Mix,ARS,1206181625.91,942329.3952421875
2025-07-25,Novus Renta Fija,Renta Fija,ARS,2724108421.15,2128209.7040234376
2025-07-25,Novus Retorno Total,Total Return,ARS,100000.0,78.125
2025-07-25,Novus Ahorro Dolares,USD MEP,USD,793761.16,793761.16
2025-07-25,Novus Gestión,Renta Fija CER,ARS,42546826466.86,33239708.177234374
2025-07-25,Novus Renta Mixta,Mixto,ARS,6639617970.39,5187201.539367188
2025-07-25,Novus Performance,House View ARS,ARS,31797109835.06,24841492.058640625
2025-07-28,Novus Renta Mixta,Mixto,ARS,6611860695.48,5105684.118538219
2025-07-28,Novus Gestión,Renta Fija CER,ARS,42534414519.8,32845108.91972122
2025-07-28,Novus Low Volatility,Low Vol,ARS,100000.0,77.2200800000001
2025-07-28,Novus Renta Dolar,USD MEP,USD,3602439.72,3602439.72
2025-07-28,Novus Ahorro Dolares,USD MEP,USD,805173.03,805173.03
2025-07-28,Novus Renta Fija,Renta Fija,ARS,2726572491.41,2105461.4591247975
2025-07-28,Novus Renta Balanceado,Renta Fija Mix,ARS,914079186.36,705852.6789705419
2025-07-28,Novus Income,Renta Fija,ARS,666407337.65,514600.27925920073
2025-07-28,Novus Capital,House View USD,USD,24562192.53,24562192.53
2025-07-28,Novus PyME FCI Abierto PyMES,PyME,ARS,2672862346.05,2063986.4419096895
2025-07-28,Novus Multiestrategia,Multi,ARS,4837935274.77,3735857.489525619
2025-07-28,Novus Liquidez,Money Market,ARS,55844225381.82,43122955.51522176
2025-07-28,Novus Gestion II,Renta Fija CP,ARS,5407763683.49,4175879.44260193
2025-07-28,Novus Balanceado,Renta Fija Mix,ARS,1193116505.24,921325.5198395334
2025-07-28,Novus Income Dolares,USD MEP,USD,1000.0,1000.0
2025-07-28,Novus Retorno Total,Total Return,ARS,100000.0,77.2200800000001
2025-07-28,Novus Renta Capital,Pagarés/Cheques,ARS,13835896595.08,10684090.419438066
2025-07-28,Novus Estrategia,CER,ARS,876748578.1,677025.9534076833
2025-07-28,Novus Valor,Dólar Linked,ARS,494994138.09,382234.8694284089
2025-07-28,Novus Liquidez Plus,Renta Fija CP,ARS,11372417097.48,8781789.580607744
2025-07-28,Novus Performance,House View ARS,ARS,31618463242.44,24415802.61058279
2025-07-29,Novus Income Dolares,USD MEP,USD,1000.0,1000.0
2025-07-29,Novus Renta Capital,Pagarés/Cheques,ARS,13776701834.94,10671340.937442256
2025-07-29,Novus Gestion II,Renta Fija CP,ARS,5376703058.14,4164758.164924765
2025-07-29,Novus Renta Dolar,USD MEP,USD,3599256.49,3599256.49
2025-07-29,Novus PyME FCI Abierto PyMES,PyME,ARS,2670473028.38,2068530.515613863
2025-07-29,Novus Low Volatility,Low Vol,ARS,100000.0,77.4593300000002
2025-07-29,Novus Liquidez Plus,Renta Fija CP,ARS,11238995165.94,8705650.354269534
2025-07-29,Novus Retorno Total,Total Return,ARS,100000.0,77.4593300000002
2025-07-29,Novus Ahorro Dolares,USD MEP,USD,832901.61,832901.61
2025-07-29,Novus Liquidez,Money Market,ARS,47826273944.37,37045911.36127367
2025-07-29,Novus Gestión,Renta Fija CER,ARS,42513893588.53,32930977.130588375
2025-07-29,Novus Balanceado,Renta Fija Mix,ARS,1188283931.4,920436.7717601019
2025-07-29,Novus Valor,Dólar Linked,ARS,493861262.89,382541.62536413356
2025-07-29,Novus Renta Balanceado,Renta Fija Mix,ARS,910447313.02,705226.3886682965
2025-07-29,Novus Renta Mixta,Mixto,ARS,6644182012.92,5146538.871188358
2025-07-29,Novus Multiestrategia,Multi,ARS,4810785151.28,3726401.9459209833
2025-07-29,Novus Capital,House View USD,USD,24626721.99,24626721.99
2025-07-29,Novus Income,Renta Fija,ARS,665425427.91,515434.07810872025
2025-07-29,Novus Estrategia,CER,ARS,872098858.88,675521.9330260952
2025-07-29,Novus Renta Fija,Renta Fija,ARS,2721796813.89,2108285.576000546
2025-07-29,Novus Performance,House View ARS,ARS,31498029483.79,24398162.601346254
2025-07-30,Novus Ahorro Dolares,USD MEP,USD,1028395.17,1028395.17
2025-07-30,Novus Performance,House View ARS,ARS,31790361215.85,24175180.46586882
2025-07-30,Novus Income,Renta Fija,ARS,667787540.26,507823.2420522212
2025-07-30,Novus Renta Capital,Pagarés/Cheques,ARS,13832514882.74,10519023.087423407
2025-07-30,Novus Gestion II,Renta Fija CP,ARS,5389337016.4,4098355.2869445877
2025-07-30,Novus Renta Fija,Renta Fija,ARS,2734095082.42,2079159.8302253108
2025-07-30,Novus Renta Mixta,Mixto,ARS,6678613188.77,5078793.474663242
2025-07-30,Novus Low Volatility,Low Vol,ARS,100000.0,76.04563000000009
2025-07-30,Novus Balanceado,Renta Fija Mix,ARS,1193772141.49,907811.545760563
2025-07-30,Novus Liquidez Plus,Renta Fija CP,ARS,11297425931.33,8591198.723263277
2025-07-30,Novus Liquidez,Money Market,ARS,48825282949.61,37129494.01831355
2025-07-30,Novus Income Dolares,USD MEP,USD,1000.0,1000.0
2025-07-30,Novus Valor,Dólar Linked,ARS,504487014.1,383640.3281405343
2025-07-30,Novus Renta Dolar,USD MEP,USD,3606411.15,3606411.15
2025-07-30,Novus Multiestrategia,Multi,ARS,4820869091.74,3666060.272288965
2025-07-30,Novus Gestión,Renta Fija CER,ARS,42609634112.14,32402764.701271806
2025-07-30,Novus PyME FCI Abierto PyMES,PyME,ARS,2679987182.22,2038013.1366384493
2025-07-30,Novus Estrategia,CER,ARS,872790887.63,663719.3290808264
2025-07-30,Novus Capital,House View USD,USD,24691708.73,24691708.73
2025-07-30,Novus Renta Balanceado,Renta Fija Mix,ARS,918562044.41,698526.293612465
2025-07-30,Novus Retorno Total,Total Return,ARS,100000.0,76.04563000000009
2025-07-31,Novus Gestión,Renta Fija CER,ARS,42861275114.93,31194521.75119637
2025-07-31,Novus Performance,House View ARS,ARS,32112207119.59,23371328.566051904
2025-07-31,Novus Renta Balanceado,Renta Fija Mix,ARS,927642253.56,675139.8874254769
2025-07-31,Novus Estrategia,CER,ARS,876692948.33,638058.8811804724
2025-07-31,Novus Income,Renta Fija,ARS,673411956.95,490110.5690921253
2025-07-31,Novus Renta Dolar,USD MEP,USD,3594167.03,3594167.03
2025-07-31,Novus Liquidez,Money Market,ARS,54733838064.26,39835396.81084467
2025-07-31,Novus Gestion II,Renta Fija CP,ARS,5444248274.79,3962334.782888722
2025-07-31,Novus Liquidez Plus,Renta Fija CP,ARS,11387400233.19,8287772.664516171
2025-07-31,Novus Low Volatility,Low Vol,ARS,100000.0,72.78020000000019
2025-07-31,Novus Income Dolares,USD MEP,USD,1000.0,1000.0
2025-07-31,Novus Valor,Dólar Linked,ARS,523035923.37,380666.5911005338
2025-07-31,Novus Multiestrategia,Multi,ARS,4846319296.14,3527160.8763692942
2025-07-31,Novus Renta Mixta,Mixto,ARS,6740505676.77,4905753.512564573
2025-07-31,Novus PyME FCI Abierto PyMES,PyME,ARS,2698193213.2,1963750.4169533916
2025-07-31,Novus Renta Fija,Renta Fija,ARS,2752246436.13,2003090.4607082917
2025-07-31,Novus Retorno Total,Total Return,ARS,100000.0,72.78020000000019
2025-07-31,Novus Capital,House View USD,USD,24651878.43,24651878.43
2025-07-31,Novus Balanceado,Renta Fija Mix,ARS,1210698470.96,881148.7685616324
2025-07-31,Novus Renta Capital,Pagarés/Cheques,ARS,14047755584.45,10223984.609873908
2025-07-31,Novus Ahorro Dolares,USD MEP,USD,1028914.37,1028914.37
2025-08-01,Novus Capital,House View USD,USD,24494604.22,24494604.22
2025-08-01,Novus Liquidez Plus,Renta Fija CP,ARS,11448255470.51,8393148.82948768
2025-08-01,Novus Gestión,Renta Fija CER,ARS,43043274408.23,31556651.5044461
2025-08-01,Novus Low Volatility,Low Vol,ARS,100000.0,73.31378000000012
2025-08-01,Novus Income Dolares,USD MEP,USD,1000.0,1000.0
2025-08-01,Novus Income,Renta Fija,ARS,714145092.74,523566.7621722004
2025-08-01,Novus Renta Capital,Pagarés/Cheques,ARS,14107891083.24,10343028.231406208
2025-08-01,Novus Ahorro Dolares,USD MEP,USD,1028755.31,1028755.31
2025-08-01,Novus Renta Mixta,Mixto,ARS,6740650598.12,4941825.750074389
2025-08-01,Novus Estrategia,CER,ARS,883775195.19,647929.0022961684
2025-08-01,Novus Renta Dolar,USD MEP,USD,3568107.44,3568107.44
2025-08-01,Novus PyME FCI Abierto PyMES,PyME,ARS,2700685018.62,1979974.273044029
2025-08-01,Novus Performance,House View ARS,ARS,32126087067.81,23552848.795502715
2025-08-01,Novus Balanceado,Renta Fija Mix,ARS,1217194241.67,892371.1085106137
2025-08-01,Novus Renta Fija,Renta Fija,ARS,2756204546.05,2020677.7372410991
2025-08-01,Novus Gestion II,Renta Fija CP,ARS,5453934690.81,3998485.6805641307
2025-08-01,Novus Multiestrategia,Multi,ARS,4883282078.98,3580118.680162829
2025-08-01,Novus Liquidez,Money Market,ARS,53210333177.4,39010506.60294611
2025-08-01,Novus Retorno Total,Total Return,ARS,100000.0,73.31378000000012
2025-08-01,Novus Valor,Dólar Linked,ARS,522820767.05,383299.66694935015
2025-08-01,Novus Renta Balanceado,Renta Fija Mix,ARS,931744084.91,683096.8085739317
2025-08-04,Novus Estrategia,CER,ARS,888182613.51,653075.4354364837
2025-08-04,Novus PyME FCI Abierto PyMES,PyME,ARS,2708526083.74,1991563.249070129
2025-08-04,Novus Liquidez,Money Market,ARS,52100155639.94,38308937.05112963
2025-08-04,Novus Low Volatility,Low Vol,ARS,100000.0,73.52941000000004
2025-08-04,Novus Gestion II,Renta Fija CP,ARS,5481071642.22,4030199.6402016794
2025-08-04,Novus Gestión,Renta Fija CER,ARS,43177630117.46,31748256.677350663
2025-08-04,Novus Multiestrategia,Multi,ARS,4903941669.74,3605839.3765039723
2025-08-04,Novus Capital,House View USD,USD,24413831.15,24413831.15
2025-08-04,Novus Balanceado,Renta Fija Mix,ARS,1220520178.36,897441.2860790561
2025-08-04,Novus Renta Capital,Pagarés/Cheques,ARS,14160530620.84,10412154.618372995
2025-08-04,Novus Income,Renta Fija,ARS,622763741.24,457914.504627699
2025-08-04,Novus Renta Fija,Renta Fija,ARS,2757063845.89,2027252.7792062273
2025-08-04,Novus Ahorro Dolares,USD MEP,USD,1029033.18,1029033.18
2025-08-04,Novus Renta Balanceado,Renta Fija Mix,ARS,939367813.99,690711.6113567449
2025-08-04,Novus Renta Dolar,USD MEP,USD,3580699.99,3580699.99
2025-08-04,Novus Income Dolares,USD MEP,USD,1000.0,1000.0
2025-08-04,Novus Liquidez Plus,Renta Fija CP,ARS,11496731833.0,8453479.08608709
2025-08-04,Novus Valor,Dólar Linked,ARS,523688291.6,385064.9110525598
2025-08-04,Novus Retorno Total,Total Return,ARS,100000.0,73.52941000000004
2025-08-04,Novus Renta Mixta,Mixto,ARS,6798353380.22,4998789.130190826
2025-08-04,Novus Performance,House View ARS,ARS,32263673686.95,23723288.906339597
2025-08-05,Novus Renta Mixta,Mixto,ARS,6853495027.06,5120280.402191479
2025-08-05,Novus Estrategia,CER,ARS,893357292.07,667431.6996919336
2025-08-05,Novus Ahorro Dolares,USD MEP,USD,1027937.93,1027937.93
2025-08-05,Novus Renta Dolar,USD MEP,USD,3591532.99,3591532.99
2025-08-05,Novus Gestión,Renta Fija CER,ARS,43243292224.53,32307279.837406334
2025-08-05,Novus Renta Capital,Pagarés/Cheques,ARS,14161401416.35,10580053.80516179
2025-08-05,Novus Liquidez,Money Market,ARS,55497095370.76,41462157.436970174
2025-08-05,Novus Valor,Dólar Linked,ARS,519565086.46,388169.6739196844
2025-08-05,Novus Renta Balanceado,Renta Fija Mix,ARS,937711376.29,700568.8577831155
2025-08-05,Novus Performance,House View ARS,ARS,32302015079.27,24132996.975797154
2025-08-05,Novus Balanceado,Renta Fija Mix,ARS,1221997879.3,912960.725614394
2025-08-05,Novus Gestion II,Renta Fija CP,ARS,5524877523.37,4127663.6220971965
2025-08-05,Novus Multiestrategia,Multi,ARS,4919504195.64,3675386.1820834917
2025-08-05,Novus Low Volatility,Low Vol,ARS,100000.0,74.71049999999734
2025-08-05,Novus Renta Fija,Renta Fija,ARS,2756559435.7,2059439.337208575
2025-08-05,Novus Income Dolares,USD MEP,USD,1000.0,1000.0
2025-08-05,Novus Retorno Total,Total Return,ARS,100000.0,74.71049999999734
2025-08-05,Novus Income,Renta Fija,ARS,673629658.23,503272.08581190626
2025-08-05,Novus Capital,House View USD,USD,24536192.62,24536192.62
2025-08-05,Novus Liquidez Plus,Renta Fija CP,ARS,11476769195.51,8574351.649811193
2025-08-05,Novus PyME FCI Abierto PyMES,PyME,ARS,2704542829.67,2020577.4707605334
2025-08-06,Novus Capital,House View USD,USD,24569945.44,24569945.44
2025-08-06,Novus Retorno Total,Total Return,ARS,100000.0,75.07508000000033
2025-08-06,Novus Renta Dolar,USD MEP,USD,3602061.75,3602061.75
2025-08-06,Novus Renta Fija,Renta Fija,ARS,2752217654.63,2066229.6059876052
2025-08-06,Novus Renta Mixta,Mixto,ARS,6892538445.79,5174578.752207622
2025-08-06,Novus Performance,House View ARS,ARS,32290406092.19,24242048.20603662
2025-08-06,Novus Liquidez Plus,Renta Fija CP,ARS,11788282510.97,8850062.525736773
2025-08-06,Novus Renta Balanceado,Renta Fija Mix,ARS,936553737.04,703118.4673257726
2025-08-06,Novus Income,Renta Fija,ARS,672631776.67,504978.844440426
2025-08-06,Novus Balanceado,Renta Fija Mix,ARS,1217490230.05,914031.7642022255
2025-08-06,Novus Multiestrategia,Multi,ARS,4906139806.04,3683288.3842963907
2025-08-06,Novus Liquidez,Money Market,ARS,53046280748.69,39824537.70910379
2025-08-06,Novus Renta Capital,Pagarés/Cheques,ARS,14117656159.05,10598841.65553176
2025-08-06,Novus PyME FCI Abierto PyMES,PyME,ARS,2705148844.25,2030892.6589397718
2025-08-06,Novus Gestión,Renta Fija CER,ARS,43221183523.95,32448338.10755242
2025-08-06,Novus Income Dolares,USD MEP,USD,1000.0,1000.0
2025-08-06,Novus Estrategia,CER,ARS,869877349.79,653061.1162567252
2025-08-06,Novus Ahorro Dolares,USD MEP,USD,1048588.34,1048588.34
2025-08-06,Novus Low Volatility,Low Vol,ARS,100000.0,75.07508000000033
2025-08-06,Novus Valor,Dólar Linked,ARS,520578777.05,390824.9333333108
2025-08-06,Novus Gestion II,Renta Fija CP,ARS,5499422018.4,4128695.4798514326
2025-08-07,Novus Multiestrategia,Multi,ARS,4863237159.44,3667599.604669926
2025-08-07,Novus Renta Fija,Renta Fija,ARS,2746523428.04,2071284.6009048251
2025-08-07,Novus Liquidez Plus,Renta Fija CP,ARS,11833629562.91,8924305.700883541
2025-08-07,Novus Renta Capital,Pagarés/Cheques,ARS,13989593909.71,10550221.469901199
2025-08-07,Novus Income,Renta Fija,ARS,767488331.34,578799.6366057323
2025-08-07,Novus Gestion II,Renta Fija CP,ARS,5464726863.13,4121211.741430392
2025-08-07,Novus Capital,House View USD,USD,24634271.63,24634271.63
2025-08-07,Novus Liquidez,Money Market,ARS,44072698413.52,33237328.54861961
2025-08-07,Novus Performance,House View ARS,ARS,32128448392.97,24229598.67297187
2025-08-07,Novus Renta Mixta,Mixto,ARS,6821139958.9,5144147.693496527
2025-08-07,Novus Renta Balanceado,Renta Fija Mix,ARS,931358519.3,702381.9783413528
2025-08-07,Novus Retorno Total,Total Return,ARS,100000.0,75.41478000000002
2025-08-07,Novus Renta Dolar,USD MEP,USD,3606293.71,3606293.71
2025-08-07,Novus Income Dolares,USD MEP,USD,1000.0,1000.0
2025-08-07,Novus Balanceado,Renta Fija Mix,ARS,1205505913.38,909129.6324625179
2025-08-07,Novus Ahorro Dolares,USD MEP,USD,1051043.65,1051043.65
2025-08-07,Novus Low Volatility,Low Vol,ARS,100000.0,75.41478000000002
2025-08-07,Novus PyME FCI Abierto PyMES,PyME,ARS,2702995775.08,2038458.3171858776
2025-08-07,Novus Valor,Dólar Linked,ARS,518553769.36,391066.1843445516
2025-08-07,Novus Estrategia,CER,ARS,864189517.69,651726.6235489749
2025-08-07,Novus Gestión,Renta Fija CER,ARS,43019482034.46,32443047.733427543
2025-08-08,Novus Liquidez Plus,Renta Fija CP,ARS,11938139911.03,9003121.949995475
2025-08-08,Novus Gestión,Renta Fija CER,ARS,43113289214.76,32513792.212074995
2025-08-08,Novus Income Dolares,USD MEP,USD,1000.0,1000.0
2025-08-08,Novus Valor,Dólar Linked,ARS,518177822.82,390782.6650884929
2025-08-08,Novus Renta Mixta,Mixto,ARS,6768520030.4,5104464.490182094
2025-08-08,Novus Performance,House View ARS,ARS,32034833977.75,24158999.56768542
2025-08-08,Novus Renta Fija,Renta Fija,ARS,2751524427.55,2075056.0936830929
2025-08-08,Novus Liquidez,Money Market,ARS,45046092584.13,33971411.62091796
2025-08-08,Novus Multiestrategia,Multi,ARS,4859991887.05,3665152.1896366077
2025-08-08,Novus Balanceado,Renta Fija Mix,ARS,1206234848.33,909679.3571514034
2025-08-08,Novus Retorno Total,Total Return,ARS,100000.0,75.41478000000002
2025-08-08,Novus Renta Dolar,USD MEP,USD,3610321.18,3610321.18
2025-08-08,Novus Ahorro Dolares,USD MEP,USD,1087625.42,1087625.42
2025-08-08,Novus Low Volatility,Low Vol,ARS,100000.0,75.41478000000002
2025-08-08,Novus Renta Balanceado,Renta Fija Mix,ARS,930660304.12,701855.4208994292
2025-08-08,Novus Gestion II,Renta Fija CP,ARS,5454525860.12,4113518.677452607
2025-08-08,Novus Capital,House View USD,USD,24656854.64,24656854.64
2025-08-08,Novus Income,Renta Fija,ARS,768778473.04,579772.5941304755
2025-08-08,Novus PyME FCI Abierto PyMES,PyME,ARS,2703182997.28,2038599.510396119
2025-08-08,Novus Estrategia,CER,ARS,875204103.26,660033.2490245021
2025-08-08,Novus Renta Capital,Pagarés/Cheques,ARS,13975856090.86,10539861.124038674
2025-08-11,Novus Valor,Dólar Linked,ARS,517753563.37,391644.17261390167
2025-08-11,Novus Low Volatility,Low Vol,ARS,100000.0,75.6429700000003
2025-08-11,Novus Estrategia,CER,ARS,872596046.82,660057.5659172413
2025-08-11,Novus Balanceado,Renta Fija Mix,ARS,1203057686.97,910028.5652374148
2025-08-11,Novus Renta Dolar,USD MEP,USD,3617478.98,3617478.98
2025-08-11,Novus Gestión,Renta Fija CER,ARS,42469702457.2,32125344.288789187
2025-08-11,Novus Renta Mixta,Mixto,ARS,6758313398.27,5112188.976359378
2025-08-11,Novus PyME FCI Abierto PyMES,PyME,ARS,2706760217.9,2047473.81959804
2025-08-11,Novus Income Dolares,USD MEP,USD,1000.0,1000.0
2025-08-11,Novus Renta Capital,Pagarés/Cheques,ARS,13957357165.97,10557759.49384758
2025-08-11,Novus Renta Balanceado,Renta Fija Mix,ARS,929239310.14,702904.21259741
2025-08-11,Novus Ahorro Dolares,USD MEP,USD,1082064.98,1082064.98
2025-08-11,Novus Performance,House View ARS,ARS,32002380144.68,24207550.812126346
2025-08-11,Novus Capital,House View USD,USD,24514397.94,24514397.94
2025-08-11,Novus Liquidez Plus,Renta Fija CP,ARS,11892088879.86,8995529.223765872
2025-08-11,Novus Retorno Total,Total Return,ARS,100000.0,75.6429700000003
2025-08-11,Novus Renta Fija,Renta Fija,ARS,2749943276.05,2080138.7673195272
2025-08-11,Novus Multiestrategia,Multi,ARS,4852690119.8,3670718.931513293
2025-08-11,Novus Gestion II,Renta Fija CP,ARS,5443571992.29,4117679.5290563437
2025-08-11,Novus Liquidez,Money Market,ARS,45389859007.09,34334237.431775525
2025-08-11,Novus Income,Renta Fija,ARS,767990158.89,580930.5654921174
2025-08-12,Novus Gestión,Renta Fija CER,ARS,42419451169.09,32196927.61603926
2025-08-12,Novus Liquidez,Money Market,ARS,41608782378.97,31581619.22244329
2025-08-12,Novus Ahorro Dolares,USD MEP,USD,1111529.07,1111529.07
2025-08-12,Novus Retorno Total,Total Return,ARS,100000.0,75.9013299999986
2025-08-12,Novus Renta Balanceado,Renta Fija Mix,ARS,929013713.76,705133.76462622
2025-08-12,Novus Low Volatility,Low Vol,ARS,100000.0,75.9013299999986
2025-08-12,Novus Performance,House View ARS,ARS,31974655487.44,24269188.777884495
2025-08-12,Novus Capital,House View USD,USD,24511296.82,24511296.82
2025-08-12,Novus Valor,Dólar Linked,ARS,516421719.13,391970.9532285272
2025-08-12,Novus Income,Renta Fija,ARS,768199785.27,583073.8540770633
2025-08-12,Novus Renta Mixta,Mixto,ARS,6762460158.77,5132797.201226448
2025-08-12,Novus Renta Dolar,USD MEP,USD,3726397.71,3726397.71
2025-08-12,Novus Balanceado,Renta Fija Mix,ARS,1202386116.01,912627.0537869161
2025-08-12,Novus Gestion II,Renta Fija CP,ARS,5442787189.39,4131147.865816553
2025-08-12,Novus Multiestrategia,Multi,ARS,4855763812.47,3685589.315323368
2025-08-12,Novus Estrategia,CER,ARS,871992993.58,661854.2796340224
2025-08-12,Novus Liquidez Plus,Renta Fija CP,ARS,11751771468.94,8919750.843485832
2025-08-12,Novus Income Dolares,USD MEP,USD,1000.0,1000.0
2025-08-12,Novus Renta Capital,Pagarés/Cheques,ARS,13946395824.87,10585499.918140607
2025-08-12,Novus PyME FCI Abierto PyMES,PyME,ARS,2707729161.98,2055202.4467406364
2025-08-12,Novus Renta Fija,Renta Fija,ARS,2751701379.36,2088577.9445625471
2025-08-13,Novus PyME FCI Abierto PyMES,PyME,ARS,2708178969.08,2062588.6422642784
2025-08-13,Novus Retorno Total,Total Return,ARS,100000.0,76.16146000000008
2025-08-13,Novus Liquidez,Money Market,ARS,31637631073.57,24095681.73504461
2025-08-13,Novus Performance,House View ARS,ARS,32122652543.26,24465081.167673968
2025-08-13,Novus Capital,House View USD,USD,24543056.93,24543056.93
2025-08-13,Novus Estrategia,CER,ARS,874665936.87,666158.347642871
2025-08-13,Novus Income,Renta Fija,ARS,769849463.8,586328.591432252
2025-08-13,Novus Renta Dolar,USD MEP,USD,3740281.39,3740281.39
2025-08-13,Novus Ahorro Dolares,USD MEP,USD,1118913.39,1118913.39
2025-08-13,Novus Renta Fija,Renta Fija,ARS,2756037408.84,2099038.3287187153
2025-08-13,Novus Renta Capital,Pagarés/Cheques,ARS,14016206875.59,10674947.793069737
2025-08-13,Novus Liquidez Plus,Renta Fija CP,ARS,10725970240.21,8169055.53410945
2025-08-13,Novus Gestion II,Renta Fija CP,ARS,5447528008.81,4148916.865418629
2025-08-13,Novus Renta Balanceado,Renta Fija Mix,ARS,934049116.36,711385.4441368756
2025-08-13,Novus Gestión,Renta Fija CER,ARS,42474363751.88,32349095.559142612
2025-08-13,Novus Multiestrategia,Multi,ARS,4864388846.0,3704789.565190755
2025-08-13,Novus Balanceado,Renta Fija Mix,ARS,1208378551.22,920318.7469360007
2025-08-13,Novus Income Dolares,USD MEP,USD,1000.0,1000.0
2025-08-13,Novus Valor,Dólar Linked,ARS,465876578.73,354818.4041588178
2025-08-13,Novus Low Volatility,Low Vol,ARS,100000.0,76.16146000000008
2025-08-13,Novus Renta Mixta,Mixto,ARS,6766065680.15,5153134.406561174
2025-08-14,Novus Valor,Dólar Linked,ARS,460995682.2,355432.28093302227
2025-08-14,Novus Multiestrategia,Multi,ARS,4819686030.08,3716026.126051984
2025-08-14,Novus Ahorro Dolares,USD MEP,USD,1124796.87,1124796.87
2025-08-14,Novus Renta Balanceado,Renta Fija Mix,ARS,922653472.78,711375.0540481084
2025-08-14,Novus Renta Dolar,USD MEP,USD,3736174.2,3736174.2
2025-08-14,Novus Income,Renta Fija,ARS,768868134.43,592805.0203268748
2025-08-14,Novus Gestión,Renta Fija CER,ARS,42425064898.87,32710149.287677787
2025-08-14,Novus Gestion II,Renta Fija CP,ARS,5155011802.48,3974565.649830108
2025-08-14,Novus Capital,House View USD,USD,24539208.32,24539208.32
2025-08-14,Novus Estrategia,CER,ARS,860664835.23,663581.1946106829
2025-08-14,Novus Renta Mixta,Mixto,ARS,6619601296.5,5103778.79561447
2025-08-14,Novus Balanceado,Renta Fija Mix,ARS,1201872443.07,926655.6723314015
2025-08-14,Novus Performance,House View ARS,ARS,31762942694.15,24489546.446616612
2025-08-14,Novus Retorno Total,Total Return,ARS,100000.0,77.10100000000007
2025-08-14,Novus Liquidez,Money Market,ARS,38128932783.26,29397788.46522132
2025-08-14,Novus PyME FCI Abierto PyMES,PyME,ARS,2702752255.08,2083849.0161892325
2025-08-14,Novus Liquidez Plus,Renta Fija CP,ARS,10717064888.66,8262964.199805753
2025-08-14,Novus Renta Fija,Renta Fija,ARS,2755176970.66,2124268.996148568
2025-08-14,Novus Renta Capital,Pagarés/Cheques,ARS,13941809162.47,10749274.282356003
2025-08-14,Novus Income Dolares,USD MEP,USD,1000.0,1000.0
2025-08-14,Novus Low Volatility,Low Vol,ARS,100000.0,77.10100000000007
2025-08-18,Novus Retorno Total,Total Return,ARS,100000.0,77.33952000000001
2025-08-18,Novus Renta Balanceado,Renta Fija Mix,ARS,922087234.84,713137.8414065288
2025-08-18,Novus Low Volatility,Low Vol,ARS,100000.0,77.33952000000001
2025-08-18,Novus Balanceado,Renta Fija Mix,ARS,1202029365.0,929643.7411500481
2025-08-18,Novus Capital,House View USD,USD,24565887.46,24565887.46
2025-08-18,Novus Gestion II,Renta Fija CP,ARS,4844508709.85,3746719.7825561836
2025-08-18,Novus Renta Dolar,USD MEP,USD,3739318.45,3739318.45
2025-08-18,Novus Estrategia,CER,ARS,854227353.21,660655.3346813187
2025-08-18,Novus PyME FCI Abierto PyMES,PyME,ARS,2706570761.97,2093248.8357679406
2025-08-18,Novus Ahorro Dolares,USD MEP,USD,1117974.99,1117974.99
2025-08-18,Novus Valor,Dólar Linked,ARS,458220662.27,354385.66074043914
2025-08-18,Novus Gestión,Renta Fija CER,ARS,42298270883.01,32713279.669219702
2025-08-18,Novus Income Dolares,USD MEP,USD,1000.0,1000.0
2025-08-18,Novus Renta Mixta,Mixto,ARS,6594697243.72,5100307.193746279
2025-08-18,Novus Performance,House View ARS,ARS,31617798459.59,24453053.563214302
2025-08-18,Novus Renta Fija,Renta Fija,ARS,2759847171.49,2134452.5551639427
2025-08-18,Novus Liquidez,Money Market,ARS,58462669763.9,45214748.1745854
2025-08-18,Novus Liquidez Plus,Renta Fija CP,ARS,10613404413.39,8208356.028974642
2025-08-18,Novus Multiestrategia,Multi,ARS,4822863313.84,3729979.33717995
2025-08-18,Novus Renta Capital,Pagarés/Cheques,ARS,13929738847.3,10773193.161755353
2025-08-18,Novus Income,Renta Fija,ARS,769602133.7,595206.5961133384
2025-08-19,Novus Multiestrategia,Multi,ARS,4805902910.98,3718300.1691689244
2025-08-19,Novus Gestión,Renta Fija CER,ARS,41147176631.51,31835340.135610156
2025-08-19,Novus PyME FCI Abierto PyMES,PyME,ARS,2707245612.1,2094580.7695063422
2025-08-19,Novus Valor,Dólar Linked,ARS,453838404.81,351132.2323064301
2025-08-19,Novus Renta Balanceado,Renta Fija Mix,ARS,921641893.69,713069.1719533484
2025-08-19,Novus Balanceado,Renta Fija Mix,ARS,1197792722.97,926725.5221226405
2025-08-19,Novus Income Dolares,USD MEP,USD,1000.0,1000.0
2025-08-19,Novus Liquidez Plus,Renta Fija CP,ARS,10509689027.75,8131287.54651162
2025-08-19,Novus Renta Mixta,Mixto,ARS,6516794197.84,5042007.176821301
2025-08-19,Novus Income,Renta Fija,ARS,838716783.75,648910.4787733861
2025-08-19,Novus Renta Dolar,USD MEP,USD,3744168.03,3744168.03
2025-08-19,Novus Estrategia,CER,ARS,853927555.35,660678.9675799852
2025-08-19,Novus Performance,House View ARS,ARS,31624729291.85,24467875.954620313
2025-08-19,Novus Renta Capital,Pagarés/Cheques,ARS,13837511810.41,10706005.39764808
2025-08-19,Novus Ahorro Dolares,USD MEP,USD,1118752.85,1118752.85
2025-08-19,Novus Gestion II,Renta Fija CP,ARS,4833995130.09,3740034.961777905
2025-08-19,Novus Liquidez,Money Market,ARS,55265918589.04,42758931.72319616
2025-08-19,Novus Renta Fija,Renta Fija,ARS,2759902818.09,2135321.354900452
2025-08-19,Novus Low Volatility,Low Vol,ARS,100000.0,77.36944000000001
2025-08-19,Novus Retorno Total,Total Return,ARS,100000.0,77.36944000000001
2025-08-19,Novus Capital,House View USD,USD,24538305.41,24538305.41
2025-08-20,Novus Performance,House View ARS,ARS,31074853146.51,23885359.585106876
2025-08-20,Novus Gestion II,Renta Fija CP,ARS,4495016160.28,3455046.9739295393
2025-08-20,Novus Valor,Dólar Linked,ARS,452664671.35,347935.9466541284
2025-08-20,Novus Income Dolares,USD MEP,USD,1000.0,1000.0
2025-08-20,Novus Renta Balanceado,Renta Fija Mix,ARS,918202383.37,705766.6208523252
2025-08-20,Novus Low Volatility,Low Vol,ARS,100000.0,76.86395000000002
2025-08-20,Novus Liquidez Plus,Renta Fija CP,ARS,10100222160.54,7763429.711366387
2025-08-20,Novus Renta Fija,Renta Fija,ARS,2758732759.54,2120470.968926446
2025-08-20,Novus Retorno Total,Total Return,ARS,100000.0,76.86395000000002
2025-08-20,Novus Renta Dolar,USD MEP,USD,3703181.64,3703181.64
2025-08-20,Novus Capital,House View USD,USD,24376345.72,24376345.72
2025-08-20,Novus Income,Renta Fija,ARS,835459236.82,642166.9700597066
2025-08-20,Novus Renta Mixta,Mixto,ARS,6451461779.18,4958848.356218027
2025-08-20,Novus Multiestrategia,Multi,ARS,4789944780.42,3681740.7610496394
2025-08-20,Novus Estrategia,CER,ARS,855412525.17,657503.8556404063
2025-08-20,Novus Liquidez,Money Market,ARS,52438621441.84,40306395.76574518
2025-08-20,Novus Ahorro Dolares,USD MEP,USD,1138492.79,1138492.79
2025-08-20,Novus PyME FCI Abierto PyMES,PyME,ARS,2708554507.59,2081901.9824367242
2025-08-20,Novus Gestión,Renta Fija CER,ARS,39860204627.91,30638127.755094435
2025-08-20,Novus Balanceado,Renta Fija Mix,ARS,1192895393.0,916906.5184278237
2025-08-20,Novus Renta Capital,Pagarés/Cheques,ARS,13822847573.28,10624786.647302154
2025-08-21,Novus Renta Capital,Pagarés/Cheques,ARS,13835518372.51,10521307.110140989
2025-08-21,Novus Income,Renta Fija,ARS,838169547.7,637391.3130166163
2025-08-21,Novus Retorno Total,Total Return,ARS,100000.0,76.04563000000009
2025-08-21,Novus PyME FCI Abierto PyMES,PyME,ARS,2564020306.39,1949825.395322208
2025-08-21,Novus Gestion II,Renta Fija CP,ARS,4407427682.08,3351656.147632137
2025-08-21,Novus Low Volatility,Low Vol,ARS,100000.0,76.04563000000009
2025-08-21,Novus Ahorro Dolares,USD MEP,USD,1135419.45,1135419.45
2025-08-21,Novus Liquidez Plus,Renta Fija CP,ARS,10155582186.33,7722876.453762432
2025-08-21,Novus Income Dolares,USD MEP,USD,1000.0,1000.0
2025-08-21,Novus Multiestrategia,Multi,ARS,4772032163.26,3628921.9223537
2025-08-21,Novus Performance,House View ARS,ARS,30989995685.42,23566537.455950484
2025-08-21,Novus Valor,Dólar Linked,ARS,456689865.18,347292.68512228207
2025-08-21,Novus Renta Fija,Renta Fija,ARS,2765679371.59,2103178.301905659
2025-08-21,Novus Liquidez,Money Market,ARS,41179892606.9,31315508.766240567
2025-08-21,Novus Balanceado,Renta Fija Mix,ARS,1198442104.12,911362.848263311
2025-08-21,Novus Renta Dolar,USD MEP,USD,3668023.38,3668023.38
2025-08-21,Novus Capital,House View USD,USD,24212984.59,24212984.59
2025-08-21,Novus Renta Balanceado,Renta Fija Mix,ARS,920639506.6,700106.1128228625
2025-08-21,Novus Estrategia,CER,ARS,850588603.52,646835.4622549869
2025-08-21,Novus Gestión,Renta Fija CER,ARS,39653055167.59,30154415.616441403
2025-08-21,Novus Renta Mixta,Mixto,ARS,6448526907.74,4903822.912710408
2025-08-22,Novus Capital,House View USD,USD,24228357.72,24228357.72
2025-08-22,Novus Ahorro Dolares,USD MEP,USD,1136776.93,1136776.93
2025-08-22,Novus Renta Capital,Pagarés/Cheques,ARS,13776472602.88,10428821.446267162
2025-08-22,Novus Renta Fija,Renta Fija,ARS,2766063269.9,2093916.257259824
2025-08-22,Novus Estrategia,CER,ARS,847211386.78,641340.9683786506
2025-08-22,Novus Renta Dolar,USD MEP,USD,3673818.3,3673818.3
2025-08-22,Novus Performance,House View ARS,ARS,30930759886.11,23414656.374533046
2025-08-22,Novus PyME FCI Abierto PyMES,PyME,ARS,2568254401.39,1944174.488837356
2025-08-22,Novus Renta Mixta,Mixto,ARS,6422614710.63,4861934.107960752
2025-08-22,Novus Income Dolares,USD MEP,USD,1000.0,1000.0
2025-08-22,Novus Balanceado,Renta Fija Mix,ARS,1201536544.51,909565.9277281237
2025-08-22,Novus Renta Balanceado,Renta Fija Mix,ARS,921098905.08,697273.9896730428
2025-08-22,Novus Gestión,Renta Fija CER,ARS,39724334691.5,30071412.727435336
2025-08-22,Novus Valor,Dólar Linked,ARS,458564756.99,347134.5757403716
2025-08-22,Novus Multiestrategia,Multi,ARS,4770229040.07,3611074.3548597875
2025-08-22,Novus Income,Renta Fija,ARS,840258755.43,636077.8104556485
2025-08-22,Novus Liquidez,Money Market,ARS,42254623126.73,31986846.892567854
2025-08-22,Novus Low Volatility,Low Vol,ARS,100000.0,75.70023000000012
2025-08-22,Novus Liquidez Plus,Renta Fija CP,ARS,10163969026.75,7694147.930378524
2025-08-22,Novus Retorno Total,Total Return,ARS,100000.0,75.70023000000012
2025-08-22,Novus Gestion II,Renta Fija CP,ARS,4420175092.37,3346082.7113268077
2025-08-25,Novus Liquidez,Money Market,ARS,46016688417.78,33786115.2766473
2025-08-25,Novus Ahorro Dolares,USD MEP,USD,1124001.34,1124001.34
2025-08-25,Novus Income,Renta Fija,ARS,833370332.58,611872.4987130254
2025-08-25,Novus PyME FCI Abierto PyMES,PyME,ARS,2568423221.45,1885773.3144829792
2025-08-25,Novus Gestión,Renta Fija CER,ARS,39544037951.74,29033802.098314017
2025-08-25,Novus Estrategia,CER,ARS,744948594.45,546951.9853049503
2025-08-25,Novus Income Dolares,USD MEP,USD,1000.0,1000.0
2025-08-25,Novus Balanceado,Renta Fija Mix,ARS,1185946419.22,870738.938619761
2025-08-25,Novus Renta Balanceado,Renta Fija Mix,ARS,911308379.06,669095.7347465105
2025-08-25,Novus Valor,Dólar Linked,ARS,461306513.58,338697.8850842316
2025-08-25,Novus Retorno Total,Total Return,ARS,100000.0,73.42144000000002
2025-08-25,Novus Renta Mixta,Mixto,ARS,6187489521.73,4542943.906703279
2025-08-25,Novus Gestion II,Renta Fija CP,ARS,4367628745.9,3206775.9190937215
2025-08-25,Novus Liquidez Plus,Renta Fija CP,ARS,10096494938.81,7412991.973601422
2025-08-25,Novus Low Volatility,Low Vol,ARS,100000.0,73.42144000000002
2025-08-25,Novus Renta Capital,Pagarés/Cheques,ARS,13643989909.38,10017613.864921493
2025-08-25,Novus Multiestrategia,Multi,ARS,4718915422.19,3464695.655353978
2025-08-25,Novus Performance,House View ARS,ARS,30309580176.46,22253730.223511476
2025-08-25,Novus Capital,House View USD,USD,23805578.01,23805578.01
2025-08-25,Novus Renta Dolar,USD MEP,USD,3587327.6,3587327.6
2025-08-25,Novus Renta Fija,Renta Fija,ARS,2759665753.83,2026186.3356488415
2025-08-26,Novus Liquidez,Money Market,ARS,45301183333.29,33395638.23300577
2025-08-26,Novus Liquidez Plus,Renta Fija CP,ARS,10191572316.03,7513138.444698028
2025-08-26,Novus Renta Mixta,Mixto,ARS,6205824387.68,4574879.747925439
2025-08-26,Novus Valor,Dólar Linked,ARS,463385739.38,341603.93561499706
2025-08-26,Novus Performance,House View ARS,ARS,30329390645.39,22358562.91808248
2025-08-26,Novus Renta Dolar,USD MEP,USD,3584338.54,3584338.54
2025-08-26,Novus Income Dolares,USD MEP,USD,1000.0,1000.0
2025-08-26,Novus Renta Capital,Pagarés/Cheques,ARS,13717459478.01,10112391.785291327
2025-08-26,Novus PyME FCI Abierto PyMES,PyME,ARS,2574171065.07,1897656.513881303
2025-08-26,Novus Estrategia,CER,ARS,749759037.96,552715.8398804716
2025-08-26,Novus Multiestrategia,Multi,ARS,4752932722.92,3503820.65282187
2025-08-26,Novus Income,Renta Fija,ARS,838778375.55,618340.1210835812
2025-08-26,Novus Retorno Total,Total Return,ARS,100000.0,73.71912999999864
2025-08-26,Novus Renta Fija,Renta Fija,ARS,2763105052.23,2036937.005489964
2025-08-26,Novus Low Volatility,Low Vol,ARS,100000.0,73.71912999999864
2025-08-26,Novus Gestion II,Renta Fija CP,ARS,4382182847.78,3230507.0703925802
2025-08-26,Novus Gestión,Renta Fija CER,ARS,39730479328.84,29288963.706050143
2025-08-26,Novus Ahorro Dolares,USD MEP,USD,1131246.95,1131246.95
2025-08-26,Novus Capital,House View USD,USD,23769950.4,23769950.4
2025-08-26,Novus Renta Balanceado,Renta Fija Mix,ARS,912402537.47,672615.2127207955
2025-08-26,Novus Balanceado,Renta Fija Mix,ARS,1194434933.76,880527.041583932
2025-08-27,Novus Performance,House View ARS,ARS,30012239179.27,22239525.4178746
2025-08-27,Novus Renta Capital,Pagarés/Cheques,ARS,13742193681.93,10183174.399654098
2025-08-27,Novus Retorno Total,Total Return,ARS,100000.0,74.10152000000002
2025-08-27,Novus Multiestrategia,Multi,ARS,4797577872.4,3555078.126632061
2025-08-27,Novus PyME FCI Abierto PyMES,PyME,ARS,2580423911.38,1912133.3407760335
2025-08-27,Novus Low Volatility,Low Vol,ARS,100000.0,74.10152000000002
2025-08-27,Novus Liquidez Plus,Renta Fija CP,ARS,10213106234.27,7568066.958808833
2025-08-27,Novus Valor,Dólar Linked,ARS,465562287.05,344988.73125081323
2025-08-27,Novus Gestion II,Renta Fija CP,ARS,4417319069.92,3273300.5740605835
2025-08-27,Novus Renta Mixta,Mixto,ARS,6258686236.07,4637781.632958659
2025-08-27,Novus Estrategia,CER,ARS,767966803.72,569075.0746519367
2025-08-27,Novus Gestión,Renta Fija CER,ARS,40042557277.67,29672143.589624096
2025-08-27,Novus Income Dolares,USD MEP,USD,1000.0,1000.0
2025-08-27,Novus Renta Balanceado,Renta Fija Mix,ARS,920243698.94,681914.568618764
2025-08-27,Novus Capital,House View USD,USD,23718470.41,23718470.41
2025-08-27,Novus Renta Dolar,USD MEP,USD,3592275.08,3592275.08
2025-08-27,Novus Ahorro Dolares,USD MEP,USD,1130736.84,1130736.84
2025-08-27,Novus Income,Renta Fija,ARS,841143908.39,623300.4215043976
2025-08-27,Novus Balanceado,Renta Fija Mix,ARS,1193312390.17,884262.6194643008
2025-08-27,Novus Liquidez,Money Market,ARS,35270145030.31,26135713.573664173
2025-08-27,Novus Renta Fija,Renta Fija,ARS,2767460442.36,2050730.2531874843
2025-08-28,Novus Renta Mixta,Mixto,ARS,6365536795.95,4775346.135111759
2025-08-28,Novus Gestion II,Renta Fija CP,ARS,4227628780.85,3171514.266033922
2025-08-28,Novus Gestión,Renta Fija CER,ARS,40395004324.01,30303827.306318372
2025-08-28,Novus Estrategia,CER,ARS,787640963.1,590878.4050055835
2025-08-28,Novus Renta Balanceado,Renta Fija Mix,ARS,929957933.19,697642.8170049759
2025-08-28,Novus Valor,Dólar Linked,ARS,464721700.23,348628.4104912945
2025-08-28,Novus Income,Renta Fija,ARS,849007606.71,636914.8939587607
2025-08-28,Novus Balanceado,Renta Fija Mix,ARS,1207673917.13,905981.8767069655
2025-08-28,Novus PyME FCI Abierto PyMES,PyME,ARS,2588646663.33,1941970.3687468818
2025-08-28,Novus Ahorro Dolares,USD MEP,USD,1135966.64,1135966.64
2025-08-28,Novus Low Volatility,Low Vol,ARS,100000.0,75.0187500000003
2025-08-28,Novus Income Dolares,USD MEP,USD,1000.0,1000.0
2025-08-28,Novus Renta Capital,Pagarés/Cheques,ARS,13585456110.26,10191639.355715714
2025-08-28,Novus Retorno Total,Total Return,ARS,100000.0,75.0187500000003
2025-08-28,Novus Multiestrategia,Multi,ARS,4857949443.23,3644372.9479431193
2025-08-28,Novus Liquidez Plus,Renta Fija CP,ARS,10110872954.74,7585050.504734043
2025-08-28,Novus Performance,House View ARS,ARS,30352292599.4,22769910.504412476
2025-08-28,Novus Renta Fija,Renta Fija,ARS,2777581271.77,2083706.750315965
2025-08-28,Novus Capital,House View USD,USD,23751045.73,23751045.73
2025-08-28,Novus Liquidez,Money Market,ARS,33947547488.35,25467025.781416662
2025-08-28,Novus Renta Dolar,USD MEP,USD,3589406.47,3589406.47
2025-08-29,Novus Renta Capital,Pagarés/Cheques,ARS,13581146369.8,10120079.494907878
2025-08-29,Novus Balanceado,Renta Fija Mix,ARS,1209204314.72,901046.4549416542
2025-08-29,Novus Multiestrategia,Multi,ARS,4883765417.25,3639169.545139052
2025-08-29,Novus Retorno Total,Total Return,ARS,100000.0,74.51565000000005
2025-08-29,Novus Gestión,Renta Fija CER,ARS,40501000411.52,30179583.713146817
2025-08-29,Novus Capital,House View USD,USD,23409242.21,23409242.21
2025-08-29,Novus Low Volatility,Low Vol,ARS,100000.0,74.51565000000005
2025-08-29,Novus Income Dolares,USD MEP,USD,1000.0,1000.0
2025-08-29,Novus Renta Balanceado,Renta Fija Mix,ARS,937652221.3,698697.6474411339
2025-08-29,Novus Performance,House View ARS,ARS,30607770626.9,22807579.233143624
2025-08-29,Novus Renta Dolar,USD MEP,USD,3594761.48,3594761.48
2025-08-29,Novus Income,Renta Fija,ARS,851833671.25,634749.397050801
2025-08-29,Novus Renta Fija,Renta Fija,ARS,2797617486.15,2084662.8543183338
2025-08-29,Novus Valor,Dólar Linked,ARS,470967006.03,350944.12582879385
2025-08-29,Novus Estrategia,CER,ARS,796804411.03,593743.9861076765
2025-08-29,Novus PyME FCI Abierto PyMES,PyME,ARS,2593666302.2,1932687.3039152953
2025-08-29,Novus Liquidez,Money Market,ARS,49265603122.64,36710584.39325552
2025-08-29,Novus Ahorro Dolares,USD MEP,USD,1139503.19,1139503.19
2025-08-29,Novus Liquidez Plus,Renta Fija CP,ARS,10170065398.28,7578290.336953436
2025-08-29,Novus Renta Mixta,Mixto,ARS,6397230176.8,4766937.648238672
2025-08-29,Novus Gestion II,Renta Fija CP,ARS,4246249835.36,3164120.665442436
2025-09-01,Novus Renta Dolar,USD MEP,USD,3533907.96,3533907.96
2025-09-01,Novus Renta Fija,Renta Fija,ARS,2793838188.76,2081846.6863027425
2025-09-01,Novus Valor,Dólar Linked,ARS,473758415.48,353024.1627246228
2025-09-01,Novus Renta Capital,Pagarés/Cheques,ARS,13553969679.92,10099828.607795313
2025-09-01,Novus PyME FCI Abierto PyMES,PyME,ARS,2596339256.68,1934679.0733202714
2025-09-01,Novus Multiestrategia,Multi,ARS,4856877161.55,3619133.586630535
2025-09-01,Novus Low Volatility,Low Vol,ARS,100000.0,74.51565000000005
2025-09-01,Novus Estrategia,CER,ARS,787791094.37,587027.6546119193
2025-09-01,Novus Retorno Total,Total Return,ARS,100000.0,74.51565000000005
2025-09-01,Novus Balanceado,Renta Fija Mix,ARS,1204395441.18,897463.0915656453
2025-09-01,Novus Gestion II,Renta Fija CP,ARS,4228187154.45,3150661.141354923
2025-09-01,Novus Capital,House View USD,USD,23029081.48,23029081.48
2025-09-01,Novus Income,Renta Fija,ARS,849890713.04,633301.5891113911
2025-09-01,Novus Renta Balanceado,Renta Fija Mix,ARS,934081771.62,696037.103654159
2025-09-01,Novus Performance,House View ARS,ARS,30397313432.0,22650755.68639212
2025-09-01,Novus Liquidez Plus,Renta Fija CP,ARS,9949688945.12,7414075.390434316
2025-09-01,Novus Renta Mixta,Mixto,ARS,6308713542.8,4700978.903055451
2025-09-01,Novus Gestión,Renta Fija CER,ARS,40459631176.64,30148757.15887596
2025-09-01,Novus Ahorro Dolares,USD MEP,USD,1136044.13,1136044.13
2025-09-01,Novus Income Dolares,USD MEP,USD,1000.0,1000.0
2025-09-01,Novus Liquidez,Money Market,ARS,52887122491.65,39409183.090949215
2025-09-02,Novus PyME FCI Abierto PyMES,PyME,ARS,2599839664.41,1910242.3327999448
2025-09-02,Novus Income Dolares,USD MEP,USD,1000.0,1000.0
2025-09-02,Novus Renta Balanceado,Renta Fija Mix,ARS,929639354.01,683056.1409523304
2025-09-02,Novus Low Volatility,Low Vol,ARS,100000.0,73.47539000000025
2025-09-02,Novus Estrategia,CER,ARS,734500796.93,539677.3250974272
2025-09-02,Novus Performance,House View ARS,ARS,30199743770.74,22189379.514551993
2025-09-02,Novus Balanceado,Renta Fija Mix,ARS,1203747788.24,884458.3820257171
2025-09-02,Novus Retorno Total,Total Return,ARS,100000.0,73.47539000000025
2025-09-02,Novus Capital,House View USD,USD,23073237.81,23073237.81
2025-09-02,Novus Liquidez,Money Market,ARS,63167961576.93,46412906.12369962
2025-09-02,Novus Ahorro Dolares,USD MEP,USD,1132818.04,1132818.04
2025-09-02,Novus Gestion II,Renta Fija CP,ARS,4210894501.08,3093971.157157094
2025-09-02,Novus Renta Mixta,Mixto,ARS,6321321380.82,4644615.537710895
2025-09-02,Novus Renta Capital,Pagarés/Cheques,ARS,13528983291.25,9940473.236280806
2025-09-02,Novus Renta Dolar,USD MEP,USD,3542594.53,3542594.53
2025-09-02,Novus Multiestrategia,Multi,ARS,4843947232.99,3559109.1208336228
2025-09-02,Novus Valor,Dólar Linked,ARS,470914145.64,346006.0050741591
2025-09-02,Novus Gestión,Renta Fija CER,ARS,40511513855.19,29765992.80000499
2025-09-02,Novus Liquidez Plus,Renta Fija CP,ARS,9941733557.69,7304727.504273627
2025-09-02,Novus Income,Renta Fija,ARS,850118650.39,624627.993836791
2025-09-02,Novus Renta Fija,Renta Fija,ARS,2787892310.11,2048414.7476333387
2025-09-03,Novus Renta Mixta,Mixto,ARS,6277272621.3,4612250.539863413
2025-09-03,Novus Renta Balanceado,Renta Fija Mix,ARS,929797350.81,683172.2297173179
2025-09-03,Novus Estrategia,CER,ARS,730599699.44,536810.9785023696
2025-09-03,Novus Gestión,Renta Fija CER,ARS,40480914042.88,29743509.468570944
2025-09-03,Novus Low Volatility,Low Vol,ARS,100000.0,73.47539000000025
2025-09-03,Novus Ahorro Dolares,USD MEP,USD,1284139.59,1284139.59
2025-09-03,Novus Renta Capital,Pagarés/Cheques,ARS,13517526045.82,9932054.980517857
2025-09-03,Novus PyME FCI Abierto PyMES,PyME,ARS,2601325416.45,1911333.9949057677
2025-09-03,Novus Liquidez,Money Market,ARS,57816090454.83,42480597.944439255
2025-09-03,Novus Retorno Total,Total Return,ARS,100000.0,73.47539000000025
2025-09-03,Novus Renta Fija,Renta Fija,ARS,2786965242.11,2047733.5808047736
2025-09-03,Novus Income,Renta Fija,ARS,849477397.08,624156.8304663807
2025-09-03,Novus Valor,Dólar Linked,ARS,439757691.58,323113.67894340324
2025-09-03,Novus Capital,House View USD,USD,22718325.9,22718325.9
2025-09-03,Novus Renta Dolar,USD MEP,USD,3540364.0,3540364.0
2025-09-03,Novus Multiestrategia,Multi,ARS,4824957079.32,3545156.031362991
2025-09-03,Novus Balanceado,Renta Fija Mix,ARS,1203669484.36,884400.8479445018
2025-09-03,Novus Income Dolares,USD MEP,USD,1000.0,1000.0
2025-09-03,Novus Performance,House View ARS,ARS,30191779801.45,22183527.957056686
2025-09-03,Novus Gestion II,Renta Fija CP,ARS,4202706482.58,3087954.978630947
2025-09-03,Novus Liquidez Plus,Renta Fija CP,ARS,9624167320.21,7071394.472776869
2025-09-04,Novus Gestion II,Renta Fija CP,ARS,4157957898.9,3051712.4101080606
2025-09-04,Novus Renta Mixta,Mixto,ARS,6365691358.62,4672067.344202203
2025-09-04,Novus Multiestrategia,Multi,ARS,4862113025.14,3568523.5442362605
2025-09-04,Novus PyME FCI Abierto PyMES,PyME,ARS,2605728633.77,1912461.5021122599
2025-09-04,Novus Liquidez Plus,Renta Fija CP,ARS,8666210118.06,6360521.585099338
2025-09-04,Novus Valor,Dólar Linked,ARS,439227481.4,322368.8138361124
2025-09-04,Novus Capital,House View USD,USD,22692885.03,22692885.03
2025-09-04,Novus Gestión,Renta Fija CER,ARS,40587340140.15,29788875.359161414
2025-09-04,Novus Renta Fija,Renta Fija,ARS,2789556868.69,2047381.315990615
2025-09-04,Novus Renta Capital,Pagarés/Cheques,ARS,13559220071.7,9951721.77552353
2025-09-04,Novus Low Volatility,Low Vol,ARS,100000.0,73.39449999999759
2025-09-04,Novus Renta Balanceado,Renta Fija Mix,ARS,929392863.64,682123.2453042374
2025-09-04,Novus Ahorro Dolares,USD MEP,USD,1283535.79,1283535.79
2025-09-04,Novus Balanceado,Renta Fija Mix,ARS,1202496476.73,882566.2766135709
2025-09-04,Novus Estrategia,CER,ARS,732290202.3,537460.7325270558
2025-09-04,Novus Income Dolares,USD MEP,USD,1000.0,1000.0
2025-09-04,Novus Liquidez,Money Market,ARS,49187871422.97,36101192.291530535
2025-09-04,Novus Retorno Total,Total Return,ARS,100000.0,73.39449999999759
2025-09-04,Novus Renta Dolar,USD MEP,USD,3522757.41,3522757.41
2025-09-04,Novus Performance,House View ARS,ARS,30203376575.58,22167617.220763337
2025-09-04,Novus Income,Renta Fija,ARS,849672949.24,623613.2127299313
2025-09-05,Novus Renta Fija,Renta Fija,ARS,2801349513.41,2067416.6708829808
2025-09-05,Novus Liquidez Plus,Renta Fija CP,ARS,8892351575.4,6562621.266046863
2025-09-05,Novus Renta Mixta,Mixto,ARS,6436778595.9,4750390.235935813
2025-09-05,Novus Ahorro Dolares,USD MEP,USD,1279915.57,1279915.57
2025-09-05,Novus Income Dolares,USD MEP,USD,1000.0,1000.0
2025-09-05,Novus Performance,House View ARS,ARS,30433562777.55,22460194.53819647
2025-09-05,Novus Multiestrategia,Multi,ARS,4892850394.56,3610959.798278203
2025-09-05,Novus Gestión,Renta Fija CER,ARS,40821125446.99,30126292.65620695
2025-09-05,Novus Renta Capital,Pagarés/Cheques,ARS,13640780026.13,10066996.60105614
2025-09-05,Novus Low Volatility,Low Vol,ARS,100000.0,73.80074000000006
2025-09-05,Novus Estrategia,CER,ARS,740490345.06,546487.3542828339
2025-09-05,Novus Retorno Total,Total Return,ARS,100000.0,73.80074000000006
2025-09-05,Novus Balanceado,Renta Fija Mix,ARS,1209626633.04,892713.4064206051
2025-09-05,Novus Income,Renta Fija,ARS,855156201.87,631111.6051359543
2025-09-05,Novus Gestion II,Renta Fija CP,ARS,4175048572.92,3081216.7421744023
2025-09-05,Novus Liquidez,Money Market,ARS,48415291140.15,35730843.134585164
2025-09-05,Novus PyME FCI Abierto PyMES,PyME,ARS,2609190339.66,1925601.7786775948
2025-09-05,Novus Valor,Dólar Linked,ARS,437336284.83,322757.414493048
2025-09-05,Novus Renta Balanceado,Renta Fija Mix,ARS,934425808.93,689613.1617413266
2025-09-05,Novus Renta Dolar,USD MEP,USD,3529585.46,3529585.46
2025-09-05,Novus Capital,House View USD,USD,22745097.5,22745097.5
2025-09-08,Novus Income,Renta Fija,ARS,848430126.88,602150.5446256797
2025-09-08,Novus PyME FCI Abierto PyMES,PyME,ARS,2614494896.75,1855567.6845050799
2025-09-08,Novus Renta Mixta,Mixto,ARS,6061056251.17,4301672.237960377
2025-09-08,Novus Gestión,Renta Fija CER,ARS,40704771457.77,28889120.65427719
2025-09-08,Novus Balanceado,Renta Fija Mix,ARS,1190835437.44,845163.5373333168
2025-09-08,Novus Liquidez Plus,Renta Fija CP,ARS,8304999927.1,5894251.12426118
2025-09-08,Novus Income Dolares,USD MEP,USD,1000.0,1000.0
2025-09-08,Novus Gestion II,Renta Fija CP,ARS,3573018046.22,2535853.8014210067
2025-09-08,Novus Estrategia,CER,ARS,717499389.36,509225.9626146253
2025-09-08,Novus Renta Fija,Renta Fija,ARS,2788260327.51,1978893.0420734459
2025-09-08,Novus Renta Dolar,USD MEP,USD,3323076.71,3323076.71
2025-09-08,Novus Renta Capital,Pagarés/Cheques,ARS,13417363252.72,9522613.98328285
2025-09-08,Novus Liquidez,Money Market,ARS,38463453540.22,27298405.329616275
2025-09-08,Novus Valor,Dólar Linked,ARS,441977831.28,313681.92074510176
2025-09-08,Novus Capital,House View USD,USD,20474984.7,20474984.7
2025-09-08,Novus Renta Balanceado,Renta Fija Mix,ARS,917687005.61,651303.7582199473
2025-09-08,Novus Performance,House View ARS,ARS,29056569557.77,20622121.527563114
2025-09-08,Novus Multiestrategia,Multi,ARS,4802824436.56,3408675.928153561
2025-09-08,Novus Low Volatility,Low Vol,ARS,100000.0,70.97232000000001
2025-09-08,Novus Ahorro Dolares,USD MEP,USD,1293181.19,1293181.19
2025-09-08,Novus Retorno Total,Total Return,ARS,100000.0,70.97232000000001
2025-09-09,Novus Ahorro Dolares,USD MEP,USD,1312321.31,1312321.31
2025-09-09,Novus Income Dolares,USD MEP,USD,1000.0,1000.0
2025-09-09,Novus Gestión,Renta Fija CER,ARS,40886659788.66,28864567.132364262
2025-09-09,Novus Renta Capital,Pagarés/Cheques,ARS,13457870100.41,9500790.648583652
2025-09-09,Novus Renta Balanceado,Renta Fija Mix,ARS,929180800.8,655969.4957090692
2025-09-09,Novus PyME FCI Abierto PyMES,PyME,ARS,2622425493.96,1851341.6628136039
2025-09-09,Novus Low Volatility,Low Vol,ARS,100000.0,70.59653999999752
2025-09-09,Novus Liquidez,Money Market,ARS,46181219344.92,32602342.98732304
2025-09-09,Novus Liquidez Plus,Renta Fija CP,ARS,8060321578.97,5690308.147625988
2025-09-09,Novus Multiestrategia,Multi,ARS,4824612161.06,3406009.254127468
2025-09-09,Novus Renta Fija,Renta Fija,ARS,2803040836.94,1978849.8456666125
2025-09-09,Novus Gestion II,Renta Fija CP,ARS,3590395896.2,2534695.2750191023
2025-09-09,Novus Performance,House View ARS,ARS,29174664878.42,20596303.960759003
2025-09-09,Novus Balanceado,Renta Fija Mix,ARS,1196461408.63,844660.3569280119
2025-09-09,Novus Capital,House View USD,USD,20704949.89,20704949.89
2025-09-09,Novus Income,Renta Fija,ARS,851985816.95,601472.5080574125
2025-09-09,Novus Valor,Dólar Linked,ARS,448686382.98,316757.06183501775
2025-09-09,Novus Renta Dolar,USD MEP,USD,3379421.51,3379421.51
2025-09-09,Novus Retorno Total,Total Return,ARS,100000.0,70.59653999999752
2025-09-09,Novus Renta Mixta,Mixto,ARS,6053819383.21,4273787.022395451
2025-09-09,Novus Estrategia,CER,ARS,716497273.37,505822.28419354366
2025-09-10,Novus Renta Mixta,Mixto,ARS,6227176877.36,4374553.770566544
2025-09-10,Novus Renta Fija,Renta Fija,ARS,2818067570.92,1979675.278359161
2025-09-10,Novus Multiestrategia,Multi,ARS,4886687225.96,3432867.967444897
2025-09-10,Novus Retorno Total,Total Return,ARS,100000.0,70.24939000000154
2025-09-10,Novus PyME FCI Abierto PyMES,PyME,ARS,2630203649.84,1847702.0197703766
2025-09-10,Novus Gestion II,Renta Fija CP,ARS,3634399893.97,2553143.7556746276
2025-09-10,Novus Balanceado,Renta Fija Mix,ARS,1215250482.61,853706.0510055998
2025-09-10,Novus Renta Balanceado,Renta Fija Mix,ARS,942021138.8,661764.1036780678
2025-09-10,Novus Income Dolares,USD MEP,USD,1000.0,1000.0
2025-09-10,Novus Liquidez Plus,Renta Fija CP,ARS,8149165986.48,5724739.395589808
2025-09-10,Novus Gestión,Renta Fija CER,ARS,41087777070.14,28863912.756333858
2025-09-10,Novus Performance,House View ARS,ARS,29645035281.82,20825456.450763788
2025-09-10,Novus Estrategia,CER,ARS,728556946.88,511806.81098583527
2025-09-10,Novus Valor,Dólar Linked,ARS,452872238.48,318139.9850115523
2025-09-10,Novus Low Volatility,Low Vol,ARS,100000.0,70.24939000000154
2025-09-10,Novus Ahorro Dolares,USD MEP,USD,1303500.06,1303500.06
2025-09-10,Novus Capital,House View USD,USD,20786825.98,20786825.98
2025-09-10,Novus Renta Dolar,USD MEP,USD,3414370.47,3414370.47
2025-09-10,Novus Liquidez,Money Market,ARS,41236148569.95,28968142.82988423
2025-09-10,Novus Income,Renta Fija,ARS,1009077963.58,708871.1140393878
2025-09-10,Novus Renta Capital,Pagarés/Cheques,ARS,13665452795.7,9599897.229717407
2025-09-11,Novus Estrategia,CER,ARS,744066564.99,519599.5399300773
2025-09-11,Novus Low Volatility,Low Vol,ARS,100000.0,69.83240000000008
2025-09-11,Novus Gestión,Renta Fija CER,ARS,41360073682.02,28882732.09392296
2025-09-11,Novus Renta Mixta,Mixto,ARS,6275121259.78,4382067.778614613
2025-09-11,Novus Gestion II,Renta Fija CP,ARS,3672293931.61,2564450.9874976245
2025-09-11,Novus Liquidez,Money Market,ARS,43012175109.08,30036434.170873217
2025-09-11,Novus Retorno Total,Total Return,ARS,100000.0,69.83240000000008
2025-09-11,Novus Balanceado,Renta Fija Mix,ARS,1230633699.77,859381.0477581864
2025-09-11,Novus Performance,House View ARS,ARS,29870754297.3,20859464.62390775
2025-09-11,Novus Income,Renta Fija,ARS,1016315604.0,709717.5778476967
2025-09-11,Novus Renta Dolar,USD MEP,USD,3385328.82,3385328.82
2025-09-11,Novus Valor,Dólar Linked,ARS,455079356.93,317792.8368487857
2025-09-11,Novus Capital,House View USD,USD,21064694.63,21064694.63
2025-09-11,Novus Renta Fija,Renta Fija,ARS,2826243523.84,1973633.6825420463
2025-09-11,Novus PyME FCI Abierto PyMES,PyME,ARS,2636296459.76,1840989.0889654444
2025-09-11,Novus Liquidez Plus,Renta Fija CP,ARS,8161996536.93,5699718.069655112
2025-09-11,Novus Multiestrategia,Multi,ARS,4929007710.92,3442044.3807205018
2025-09-11,Novus Ahorro Dolares,USD MEP,USD,1305195.66,1305195.66
2025-09-11,Novus Renta Balanceado,Renta Fija Mix,ARS,949419478.34,663002.4077923029
2025-09-11,Novus Renta Capital,Pagarés/Cheques,ARS,13849420999.05,9671383.069740603
2025-09-11,Novus Income Dolares,USD MEP,USD,1000.0,1000.0
2025-09-12,Novus Gestion II,Renta Fija CP,ARS,3665837053.9,2522943.434610073
2025-09-12,Novus Income,Renta Fija,ARS,1018042491.9,700648.6058513303
2025-09-12,Novus Liquidez Plus,Renta Fija CP,ARS,8078187483.16,5559660.665360211
2025-09-12,Novus Gestión,Renta Fija CER,ARS,41383102547.5,28481142.32598911
2025-09-12,Novus Capital,House View USD,USD,20687669.86,20687669.86
2025-09-12,Novus Renta Fija,Renta Fija,ARS,2822617067.78,1942613.1316987195
2025-09-12,Novus Estrategia,CER,ARS,740640818.39,509732.119209534
2025-09-12,Novus Renta Capital,Pagarés/Cheques,ARS,13811299979.94,9505367.558754124
2025-09-12,Novus Renta Balanceado,Renta Fija Mix,ARS,944125757.44,649776.802993843
2025-09-12,Novus Performance,House View ARS,ARS,29598869450.76,20370865.440739986
2025-09-12,Novus Income Dolares,USD MEP,USD,1000.0,1000.0
2025-09-12,Novus Renta Dolar,USD MEP,USD,3276979.92,3276979.92
2025-09-12,Novus Liquidez,Money Market,ARS,54234449904.92,37325840.53940314
2025-09-12,Novus Valor,Dólar Linked,ARS,455923590.7,313780.8399357712
2025-09-12,Novus Retorno Total,Total Return,ARS,100000.0,68.8231200000003
2025-09-12,Novus Balanceado,Renta Fija Mix,ARS,1228605922.69,845564.9285000497
2025-09-12,Novus Ahorro Dolares,USD MEP,USD,1296326.97,1296326.97
2025-09-12,Novus Multiestrategia,Multi,ARS,4906601794.5,3376876.440950903
2025-09-12,Novus PyME FCI Abierto PyMES,PyME,ARS,2639491844.0,1816580.6391863408
2025-09-12,Novus Renta Mixta,Mixto,ARS,6207063730.49,4271894.919711628
2025-09-12,Novus Low Volatility,Low Vol,ARS,100000.0,68.8231200000003
2025-09-15,Novus Renta Fija,Renta Fija,ARS,2815494304.9,1919219.1390093474
2025-09-15,Novus Gestion II,Renta Fija CP,ARS,3235476332.6,2205505.473952022
2025-09-15,Novus Liquidez,Money Market,ARS,55204569327.23,37630928.90267853
2025-09-15,Novus Performance,House View ARS,ARS,28978944801.32,19753883.14378571
2025-09-15,Novus Capital,House View USD,USD,19782361.68,19782361.68
2025-09-15,Novus Renta Capital,Pagarés/Cheques,ARS,13698722885.27,9337916.647758706
2025-09-15,Novus Liquidez Plus,Renta Fija CP,ARS,8839596059.77,6025628.220769838
2025-09-15,Novus Income,Renta Fija,ARS,1015349171.81,692126.2671082742
2025-09-15,Novus Retorno Total,Total Return,ARS,100000.0,68.16633000000026
2025-09-15,Novus Balanceado,Renta Fija Mix,ARS,1219866044.08,831537.9131655213
2025-09-15,Novus Gestión,Renta Fija CER,ARS,41435307556.31,28244928.485349316
2025-09-15,Novus PyME FCI Abierto PyMES,PyME,ARS,2645220503.94,1803149.7379434104
2025-09-15,Novus Ahorro Dolares,USD MEP,USD,1255978.07,1255978.07
2025-09-15,Novus Renta Balanceado,Renta Fija Mix,ARS,936485716.94,638367.9442121887
2025-09-15,Novus Estrategia,CER,ARS,615512946.77,419572.58648796414
2025-09-15,Novus Low Volatility,Low Vol,ARS,100000.0,68.16633000000026
2025-09-15,Novus Valor,Dólar Linked,ARS,454414972.11,309758.0094579118
2025-09-15,Novus Multiestrategia,Multi,ARS,4890646106.05,3333773.9637822057
2025-09-15,Novus Income Dolares,USD MEP,USD,1000.0,1000.0
2025-09-15,Novus Renta Mixta,Mixto,ARS,6159109205.0,4198438.705740692
2025-09-15,Novus Renta Dolar,USD MEP,USD,3163320.65,3163320.65
2025-09-16,Novus Renta Capital,Pagarés/Cheques,ARS,13779466240.97,9380167.70743996
2025-09-16,Novus PyME FCI Abierto PyMES,PyME,ARS,2650781718.71,1804480.4234423959
2025-09-16,Novus Gestion II,Renta Fija CP,ARS,3245411931.36,2209266.1401767363
2025-09-16,Novus Multiestrategia,Multi,ARS,4904104399.06,3338396.4889149894
2025-09-16,Novus Renta Fija,Renta Fija,ARS,2887351974.06,1965522.123532129
2025-09-16,Novus Retorno Total,Total Return,ARS,100000.0,68.07352
2025-09-16,Novus Ahorro Dolares,USD MEP,USD,1270538.37,1270538.37
2025-09-16,Novus Valor,Dólar Linked,ARS,454915393.9,309676.9216495953
2025-09-16,Novus Liquidez,Money Market,ARS,59340975300.0,40395490.689040564
2025-09-16,Novus Liquidez Plus,Renta Fija CP,ARS,8407306981.46,5723149.79948557
2025-09-16,Novus Capital,House View USD,USD,20240112.16,20240112.16
2025-09-16,Novus Renta Dolar,USD MEP,USD,3247598.04,3247598.04
2025-09-16,Novus Income Dolares,USD MEP,USD,1000.0,1000.0
2025-09-16,Novus Estrategia,CER,ARS,613132105.55,417380.6064980004
2025-09-16,Novus Performance,House View ARS,ARS,28849090213.37,19638591.19621647
2025-09-16,Novus Balanceado,Renta Fija Mix,ARS,1227566078.77,835647.4401447118
2025-09-16,Novus Low Volatility,Low Vol,ARS,100000.0,68.07352
2025-09-16,Novus Renta Mixta,Mixto,ARS,6186926767.33,4211658.830343741
2025-09-16,Novus Gestión,Renta Fija CER,ARS,41473285670.44,28232325.41552411
2025-09-16,Novus Renta Balanceado,Renta Fija Mix,ARS,942746948.64,641761.0326318402
2025-09-16,Novus Income,Renta Fija,ARS,1270895365.47,865143.2107922937
2025-09-17,Novus PyME FCI Abierto PyMES,PyME,ARS,2650409452.93,1797497.089339314
2025-09-17,Novus Renta Mixta,Mixto,ARS,6129697235.11,4157136.1460626614
2025-09-17,Novus Valor,Dólar Linked,ARS,453088751.69,307282.97904115124
2025-09-17,Novus Ahorro Dolares,USD MEP,USD,1263637.58,1263637.58
2025-09-17,Novus Income,Renta Fija,ARS,1267651801.33,859716.3810548006
2025-09-17,Novus Renta Dolar,USD MEP,USD,3164394.09,3164394.09
2025-09-17,Novus Gestion II,Renta Fija CP,ARS,3198165856.86,2168983.2914590244
2025-09-17,Novus Performance,House View ARS,ARS,28153106564.65,19093324.25971937
2025-09-17,Novus Balanceado,Renta Fija Mix,ARS,1220975181.86,828060.4844367245
2025-09-17,Novus Capital,House View USD,USD,19947385.16,19947385.16
2025-09-17,Novus Renta Capital,Pagarés/Cheques,ARS,13711357751.62,9298987.981717678
2025-09-17,Novus Multiestrategia,Multi,ARS,4868481012.97,3301784.349072202
2025-09-17,Novus Estrategia,CER,ARS,606249112.35,411155.7229993206
2025-09-17,Novus Renta Fija,Renta Fija,ARS,2889662862.27,1959757.7945400649
2025-09-17,Novus Gestión,Renta Fija CER,ARS,41358150879.38,28048932.493791997
2025-09-17,Novus Income Dolares,USD MEP,USD,1000.0,1000.0
2025-09-17,Novus Low Volatility,Low Vol,ARS,100000.0,67.8196
2025-09-17,Novus Liquidez,Money Market,ARS,59423586756.72,40300838.84406048
2025-09-17,Novus Liquidez Plus,Renta Fija CP,ARS,8022814358.41,5441040.606616228
2025-09-17,Novus Renta Balanceado,Renta Fija Mix,ARS,935225222.3,634266.0048629708
2025-09-17,Novus Retorno Total,Total Return,ARS,100000.0,67.8196
2025-09-18,Novus Liquidez,Money Market,ARS,61046825766.35,41401713.0474355
2025-09-18,Novus Multiestrategia,Multi,ARS,4704226960.55,3190387.907737168
2025-09-18,Novus Income,Renta Fija,ARS,1249632379.34,847495.6811388705
2025-09-18,Novus Low Volatility,Low Vol,ARS,100000.0,67.8196
2025-09-18,Novus Gestión,Renta Fija CER,ARS,40743788887.14,27632274.648102798
2025-09-18,Novus Income Dolares,USD MEP,USD,1000.0,1000.0
2025-09-18,Novus Gestion II,Renta Fija CP,ARS,3027958029.77,2053549.0239578949
2025-09-18,Novus Ahorro Dolares,USD MEP,USD,1182976.0,1182976.0
2025-09-18,Novus Performance,House View ARS,ARS,26697099254.18,18105865.92578786
2025-09-18,Novus Estrategia,CER,ARS,580171073.46,393469.7013362782
2025-09-18,Novus Renta Fija,Renta Fija,ARS,2851376440.86,1933792.0966854887
2025-09-18,Novus Capital,House View USD,USD,18035439.11,18035439.11
2025-09-18,Novus Retorno Total,Total Return,ARS,100000.0,67.8196
2025-09-18,Novus Renta Mixta,Mixto,ARS,5871372054.82,3981941.042090704
2025-09-18,Novus Renta Capital,Pagarés/Cheques,ARS,13369191830.22,9066932.422487883
2025-09-18,Novus PyME FCI Abierto PyMES,PyME,ARS,2639166928.35,1789872.4541392564
2025-09-18,Novus Renta Dolar,USD MEP,USD,2916378.55,2916378.55
2025-09-18,Novus Renta Balanceado,Renta Fija Mix,ARS,901869313.73,611644.1610944311
2025-09-18,Novus Valor,Dólar Linked,ARS,440934305.11,299039.88198838156
2025-09-18,Novus Balanceado,Renta Fija Mix,ARS,1187451108.75,805324.5921498149
2025-09-18,Novus Liquidez Plus,Renta Fija CP,ARS,7757711860.09,5261249.152665597
2025-09-19,Novus Renta Dolar,USD MEP,USD,2874229.9,2874229.9
2025-09-19,Novus Renta Balanceado,Renta Fija Mix,ARS,895345421.96,607116.7190680754
2025-09-19,Novus Income Dolares,USD MEP,USD,1000.0,1000.0
2025-09-19,Novus PyME FCI Abierto PyMES,PyME,ARS,2637240862.45,1788262.9212510074
2025-09-19,Novus Low Volatility,Low Vol,ARS,100000.0,67.80810000000186
2025-09-19,Novus Liquidez Plus,Renta Fija CP,ARS,7534140366.48,5108757.433843265
2025-09-19,Novus Capital,House View USD,USD,17330322.64,17330322.64
2025-09-19,Novus Liquidez,Money Market,ARS,55882903446.62,37893135.05198858
2025-09-19,Novus Multiestrategia,Multi,ARS,4646878923.54,3150960.307353013
2025-09-19,Novus Performance,House View ARS,ARS,26093818198.63,17693722.337945715
2025-09-19,Novus Gestión,Renta Fija CER,ARS,40464616487.03,27438287.612142544
2025-09-19,Novus Renta Mixta,Mixto,ARS,5692214645.45,3859782.5990014873
2025-09-19,Novus Estrategia,CER,ARS,566535945.93,384157.26075217087
2025-09-19,Novus Renta Fija,Renta Fija,ARS,2849017985.58,1931864.964680125
2025-09-19,Novus Ahorro Dolares,USD MEP,USD,1165901.18,1165901.18
2025-09-19,Novus Balanceado,Renta Fija Mix,ARS,1183989829.39,802841.0075026227
2025-09-19,Novus Renta Capital,Pagarés/Cheques,ARS,13298775198.74,9017646.785537066
2025-09-19,Novus Retorno Total,Total Return,ARS,100000.0,67.80810000000186
2025-09-19,Novus Valor,Dólar Linked,ARS,437962021.94,296973.7257991053
2025-09-19,Novus Gestion II,Renta Fija CP,ARS,2981984140.54,2022026.7880015592
2025-09-19,Novus Income,Renta Fija,ARS,1246908739.91,845505.125266936
2025-09-22,Novus Income Dolares,USD MEP,USD,1000.0,1000.0
2025-09-22,Novus Liquidez Plus,Renta Fija CP,ARS,6980238142.26,4957555.689134343
2025-09-22,Novus Income,Renta Fija,ARS,1266795019.68,899712.4064807746
2025-09-22,Novus Estrategia,CER,ARS,474860004.88,337258.5391439097
2025-09-22,Novus Performance,House View ARS,ARS,26323231902.14,18695477.921130784
2025-09-22,Novus Renta Fija,Renta Fija,ARS,2898085483.42,2058299.4280585845
2025-09-22,Novus Retorno Total,Total Return,ARS,100000.0,71.0227300000001
2025-09-22,Novus Renta Balanceado,Renta Fija Mix,ARS,933373147.59,662907.0905053482
2025-09-22,Novus Valor,Dólar Linked,ARS,433287135.24,307732.3521862405
2025-09-22,Novus Balanceado,Renta Fija Mix,ARS,1222260385.22,868082.6932917618
2025-09-22,Novus Ahorro Dolares,USD MEP,USD,1273399.1,1273399.1
2025-09-22,Novus Gestión,Renta Fija CER,ARS,40995817769.58,29116348.96578087
2025-09-22,Novus Renta Mixta,Mixto,ARS,5866072992.07,4166245.182760803
2025-09-22,Novus Multiestrategia,Multi,ARS,4788706736.57,3401070.256005927
2025-09-22,Novus PyME FCI Abierto PyMES,PyME,ARS,2652275422.86,1883718.412434219
2025-09-22,Novus Liquidez,Money Market,ARS,57657295572.09,40949785.35946749
2025-09-22,Novus Gestion II,Renta Fija CP,ARS,2321305385.31,1648654.4562841833
2025-09-22,Novus Low Volatility,Low Vol,ARS,100000.0,71.0227300000001
2025-09-22,Novus Capital,House View USD,USD,19922437.03,19922437.03
2025-09-22,Novus Renta Dolar,USD MEP,USD,3306176.53,3306176.53
2025-09-22,Novus Renta Capital,Pagarés/Cheques,ARS,13695153235.96,9726671.705862148
2025-09-23,Novus Performance,House View ARS,ARS,26629004315.92,19451427.81840779
2025-09-23,Novus Ahorro Dolares,USD MEP,USD,1285371.08,1285371.08
2025-09-23,Novus Renta Capital,Pagarés/Cheques,ARS,13813136790.48,10089946.66260138
2025-09-23,Novus Renta Mixta,Mixto,ARS,6057632828.52,4424859.687447286
2025-09-23,Novus Liquidez,Money Market,ARS,47901375210.33,34990048.1164127
2025-09-23,Novus Capital,House View USD,USD,20329419.89,20329419.89
2025-09-23,Novus PyME FCI Abierto PyMES,PyME,ARS,2654948064.49,1939333.8941769784
2025-09-23,Novus Renta Balanceado,Renta Fija Mix,ARS,950528567.66,694323.2876386372
2025-09-23,Novus Valor,Dólar Linked,ARS,436231310.41,318649.6102483508
2025-09-23,Novus Multiestrategia,Multi,ARS,4882871528.44,3566743.313238588
2025-09-23,Novus Income Dolares,USD MEP,USD,1000.0,1000.0
2025-09-23,Novus Low Volatility,Low Vol,ARS,100000.0,73.04602000000001
2025-09-23,Novus Gestión,Renta Fija CER,ARS,41326352447.91,30187255.674370836
2025-09-23,Novus Estrategia,CER,ARS,490229527.52,358093.1587181647
2025-09-23,Novus Retorno Total,Total Return,ARS,100000.0,73.04602000000001
2025-09-23,Novus Balanceado,Renta Fija Mix,ARS,1229689514.42,898239.2486411362
2025-09-23,Novus Income,Renta Fija,ARS,1271116238.9,928499.8220901419
2025-09-23,Novus Gestion II,Renta Fija CP,ARS,2104723592.78,1537416.8165267976
2025-09-23,Novus Liquidez Plus,Renta Fija CP,ARS,6504619662.34,4751365.779476809
2025-09-23,Novus Renta Dolar,USD MEP,USD,3427553.64,3427553.64
2025-09-23,Novus Renta Fija,Renta Fija,ARS,2837126537.05,2072408.0176788508
2025-09-24,Novus Gestión,Renta Fija CER,ARS,41610992015.6,31111024.089954887
2025-09-24,Novus Income,Renta Fija,ARS,1281907709.19,958435.7327207526
2025-09-24,Novus Gestion II,Renta Fija CP,ARS,2090672942.49,1563120.058604673
2025-09-24,Novus Multiestrategia,Multi,ARS,4961158171.95,3709277.379009572
2025-09-24,Novus Renta Mixta,Mixto,ARS,6213229927.68,4645405.8553569885
2025-09-24,Novus Income Dolares,USD MEP,USD,1000.0,1000.0
2025-09-24,Novus Liquidez Plus,Renta Fija CP,ARS,6085114721.52,4549618.77910466
2025-09-24,Novus Performance,House View ARS,ARS,26663816953.36,19935565.373090256
2025-09-24,Novus Balanceado,Renta Fija Mix,ARS,1254457863.17,937912.4820259938
2025-09-24,Novus Renta Capital,Pagarés/Cheques,ARS,14094367549.36,10537845.581677722
2025-09-24,Novus Estrategia,CER,ARS,506980326.13,379050.73576353147
2025-09-24,Novus Valor,Dólar Linked,ARS,439338855.74,328477.6705024505
2025-09-24,Novus Renta Dolar,USD MEP,USD,3559915.55,3559915.55
2025-09-24,Novus Ahorro Dolares,USD MEP,USD,1272863.03,1272863.03
2025-09-24,Novus Liquidez,Money Market,ARS,48037918940.32,35916203.41142799
2025-09-24,Novus Renta Fija,Renta Fija,ARS,2856116480.13,2135414.3295533336
2025-09-24,Novus PyME FCI Abierto PyMES,PyME,ARS,2662963884.21,1991001.1643384404
2025-09-24,Novus Capital,House View USD,USD,20418217.11,20418217.11
2025-09-24,Novus Retorno Total,Total Return,ARS,100000.0,74.76636000000032
2025-09-24,Novus Low Volatility,Low Vol,ARS,100000.0,74.76636000000032
2025-09-24,Novus Renta Balanceado,Renta Fija Mix,ARS,969725961.4,725028.8033137881
2025-09-25,Novus Renta Mixta,Mixto,ARS,6179214032.69,4621701.117095078
2025-09-25,Novus Low Volatility,Low Vol,ARS,100000.0,74.79432000000025
2025-09-25,Novus Balanceado,Renta Fija Mix,ARS,1242020808.31,928961.0178339711
2025-09-25,Novus Renta Capital,Pagarés/Cheques,ARS,13947578877.05,10431996.77755322
2025-09-25,Novus Gestión,Renta Fija CER,ARS,41473700398.05,31019972.191558897
2025-09-25,Novus Estrategia,CER,ARS,503329873.81,376462.1564730489
2025-09-25,Novus PyME FCI Abierto PyMES,PyME,ARS,2661310870.19,1990509.3684447
2025-09-25,Novus Income,Renta Fija,ARS,1279063786.54,956667.0615088477
2025-09-25,Novus Ahorro Dolares,USD MEP,USD,1265220.97,1265220.97
2025-09-25,Novus Renta Fija,Renta Fija,ARS,2852069491.9,2133185.9823940676
2025-09-25,Novus Liquidez,Money Market,ARS,44567838173.23,33334211.500367917
2025-09-25,Novus Retorno Total,Total Return,ARS,100000.0,74.79432000000025
2025-09-25,Novus Performance,House View ARS,ARS,24198880252.07,18099387.932150103
2025-09-25,Novus Gestion II,Renta Fija CP,ARS,2068743968.75,1547302.9839675804
2025-09-25,Novus Renta Balanceado,Renta Fija Mix,ARS,958103734.56,716607.1731587594
2025-09-25,Novus Capital,House View USD,USD,19522599.15,19522599.15
2025-09-25,Novus Renta Dolar,USD MEP,USD,3471365.06,3471365.06
2025-09-25,Novus Income Dolares,USD MEP,USD,1000.0,1000.0
2025-09-25,Novus Multiestrategia,Multi,ARS,4905811822.65,3669268.5932306857
2025-09-25,Novus Valor,Dólar Linked,ARS,436690403.73,326619.61797510926
2025-09-25,Novus Liquidez Plus,Renta Fija CP,ARS,4609776378.21,3447850.8956028093
2025-09-26,Novus Liquidez Plus,Renta Fija CP,ARS,4602796255.14,3471188.6696620714
2025-09-26,Novus Gestión,Renta Fija CER,ARS,41277103237.11,31129036.596639395
2025-09-26,Novus Renta Fija,Renta Fija,ARS,2861924618.85,2158314.155071567
2025-09-26,Novus Liquidez,Money Market,ARS,46433888443.51,35018014.81511851
2025-09-26,Novus Capital,House View USD,USD,19168274.47,19168274.47
2025-09-26,Novus Renta Dolar,USD MEP,USD,3396062.54,3396062.54
2025-09-26,Novus Performance,House View ARS,ARS,23935905475.13,18051210.455077253
2025-09-26,Novus Ahorro Dolares,USD MEP,USD,1260894.64,1260894.64
2025-09-26,Novus Income,Renta Fija,ARS,1283379432.56,967857.7756303727
2025-09-26,Novus Gestion II,Renta Fija CP,ARS,1987655828.98,1498986.2705824438
2025-09-26,Novus Valor,Dólar Linked,ARS,431882227.94,325703.03206004965
2025-09-26,Novus Income Dolares,USD MEP,USD,1000.0,1000.0
2025-09-26,Novus Estrategia,CER,ARS,488162000.44,368146.2986754252
2025-09-26,Novus Renta Balanceado,Renta Fija Mix,ARS,957821755.04,722339.1693555551
2025-09-26,Novus Renta Mixta,Mixto,ARS,6038976787.4,4554281.058468779
2025-09-26,Novus Multiestrategia,Multi,ARS,4873059223.44,3675006.8926269854
2025-09-26,Novus Renta Capital,Pagarés/Cheques,ARS,13943762357.24,10515657.705435364
2025-09-26,Novus Low Volatility,Low Vol,ARS,100000.0,75.41478000000002
2025-09-26,Novus Retorno Total,Total Return,ARS,100000.0,75.41478000000002
2025-09-26,Novus Balanceado,Renta Fija Mix,ARS,1242443882.44,936986.320565585
2025-09-26,Novus PyME FCI Abierto PyMES,PyME,ARS,2661306137.11,2007018.1684280057
2025-09-29,Novus Renta Balanceado,Renta Fija Mix,ARS,950325641.28,698768.8371119008
2025-09-29,Novus PyME FCI Abierto PyMES,PyME,ARS,2668954640.86,1962466.6005919783
2025-09-29,Novus Performance,House View ARS,ARS,22578297025.18,16601688.590662416
2025-09-29,Novus Renta Fija,Renta Fija,ARS,2865047961.6,2106652.8623815076
2025-09-29,Novus Income,Renta Fija,ARS,1284348179.41,944373.6386659151
2025-09-29,Novus Income Dolares,USD MEP,USD,1000.0,1000.0
2025-09-29,Novus Estrategia,CER,ARS,482194376.66,354554.68021127593
2025-09-29,Novus Balanceado,Renta Fija Mix,ARS,1236040556.93,908853.3288713438
2025-09-29,Novus Liquidez Plus,Renta Fija CP,ARS,4447237715.27,3270027.653335513
2025-09-29,Novus Renta Dolar,USD MEP,USD,3332765.0,3332765.0
2025-09-29,Novus Gestión,Renta Fija CER,ARS,41318927501.49,30381563.610173356
2025-09-29,Novus Renta Mixta,Mixto,ARS,5975989808.25,4394110.047666359
2025-09-29,Novus Low Volatility,Low Vol,ARS,100000.0,73.52941000000004
2025-09-29,Novus Renta Capital,Pagarés/Cheques,ARS,13860492783.3,10191538.566653075
2025-09-29,Novus Gestion II,Renta Fija CP,ARS,1976079613.37,1452999.680841243
2025-09-29,Novus Ahorro Dolares,USD MEP,USD,1246184.46,1246184.46
2025-09-29,Novus Multiestrategia,Multi,ARS,4854065501.92,3569165.724575317
2025-09-29,Novus Valor,Dólar Linked,ARS,431319189.91,317146.45555760275
2025-09-29,Novus Liquidez,Money Market,ARS,59104446205.88,43459150.57895097
2025-09-29,Novus Retorno Total,Total Return,ARS,100000.0,73.52941000000004
2025-09-29,Novus Capital,House View USD,USD,17678206.25,17678206.25
2025-09-30,Novus Valor,Dólar Linked,ARS,435186952.0,315352.87196729064
2025-09-30,Novus Ahorro Dolares,USD MEP,USD,1217588.21,1217588.21
2025-09-30,Novus Estrategia,CER,ARS,469006700.9,339859.93702476413
2025-09-30,Novus Balanceado,Renta Fija Mix,ARS,1218948891.68,883296.321284545
2025-09-30,Novus Renta Capital,Pagarés/Cheques,ARS,13652992900.74,9893473.373708569
2025-09-30,Novus Performance,House View ARS,ARS,21921045697.05,15884816.13550522
2025-09-30,Novus Renta Fija,Renta Fija,ARS,2864351317.22,2075616.9505022725
2025-09-30,Novus Gestion II,Renta Fija CP,ARS,1728355234.03,1252431.361570462
2025-09-30,Novus Retorno Total,Total Return,ARS,100000.0,72.46377000000005
2025-09-30,Novus Multiestrategia,Multi,ARS,4770942647.42,3457204.9068583422
2025-09-30,Novus Renta Dolar,USD MEP,USD,3226331.45,3226331.45
2025-09-30,Novus Liquidez Plus,Renta Fija CP,ARS,4353029052.62,3154368.9607237377
2025-09-30,Novus Income Dolares,USD MEP,USD,1000.0,1000.0
2025-09-30,Novus Capital,House View USD,USD,16727100.98,16727100.98
2025-09-30,Novus Gestión,Renta Fija CER,ARS,41397484402.04,29998177.882880162
2025-09-30,Novus Renta Balanceado,Renta Fija Mix,ARS,942133829.36,682705.6911996234
2025-09-30,Novus PyME FCI Abierto PyMES,PyME,ARS,2671710955.19,1936022.481633686
2025-09-30,Novus Income,Renta Fija,ARS,1275530811.11,924297.7132418854
2025-09-30,Novus Low Volatility,Low Vol,ARS,100000.0,72.46377000000005
2025-09-30,Novus Renta Mixta,Mixto,ARS,5859059537.02,4245695.427069241
2025-09-30,Novus Liquidez,Money Market,ARS,60463093179.97,43813836.77681918
2025-10-01,Novus PyME FCI Abierto PyMES,PyME,ARS,2674103845.07,1879201.6079571838
2025-10-01,Novus Multiestrategia,Multi,ARS,4749133940.41,3337409.7096774825
2025-10-01,Novus Low Volatility,Low Vol,ARS,100000.0,70.27407000000002
2025-10-01,Novus Liquidez Plus,Renta Fija CP,ARS,4338299995.99,3048699.9759920104
2025-10-01,Novus Income Dolares,USD MEP,USD,1000.0,1000.0
2025-10-01,Novus Income,Renta Fija,ARS,1528987807.71,1074481.962281591
2025-10-01,Novus Renta Mixta,Mixto,ARS,5866194493.12,4122413.624431295
2025-10-01,Novus Capital,House View USD,USD,16755847.26,16755847.26
2025-10-01,Novus Renta Dolar,USD MEP,USD,3210902.66,3210902.66
2025-10-01,Novus Performance,House View ARS,ARS,21941128664.9,15418924.116761897
2025-10-01,Novus Retorno Total,Total Return,ARS,100000.0,70.27407000000002
2025-10-01,Novus Gestión,Renta Fija CER,ARS,41432710233.75,29116451.792562645
2025-10-01,Novus Gestion II,Renta Fija CP,ARS,1585715924.21,1114347.1185804827
2025-10-01,Novus Renta Balanceado,Renta Fija Mix,ARS,940295494.64,660783.91411016
2025-10-01,Novus Renta Capital,Pagarés/Cheques,ARS,13672548640.62,9608256.40249335
2025-10-01,Novus Ahorro Dolares,USD MEP,USD,1193247.9,1193247.9
2025-10-01,Novus Valor,Dólar Linked,ARS,438956753.79,308472.77642811235
2025-10-01,Novus Renta Fija,Renta Fija,ARS,2860558771.24,2010231.0732923378
2025-10-01,Novus Estrategia,CER,ARS,464048235.89,326105.5821231038
2025-10-01,Novus Liquidez,Money Market,ARS,61642696368.25,43318831.59571148
2025-10-01,Novus Balanceado,Renta Fija Mix,ARS,1223086362.9,859512.5668248003
2025-10-02,Novus Renta Mixta,Mixto,ARS,5938379532.53,4168746.588701806
2025-10-02,Novus Ahorro Dolares,USD MEP,USD,1202925.82,1202925.82
2025-10-02,Novus Capital,House View USD,USD,17080089.16,17080089.16
2025-10-02,Novus Performance,House View ARS,ARS,21874717446.4,15356066.959675284
2025-10-02,Novus Renta Capital,Pagarés/Cheques,ARS,13732987622.64,9640566.924184784
2025-10-02,Novus Estrategia,CER,ARS,469993295.54,329935.6224643927
2025-10-02,Novus Income Dolares,USD MEP,USD,1000.0,1000.0
2025-10-02,Novus Retorno Total,Total Return,ARS,100000.0,70.20007000000123
2025-10-02,Novus Renta Fija,Renta Fija,ARS,2869237005.76,2014206.3865094597
2025-10-02,Novus Liquidez Plus,Renta Fija CP,ARS,4345038832.17,3050220.3017105763
2025-10-02,Novus Balanceado,Renta Fija Mix,ARS,1231934652.42,864818.988353112
2025-10-02,Novus Liquidez,Money Market,ARS,66532505713.61,46705865.58370904
2025-10-02,Novus Gestión,Renta Fija CER,ARS,41363501695.45,29037207.144657597
2025-10-02,Novus Multiestrategia,Multi,ARS,4783429079.14,3357970.561956695
2025-10-02,Novus PyME FCI Abierto PyMES,PyME,ARS,2675585693.62,1878263.0298312586
2025-10-02,Novus Valor,Dólar Linked,ARS,438746026.09,308000.0174374037
2025-10-02,Novus Gestion II,Renta Fija CP,ARS,1590633545.48,1116625.8623704615
2025-10-02,Novus Low Volatility,Low Vol,ARS,100000.0,70.20007000000123
2025-10-02,Novus Income,Renta Fija,ARS,1533179011.25,1076292.7391228268
2025-10-02,Novus Renta Balanceado,Renta Fija Mix,ARS,948527198.1,665866.7570352504
2025-10-02,Novus Renta Dolar,USD MEP,USD,3321705.35,3321705.35
2025-10-03,Novus Performance,House View ARS,ARS,22347666697.99,15688077.665355945
2025-10-03,Novus Renta Dolar,USD MEP,USD,3396066.55,3396066.55
2025-10-03,Novus Renta Capital,Pagarés/Cheques,ARS,13873618143.51,9739289.648276892
2025-10-03,Novus Renta Fija,Renta Fija,ARS,2877945990.03,2020320.0995632887
2025-10-03,Novus Retorno Total,Total Return,ARS,100000.0,70.20007000000123
2025-10-03,Novus Renta Mixta,Mixto,ARS,6101510662.32,4283264.756006178
2025-10-03,Novus Capital,House View USD,USD,17079598.44,17079598.44
2025-10-03,Novus Ahorro Dolares,USD MEP,USD,1207590.83,1207590.83
2025-10-03,Novus Income Dolares,USD MEP,USD,1000.0,1000.0
2025-10-03,Novus Liquidez Plus,Renta Fija CP,ARS,4379215939.13,3074212.6547204717
2025-10-03,Novus Valor,Dólar Linked,ARS,448429575.89,314797.87617548864
2025-10-03,Novus Liquidez,Money Market,ARS,66869597168.52,46942504.02101988
2025-10-03,Novus Multiestrategia,Multi,ARS,4870701320.86,3419235.7367347046
2025-10-03,Novus Gestión,Renta Fija CER,ARS,41778901869.99,29328818.357964803
2025-10-03,Novus PyME FCI Abierto PyMES,PyME,ARS,2687303326.69,1886488.8164487418
2025-10-03,Novus Estrategia,CER,ARS,489804485.1,343843.09140334564
2025-10-03,Novus Renta Balanceado,Renta Fija Mix,ARS,968728289.79,680047.9375423947
2025-10-03,Novus Low Volatility,Low Vol,ARS,100000.0,70.20007000000123
2025-10-03,Novus Gestion II,Renta Fija CP,ARS,1528475456.39,1072990.8403186183
2025-10-03,Novus Income,Renta Fija,ARS,1544138424.75,1083986.2550714165
2025-10-03,Novus Balanceado,Renta Fija Mix,ARS,1249824374.0,877377.5854250772
2025-10-06,Novus Renta Dolar,USD MEP,USD,3429331.29,3429331.29
2025-10-06,Novus Gestión,Renta Fija CER,ARS,41819031738.37,29244078.16796436
2025-10-06,Novus Renta Mixta,Mixto,ARS,6124112093.56,4282595.873904974
2025-10-06,Novus Liquidez,Money Market,ARS,51052889651.51,35701321.470323704
2025-10-06,Novus Ahorro Dolares,USD MEP,USD,1211945.47,1211945.47
2025-10-06,Novus PyME FCI Abierto PyMES,PyME,ARS,2691194087.51,1881953.9092316045
2025-10-06,Novus Income,Renta Fija,ARS,1731098543.28,1210558.4230846844
2025-10-06,Novus Renta Fija,Renta Fija,ARS,2882000140.0,2015384.715302098
2025-10-06,Novus Valor,Dólar Linked,ARS,455301396.85,318392.58552818286
2025-10-06,Novus Renta Capital,Pagarés/Cheques,ARS,14518045879.92,10152479.646460174
2025-10-06,Novus Renta Balanceado,Renta Fija Mix,ARS,969530540.25,677993.3854682032
2025-10-06,Novus Estrategia,CER,ARS,491961240.79,344028.8400573156
2025-10-06,Novus Liquidez Plus,Renta Fija CP,ARS,4392742569.06,3071847.953463457
2025-10-06,Novus Retorno Total,Total Return,ARS,100000.0,69.93007
2025-10-06,Novus Low Volatility,Low Vol,ARS,100000.0,69.93007
2025-10-06,Novus Capital,House View USD,USD,17250684.48,17250684.48
2025-10-06,Novus Balanceado,Renta Fija Mix,ARS,1254493469.0,877268.1610171284
2025-10-06,Novus Performance,House View ARS,ARS,22423799599.2,15680978.75638028
2025-10-06,Novus Income Dolares,USD MEP,USD,1000.0,1000.0
2025-10-06,Novus Multiestrategia,Multi,ARS,4853397814.67,3393984.4891772014
2025-10-06,Novus Gestion II,Renta Fija CP,ARS,1525245105.84,1066604.9701854861
2025-10-07,Novus Income Dolares,USD MEP,USD,1000.0,1000.0
2025-10-07,Novus Income,Renta Fija,ARS,1843196638.82,1289399.545662306
2025-10-07,Novus Estrategia,CER,ARS,456194691.9,319128.8526035875
2025-10-07,Novus PyME FCI Abierto PyMES,PyME,ARS,2688761295.15,1880910.3268440627
2025-10-07,Novus Low Volatility,Low Vol,ARS,100000.0,69.95452999999878
2025-10-07,Novus Renta Mixta,Mixto,ARS,6033795935.98,4220913.5881738365
2025-10-07,Novus Balanceado,Renta Fija Mix,ARS,1236420512.17,864932.1581121014
2025-10-07,Novus Renta Dolar,USD MEP,USD,3384234.94,3384234.94
2025-10-07,Novus Renta Fija,Renta Fija,ARS,2874653690.43,2010950.4782679265
2025-10-07,Novus Gestión,Renta Fija CER,ARS,41672407296.02,29151736.66361599
2025-10-07,Novus Renta Capital,Pagarés/Cheques,ARS,14393462687.78,10068879.173961692
2025-10-07,Novus Liquidez Plus,Renta Fija CP,ARS,4325981733.01,3026220.189212948
2025-10-07,Novus Renta Balanceado,Renta Fija Mix,ARS,962200866.82,673103.0940398453
2025-10-07,Novus Liquidez,Money Market,ARS,47752203459.04,33404829.494414594
2025-10-07,Novus Ahorro Dolares,USD MEP,USD,1205765.76,1205765.76
2025-10-07,Novus Retorno Total,Total Return,ARS,100000.0,69.95452999999878
2025-10-07,Novus Performance,House View ARS,ARS,22092338323.12,15454591.439948209
2025-10-07,Novus Valor,Dólar Linked,ARS,451877094.88,316108.4979009526
2025-10-07,Novus Capital,House View USD,USD,16755340.56,16755340.56
2025-10-07,Novus Gestion II,Renta Fija CP,ARS,1501383732.07,1050285.9332660094
2025-10-07,Novus Multiestrategia,Multi,ARS,4853465259.6,3395218.811066401
2025-10-08,Novus Low Volatility,Low Vol,ARS,100000.0,69.93007
2025-10-08,Novus Retorno Total,Total Return,ARS,100000.0,69.93007
2025-10-08,Novus Income Dolares,USD MEP,USD,1000.0,1000.0
2025-10-08,Novus Estrategia,CER,ARS,439654443.62,307450.66018157656
2025-10-08,Novus Capital,House View USD,USD,16905595.09,16905595.09
2025-10-08,Novus Gestión,Renta Fija CER,ARS,41602181718.44,29092434.7972323
2025-10-08,Novus Renta Capital,Pagarés/Cheques,ARS,14251004512.67,9965737.431413291
2025-10-08,Novus Renta Mixta,Mixto,ARS,5875425602.41,4108689.236563235
2025-10-08,Novus Balanceado,Renta Fija Mix,ARS,1220567618.18,853543.7897906068
2025-10-08,Novus Gestion II,Renta Fija CP,ARS,1387678400.97,970404.4771732017
2025-10-08,Novus Valor,Dólar Linked,ARS,446109084.39,311964.3949902861
2025-10-08,Novus Renta Fija,Renta Fija,ARS,2868397433.72,2005872.3332785997
2025-10-08,Novus Ahorro Dolares,USD MEP,USD,1214899.67,1214899.67
2025-10-08,Novus Income,Renta Fija,ARS,1833733239.53,1282330.9380165967
2025-10-08,Novus Liquidez,Money Market,ARS,49162840271.46,34379608.61582017
2025-10-08,Novus Renta Dolar,USD MEP,USD,3388129.02,3388129.02
2025-10-08,Novus Multiestrategia,Multi,ARS,3991406709.23,2791193.505749236
2025-10-08,Novus Liquidez Plus,Renta Fija CP,ARS,4229353379.26,2957589.778663884
2025-10-08,Novus PyME FCI Abierto PyMES,PyME,ARS,2684938100.81,1877579.0933531036
2025-10-08,Novus Renta Balanceado,Renta Fija Mix,ARS,953557973.41,666823.7582961944
2025-10-08,Novus Performance,House View ARS,ARS,21473018067.69,15016096.565848265
2025-10-09,Novus Low Volatility,Low Vol,ARS,100000.0,70.42254000000032
2025-10-09,Novus Income Dolares,USD MEP,USD,1000.0,1000.0
2025-10-09,Novus Ahorro Dolares,USD MEP,USD,1248129.44,1248129.44
2025-10-09,Novus Gestión,Renta Fija CER,ARS,42177804849.1,29702681.490979522
2025-10-09,Novus Renta Fija,Renta Fija,ARS,2885567936.82,2032090.2345342487
2025-10-09,Novus Estrategia,CER,ARS,476340520.8,335451.0937965899
2025-10-09,Novus Valor,Dólar Linked,ARS,460006451.71,323948.22745805694
2025-10-09,Novus Renta Mixta,Mixto,ARS,6197603664.28,4364509.919519069
2025-10-09,Novus Gestion II,Renta Fija CP,ARS,1428295238.73,1005841.7858127344
2025-10-09,Novus Renta Capital,Pagarés/Cheques,ARS,14602069866.98,10283148.492901985
2025-10-09,Novus Renta Dolar,USD MEP,USD,3585575.56,3585575.56
2025-10-09,Novus PyME FCI Abierto PyMES,PyME,ARS,2702192323.52,1902952.4699078102
2025-10-09,Novus Income,Renta Fija,ARS,1857440955.59,1308057.099926756
2025-10-09,Novus Capital,House View USD,USD,17604661.27,17604661.27
2025-10-09,Novus Performance,House View ARS,ARS,22548854168.56,15879475.846395908
2025-10-09,Novus Liquidez Plus,Renta Fija CP,ARS,4351795448.13,3064644.890177543
2025-10-09,Novus Retorno Total,Total Return,ARS,100000.0,70.42254000000032
2025-10-09,Novus Balanceado,Renta Fija Mix,ARS,1256941136.02,885169.874290143
2025-10-09,Novus Renta Balanceado,Renta Fija Mix,ARS,981421474.45,691141.9304131443
2025-10-09,Novus Multiestrategia,Multi,ARS,4078539187.02,2872210.8903948474
2025-10-09,Novus Liquidez,Money Market,ARS,46491000672.88,32740143.545259338
2025-10-13,Novus PyME FCI Abierto PyMES,PyME,ARS,2710468715.19,1908780.9151421727
2025-10-13,Novus Income,Renta Fija,ARS,2033859806.37,1432295.7356848423
2025-10-13,Novus Renta Mixta,Mixto,ARS,6222798364.08,4382252.667063604
2025-10-13,Novus Balanceado,Renta Fija Mix,ARS,1261194481.65,888165.188317768
2025-10-13,Novus Liquidez,Money Market,ARS,42388759270.76,29851240.95295481
2025-10-13,Novus Renta Dolar,USD MEP,USD,3633912.76,3633912.76
2025-10-13,Novus Renta Fija,Renta Fija,ARS,2881202107.76,2029015.7068181387
2025-10-13,Novus Valor,Dólar Linked,ARS,443234803.94,312137.2070985695
2025-10-13,Novus Gestion II,Renta Fija CP,ARS,1425790846.09,1004078.1289040733
2025-10-13,Novus Renta Capital,Pagarés/Cheques,ARS,14735916461.21,10377406.664262244
2025-10-13,Novus Multiestrategia,Multi,ARS,4109812840.46,2894234.591498093
2025-10-13,Novus Performance,House View ARS,ARS,22707363910.83,15991102.433049897
2025-10-13,Novus Capital,House View USD,USD,17620955.77,17620955.77
2025-10-13,Novus Retorno Total,Total Return,ARS,100000.0,70.42254000000032
2025-10-13,Novus Renta Balanceado,Renta Fija Mix,ARS,981195101.94,690982.5131417405
2025-10-13,Novus Ahorro Dolares,USD MEP,USD,1242422.28,1242422.28
2025-10-13,Novus Estrategia,CER,ARS,486216935.4,342406.3158188407
2025-10-13,Novus Gestión,Renta Fija CER,ARS,41836971307.4,29462657.853742424
2025-10-13,Novus Low Volatility,Low Vol,ARS,100000.0,70.42254000000032
2025-10-13,Novus Liquidez Plus,Renta Fija CP,ARS,2998699651.29,2111760.4614095706
2025-10-13,Novus Income Dolares,USD MEP,USD,1000.0,1000.0
2025-10-14,Novus Ahorro Dolares,USD MEP,USD,1234197.55,1234197.55
2025-10-14,Novus Renta Capital,Pagarés/Cheques,ARS,14581030538.22,10721345.726672996
2025-10-14,Novus Low Volatility,Low Vol,ARS,100000.0,73.52941000000004
2025-10-14,Novus Multiestrategia,Multi,ARS,4081143411.55,3000840.671766589
2025-10-14,Novus Gestion II,Renta Fija CP,ARS,1417486314.9,1042269.3241767128
2025-10-14,Novus Valor,Dólar Linked,ARS,442850712.37,325625.5159864582
2025-10-14,Novus PyME FCI Abierto PyMES,PyME,ARS,2704828158.56,1988844.1865030336
2025-10-14,Novus Renta Fija,Renta Fija,ARS,3178700703.8,2337279.8731699893
2025-10-14,Novus Income,Renta Fija,ARS,2025871517.39,1489611.3740949153
2025-10-14,Novus Performance,House View ARS,ARS,22333000146.87,16421323.243292654
2025-10-14,Novus Balanceado,Renta Fija Mix,ARS,1250188437.37,919256.181886381
2025-10-14,Novus Capital,House View USD,USD,16358528.4,16358528.4
2025-10-14,Novus Renta Balanceado,Renta Fija Mix,ARS,971990620.2,714698.9682884013
2025-10-14,Novus Renta Mixta,Mixto,ARS,6093665884.17,4480636.572001487
2025-10-14,Novus Liquidez Plus,Renta Fija CP,ARS,2955173787.61,2172921.8505042875
2025-10-14,Novus Income Dolares,USD MEP,USD,1000.0,1000.0
2025-10-14,Novus Gestión,Renta Fija CER,ARS,41702118795.22,30663321.907624394
2025-10-14,Novus Estrategia,CER,ARS,460971463.85,338949.5976372685
2025-10-14,Novus Liquidez,Money Market,ARS,35592262316.01,26170780.486614507
2025-10-14,Novus Renta Dolar,USD MEP,USD,3489437.36,3489437.36
2025-10-14,Novus Retorno Total,Total Return,ARS,100000.0,73.52941000000004
2025-10-15,Novus Renta Fija,Renta Fija,ARS,2882332646.09,2088646.8992975731
2025-10-15,Novus Gestion II,Renta Fija CP,ARS,1409643182.36,1021480.5934860316
2025-10-15,Novus Valor,Dólar Linked,ARS,523851647.74,379602.6531595241
2025-10-15,Novus Retorno Total,Total Return,ARS,100000.0,72.46377000000005
2025-10-15,Novus Renta Dolar,USD MEP,USD,3495666.12,3495666.12
2025-10-15,Novus Liquidez Plus,Renta Fija CP,ARS,2958268228.14,2143672.684822446
2025-10-15,Novus Multiestrategia,Multi,ARS,4082663563.32,2958451.9343980113
2025-10-15,Novus Gestión,Renta Fija CER,ARS,41837100399.98,30316740.20851061
2025-10-15,Novus Low Volatility,Low Vol,ARS,100000.0,72.46377000000005
2025-10-15,Novus PyME FCI Abierto PyMES,PyME,ARS,2709149056.74,1963151.5414332442
2025-10-15,Novus Liquidez,Money Market,ARS,34627432806.9,25092343.26609658
2025-10-15,Novus Income,Renta Fija,ARS,2020070198.73,1463819.0226462511
2025-10-15,Novus Performance,House View ARS,ARS,22305110883.63,16163124.248958623
2025-10-15,Novus Income Dolares,USD MEP,USD,1000.0,1000.0
2025-10-15,Novus Capital,House View USD,USD,16380657.22,16380657.22
2025-10-15,Novus Estrategia,CER,ARS,463360589.5,335768.5518459244
2025-10-15,Novus Balanceado,Renta Fija Mix,ARS,1238096079.36,897171.0953264484
2025-10-15,Novus Renta Capital,Pagarés/Cheques,ARS,14541967206.31,10537657.669855911
2025-10-15,Novus Renta Balanceado,Renta Fija Mix,ARS,972294351.31,704561.1424562709
2025-10-15,Novus Renta Mixta,Mixto,ARS,6110877407.37,4428172.149458563
2025-10-15,Novus Ahorro Dolares,USD MEP,USD,1235519.47,1235519.47
2025-10-16,Novus Valor,Dólar Linked,ARS,534753816.59,381422.1435469373
2025-10-16,Novus Renta Fija,Renta Fija,ARS,2895316646.75,2065133.2396141088
2025-10-16,Novus Gestion II,Renta Fija CP,ARS,1429702251.14,1019759.1496234272
2025-10-16,Novus Gestión,Renta Fija CER,ARS,42148466258.34,30063101.65299423
2025-10-16,Novus Renta Mixta,Mixto,ARS,6130277947.92,4372523.735023478
2025-10-16,Novus Renta Dolar,USD MEP,USD,3471600.59,3471600.59
2025-10-16,Novus Liquidez,Money Market,ARS,35387504643.6,25240732.197125785
2025-10-16,Novus Low Volatility,Low Vol,ARS,100000.0,71.32668000000021
2025-10-16,Novus Ahorro Dolares,USD MEP,USD,1219333.45,1219333.45
2025-10-16,Novus Renta Balanceado,Renta Fija Mix,ARS,981412048.65,700008.6314220318
2025-10-16,Novus Renta Capital,Pagarés/Cheques,ARS,14683523142.92,10473269.564876521
2025-10-16,Novus Income Dolares,USD MEP,USD,1000.0,1000.0
2025-10-16,Novus Multiestrategia,Multi,ARS,4106625050.91,2929119.308862421
2025-10-16,Novus Capital,House View USD,USD,16346222.65,16346222.65
2025-10-16,Novus Liquidez Plus,Renta Fija CP,ARS,2974091774.7,2121320.923046596
2025-10-16,Novus Retorno Total,Total Return,ARS,100000.0,71.32668000000021
2025-10-16,Novus Estrategia,CER,ARS,464650799.07,331419.98857010284
2025-10-16,Novus Balanceado,Renta Fija Mix,ARS,1258550023.94,897681.9482156099
2025-10-16,Novus PyME FCI Abierto PyMES,PyME,ARS,2718029552.85,1938680.241466756
2025-10-16,Novus Income,Renta Fija,ARS,2036518819.48,1452581.2615102816
2025-10-16,Novus Performance,House View ARS,ARS,22419365106.65,15990988.807651952
2025-10-17,Novus Renta Mixta,Mixto,ARS,6220681167.07,4290125.114411901
2025-10-17,Novus Low Volatility,Low Vol,ARS,100000.0,68.96552000000011
2025-10-17,Novus Renta Fija,Renta Fija,ARS,2913305136.45,2009176.0365394552
2025-10-17,Novus Capital,House View USD,USD,16119407.55,16119407.55
2025-10-17,Novus Gestión,Renta Fija CER,ARS,42623949940.09,29395828.720722802
2025-10-17,Novus Renta Capital,Pagarés/Cheques,ARS,14801273520.13,10207775.249779975
2025-10-17,Novus Income Dolares,USD MEP,USD,1000.0,1000.0
2025-10-17,Novus Ahorro Dolares,USD MEP,USD,1221804.11,1221804.11
2025-10-17,Novus Gestion II,Renta Fija CP,ARS,1438779944.53,992262.0704008277
2025-10-17,Novus Renta Balanceado,Renta Fija Mix,ARS,992655811.24,684590.2420318855
2025-10-17,Novus Income,Renta Fija,ARS,2064591862.61,1423856.5139266744
2025-10-17,Novus Liquidez,Money Market,ARS,64267325135.7,44322294.96992628
2025-10-17,Novus Liquidez Plus,Renta Fija CP,ARS,2974315824.37,2051252.3747190605
2025-10-17,Novus Performance,House View ARS,ARS,22548443733.15,15550651.472474337
2025-10-17,Novus Balanceado,Renta Fija Mix,ARS,1267287099.58,873991.1381182662
2025-10-17,Novus Multiestrategia,Multi,ARS,4138503562.57,2854140.502144931
2025-10-17,Novus Renta Dolar,USD MEP,USD,3399624.41,3399624.41
2025-10-17,Novus PyME FCI Abierto PyMES,PyME,ARS,2730045767.49,1882790.2597874724
2025-10-17,Novus Valor,Dólar Linked,ARS,541197892.41,373239.94072959764
2025-10-17,Novus Retorno Total,Total Return,ARS,100000.0,68.96552000000011
2025-10-17,Novus Estrategia,CER,ARS,467856239.65,322659.4885270692
2025-10-20,Novus Estrategia,CER,ARS,464103592.45,314646.5025693159
2025-10-20,Novus Capital,House View USD,USD,16074291.5,16074291.5
2025-10-20,Novus Renta Mixta,Mixto,ARS,6232905210.83,4225698.437456093
2025-10-20,Novus Liquidez,Money Market,ARS,69724636650.81,47270939.98406671
2025-10-20,Novus Income Dolares,USD MEP,USD,1000.0,1000.0
2025-10-20,Novus Liquidez Plus,Renta Fija CP,ARS,2741753633.6,1858816.0181326207
2025-10-20,Novus Retorno Total,Total Return,ARS,100000.0,67.79661
2025-10-20,Novus Renta Capital,Pagarés/Cheques,ARS,14778229985.37,10019138.948084356
2025-10-20,Novus Income,Renta Fija,ARS,2062534759.73,1398328.647168585
2025-10-20,Novus Valor,Dólar Linked,ARS,555207998.92,376412.20171659655
2025-10-20,Novus Renta Dolar,USD MEP,USD,3441691.38,3441691.38
2025-10-20,Novus Performance,House View ARS,ARS,22567006287.84,15299665.241642362
2025-10-20,Novus Gestion II,Renta Fija CP,ARS,1438173393.94,975032.8070132654
2025-10-20,Novus Multiestrategia,Multi,ARS,4140222676.91,2806930.6213962324
2025-10-20,Novus PyME FCI Abierto PyMES,PyME,ARS,2739231749.88,1857106.266462319
2025-10-20,Novus Renta Balanceado,Renta Fija Mix,ARS,1000040408.14,677993.495349084
2025-10-20,Novus Gestión,Renta Fija CER,ARS,42816829926.53,29028359.19965283
2025-10-20,Novus Ahorro Dolares,USD MEP,USD,1215775.88,1215775.88
2025-10-20,Novus Balanceado,Renta Fija Mix,ARS,1258833652.06,853446.5416358751
2025-10-20,Novus Renta Fija,Renta Fija,ARS,2919393815.44,1979250.0394179765
2025-10-20,Novus Low Volatility,Low Vol,ARS,100000.0,67.79661
2025-10-21,Novus Liquidez,Money Market,ARS,86952548936.72,58337838.93191669
2025-10-21,Novus Multiestrategia,Multi,ARS,4170486645.24,2798045.3839804167
2025-10-21,Novus Performance,House View ARS,ARS,22797153955.51,15294970.78378364
2025-10-21,Novus Renta Capital,Pagarés/Cheques,ARS,14928407655.61,10015704.564989371
2025-10-21,Novus Balanceado,Renta Fija Mix,ARS,1270926980.71,852684.9920046056
2025-10-21,Novus Valor,Dólar Linked,ARS,562024742.64,377071.27982809703
2025-10-21,Novus Renta Dolar,USD MEP,USD,3410679.08,3410679.08
2025-10-21,Novus Gestion II,Renta Fija CP,ARS,1448928528.12,972109.0425864196
2025-10-21,Novus Renta Fija,Renta Fija,ARS,2924191743.95,1961886.4432455434
2025-10-21,Novus Ahorro Dolares,USD MEP,USD,1208346.51,1208346.51
2025-10-21,Novus Capital,House View USD,USD,15898743.6,15898743.6
2025-10-21,Novus Low Volatility,Low Vol,ARS,100000.0,67.09157999999775
2025-10-21,Novus Retorno Total,Total Return,ARS,100000.0,67.09157999999775
2025-10-21,Novus Liquidez Plus,Renta Fija CP,ARS,2750136849.88,1845110.2647466583
2025-10-21,Novus Renta Balanceado,Renta Fija Mix,ARS,1005698247.5,674738.8442800378
2025-10-21,Novus Renta Mixta,Mixto,ARS,6329050819.1,4246260.193536989
2025-10-21,Novus Income Dolares,USD MEP,USD,1000.0,1000.0
2025-10-21,Novus PyME FCI Abierto PyMES,PyME,ARS,2747121695.89,1843087.3502953341
2025-10-21,Novus Income,Renta Fija,ARS,2167151322.72,1453976.063403698
2025-10-21,Novus Gestión,Renta Fija CER,ARS,43016786142.47,28860641.488203205
2025-10-21,Novus Estrategia,CER,ARS,471712448.69,316479.33488279965
2025-10-22,Novus Renta Mixta,Mixto,ARS,6316832401.75,4242332.211306373
2025-10-22,Novus Liquidez Plus,Renta Fija CP,ARS,2808151947.76,1885931.540454453
2025-10-22,Novus Balanceado,Renta Fija Mix,ARS,1278106827.18,858365.9368474239
2025-10-22,Novus Gestión,Renta Fija CER,ARS,43059239938.9,28918228.1512738
2025-10-22,Novus Valor,Dólar Linked,ARS,557169735.17,374190.5696313707
2025-10-22,Novus Multiestrategia,Multi,ARS,4165299163.32,2797380.3461026615
2025-10-22,Novus Renta Fija,Renta Fija,ARS,2620098674.45,1759636.522941625
2025-10-22,Novus Estrategia,CER,ARS,472971291.23,317643.59352835134
2025-10-22,Novus Retorno Total,Total Return,ARS,100000.0,67.15917000000012
2025-10-22,Novus Liquidez,Money Market,ARS,84846520425.82,56982218.89186128
2025-10-22,Novus Renta Balanceado,Renta Fija Mix,ARS,1000986363.89,672254.1338017049
2025-10-22,Novus Income Dolares,USD MEP,USD,1000.0,1000.0
2025-10-22,Novus PyME FCI Abierto PyMES,PyME,ARS,2750472605.96,1847194.5732401097
2025-10-22,Novus Ahorro Dolares,USD MEP,USD,1052436.63,1052436.63
2025-10-22,Novus Low Volatility,Low Vol,ARS,100000.0,67.15917000000012
2025-10-22,Novus Capital,House View USD,USD,15675874.13,15675874.13
2025-10-22,Novus Income,Renta Fija,ARS,2428054682.95,1630661.3722153541
2025-10-22,Novus Renta Capital,Pagarés/Cheques,ARS,15006803323.84,10078444.555823375
2025-10-22,Novus Gestion II,Renta Fija CP,ARS,1396777345.58,938064.0720395612
2025-10-22,Novus Performance,House View ARS,ARS,22765473483.43,15289103.038041702
2025-10-22,Novus Renta Dolar,USD MEP,USD,3359417.93,3359417.93
2025-10-23,Novus Gestion II,Renta Fija CP,ARS,720853519.51,487392.4922800956
2025-10-23,Novus Income,Renta Fija,ARS,2420979331.06,1636902.807557927
2025-10-23,Novus Renta Dolar,USD MEP,USD,3369046.29,3369046.29
2025-10-23,Novus Gestión,Renta Fija CER,ARS,43092782199.11,29136430.560239773
2025-10-23,Novus Balanceado,Renta Fija Mix,ARS,1277792258.54,863956.8742472974
2025-10-23,Novus Retorno Total,Total Return,ARS,100000.0,67.61325000000006
2025-10-23,Novus Renta Fija,Renta Fija,ARS,2619348289.05,1771026.5070461011
2025-10-23,Novus Ahorro Dolares,USD MEP,USD,1046080.4,1046080.4
2025-10-23,Novus Liquidez Plus,Renta Fija CP,ARS,2830114398.61,1913532.3236181778
2025-10-23,Novus Liquidez,Money Market,ARS,79637318774.71,53845379.43644167
2025-10-23,Novus Income Dolares,USD MEP,USD,1000.0,1000.0
2025-10-23,Novus PyME FCI Abierto PyMES,PyME,ARS,2752204744.08,1860855.0741266725
2025-10-23,Novus Capital,House View USD,USD,15684176.25,15684176.25
2025-10-23,Novus Performance,House View ARS,ARS,22371458286.74,15126070.02005925
2025-10-23,Novus Renta Capital,Pagarés/Cheques,ARS,15027794426.11,10160780.21481183
2025-10-23,Novus Renta Mixta,Mixto,ARS,6353886670.96,4296069.279552867
2025-10-23,Novus Estrategia,CER,ARS,479554200.44,324242.1804289986
2025-10-23,Novus Low Volatility,Low Vol,ARS,100000.0,67.61325000000006
2025-10-23,Novus Renta Balanceado,Renta Fija Mix,ARS,994279216.03,672264.4920324046
2025-10-23,Novus Valor,Dólar Linked,ARS,550906175.39,372485.56963187957
2025-10-23,Novus Multiestrategia,Multi,ARS,4205877900.46,2843730.739532774
2025-10-24,Novus Renta Fija,Renta Fija,ARS,2626296397.61,1760252.311719444
2025-10-24,Novus Renta Capital,Pagarés/Cheques,ARS,15074774568.04,10103736.503690073
2025-10-24,Novus Valor,Dólar Linked,ARS,553973920.17,371296.20042083715
2025-10-24,Novus Performance,House View ARS,ARS,22316784341.68,14957630.548987255
2025-10-24,Novus Renta Dolar,USD MEP,USD,3362751.66,3362751.66
2025-10-24,Novus Gestión,Renta Fija CER,ARS,43138232625.6,28913025.114684567
2025-10-24,Novus Liquidez Plus,Renta Fija CP,ARS,2838245630.01,1902309.4407772224
2025-10-24,Novus Capital,House View USD,USD,15720775.01,15720775.01
2025-10-24,Novus Renta Balanceado,Renta Fija Mix,ARS,996630094.29,667982.6500160524
2025-10-24,Novus Balanceado,Renta Fija Mix,ARS,1286394823.64,862194.9389097447
2025-10-24,Novus Income Dolares,USD MEP,USD,1000.0,1000.0
2025-10-24,Novus Ahorro Dolares,USD MEP,USD,1046693.12,1046693.12
2025-10-24,Novus Liquidez,Money Market,ARS,60851753396.3,40785358.30361555
2025-10-24,Novus Multiestrategia,Multi,ARS,4204583528.87,2818085.5303484173
2025-10-24,Novus Renta Mixta,Mixto,ARS,6353912239.66,4258654.399595631
2025-10-24,Novus Low Volatility,Low Vol,ARS,100000.0,67.02413000000003
2025-10-24,Novus Gestion II,Renta Fija CP,ARS,722108196.27,483986.7362086601
2025-10-24,Novus Estrategia,CER,ARS,477378570.27,319958.8335299063
2025-10-24,Novus Income,Renta Fija,ARS,2431060210.06,1629396.9555688882
2025-10-24,Novus PyME FCI Abierto PyMES,PyME,ARS,2757092190.22,1847917.0537929006
2025-10-24,Novus Retorno Total,Total Return,ARS,100000.0,67.02413000000003
2025-10-27,Novus Low Volatility,Low Vol,ARS,100000.0,69.68641000000002
2025-10-27,Novus Valor,Dólar Linked,ARS,563754543.47,392860.30255613255
2025-10-27,Novus Renta Balanceado,Renta Fija Mix,ARS,1027877114.82,716290.6605296362
2025-10-27,Novus Renta Mixta,Mixto,ARS,7179982498.05,5003472.041519367
2025-10-27,Novus Performance,House View ARS,ARS,23694048561.25,16511531.825991781
2025-10-27,Novus Income Dolares,USD MEP,USD,1000.0,1000.0
2025-10-27,Novus Liquidez Plus,Renta Fija CP,ARS,2885875101.56,2011062.7553610187
2025-10-27,Novus Renta Capital,Pagarés/Cheques,ARS,15522503000.96,10817075.083511293
2025-10-27,Novus Renta Fija,Renta Fija,ARS,2645406281.32,1843488.6673664092
2025-10-27,Novus Ahorro Dolares,USD MEP,USD,1148142.53,1148142.53
2025-10-27,Novus Retorno Total,Total Return,ARS,100000.0,69.68641000000002
2025-10-27,Novus Capital,House View USD,USD,17125762.76,17125762.76
2025-10-27,Novus Renta Dolar,USD MEP,USD,3795706.18,3795706.18
2025-10-27,Novus Income,Renta Fija,ARS,2441068560.36,1701093.0453535677
2025-10-27,Novus Estrategia,CER,ARS,511488820.74,356438.19672504155
2025-10-27,Novus Liquidez,Money Market,ARS,63384793020.07,44170586.741617374
2025-10-27,Novus Balanceado,Renta Fija Mix,ARS,1325064202.74,923389.673084628
2025-10-27,Novus PyME FCI Abierto PyMES,PyME,ARS,2775082244.66,1933855.1908509713
2025-10-27,Novus Gestión,Renta Fija CER,ARS,43293333071.45,30169569.58683625
2025-10-27,Novus Multiestrategia,Multi,ARS,4315561557.82,3007359.920984833
2025-10-27,Novus Gestion II,Renta Fija CP,ARS,743563256.88,518162.5397987502
2025-10-28,Novus Performance,House View ARS,ARS,24071491371.78,16375163.985612663
2025-10-28,Novus Estrategia,CER,ARS,518030152.98,352401.4600310259
2025-10-28,Novus Income Dolares,USD MEP,USD,1000.0,1000.0
2025-10-28,Novus PyME FCI Abierto PyMES,PyME,ARS,2779231721.63,1890633.799659856
2025-10-28,Novus Liquidez Plus,Renta Fija CP,ARS,3085001309.75,2098640.3194863833
2025-10-28,Novus Renta Balanceado,Renta Fija Mix,ARS,1037041502.35,705470.4005907895
2025-10-28,Novus Liquidez,Money Market,ARS,58031380748.39,39477129.24760684
2025-10-28,Novus Valor,Dólar Linked,ARS,575159768.17,391265.1433285191
2025-10-28,Novus Renta Mixta,Mixto,ARS,7415380678.41,5044476.586401396
2025-10-28,Novus Renta Dolar,USD MEP,USD,3840840.05,3840840.05
2025-10-28,Novus Multiestrategia,Multi,ARS,4338693294.73,2951491.9988618963
2025-10-28,Novus Retorno Total,Total Return,ARS,100000.0,68.02721000000001
2025-10-28,Novus Gestion II,Renta Fija CP,ARS,741458183.78,504393.3157422066
2025-10-28,Novus Renta Fija,Renta Fija,ARS,2653042959.35,1804791.1053472394
2025-10-28,Novus Income,Renta Fija,ARS,2461459965.11,1674462.5395313068
2025-10-28,Novus Gestión,Renta Fija CER,ARS,43599567328.21,29659569.22545281
2025-10-28,Novus Renta Capital,Pagarés/Cheques,ARS,15591085433.03,10606180.42880673
2025-10-28,Novus Ahorro Dolares,USD MEP,USD,1151696.42,1151696.42
2025-10-28,Novus Low Volatility,Low Vol,ARS,100000.0,68.02721000000001
2025-10-28,Novus Balanceado,Renta Fija Mix,ARS,1333534663.8,907166.4261660201
2025-10-28,Novus Capital,House View USD,USD,17248043.84,17248043.84
2025-10-29,Novus Balanceado,Renta Fija Mix,ARS,1346843722.59,937913.4153247587
2025-10-29,Novus Renta Capital,Pagarés/Cheques,ARS,15688463304.77,10925113.250019787
2025-10-29,Novus Multiestrategia,Multi,ARS,4366841044.86,3040975.526610358
2025-10-29,Novus Capital,House View USD,USD,17415229.56,17415229.56
2025-10-29,Novus PyME FCI Abierto PyMES,PyME,ARS,2781841959.01,1937215.7652050368
2025-10-29,Novus Gestión,Renta Fija CER,ARS,43610477408.19,30369411.92494252
2025-10-29,Novus Ahorro Dolares,USD MEP,USD,1233160.74,1233160.74
2025-10-29,Novus Income Dolares,USD MEP,USD,1000.0,1000.0
2025-10-29,Novus Retorno Total,Total Return,ARS,100000.0,69.63788000000012
2025-10-29,Novus Gestion II,Renta Fija CP,ARS,746713666.34,519995.5669094506
2025-10-29,Novus Liquidez Plus,Renta Fija CP,ARS,3251975740.88,2264606.96406313
2025-10-29,Novus Renta Mixta,Mixto,ARS,7590319344.69,5285737.476872019
2025-10-29,Novus Liquidez,Money Market,ARS,70795637763.37,49300581.27089037
2025-10-29,Novus Renta Dolar,USD MEP,USD,3861240.91,3861240.91
2025-10-29,Novus Estrategia,CER,ARS,526183967.54,366423.3598947448
2025-10-29,Novus Low Volatility,Low Vol,ARS,100000.0,69.63788000000012
2025-10-29,Novus Valor,Dólar Linked,ARS,547962873.64,381589.72838997556
2025-10-29,Novus Renta Balanceado,Renta Fija Mix,ARS,1041132003.52,725022.2552528547
2025-10-29,Novus Renta Fija,Renta Fija,ARS,2358017936.85,1642073.7012420818
2025-10-29,Novus Performance,House View ARS,ARS,24612494518.87,17139619.3980573
2025-10-29,Novus Income,Renta Fija,ARS,2476024946.83,1724251.2812435424
2025-10-30,Novus Liquidez,Money Market,ARS,65227811114.08,45360091.69518571
2025-10-30,Novus Renta Mixta,Mixto,ARS,7649547178.76,5319573.898445646
2025-10-30,Novus Income,Renta Fija,ARS,2481004991.2,1725316.4252318894
2025-10-30,Novus Gestion II,Renta Fija CP,ARS,753400390.82,523922.39180025354
2025-10-30,Novus Low Volatility,Low Vol,ARS,100000.0,69.54103
2025-10-30,Novus Renta Dolar,USD MEP,USD,3877262.77,3877262.77
2025-10-30,Novus Retorno Total,Total Return,ARS,441706192.38,307167.03575483355
2025-10-30,Novus Estrategia,CER,ARS,534383549.2,371615.8242642368
2025-10-30,Novus Balanceado,Renta Fija Mix,ARS,1355760158.19,942809.5783349555
2025-10-30,Novus Capital,House View USD,USD,17506498.95,17506498.95
2025-10-30,Novus Ahorro Dolares,USD MEP,USD,1236240.25,1236240.25
2025-10-30,Novus Liquidez Plus,Renta Fija CP,ARS,3369779126.54,2343379.1133209197
2025-10-30,Novus Performance,House View ARS,ARS,24881419773.42,17302795.589059934
2025-10-30,Novus Gestión,Renta Fija CER,ARS,43793869450.73,30454707.89289299
2025-10-30,Novus PyME FCI Abierto PyMES,PyME,ARS,3090261274.8,2148999.520187051
2025-10-30,Novus Renta Balanceado,Renta Fija Mix,ARS,1048152585.85,728896.1041717244
2025-10-30,Novus Multiestrategia,Multi,ARS,4391000533.44,3053546.9982596706
2025-10-30,Novus Renta Capital,Pagarés/Cheques,ARS,15796116132.61,10984781.858613161
2025-10-30,Novus Valor,Dólar Linked,ARS,550506432.01,382827.84303600376
2025-10-30,Novus Income Dolares,USD MEP,USD,1000.0,1000.0
2025-10-30,Novus Renta Fija,Renta Fija,ARS,2364438161.88,1644254.6514844196
2025-10-31,Novus Retorno Total,Total Return,ARS,4938029365.91,3417321.2494284087
2025-10-31,Novus Renta Balanceado,Renta Fija Mix,ARS,1054640649.22,729855.0968471834
2025-10-31,Novus Renta Dolar,USD MEP,USD,3898659.11,3898659.11
2025-10-31,Novus Balanceado,Renta Fija Mix,ARS,1358490028.61,940131.4771343083
2025-10-31,Novus Low Volatility,Low Vol,ARS,100000.0,69.20415000000007
2025-10-31,Novus Valor,Dólar Linked,ARS,512282017.15,354520.4155715121
2025-10-31,Novus Renta Fija,Renta Fija,ARS,2376804532.02,1644847.3735459207
2025-10-31,Novus Liquidez,Money Market,ARS,85035465773.32,58848071.286967106
2025-10-31,Novus Gestión,Renta Fija CER,ARS,43961047056.26,30422868.94638479
2025-10-31,Novus Multiestrategia,Multi,ARS,4413878809.11,3054587.311874701
2025-10-31,Novus Income Dolares,USD MEP,USD,1000.0,1000.0
2025-10-31,Novus Ahorro Dolares,USD MEP,USD,1239765.27,1239765.27
2025-10-31,Novus Gestion II,Renta Fija CP,ARS,951940028.25,658782.0050601731
2025-10-31,Novus PyME FCI Abierto PyMES,PyME,ARS,3096944591.06,2143214.180214051
2025-10-31,Novus Estrategia,CER,ARS,900885661.3,623450.2643745446
2025-10-31,Novus Liquidez Plus,Renta Fija CP,ARS,3401550688.93,2354014.241093153
2025-10-31,Novus Renta Mixta,Mixto,ARS,7930714294.48,5488383.416423387
2025-10-31,Novus Income,Renta Fija,ARS,2484705861.55,1719519.5714858563
2025-10-31,Novus Performance,House View ARS,ARS,25109412714.06,17376755.638757173
2025-10-31,Novus Capital,House View USD,USD,17725326.27,17725326.27
2025-10-31,Novus Renta Capital,Pagarés/Cheques,ARS,14539819076.2,10062158.203222074
2025-11-03,Novus Retorno Total,Total Return,ARS,5048238120.76,3406368.3376688845
2025-11-03,Novus Ahorro Dolares,USD MEP,USD,1221369.66,1221369.66
2025-11-03,Novus Liquidez Plus,Renta Fija CP,ARS,3433663045.63,2316911.5245888773
2025-11-03,Novus Balanceado,Renta Fija Mix,ARS,1358089644.87,916389.7295131338
2025-11-03,Novus Renta Balanceado,Renta Fija Mix,ARS,1055133483.2,711965.8786312698
2025-11-03,Novus Performance,House View ARS,ARS,25131300685.66,16957691.949598584
2025-11-03,Novus Gestión,Renta Fija CER,ARS,44108244170.2,29762646.447612066
2025-11-03,Novus Estrategia,CER,ARS,961042738.06,648476.8498957717
2025-11-03,Novus Multiestrategia,Multi,ARS,4426403082.3,2986776.5641444675
2025-11-03,Novus Valor,Dólar Linked,ARS,461685394.84,311528.59142673947
2025-11-03,Novus Capital,House View USD,USD,17590449.38,17590449.38
2025-11-03,Novus Renta Dolar,USD MEP,USD,3876239.77,3876239.77
2025-11-03,Novus Income,Renta Fija,ARS,2490008138.53,1680167.3535854332
2025-11-03,Novus Renta Capital,Pagarés/Cheques,ARS,14532170195.43,9805782.383315112
2025-11-03,Novus PyME FCI Abierto PyMES,PyME,ARS,2505006679.35,1690287.8259835914
2025-11-03,Novus Renta Mixta,Mixto,ARS,8124733912.75,5482276.328956071
2025-11-03,Novus Income Dolares,USD MEP,USD,1000.0,1000.0
2025-11-03,Novus Gestion II,Renta Fija CP,ARS,974148314.24,657320.018280178
2025-11-03,Novus Liquidez,Money Market,ARS,77746345593.41,52460419.588722706
2025-11-03,Novus Renta Fija,Renta Fija,ARS,2379821689.9,1605817.5267993493
2025-11-03,Novus Low Volatility,Low Vol,ARS,100000.0,67.47638000000015
2025-11-04,Novus Liquidez Plus,Renta Fija CP,ARS,5745760928.7,3951692.4702247623
2025-11-04,Novus Estrategia,CER,ARS,1053525619.97,724570.5679867654
2025-11-04,Novus Income,Renta Fija,ARS,2753676175.77,1893862.5439276064
2025-11-04,Novus Low Volatility,Low Vol,ARS,100000.0,68.77579000000001
2025-11-04,Novus Renta Mixta,Mixto,ARS,8045701517.07,5533494.779406878
2025-11-04,Novus Renta Dolar,USD MEP,USD,3884883.17,3884883.17
2025-11-04,Novus Gestion II,Renta Fija CP,ARS,975931316.9,671204.4730553787
2025-11-04,Novus Liquidez,Money Market,ARS,69021663617.64,47470194.424174495
2025-11-04,Novus Ahorro Dolares,USD MEP,USD,1220463.05,1220463.05
2025-11-04,Novus Income Dolares,USD MEP,USD,1000.0,1000.0
2025-11-04,Novus Retorno Total,Total Return,ARS,5049966468.81,3473154.333659182
2025-11-04,Novus Renta Balanceado,Renta Fija Mix,ARS,1056174259.28,726392.1905964684
2025-11-04,Novus Balanceado,Renta Fija Mix,ARS,1361853634.84,936625.5960049253
2025-11-04,Novus Gestión,Renta Fija CER,ARS,44146691120.61,30362235.577059384
2025-11-04,Novus Valor,Dólar Linked,ARS,458447539.47,315300.91700605437
2025-11-04,Novus Renta Fija,Renta Fija,ARS,2381109785.31,1637627.0656142568
2025-11-04,Novus Multiestrategia,Multi,ARS,4431397006.06,3047728.298954114
2025-11-04,Novus Performance,House View ARS,ARS,25119283107.8,17275985.399726003
2025-11-04,Novus PyME FCI Abierto PyMES,PyME,ARS,2506213186.25,1723667.9179276093
2025-11-04,Novus Renta Capital,Pagarés/Cheques,ARS,14555095592.3,10010381.978859505
2025-11-04,Novus Capital,House View USD,USD,17751942.83,17751942.83
2025-11-05,Novus Renta Dolar,USD MEP,USD,3918222.68,3918222.68
2025-11-05,Novus Low Volatility,Low Vol,ARS,100000.0,68.87052000000017
2025-11-05,Novus Renta Capital,Pagarés/Cheques,ARS,14608777589.42,10061141.091477044
2025-11-05,Novus Renta Fija,Renta Fija,ARS,2685667584.08,1849633.2306273377
2025-11-05,Novus Gestión,Renta Fija CER,ARS,44174019722.39,30422877.087712627
2025-11-05,Novus Capital,House View USD,USD,17799087.0,17799087.0
2025-11-05,Novus Income Dolares,USD MEP,USD,1000.0,1000.0
2025-11-05,Novus Ahorro Dolares,USD MEP,USD,1221992.41,1221992.41
2025-11-05,Novus Performance,House View ARS,ARS,25207846917.82,17360775.25310665
2025-11-05,Novus Liquidez,Money Market,ARS,67735892911.61,46650061.67486907
2025-11-05,Novus Renta Mixta,Mixto,ARS,7938576898.73,5467339.190755238
2025-11-05,Novus Liquidez Plus,Renta Fija CP,ARS,5504337702.3,3790865.9981300714
2025-11-05,Novus Valor,Dólar Linked,ARS,456637115.4,314488.35588898085
2025-11-05,Novus Gestion II,Renta Fija CP,ARS,1800884740.33,1240278.6852659239
2025-11-05,Novus Retorno Total,Total Return,ARS,5328863326.23,3670015.882863906
2025-11-05,Novus PyME FCI Abierto PyMES,PyME,ARS,2510282593.14,1728844.6753650066
2025-11-05,Novus Renta Balanceado,Renta Fija Mix,ARS,1057882864.71,728569.4299166753
2025-11-05,Novus Income,Renta Fija,ARS,2916990860.89,2008946.7742474247
2025-11-05,Novus Multiestrategia,Multi,ARS,4442974862.16,3059899.891038883
2025-11-05,Novus Balanceado,Renta Fija Mix,ARS,1364966863.81,940059.7769336412
2025-11-05,Novus Estrategia,CER,ARS,1273283751.23,876917.1405476097
2025-11-07,Novus Retorno Total,Total Return,ARS,5294208240.67,3741490.0237552132
2025-11-07,Novus Gestion II,Renta Fija CP,ARS,965358180.93,682231.9484061283
2025-11-07,Novus Gestión,Renta Fija CER,ARS,44214973524.73,31247331.956561357
2025-11-07,Novus Low Volatility,Low Vol,ARS,100000.0,70.67138000000006
2025-11-07,Novus Renta Dolar,USD MEP,USD,3915739.09,3915739.09
2025-11-07,Novus Performance,House View ARS,ARS,25204923596.41,17812667.33352859
2025-11-07,Novus Liquidez Plus,Renta Fija CP,ARS,5603900681.94,3960353.945756411
2025-11-07,Novus Renta Capital,Pagarés/Cheques,ARS,14633353973.59,10341593.193420896
2025-11-07,Novus Ahorro Dolares,USD MEP,USD,1223109.84,1223109.84
2025-11-07,Novus Income Dolares,USD MEP,USD,1000.0,1000.0
2025-11-07,Novus Renta Balanceado,Renta Fija Mix,ARS,1054783606.98,745430.1310665429
2025-11-07,Novus Renta Fija,Renta Fija,ARS,2684818559.22,1897398.3262968925
2025-11-07,Novus Income,Renta Fija,ARS,3042132922.28,2149917.3176096054
2025-11-07,Novus Estrategia,CER,ARS,1327598153.98,938231.9362721916
2025-11-07,Novus PyME FCI Abierto PyMES,PyME,ARS,2509986459.56,1773842.0687841952
2025-11-07,Novus Capital,House View USD,USD,17760736.45,17760736.45
2025-11-07,Novus Valor,Dólar Linked,ARS,448161560.82,316721.9596610335
2025-11-07,Novus Balanceado,Renta Fija Mix,ARS,1426723057.92,1008284.873810264
2025-11-07,Novus Renta Mixta,Mixto,ARS,7465112330.1,5275697.902231829
2025-11-07,Novus Liquidez,Money Market,ARS,70015164451.98,49480682.92748374
2025-11-07,Novus Multiestrategia,Multi,ARS,4430189052.73,3130875.7401732206
2025-11-10,Novus Renta Dolar,USD MEP,USD,3951677.05,3951677.05
2025-11-10,Novus Liquidez Plus,Renta Fija CP,ARS,7032204994.1,4950514.091234127
2025-11-10,Novus Ahorro Dolares,USD MEP,USD,1222520.88,1222520.88
2025-11-10,Novus Renta Capital,Pagarés/Cheques,ARS,14683607865.26,10336929.55596627
2025-11-10,Novus Retorno Total,Total Return,ARS,5301525237.64,3732154.4829807845
2025-11-10,Novus Liquidez,Money Market,ARS,64845556469.67,45649812.72962798
2025-11-10,Novus Renta Balanceado,Renta Fija Mix,ARS,1062006541.46,747628.7100406714
2025-11-10,Novus Low Volatility,Low Vol,ARS,100000.0,70.39775000000134
2025-11-10,Novus Balanceado,Renta Fija Mix,ARS,1435604820.11,1010633.4922490066
2025-11-10,Novus Income Dolares,USD MEP,USD,1000.0,1000.0
2025-11-10,Novus PyME FCI Abierto PyMES,PyME,ARS,2518367052.53,1772873.741722472
2025-11-10,Novus Multiestrategia,Multi,ARS,4466403170.7,3144247.338101519
2025-11-10,Novus Capital,House View USD,USD,17522671.67,17522671.67
2025-11-10,Novus Gestion II,Renta Fija CP,ARS,1057143006.68,744204.8909850839
2025-11-10,Novus Renta Mixta,Mixto,ARS,7580513114.42,5336510.6710067075
2025-11-10,Novus Valor,Dólar Linked,ARS,450204697.89,316933.9777088635
2025-11-10,Novus Estrategia,CER,ARS,1345529096.84,947222.209770699
2025-11-10,Novus Performance,House View ARS,ARS,25478851202.11,17936537.972133733
2025-11-10,Novus Gestión,Renta Fija CER,ARS,44378150633.42,31241219.53753902
2025-11-10,Novus Income,Renta Fija,ARS,3048523840.93,2146092.1922283396
2025-11-10,Novus Renta Fija,Renta Fija,ARS,2693308348.41,1896028.4778428369
2025-11-11,Novus Balanceado,Renta Fija Mix,ARS,1438574697.48,1012724.219095246
2025-11-11,Novus Liquidez,Money Market,ARS,63018109728.86,44363331.34164938
2025-11-11,Novus Liquidez Plus,Renta Fija CP,ARS,7086168888.55,4988503.458739303
2025-11-11,Novus Gestion II,Renta Fija CP,ARS,1002012510.23,705394.2619204533
2025-11-11,Novus Low Volatility,Low Vol,ARS,100000.0,70.39775000000134
2025-11-11,Novus Performance,House View ARS,ARS,25609141937.49,18028259.71829971
2025-11-11,Novus Valor,Dólar Linked,ARS,449386105.93,316357.7073873426
2025-11-11,Novus Gestión,Renta Fija CER,ARS,44536378296.02,31352608.251887016
2025-11-11,Novus Multiestrategia,Multi,ARS,4477327755.13,3151937.9997370895
2025-11-11,Novus Renta Capital,Pagarés/Cheques,ARS,14718118850.81,10361224.513296293
2025-11-11,Novus Capital,House View USD,USD,17757898.5,17757898.5
2025-11-11,Novus Renta Mixta,Mixto,ARS,7582626970.12,5337998.777857753
2025-11-11,Novus Estrategia,CER,ARS,1679264102.88,1182164.1449852278
2025-11-11,Novus Income,Renta Fija,ARS,3053087085.87,2149304.6139930887
2025-11-11,Novus Renta Dolar,USD MEP,USD,3968260.87,3968260.87
2025-11-11,Novus Renta Fija,Renta Fija,ARS,2697259624.6,1898810.0873768826
2025-11-11,Novus PyME FCI Abierto PyMES,PyME,ARS,2522435456.11,1775737.8063037114
2025-11-11,Novus Ahorro Dolares,USD MEP,USD,1222389.66,1222389.66
2025-11-11,Novus Renta Balanceado,Renta Fija Mix,ARS,1064691384.52,749518.7791459425
2025-11-11,Novus Retorno Total,Total Return,ARS,5481550924.42,3858888.515895954
2025-11-11,Novus Income Dolares,USD MEP,USD,1000.0,1000.0
2025-11-12,Novus Valor,Dólar Linked,ARS,448163074.88,317395.9465250617
2025-11-12,Novus PyME FCI Abierto PyMES,PyME,ARS,2524325398.74,1787765.8695662685
2025-11-12,Novus Renta Mixta,Mixto,ARS,7609219581.23,5388965.728486679
2025-11-12,Novus Retorno Total,Total Return,ARS,5502338124.09,3896840.0452538365
2025-11-12,Novus Liquidez Plus,Renta Fija CP,ARS,7156346574.76,5068234.136347626
2025-11-12,Novus Liquidez,Money Market,ARS,64105010623.46,45400149.33019691
2025-11-12,Novus Estrategia,CER,ARS,1860442726.32,1317594.0035535367
2025-11-12,Novus Renta Fija,Renta Fija,ARS,2699244480.45,1911646.2394952409
2025-11-12,Novus Gestion II,Renta Fija CP,ARS,946025780.85,669989.932192417
2025-11-12,Novus Balanceado,Renta Fija Mix,ARS,1439384047.54,1019393.8050437553
2025-11-12,Novus Ahorro Dolares,USD MEP,USD,1444922.42,1444922.42
2025-11-12,Novus Multiestrategia,Multi,ARS,4479966197.97,3172780.6048851833
2025-11-12,Novus Capital,House View USD,USD,17831550.3,17831550.3
2025-11-12,Novus Income Dolares,USD MEP,USD,1000.0,1000.0
2025-11-12,Novus Income,Renta Fija,ARS,3055386456.82,2163871.4361327137
2025-11-12,Novus Renta Balanceado,Renta Fija Mix,ARS,1065100885.87,754320.7434166878
2025-11-12,Novus Renta Capital,Pagarés/Cheques,ARS,14711453307.1,10418876.317323819
2025-11-12,Novus Renta Dolar,USD MEP,USD,3963979.28,3963979.28
2025-11-12,Novus Low Volatility,Low Vol,ARS,100000.0,70.82153
2025-11-12,Novus Gestión,Renta Fija CER,ARS,44511817110.71,31523949.908606615
2025-11-12,Novus Performance,House View ARS,ARS,25701765135.65,18202383.306073908
2025-11-13,Novus Renta Dolar,USD MEP,USD,3942272.63,3942272.63
2025-11-13,Novus Liquidez,Money Market,ARS,65837300253.61,46825963.42285717
2025-11-13,Novus Renta Fija,Renta Fija,ARS,2699497337.9,1919984.0078143934
2025-11-13,Novus Balanceado,Renta Fija Mix,ARS,1476204905.42,1049932.4340391525
2025-11-13,Novus Gestion II,Renta Fija CP,ARS,939353891.73,668103.807504708
2025-11-13,Novus Ahorro Dolares,USD MEP,USD,1444314.84,1444314.84
2025-11-13,Novus Low Volatility,Low Vol,ARS,100000.0,71.1237600000003
2025-11-13,Novus Valor,Dólar Linked,ARS,447085750.46,317984.19615137065
2025-11-13,Novus Capital,House View USD,USD,17755496.55,17755496.55
2025-11-13,Novus Renta Mixta,Mixto,ARS,7494712712.96,5330521.4826551825
2025-11-13,Novus PyME FCI Abierto PyMES,PyME,ARS,2526568500.36,1796990.5164316534
2025-11-13,Novus Income,Renta Fija,ARS,3057461109.0,2174581.3012585077
2025-11-13,Novus Retorno Total,Total Return,ARS,5471894823.99,3891817.3420670866
2025-11-13,Novus Estrategia,CER,ARS,2204901490.58,1568208.8443965486
2025-11-13,Novus Renta Balanceado,Renta Fija Mix,ARS,1064710852.07,757262.3911202252
2025-11-13,Novus Liquidez Plus,Renta Fija CP,ARS,7233033932.0,5144405.694514265
2025-11-13,Novus Renta Capital,Pagarés/Cheques,ARS,14735014324.36,10480096.224023474
2025-11-13,Novus Performance,House View ARS,ARS,25656129639.99,18247604.07043543
2025-11-13,Novus Multiestrategia,Multi,ARS,4476388711.52,3183775.9638485913
2025-11-13,Novus Income Dolares,USD MEP,USD,1000.0,1000.0
2025-11-13,Novus Gestión,Renta Fija CER,ARS,44609542196.8,31727983.7291509
2025-11-14,Novus Income Dolares,USD MEP,USD,1000.0,1000.0
2025-11-14,Novus Renta Fija,Renta Fija,ARS,2704833994.16,1927893.1499430933
2025-11-14,Novus Gestión,Renta Fija CER,ARS,44664917158.45,31835294.889989406
2025-11-14,Novus PyME FCI Abierto PyMES,PyME,ARS,2528767387.26,1802400.1969156205
2025-11-14,Novus Renta Mixta,Mixto,ARS,7642245487.01,5447074.665728476
2025-11-14,Novus Capital,House View USD,USD,17890478.16,17890478.16
2025-11-14,Novus Income,Renta Fija,ARS,3061793205.52,2182318.8262973092
2025-11-14,Novus Liquidez,Money Market,ARS,68897592780.83,49107337.994316004
2025-11-14,Novus Renta Balanceado,Renta Fija Mix,ARS,1067219104.99,760669.3817221054
2025-11-14,Novus Renta Capital,Pagarés/Cheques,ARS,14758317415.74,10519114.70793499
2025-11-14,Novus Multiestrategia,Multi,ARS,4490074121.7,3200338.0468643014
2025-11-14,Novus Balanceado,Renta Fija Mix,ARS,1479128786.64,1054261.4673594693
2025-11-14,Novus Performance,House View ARS,ARS,25736685189.33,18344038.55685057
2025-11-14,Novus Low Volatility,Low Vol,ARS,100000.0,71.27584000000009
2025-11-14,Novus Gestion II,Renta Fija CP,ARS,920769258.31,656286.0233222231
2025-11-14,Novus Valor,Dólar Linked,ARS,446476204.45,318229.6651218553
2025-11-14,Novus Liquidez Plus,Renta Fija CP,ARS,7247648759.71,5165822.533732891
2025-11-14,Novus Retorno Total,Total Return,ARS,5514679681.2,3930634.266084627
2025-11-14,Novus Estrategia,CER,ARS,2477686690.05,1765992.0009013363
2025-11-14,Novus Renta Dolar,USD MEP,USD,3954865.98,3954865.98
2025-11-14,Novus Ahorro Dolares,USD MEP,USD,1461966.7,1461966.7
2025-11-17,Novus Renta Dolar,USD MEP,USD,3962275.98,3962275.98
2025-11-17,Novus Balanceado,Renta Fija Mix,ARS,1480481858.16,1067398.550337128
2025-11-17,Novus Renta Balanceado,Renta Fija Mix,ARS,1067654786.67,769758.2819207315
2025-11-17,Novus Income Dolares,USD MEP,USD,1000.0,1000.0
2025-11-17,Novus Income,Renta Fija,ARS,3067114345.46,2211329.6343469284
2025-11-17,Novus Performance,House View ARS,ARS,25958035880.91,18715237.68843647
2025-11-17,Novus Liquidez Plus,Renta Fija CP,ARS,7194791669.84,5187304.495517089
2025-11-17,Novus Estrategia,CER,ARS,2576128399.06,1857338.3412184822
2025-11-17,Novus Renta Fija,Renta Fija,ARS,2707607417.71,1952132.1498242689
2025-11-17,Novus Low Volatility,Low Vol,ARS,100000.0,72.09805000000016
2025-11-17,Novus PyME FCI Abierto PyMES,PyME,ARS,2533774276.73,1826801.8449239377
2025-11-17,Novus Gestion II,Renta Fija CP,ARS,921816401.59,664611.6501265605
2025-11-17,Novus Valor,Dólar Linked,ARS,441426122.33,318259.6263905452
2025-11-17,Novus Renta Mixta,Mixto,ARS,7528862876.87,5428163.3213971825
2025-11-17,Novus Liquidez,Money Market,ARS,68756426252.88,49572042.57801466
2025-11-17,Novus Gestión,Renta Fija CER,ARS,44744219788.09,32259709.954927087
2025-11-17,Novus Multiestrategia,Multi,ARS,4493036891.01,3239391.984198842
2025-11-17,Novus Capital,House View USD,USD,17918177.14,17918177.14
2025-11-17,Novus Ahorro Dolares,USD MEP,USD,1511828.09,1511828.09
2025-11-17,Novus Renta Capital,Pagarés/Cheques,ARS,14781485002.77,10657162.44803964
2025-11-17,Novus Retorno Total,Total Return,ARS,5487104595.73,3956095.4149817214
2025-11-18,Novus Multiestrategia,Multi,ARS,4504474375.05,3217481.6321146535
2025-11-18,Novus Liquidez,Money Market,ARS,66526221587.16,47518728.75473972
2025-11-18,Novus Gestion II,Renta Fija CP,ARS,922784482.48,659131.7600173649
2025-11-18,Novus PyME FCI Abierto PyMES,PyME,ARS,2537501588.46,1812501.0983642638
2025-11-18,Novus Performance,House View ARS,ARS,26330087224.77,18807204.784405906
2025-11-18,Novus Low Volatility,Low Vol,ARS,100000.0,71.42857000000004
2025-11-18,Novus Balanceado,Renta Fija Mix,ARS,1481393389.72,1058138.1143515236
2025-11-18,Novus Retorno Total,Total Return,ARS,5475714233.21,3911224.37406837
2025-11-18,Novus Gestión,Renta Fija CER,ARS,44791595717.89,31993996.301470075
2025-11-18,Novus Valor,Dólar Linked,ARS,643518375.44,459655.9732640234
2025-11-18,Novus Renta Dolar,USD MEP,USD,3950573.6,3950573.6
2025-11-18,Novus Renta Capital,Pagarés/Cheques,ARS,14774038060.86,10552884.118128033
2025-11-18,Novus Renta Balanceado,Renta Fija Mix,ARS,1066725405.0,761946.7026182088
2025-11-18,Novus Income Dolares,USD MEP,USD,1000.0,1000.0
2025-11-18,Novus Estrategia,CER,ARS,2705074032.44,1932195.698813229
2025-11-18,Novus Capital,House View USD,USD,17977943.71,17977943.71
2025-11-18,Novus Renta Fija,Renta Fija,ARS,2708465167.32,1934617.9379647842
2025-11-18,Novus Income,Renta Fija,ARS,3270342334.79,2335958.7638451103
2025-11-18,Novus Liquidez Plus,Renta Fija CP,ARS,6956398649.04,4968856.078508593
2025-11-18,Novus Ahorro Dolares,USD MEP,USD,1515752.71,1515752.71
2025-11-18,Novus Renta Mixta,Mixto,ARS,7539335367.82,5385239.440738068
2025-11-19,Novus Low Volatility,Low Vol,ARS,100000.0,71.09847000000129
2025-11-19,Novus Liquidez Plus,Renta Fija CP,ARS,6827555844.81,4854287.744055573
2025-11-19,Novus Renta Dolar,USD MEP,USD,3961663.17,3961663.17
2025-11-19,Novus Performance,House View ARS,ARS,26504280644.25,18844138.022568233
2025-11-19,Novus Ahorro Dolares,USD MEP,USD,1554571.82,1554571.82
2025-11-19,Novus Multiestrategia,Multi,ARS,4512927673.79,3208622.528271339
2025-11-19,Novus Retorno Total,Total Return,ARS,5466153045.8,3886351.1834222698
2025-11-19,Novus Renta Capital,Pagarés/Cheques,ARS,14793388934.3,10517873.193436794
2025-11-19,Novus Renta Balanceado,Renta Fija Mix,ARS,1068898016.83,759970.1358264863
2025-11-19,Novus Capital,House View USD,USD,18057951.64,18057951.64
2025-11-19,Novus Income,Renta Fija,ARS,3322875580.69,2362513.697874248
2025-11-19,Novus Balanceado,Renta Fija Mix,ARS,1511630264.34,1074745.990002715
2025-11-19,Novus Gestion II,Renta Fija CP,ARS,918030071.27,652705.3348128913
2025-11-19,Novus Valor,Dólar Linked,ARS,647798199.51,460574.6085391658
2025-11-19,Novus PyME FCI Abierto PyMES,PyME,ARS,2540024584.77,1805918.6173953556
2025-11-19,Novus Renta Mixta,Mixto,ARS,7478607456.58,5317175.4789343905
2025-11-19,Novus Income Dolares,USD MEP,USD,1000.0,1000.0
2025-11-19,Novus Liquidez,Money Market,ARS,70065196761.79,49815282.900123134
2025-11-19,Novus Renta Fija,Renta Fija,ARS,2710338623.84,1927009.2933693302
2025-11-19,Novus Estrategia,CER,ARS,2782474869.96,1978297.0606760855
2025-11-19,Novus Gestión,Renta Fija CER,ARS,44857278802.61,31892838.912290607
2025-11-20,Novus Gestión,Renta Fija CER,ARS,45014460875.45,31589095.9829749
2025-11-20,Novus Renta Fija,Renta Fija,ARS,2716321633.77,1906190.658313287
2025-11-20,Novus Multiestrategia,Multi,ARS,4506209008.65,3162251.999139777
2025-11-20,Novus Renta Mixta,Mixto,ARS,7479364670.2,5248677.0665174015
2025-11-20,Novus Retorno Total,Total Return,ARS,5468939832.65,3837852.5908974027
2025-11-20,Novus Capital,House View USD,USD,18263278.79,18263278.79
2025-11-20,Novus Income Dolares,USD MEP,USD,1000.0,1000.0
2025-11-20,Novus Gestion II,Renta Fija CP,ARS,920434392.02,645918.8845113602
2025-11-20,Novus Liquidez,Money Market,ARS,68524246780.74,48087191.68507015
2025-11-20,Novus Balanceado,Renta Fija Mix,ARS,1514828176.65,1063037.3382081154
2025-11-20,Novus Renta Capital,Pagarés/Cheques,ARS,14862880460.12,10430091.75956324
2025-11-20,Novus Low Volatility,Low Vol,ARS,100000.0,70.17544000000004
2025-11-20,Novus Renta Balanceado,Renta Fija Mix,ARS,1072856071.67,752881.4688611382
2025-11-20,Novus Renta Dolar,USD MEP,USD,3980016.63,3980016.63
2025-11-20,Novus Estrategia,CER,ARS,2801686992.71,1966096.1745570113
2025-11-20,Novus Liquidez Plus,Renta Fija CP,ARS,7009939649.24,4919255.992588629
2025-11-20,Novus Valor,Dólar Linked,ARS,655415896.06,459940.9888900478
2025-11-20,Novus Income,Renta Fija,ARS,3328609033.73,2335866.035299777
2025-11-20,Novus PyME FCI Abierto PyMES,PyME,ARS,2543933383.14,1785216.4449253816
2025-11-20,Novus Performance,House View ARS,ARS,26716667458.27,18748538.9421778
2025-11-20,Novus Ahorro Dolares,USD MEP,USD,1593969.22,1593969.22
2025-11-25,Novus Ahorro Dolares,USD MEP,USD,1597324.05,1597324.05
2025-11-25,Novus Multiestrategia,Multi,ARS,4510542779.46,3116091.790181712
2025-11-25,Novus Valor,Dólar Linked,ARS,663029614.96,458051.5562855487
2025-11-25,Novus Renta Capital,Pagarés/Cheques,ARS,14853980113.07,10261817.201388171
2025-11-25,Novus Estrategia,CER,ARS,2812656658.63,1943113.445784933
2025-11-25,Novus Renta Balanceado,Renta Fija Mix,ARS,1076546591.4,743728.229446315
2025-11-25,Novus Balanceado,Renta Fija Mix,ARS,1518412313.92,1048989.528946089
2025-11-25,Novus Gestión,Renta Fija CER,ARS,45185070104.08,31215938.496644832
2025-11-25,Novus Income,Renta Fija,ARS,3338710562.8,2306535.8390813386
2025-11-25,Novus Retorno Total,Total Return,ARS,6037269040.69,4170824.978865309
2025-11-25,Novus Capital,House View USD,USD,18208685.16,18208685.16
2025-11-25,Novus Liquidez,Money Market,ARS,73625757764.85,50864082.33654379
2025-11-25,Novus Liquidez Plus,Renta Fija CP,ARS,7265642509.64,5019442.244907597
2025-11-25,Novus Gestion II,Renta Fija CP,ARS,921081865.86,636325.9990264885
2025-11-25,Novus Renta Dolar,USD MEP,USD,3958644.86,3958644.86
2025-11-25,Novus Renta Mixta,Mixto,ARS,7574478521.44,5232800.460966387
2025-11-25,Novus Performance,House View ARS,ARS,26825564987.11,18532342.316754818
2025-11-25,Novus Low Volatility,Low Vol,ARS,100000.0,69.08463000000121
2025-11-25,Novus Income Dolares,USD MEP,USD,1000.0,1000.0
2025-11-25,Novus PyME FCI Abierto PyMES,PyME,ARS,2556383705.25,1766068.2241522842
2025-11-25,Novus Renta Fija,Renta Fija,ARS,2728428952.89,1884925.046916964
2025-11-26,Novus Capital,House View USD,USD,18473517.19,18473517.19
2025-11-26,Novus Income,Renta Fija,ARS,3340298965.14,2298107.316371972
2025-11-26,Novus Ahorro Dolares,USD MEP,USD,1595743.2,1595743.2
2025-11-26,Novus Renta Balanceado,Renta Fija Mix,ARS,1077013823.38,740979.5869093988
2025-11-26,Novus Income Dolares,USD MEP,USD,1000.0,1000.0
2025-11-26,Novus Balanceado,Renta Fija Mix,ARS,1519239034.35,1045228.0998180931
2025-11-26,Novus Renta Capital,Pagarés/Cheques,ARS,14851145504.46,10217506.42576803
2025-11-26,Novus Valor,Dólar Linked,ARS,664854316.28,457416.11290189263
2025-11-26,Novus Estrategia,CER,ARS,3061221735.77,2106103.717490177
2025-11-26,Novus Renta Dolar,USD MEP,USD,3944035.4,3944035.4
2025-11-26,Novus Liquidez Plus,Renta Fija CP,ARS,7561756468.98,5202446.860997572
2025-11-26,Novus Performance,House View ARS,ARS,26925264459.47,18524433.859160516
2025-11-26,Novus Low Volatility,Low Vol,ARS,100000.0,68.79944999999883
2025-11-26,Novus Renta Mixta,Mixto,ARS,7810937427.14,5373881.989716379
2025-11-26,Novus PyME FCI Abierto PyMES,PyME,ARS,2558972798.55,1760559.211051978
2025-11-26,Novus Multiestrategia,Multi,ARS,4517455918.29,3107984.825775916
2025-11-26,Novus Liquidez,Money Market,ARS,67441738041.74,46399544.8431571
2025-11-26,Novus Retorno Total,Total Return,ARS,6096816272.14,4194576.062742752
2025-11-26,Novus Gestión,Renta Fija CER,ARS,45196205788.0,31094741.003011633
2025-11-26,Novus Gestion II,Renta Fija CP,ARS,920762577.24,633479.5889469343
2025-11-26,Novus Renta Fija,Renta Fija,ARS,2430240845.28,1671992.3352279626
2025-11-27,Novus Retorno Total,Total Return,ARS,6104459902.85,4199834.838631263
2025-11-27,Novus Ahorro Dolares,USD MEP,USD,1590275.68,1590275.68
2025-11-27,Novus PyME FCI Abierto PyMES,PyME,ARS,2860550386.55,1968042.9329192406
2025-11-27,Novus Renta Dolar,USD MEP,USD,3974170.23,3974170.23
2025-11-27,Novus Balanceado,Renta Fija Mix,ARS,1519687894.35,1045536.9130293631
2025-11-27,Novus Renta Capital,Pagarés/Cheques,ARS,14867087552.22,10228474.466945648
2025-11-27,Novus Gestion II,Renta Fija CP,ARS,916673800.74,630666.5332032052
2025-11-27,Novus Liquidez Plus,Renta Fija CP,ARS,7602380368.1,5230395.880160687
2025-11-27,Novus Renta Fija,Renta Fija,ARS,2432476993.36,1673530.792808188
2025-11-27,Novus Multiestrategia,Multi,ARS,4518884662.87,3108967.794188861
2025-11-27,Novus Liquidez,Money Market,ARS,63424913658.8,43635991.76022853
2025-11-27,Novus Estrategia,CER,ARS,3060247215.04,2105433.2525878013
2025-11-27,Novus Low Volatility,Low Vol,ARS,100000.0,68.79944999999883
2025-11-27,Novus Gestión,Renta Fija CER,ARS,45241716530.8,31126052.14374895
2025-11-27,Novus Renta Mixta,Mixto,ARS,7868264376.6,5413322.615646636
2025-11-27,Novus Capital,House View USD,USD,18877899.42,18877899.42
2025-11-27,Novus Valor,Dólar Linked,ARS,663508730.72,456490.35743733327
2025-11-27,Novus Income Dolares,USD MEP,USD,1000.0,1000.0
2025-11-27,Novus Income,Renta Fija,ARS,3343270597.89,2300151.7833599923
2025-11-27,Novus Renta Balanceado,Renta Fija Mix,ARS,1077231655.02,741129.4538796447
2025-11-27,Novus Performance,House View ARS,ARS,26963017630.73,18550407.833344955
2025-11-28,Novus Renta Dolar,USD MEP,USD,3973829.41,3973829.41
2025-11-28,Novus Performance,House View ARS,ARS,27147718867.94,18703217.30617546
2025-11-28,Novus Income,Renta Fija,ARS,3351457529.1,2308961.5287419404
2025-11-28,Novus PyME FCI Abierto PyMES,PyME,ARS,2864912470.68,1973759.9598314248
2025-11-28,Novus Capital,House View USD,USD,19193894.86,19193894.86
2025-11-28,Novus Ahorro Dolares,USD MEP,USD,1592627.58,1592627.58
2025-11-28,Novus Renta Fija,Renta Fija,ARS,2436235058.02,1678425.8714599174
2025-11-28,Novus Gestion II,Renta Fija CP,ARS,915822292.65,630948.8998540126
2025-11-28,Novus Multiestrategia,Multi,ARS,4525466827.4,3117786.4297359753
2025-11-28,Novus Gestión,Renta Fija CER,ARS,45395537410.47,31274915.03241224
2025-11-28,Novus Balanceado,Renta Fija Mix,ARS,1824172501.04,1256749.9632977305
2025-11-28,Novus Liquidez Plus,Renta Fija CP,ARS,8161625660.55,5622890.78664338
2025-11-28,Novus Retorno Total,Total Return,ARS,6073693761.59,4184425.764344153
2025-11-28,Novus Valor,Dólar Linked,ARS,662889892.08,456693.01947431825
2025-11-28,Novus Estrategia,CER,ARS,3063463844.21,2110550.4394896147
2025-11-28,Novus Renta Capital,Pagarés/Cheques,ARS,14922251179.05,10280573.032922493
2025-11-28,Novus Low Volatility,Low Vol,ARS,100000.0,68.89424999999892
2025-11-28,Novus Liquidez,Money Market,ARS,65018377060.34,44793923.23789258
2025-11-28,Novus Renta Mixta,Mixto,ARS,7875432087.31,5425719.870811485
2025-11-28,Novus Renta Balanceado,Renta Fija Mix,ARS,1079798319.74,743918.9538974633
2025-11-28,Novus Income Dolares,USD MEP,USD,1000.0,1000.0
2025-12-01,Novus Income Dolares,USD MEP,USD,1000.0,1000.0
2025-12-01,Novus Ahorro Dolares,USD MEP,USD,1571738.86,1571738.86
2025-12-01,Novus Renta Balanceado,Renta Fija Mix,ARS,1082017192.34,745447.6295336887
2025-12-01,Novus Liquidez,Money Market,ARS,62212025794.97,42860508.581250444
2025-12-01,Novus Capital,House View USD,USD,19445060.22,19445060.22
2025-12-01,Novus Gestión,Renta Fija CER,ARS,45539472674.03,31374078.15272742
2025-12-01,Novus Low Volatility,Low Vol,ARS,100000.0,68.89424999999892
2025-12-01,Novus Liquidez Plus,Renta Fija CP,ARS,10638224629.15,7329125.071568059
2025-12-01,Novus Gestion II,Renta Fija CP,ARS,920494004.35,634167.4405918899
2025-12-01,Novus Estrategia,CER,ARS,3068245076.19,2113844.433402996
2025-12-01,Novus Renta Dolar,USD MEP,USD,3938350.54,3938350.54
2025-12-01,Novus Balanceado,Renta Fija Mix,ARS,1920077480.18,1322822.979388889
2025-12-01,Novus Valor,Dólar Linked,ARS,664221483.17,457610.4091688405
2025-12-01,Novus Retorno Total,Total Return,ARS,6104833246.08,4205879.078637404
2025-12-01,Novus Renta Fija,Renta Fija,ARS,2442689308.23,1682872.4787352204
2025-12-01,Novus Renta Capital,Pagarés/Cheques,ARS,14969784374.2,10313320.671222122
2025-12-01,Novus Performance,House View ARS,ARS,27149050724.6,18704134.87883244
2025-12-01,Novus Multiestrategia,Multi,ARS,4529253209.13,3120395.029030996
2025-12-01,Novus Renta Mixta,Mixto,ARS,7937535229.38,5468505.364767045
2025-12-01,Novus Income,Renta Fija,ARS,3640105944.28,2507823.6895170845
2025-12-01,Novus PyME FCI Abierto PyMES,PyME,ARS,2874057476.2,1980060.3427968873
2025-12-02,Novus Income,Renta Fija,ARS,3840658525.5,2639627.7628299757
2025-12-02,Novus Retorno Total,Total Return,ARS,6160262385.52,4233857.165684596
2025-12-02,Novus Valor,Dólar Linked,ARS,664512248.68,456709.43373648403
2025-12-02,Novus Gestion II,Renta Fija CP,ARS,967203494.0,664744.6468144895
2025-12-02,Novus Gestión,Renta Fija CER,ARS,45629204996.93,31360277.28215607
2025-12-02,Novus PyME FCI Abierto PyMES,PyME,ARS,2877707210.85,1977805.5759504866
2025-12-02,Novus Renta Fija,Renta Fija,ARS,2445629159.54,1680844.7260402828
2025-12-02,Novus Liquidez Plus,Renta Fija CP,ARS,11364850202.69,7810893.344525847
2025-12-02,Novus Balanceado,Renta Fija Mix,ARS,1920182739.87,1319713.1784081024
2025-12-02,Novus Low Volatility,Low Vol,ARS,100000.0,68.72852000000007
2025-12-02,Novus Multiestrategia,Multi,ARS,4539710917.96,3120076.1261923257
2025-12-02,Novus Renta Mixta,Mixto,ARS,7902831244.68,5431498.952566149
2025-12-02,Novus Renta Dolar,USD MEP,USD,3963505.88,3963505.88
2025-12-02,Novus Performance,House View ARS,ARS,27335880955.85,18787546.409917578
2025-12-02,Novus Capital,House View USD,USD,19671755.04,19671755.04
2025-12-02,Novus Estrategia,CER,ARS,3021290069.05,2076487.9493650456
2025-12-02,Novus Renta Balanceado,Renta Fija Mix,ARS,1083762245.32,744853.751527206
2025-12-02,Novus Income Dolares,USD MEP,USD,1000.0,1000.0
2025-12-02,Novus Renta Capital,Pagarés/Cheques,ARS,15004318833.08,10312246.270057166
2025-12-02,Novus Liquidez,Money Market,ARS,64642138772.53,44427585.27470609
2025-12-02,Novus Ahorro Dolares,USD MEP,USD,1580058.06,1580058.06
2025-12-03,Novus Renta Mixta,Mixto,ARS,8093544708.14,5570229.986736867
2025-12-03,Novus Gestion II,Renta Fija CP,ARS,976012399.76,671722.1851017075
2025-12-03,Novus Liquidez Plus,Renta Fija CP,ARS,12029450496.06,8279043.150244005
2025-12-03,Novus Capital,House View USD,USD,20270682.64,20270682.64
2025-12-03,Novus Ahorro Dolares,USD MEP,USD,1576074.2,1576074.2
2025-12-03,Novus Valor,Dólar Linked,ARS,663917643.56,456928.83652847307
2025-12-03,Novus Income,Renta Fija,ARS,3992115003.25,2747498.0992247635
2025-12-03,Novus Multiestrategia,Multi,ARS,4554234940.91,3134366.578464432
2025-12-03,Novus Renta Fija,Renta Fija,ARS,2445703381.61,1683209.3731695157
2025-12-03,Novus Balanceado,Renta Fija Mix,ARS,1919600064.93,1321128.6562068576
2025-12-03,Novus Renta Capital,Pagarés/Cheques,ARS,15033407815.69,10346460.301081754
2025-12-03,Novus PyME FCI Abierto PyMES,PyME,ARS,2577746576.55,1774085.6196749064
2025-12-03,Novus Renta Balanceado,Renta Fija Mix,ARS,1085197662.42,746866.8894445149
2025-12-03,Novus Gestión,Renta Fija CER,ARS,45658317137.56,31423478.39356362
2025-12-03,Novus Liquidez,Money Market,ARS,63694404794.23,43836476.644818865
2025-12-03,Novus Estrategia,CER,ARS,3500758593.23,2409331.287529005
2025-12-03,Novus Low Volatility,Low Vol,ARS,100000.0,68.8231200000003
2025-12-03,Novus Performance,House View ARS,ARS,27462245747.76,18900374.345675845
2025-12-03,Novus Income Dolares,USD MEP,USD,1000.0,1000.0
2025-12-03,Novus Renta Dolar,USD MEP,USD,3988337.25,3988337.25
2025-12-03,Novus Retorno Total,Total Return,ARS,6134357761.68,4221856.403550359
2025-12-04,Novus Valor,Dólar Linked,ARS,662918138.87,459084.5998647641
2025-12-04,Novus Gestion II,Renta Fija CP,ARS,980030410.35,678691.4437999112
2025-12-04,Novus Renta Dolar,USD MEP,USD,3994968.33,3994968.33
2025-12-04,Novus Gestión,Renta Fija CER,ARS,45713693736.76,31657683.75753607
2025-12-04,Novus Low Volatility,Low Vol,ARS,100000.0,69.25208000000009
2025-12-04,Novus Liquidez Plus,Renta Fija CP,ARS,11827237839.83,8190608.210629354
2025-12-04,Novus Ahorro Dolares,USD MEP,USD,1573989.28,1573989.28
2025-12-04,Novus Renta Capital,Pagarés/Cheques,ARS,15050603633.03,10422856.068428855
2025-12-04,Novus Renta Balanceado,Renta Fija Mix,ARS,1085769328.23,751917.8438013032
2025-12-04,Novus Income Dolares,USD MEP,USD,1000.0,1000.0
2025-12-04,Novus Capital,House View USD,USD,20865719.66,20865719.66
2025-12-04,Novus Income,Renta Fija,ARS,4097287171.02,2837456.589504511
2025-12-04,Novus Estrategia,CER,ARS,3665571466.63,2538484.4845277844
2025-12-04,Novus PyME FCI Abierto PyMES,PyME,ARS,2579517559.37,1786369.5638289622
2025-12-04,Novus Renta Fija,Renta Fija,ARS,2447862441.22,1695195.6560836295
2025-12-04,Novus Multiestrategia,Multi,ARS,4548485068.62,3149920.518508781
2025-12-04,Novus Performance,House View ARS,ARS,27802527731.17,19253828.746412057
2025-12-04,Novus Liquidez,Money Market,ARS,63145475588.45,43729555.270893924
2025-12-04,Novus Balanceado,Renta Fija Mix,ARS,2023687363.98,1401445.5922533227
2025-12-04,Novus Renta Mixta,Mixto,ARS,8038939053.05,5567132.504169436
2025-12-04,Novus Retorno Total,Total Return,ARS,6125368139.14,4241944.84401175
2025-12-05,Novus Renta Balanceado,Renta Fija Mix,ARS,1090264930.24,759766.4893732606
2025-12-05,Novus Multiestrategia,Multi,ARS,4550657560.51,3171189.8853129977
2025-12-05,Novus Renta Dolar,USD MEP,USD,4012555.1,4012555.1
2025-12-05,Novus Renta Fija,Renta Fija,ARS,2753800576.66,1919024.7604336524
2025-12-05,Novus Income,Renta Fija,ARS,4106346659.69,2861565.569292879
2025-12-05,Novus Performance,House View ARS,ARS,27922737330.59,19458353.219418008
2025-12-05,Novus Valor,Dólar Linked,ARS,662708051.28,461817.44971799117
2025-12-05,Novus Ahorro Dolares,USD MEP,USD,2324435.11,2324435.11
2025-12-05,Novus Capital,House View USD,USD,20940311.93,20940311.93
2025-12-05,Novus Renta Mixta,Mixto,ARS,7938212069.94,5531855.009727877
2025-12-05,Novus Renta Capital,Pagarés/Cheques,ARS,15089573486.41,10515382.04699097
2025-12-05,Novus Income Dolares,USD MEP,USD,1000.0,1000.0
2025-12-05,Novus Gestion II,Renta Fija CP,ARS,1163066330.35,810499.1715396557
2025-12-05,Novus Balanceado,Renta Fija Mix,ARS,2023493930.6,1410100.2768030318
2025-12-05,Novus Liquidez Plus,Renta Fija CP,ARS,12002119870.81,8363846.46186413
2025-12-05,Novus Low Volatility,Low Vol,ARS,100000.0,69.68641000000002
2025-12-05,Novus Retorno Total,Total Return,ARS,6108339104.6,4256682.232621887
2025-12-05,Novus PyME FCI Abierto PyMES,PyME,ARS,2582395515.8,1799578.7269620034
2025-12-05,Novus Estrategia,CER,ARS,3667590312.48,2555812.022275095
2025-12-05,Novus Gestión,Renta Fija CER,ARS,45795789392.79,31913441.55899616
2025-12-05,Novus Liquidez,Money Market,ARS,67162092141.76,46802850.89448467
2025-12-09,Novus Gestión,Renta Fija CER,ARS,45800636264.94,31761884.777837776
2025-12-09,Novus Estrategia,CER,ARS,3668507874.41,2544041.6098060864
2025-12-09,Novus Ahorro Dolares,USD MEP,USD,1780430.24,1780430.24
2025-12-09,Novus Renta Fija,Renta Fija,ARS,2757319729.73,1912149.6706888112
2025-12-09,Novus PyME FCI Abierto PyMES,PyME,ARS,2589769786.4,1795956.9181733965
2025-12-09,Novus Multiestrategia,Multi,ARS,4545968272.91,3152543.987656385
2025-12-09,Novus Renta Mixta,Mixto,ARS,7820982396.46,5423705.039574202
2025-12-09,Novus Renta Capital,Pagarés/Cheques,ARS,15114284095.61,10481473.38319296
2025-12-09,Novus Income,Renta Fija,ARS,4112182010.3,2851721.326339461
2025-12-09,Novus Balanceado,Renta Fija Mix,ARS,1921480015.06,1332510.45876783
2025-12-09,Novus Renta Dolar,USD MEP,USD,3997950.61,3997950.61
2025-12-09,Novus Income Dolares,USD MEP,USD,1000.0,1000.0
2025-12-09,Novus Capital,House View USD,USD,21255118.79,21255118.79
2025-12-09,Novus Valor,Dólar Linked,ARS,661491092.23,458731.7025780809
2025-12-09,Novus Low Volatility,Low Vol,ARS,100000.0,69.34813000000008
2025-12-09,Novus Gestion II,Renta Fija CP,ARS,1163773902.39,807055.4387354914
2025-12-09,Novus Renta Balanceado,Renta Fija Mix,ARS,1088342428.82,754745.1223832519
2025-12-09,Novus Retorno Total,Total Return,ARS,6078009582.63,4214985.986774715
2025-12-09,Novus Performance,House View ARS,ARS,27913488341.11,19357482.18232783
2025-12-09,Novus Liquidez Plus,Renta Fija CP,ARS,11935233555.71,8276861.282017402
2025-12-09,Novus Liquidez,Money Market,ARS,75073843801.0,52062306.79511448
2025-12-10,Novus Liquidez,Money Market,ARS,71650983105.23,49844164.02931441
2025-12-10,Novus Capital,House View USD,USD,21888417.32,21888417.32
2025-12-10,Novus Gestión,Renta Fija CER,ARS,45881541237.13,31917595.10099914
2025-12-10,Novus Retorno Total,Total Return,ARS,5832271668.42,4057232.6171339084
2025-12-10,Novus Multiestrategia,Multi,ARS,4555366399.67,3168950.657736409
2025-12-10,Novus Performance,House View ARS,ARS,28027362845.47,19497296.623648815
2025-12-10,Novus Ahorro Dolares,USD MEP,USD,1789898.96,1789898.96
2025-12-10,Novus PyME FCI Abierto PyMES,PyME,ARS,2592883159.25,1803744.8740751527
2025-12-10,Novus Renta Capital,Pagarés/Cheques,ARS,15133211657.31,10527451.982472995
2025-12-10,Novus Renta Balanceado,Renta Fija Mix,ARS,1093038210.64,760374.4359157542
2025-12-10,Novus Gestion II,Renta Fija CP,ARS,1166039880.14,811158.2079071003
2025-12-10,Novus Liquidez Plus,Renta Fija CP,ARS,9993113809.96,6951731.606748823
2025-12-10,Novus Estrategia,CER,ARS,3761028956.05,2616368.0675397986
2025-12-10,Novus Valor,Dólar Linked,ARS,663882734.4,461831.48472736025
2025-12-10,Novus Renta Dolar,USD MEP,USD,4015855.12,4015855.12
2025-12-10,Novus Balanceado,Renta Fija Mix,ARS,1924615430.78,1338862.95857601
2025-12-10,Novus Income,Renta Fija,ARS,4400187750.12,3061000.288783926
2025-12-10,Novus Low Volatility,Low Vol,ARS,100000.0,69.56521999999768
2025-12-10,Novus Renta Mixta,Mixto,ARS,7862056217.25,5469256.704053458
2025-12-10,Novus Income Dolares,USD MEP,USD,1000.0,1000.0
2025-12-10,Novus Renta Fija,Renta Fija,ARS,2762010597.14,1921398.7483236906
2025-12-11,Novus Multiestrategia,Multi,ARS,4556123766.84,3172788.001403525
2025-12-11,Novus Estrategia,CER,ARS,3772565080.09,2627134.343394983
2025-12-11,Novus Low Volatility,Low Vol,ARS,100000.0,69.63788000000012
2025-12-11,Novus Gestión,Renta Fija CER,ARS,45948563732.6,31997605.673831567
2025-12-11,Novus Renta Capital,Pagarés/Cheques,ARS,15145783639.46,10547202.635906806
2025-12-11,Novus Income Dolares,USD MEP,USD,1000.0,1000.0
2025-12-11,Novus Renta Balanceado,Renta Fija Mix,ARS,1093111843.13,761219.9135846591
2025-12-11,Novus PyME FCI Abierto PyMES,PyME,ARS,2595200782.88,1807242.8069410385
2025-12-11,Novus Performance,House View ARS,ARS,28231583873.64,19659876.50002481
2025-12-11,Novus Liquidez,Money Market,ARS,79156888683.38,55123179.15306585
2025-12-11,Novus Renta Dolar,USD MEP,USD,3996568.05,3996568.05
2025-12-11,Novus Gestion II,Renta Fija CP,ARS,1232765481.6,858471.7467580317
2025-12-11,Novus Liquidez Plus,Renta Fija CP,ARS,11081613776.39,7717000.9036659505
2025-12-11,Novus Ahorro Dolares,USD MEP,USD,1788063.65,1788063.65
2025-12-11,Novus Valor,Dólar Linked,ARS,663948652.54,462359.765917423
2025-12-11,Novus Capital,House View USD,USD,22114329.63,22114329.63
2025-12-11,Novus Retorno Total,Total Return,ARS,5945466550.84,4140296.862114106
2025-12-11,Novus Income,Renta Fija,ARS,4493144701.45,3128930.715422115
2025-12-11,Novus Renta Mixta,Mixto,ARS,7799803299.69,5431617.662074172
2025-12-11,Novus Renta Fija,Renta Fija,ARS,2762319521.61,1923620.7536753495
2025-12-11,Novus Balanceado,Renta Fija Mix,ARS,1976443400.02,1376353.28317385
2025-12-12,Novus Renta Mixta,Mixto,ARS,7788524927.43,5404944.22995165
2025-12-12,Novus Renta Dolar,USD MEP,USD,3995864.41,3995864.41
2025-12-12,Novus Retorno Total,Total Return,ARS,5939674417.65,4121911.308058444
2025-12-12,Novus Low Volatility,Low Vol,ARS,100000.0,69.3962500000001
2025-12-12,Novus Estrategia,CER,ARS,3870843774.14,2686220.422611634
2025-12-12,Novus Liquidez,Money Market,ARS,78298417672.11,54336165.673781715
2025-12-12,Novus PyME FCI Abierto PyMES,PyME,ARS,2597076892.47,1802273.972990715
2025-12-12,Novus Liquidez Plus,Renta Fija CP,ARS,10970258234.27,7612947.829899606
2025-12-12,Novus Income,Renta Fija,ARS,4501449648.53,3123837.2517180047
2025-12-12,Novus Renta Fija,Renta Fija,ARS,2766254501.24,1919676.889316766
2025-12-12,Novus Performance,House View ARS,ARS,28404291503.27,19711513.142338037
2025-12-12,Novus Gestion II,Renta Fija CP,ARS,1237055378.82,858470.0433243754
2025-12-12,Novus Capital,House View USD,USD,22456629.88,22456629.88
2025-12-12,Novus Ahorro Dolares,USD MEP,USD,1789253.64,1789253.64
2025-12-12,Novus Multiestrategia,Multi,ARS,4560937984.05,3165119.9257563027
2025-12-12,Novus Valor,Dólar Linked,ARS,667639018.74,463316.44254235795
2025-12-12,Novus Renta Balanceado,Renta Fija Mix,ARS,1095110194.07,759965.4080523035
2025-12-12,Novus Renta Capital,Pagarés/Cheques,ARS,15199394780.05,10547810.000050463
2025-12-12,Novus Balanceado,Renta Fija Mix,ARS,2066072082.93,1433776.5478503122
2025-12-12,Novus Income Dolares,USD MEP,USD,1000.0,1000.0
2025-12-12,Novus Gestión,Renta Fija CER,ARS,46072585869.22,31972646.87126863
2025-12-15,Novus Ahorro Dolares,USD MEP,USD,1772285.02,1772285.02
2025-12-15,Novus Capital,House View USD,USD,22559210.91,22559210.91
2025-12-15,Novus Multiestrategia,Multi,ARS,4565546499.01,3173824.567951576
2025-12-15,Novus Renta Balanceado,Renta Fija Mix,ARS,1102574307.99,766475.0380813512
2025-12-15,Novus Retorno Total,Total Return,ARS,5991600580.88,4165172.5875693955
2025-12-15,Novus Low Volatility,Low Vol,ARS,100000.0,69.51685999999765
2025-12-15,Novus Income Dolares,USD MEP,USD,1000.0,1000.0
2025-12-15,Novus PyME FCI Abierto PyMES,PyME,ARS,2604501135.79,1810567.4082654829
2025-12-15,Novus Gestion II,Renta Fija CP,ARS,1261870567.83,877212.7960195565
2025-12-15,Novus Income,Renta Fija,ARS,4507267287.54,3133310.6901048734
2025-12-15,Novus Valor,Dólar Linked,ARS,672600084.39,467570.45902526233
2025-12-15,Novus Estrategia,CER,ARS,3948906411.82,2745155.74183584
2025-12-15,Novus Renta Capital,Pagarés/Cheques,ARS,15226440310.17,10584943.193404086
2025-12-15,Novus Liquidez Plus,Renta Fija CP,ARS,10702456399.33,7440011.6316830255
2025-12-15,Novus Renta Dolar,USD MEP,USD,4047242.5,4047242.5
2025-12-15,Novus Balanceado,Renta Fija Mix,ARS,2074307011.67,1441993.1012727688
2025-12-15,Novus Renta Fija,Renta Fija,ARS,2774976817.52,1929076.7492677686
2025-12-15,Novus Performance,House View ARS,ARS,28772664812.82,20001853.116196666
2025-12-15,Novus Liquidez,Money Market,ARS,121336186533.47,84349106.92180835
2025-12-15,Novus Renta Mixta,Mixto,ARS,7893364101.96,5487218.872049605
2025-12-15,Novus Gestión,Renta Fija CER,ARS,46259131323.46,32157895.559344746
2025-12-16,Novus Liquidez Plus,Renta Fija CP,ARS,10621553072.04,7320160.88403323
2025-12-16,Novus Capital,House View USD,USD,22711232.73,22711232.73
2025-12-16,Novus Multiestrategia,Multi,ARS,4573719945.9,3152115.8549433714
2025-12-16,Novus Renta Balanceado,Renta Fija Mix,ARS,1110975075.41,765661.6913735573
2025-12-16,Novus Gestión,Renta Fija CER,ARS,46345092073.89,31940105.920974344
2025-12-16,Novus Retorno Total,Total Return,ARS,6021196925.43,4149687.8949481603
2025-12-16,Novus Renta Dolar,USD MEP,USD,4099035.1,4099035.1
2025-12-16,Novus Income Dolares,USD MEP,USD,1000.0,1000.0
2025-12-16,Novus Renta Fija,Renta Fija,ARS,2780836141.69,1916496.3740463026
2025-12-16,Novus Balanceado,Renta Fija Mix,ARS,2079018833.8,1432817.9919764025
2025-12-16,Novus Low Volatility,Low Vol,ARS,100000.0,68.91799000000009
2025-12-16,Novus Estrategia,CER,ARS,3955815584.41,2726268.5888821287
2025-12-16,Novus Income,Renta Fija,ARS,4510239497.31,3108366.4057321604
2025-12-16,Novus Gestion II,Renta Fija CP,ARS,1271729988.5,876450.7463014323
2025-12-16,Novus Performance,House View ARS,ARS,29036158668.54,20011136.92756856
2025-12-16,Novus Renta Mixta,Mixto,ARS,7944469779.9,5475168.88846451
2025-12-16,Novus Valor,Dólar Linked,ARS,681215162.69,469479.7977011786
2025-12-16,Novus Ahorro Dolares,USD MEP,USD,1778474.77,1778474.77
2025-12-16,Novus PyME FCI Abierto PyMES,PyME,ARS,2608625502.87,1797812.2632053986
2025-12-16,Novus Renta Capital,Pagarés/Cheques,ARS,15205811355.37,10479539.549312776
2025-12-16,Novus Liquidez,Money Market,ARS,71718766131.71,49427132.07077535
2025-12-17,Novus PyME FCI Abierto PyMES,PyME,ARS,2610820350.45,1799324.9080410982
2025-12-17,Novus Renta Capital,Pagarés/Cheques,ARS,15250431132.63,10510290.602942843
2025-12-17,Novus Renta Dolar,USD MEP,USD,4088149.19,4088149.19
2025-12-17,Novus Income Dolares,USD MEP,USD,1000.0,1000.0
2025-12-17,Novus Liquidez,Money Market,ARS,69774937241.52,48087484.2706171
2025-12-17,Novus Performance,House View ARS,ARS,29179792076.82,20110126.185523625
2025-12-17,Novus Valor,Dólar Linked,ARS,680319199.87,468862.3181344872
2025-12-17,Novus Renta Mixta,Mixto,ARS,7947769751.95,5477443.162871933
2025-12-17,Novus Low Volatility,Low Vol,ARS,100000.0,68.91799000000009
2025-12-17,Novus Balanceado,Renta Fija Mix,ARS,2181707592.99,1503589.0207660906
2025-12-17,Novus Retorno Total,Total Return,ARS,6017319293.37,4147015.5088728126
2025-12-17,Novus Renta Fija,Renta Fija,ARS,2784089120.99,1918738.2619949784
2025-12-17,Novus Gestion II,Renta Fija CP,ARS,1278556053.23,881155.1329094472
2025-12-17,Novus Gestión,Renta Fija CER,ARS,46386387334.38,31968565.784469314
2025-12-17,Novus Ahorro Dolares,USD MEP,USD,1777109.27,1777109.27
2025-12-17,Novus Income,Renta Fija,ARS,4513428020.41,3110563.871763366
2025-12-17,Novus Liquidez Plus,Renta Fija CP,ARS,10618101426.59,7317782.079367163
2025-12-17,Novus Renta Balanceado,Renta Fija Mix,ARS,1110480231.04,765320.654580125
2025-12-17,Novus Multiestrategia,Multi,ARS,4584693658.63,3159678.7171852617
2025-12-17,Novus Capital,House View USD,USD,22688883.43,22688883.43
2025-12-17,Novus Estrategia,CER,ARS,3977362184.28,2741118.072425876
2025-12-18,Novus Gestion II,Renta Fija CP,ARS,1272814346.88,877198.0643013249
2025-12-18,Novus Estrategia,CER,ARS,4111446893.2,2833526.5587108904
2025-12-18,Novus Performance,House View ARS,ARS,29354406590.69,20230466.9987311
2025-12-18,Novus Income,Renta Fija,ARS,4517510500.3,3113377.4348457083
2025-12-18,Novus Balanceado,Renta Fija Mix,ARS,2256957736.54,1555449.9071728655
2025-12-18,Novus Renta Mixta,Mixto,ARS,8157813028.38,5622200.767117633
2025-12-18,Novus Renta Capital,Pagarés/Cheques,ARS,15227051247.42,10494177.655991804
2025-12-18,Novus Valor,Dólar Linked,ARS,679725915.18,468453.4382511614
2025-12-18,Novus Income Dolares,USD MEP,USD,1000.0,1000.0
2025-12-18,Novus Low Volatility,Low Vol,ARS,100000.0,68.91799000000009
2025-12-18,Novus Renta Dolar,USD MEP,USD,4097167.19,4097167.19
2025-12-18,Novus Liquidez,Money Market,ARS,64448056379.8,44416305.05102499
2025-12-18,Novus Retorno Total,Total Return,ARS,6045075678.83,4166144.6518284967
2025-12-18,Novus Capital,House View USD,USD,22927388.36,22927388.36
2025-12-18,Novus Liquidez Plus,Renta Fija CP,ARS,10430047952.37,7188179.404809571
2025-12-18,Novus Gestión,Renta Fija CER,ARS,46702160337.4,32186190.19111334
2025-12-18,Novus Ahorro Dolares,USD MEP,USD,1778536.76,1778536.76
2025-12-18,Novus Renta Balanceado,Renta Fija Mix,ARS,1108847757.63,764195.5867186687
2025-12-18,Novus Multiestrategia,Multi,ARS,4583393434.93,3158782.629145718
2025-12-18,Novus Renta Fija,Renta Fija,ARS,2783414378.75,1918273.2432054896
2025-12-18,Novus PyME FCI Abierto PyMES,PyME,ARS,2612595197.24,1800548.0967743457
2025-12-19,Novus Renta Balanceado,Renta Fija Mix,ARS,1109103723.91,764899.1505338971
2025-12-19,Novus Multiestrategia,Multi,ARS,4590900469.75,3166138.3816455356
2025-12-19,Novus Liquidez,Money Market,ARS,62973354583.36,43429901.44985813
2025-12-19,Novus Income,Renta Fija,ARS,4523556976.22,3119694.591146405
2025-12-19,Novus Performance,House View ARS,ARS,29412129942.15,20284228.357679483
2025-12-19,Novus Gestión,Renta Fija CER,ARS,46777788204.18,32260544.879511453
2025-12-19,Novus Valor,Dólar Linked,ARS,682397405.74,470618.9193351016
2025-12-19,Novus Renta Capital,Pagarés/Cheques,ARS,15260630130.04,10524572.92445878
2025-12-19,Novus Estrategia,CER,ARS,4132373584.54,2849912.9309206554
2025-12-19,Novus Capital,House View USD,USD,23574060.21,23574060.21
2025-12-19,Novus Renta Fija,Renta Fija,ARS,2784688275.96,1920474.7498948523
2025-12-19,Novus Retorno Total,Total Return,ARS,6053109754.77,4174558.6185478624
2025-12-19,Novus Low Volatility,Low Vol,ARS,100000.0,68.96552000000011
2025-12-19,Novus Liquidez Plus,Renta Fija CP,ARS,10388165803.3,7164252.564708034
2025-12-19,Novus Ahorro Dolares,USD MEP,USD,1777539.85,1777539.85
2025-12-19,Novus PyME FCI Abierto PyMES,PyME,ARS,2615118202.16,1803529.8667342982
2025-12-19,Novus Income Dolares,USD MEP,USD,1000.0,1000.0
2025-12-19,Novus Renta Mixta,Mixto,ARS,8104905558.83,5589590.264156025
2025-12-19,Novus Renta Dolar,USD MEP,USD,4099745.71,4099745.71
2025-12-19,Novus Gestion II,Renta Fija CP,ARS,1275810654.49,879869.4520844333
2025-12-19,Novus Balanceado,Renta Fija Mix,ARS,2323096002.16,1602135.2379888578
2025-12-22,Novus PyME FCI Abierto PyMES,PyME,ARS,2620036148.99,1804432.519997392
2025-12-22,Novus Renta Capital,Pagarés/Cheques,ARS,15260126919.6,10509728.762188528
2025-12-22,Novus Liquidez Plus,Renta Fija CP,ARS,10909488983.55,7513421.792313618
2025-12-22,Novus Ahorro Dolares,USD MEP,USD,1779798.2,1779798.2
2025-12-22,Novus Estrategia,CER,ARS,4223924796.28,2909038.9716069843
2025-12-22,Novus Gestion II,Renta Fija CP,ARS,960109823.91,661232.628297903
2025-12-22,Novus Renta Dolar,USD MEP,USD,4095749.74,4095749.74
2025-12-22,Novus Valor,Dólar Linked,ARS,679198838.32,467767.77178494446
2025-12-22,Novus Performance,House View ARS,ARS,29462089973.63,20290694.567706894
2025-12-22,Novus Multiestrategia,Multi,ARS,4610234011.35,3175092.1368336123
2025-12-22,Novus Balanceado,Renta Fija Mix,ARS,2324029971.03,1600571.5260042145
2025-12-22,Novus Renta Fija,Renta Fija,ARS,2787297509.95,1919626.2890496214
2025-12-22,Novus Renta Balanceado,Renta Fija Mix,ARS,1315483187.35,905980.1116405214
2025-12-22,Novus Income Dolares,USD MEP,USD,1000.0,1000.0
2025-12-22,Novus Retorno Total,Total Return,ARS,5979590283.2,4118174.921909323
2025-12-22,Novus Low Volatility,Low Vol,ARS,100000.0,68.87052000000017
2025-12-22,Novus Renta Mixta,Mixto,ARS,8142724927.63,5607936.999828419
2025-12-22,Novus Income,Renta Fija,ARS,4529617081.68,3119570.838161849
2025-12-22,Novus Liquidez,Money Market,ARS,75265773741.71,51835929.75793927
2025-12-22,Novus Capital,House View USD,USD,23878956.15,23878956.15
2025-12-22,Novus Gestión,Renta Fija CER,ARS,46797824021.07,32229904.7519959
2025-12-23,Novus Renta Balanceado,Renta Fija Mix,ARS,1311989854.34,904197.0366150569
2025-12-23,Novus Renta Mixta,Mixto,ARS,8099959520.22,5582329.292149275
2025-12-23,Novus Ahorro Dolares,USD MEP,USD,1791783.16,1791783.16
2025-12-23,Novus Capital,House View USD,USD,23417384.31,23417384.31
2025-12-23,Novus Renta Capital,Pagarés/Cheques,ARS,15241710724.23,10504280.672753772
2025-12-23,Novus Multiestrategia,Multi,ARS,4611439771.42,3178111.6005232628
2025-12-23,Novus Liquidez,Money Market,ARS,61118409774.09,42121579.536266424
2025-12-23,Novus Gestión,Renta Fija CER,ARS,46718609418.3,32197526.567043096
2025-12-23,Novus Balanceado,Renta Fija Mix,ARS,2326689129.56,1603507.3816412499
2025-12-23,Novus Liquidez Plus,Renta Fija CP,ARS,11070231299.79,7629380.900166153
2025-12-23,Novus Gestion II,Renta Fija CP,ARS,965097172.96,665125.5731508564
2025-12-23,Novus Renta Fija,Renta Fija,ARS,2484486913.15,1712258.442356028
2025-12-23,Novus PyME FCI Abierto PyMES,PyME,ARS,2620972470.54,1806321.5451495124
2025-12-23,Novus Low Volatility,Low Vol,ARS,100000.0,68.91799000000009
2025-12-23,Novus Estrategia,CER,ARS,4408616266.36,3038329.717588362
2025-12-23,Novus Income Dolares,USD MEP,USD,1000.0,1000.0
2025-12-23,Novus Income,Renta Fija,ARS,4535506943.43,3125780.2217223975
2025-12-23,Novus Performance,House View ARS,ARS,29431222003.86,20283406.637498062
2025-12-23,Novus Valor,Dólar Linked,ARS,677445039.49,466881.50457121484
2025-12-23,Novus Retorno Total,Total Return,ARS,6129867074.39,4224581.177341399
2025-12-23,Novus Renta Dolar,USD MEP,USD,4107712.18,4107712.18
2025-12-26,Novus Gestion II,Renta Fija CP,ARS,966239232.52,665224.9851824054
2025-12-26,Novus Low Volatility,Low Vol,ARS,100000.0,68.84681999999789
2025-12-26,Novus Capital,House View USD,USD,23632373.53,23632373.53
2025-12-26,Novus Estrategia,CER,ARS,4409848758.89,3036040.637305139
2025-12-26,Novus Retorno Total,Total Return,ARS,6308329065.93,4343083.957028375
2025-12-26,Novus Renta Dolar,USD MEP,USD,4097462.64,4097462.64
2025-12-26,Novus Multiestrategia,Multi,ARS,4619643058.21,3180477.340928236
2025-12-26,Novus Renta Balanceado,Renta Fija Mix,ARS,1313169668.53,904075.5579874179
2025-12-26,Novus Income Dolares,USD MEP,USD,1000.0,1000.0
2025-12-26,Novus Gestión,Renta Fija CER,ARS,47365625233.05,32609726.746071514
2025-12-26,Novus Renta Fija,Renta Fija,ARS,2288761840.85,1575739.7447986375
2025-12-26,Novus Income,Renta Fija,ARS,4545930505.65,3129728.592549849
2025-12-26,Novus Valor,Dólar Linked,ARS,676807916.67,465960.72813553055
2025-12-26,Novus Renta Mixta,Mixto,ARS,8114565209.78,5586620.103759687
2025-12-26,Novus PyME FCI Abierto PyMES,PyME,ARS,2926337818.57,2014690.5305427527
2025-12-26,Novus Liquidez,Money Market,ARS,60373788518.16,41565433.50827701
2025-12-26,Novus Renta Capital,Pagarés/Cheques,ARS,15272618655.72,10514712.275189644
2025-12-26,Novus Performance,House View ARS,ARS,29475245725.54,20292769.369219594
2025-12-26,Novus Liquidez Plus,Renta Fija CP,ARS,11046728794.83,7605321.489264546
2025-12-26,Novus Ahorro Dolares,USD MEP,USD,1787731.57,1787731.57
2025-12-26,Novus Balanceado,Renta Fija Mix,ARS,2330343435.9,1604367.3506958392
2025-12-29,Novus Capital,House View USD,USD,23710008.21,23710008.21
2025-12-29,Novus Renta Mixta,Mixto,ARS,8102975858.15,5561411.035839216
2025-12-29,Novus Gestión,Renta Fija CER,ARS,47393308509.21,32528008.670166507
2025-12-29,Novus Renta Balanceado,Renta Fija Mix,ARS,1311842556.27,900372.381386953
2025-12-29,Novus Performance,House View ARS,ARS,29425105960.33,20195680.190003622
2025-12-29,Novus Multiestrategia,Multi,ARS,4628293722.81,3176591.444642117
2025-12-29,Novus Balanceado,Renta Fija Mix,ARS,1419073632.47,973969.5512419983
2025-12-29,Novus Liquidez,Money Market,ARS,68696951685.12,47149589.4740783
2025-12-29,Novus Renta Dolar,USD MEP,USD,4105486.36,4105486.36
2025-12-29,Novus Renta Fija,Renta Fija,ARS,2291851329.38,1572993.3667390621
2025-12-29,Novus Gestion II,Renta Fija CP,ARS,965679879.18,662786.4665001837
2025-12-29,Novus Liquidez Plus,Renta Fija CP,ARS,10992342219.42,7544503.945092718
2025-12-29,Novus Renta Capital,Pagarés/Cheques,ARS,15298586697.09,10500059.531136805
2025-12-29,Novus PyME FCI Abierto PyMES,PyME,ARS,2932584109.95,2012755.056674481
2025-12-29,Novus Ahorro Dolares,USD MEP,USD,1806849.69,1806849.69
2025-12-29,Novus Valor,Dólar Linked,ARS,676243272.69,464134.0250159455
2025-12-29,Novus Income,Renta Fija,ARS,4551503494.01,3123887.100785113
2025-12-29,Novus Low Volatility,Low Vol,ARS,100000.0,68.63418
2025-12-29,Novus Estrategia,CER,ARS,4708979434.18,3231969.421018083
2025-12-29,Novus Retorno Total,Total Return,ARS,6301685785.73,4325110.365212343
2025-12-29,Novus Income Dolares,USD MEP,USD,1000.0,1000.0
2025-12-30,Novus Low Volatility,Low Vol,ARS,100000.0,68.72852000000007
2025-12-30,Novus Capital,House View USD,USD,23743354.53,23743354.53
2025-12-30,Novus Renta Capital,Pagarés/Cheques,ARS,15287978732.07,10507201.520466488
2025-12-30,Novus Renta Balanceado,Renta Fija Mix,ARS,2253518166.69,1548809.6838971719
2025-12-30,Novus Estrategia,CER,ARS,4701906377.81,3231550.6652544253
2025-12-30,Novus Renta Mixta,Mixto,ARS,8013118976.77,5507298.078573171
2025-12-30,Novus Income Dolares,USD MEP,USD,1000.0,1000.0
2025-12-30,Novus Retorno Total,Total Return,ARS,6293227448.8,4325242.085794003
2025-12-30,Novus Renta Fija,Renta Fija,ARS,2291647275.05,1575015.2557621961
2025-12-30,Novus Valor,Dólar Linked,ARS,681100992.04,468110.6315344103
2025-12-30,Novus Balanceado,Renta Fija Mix,ARS,1424223201.07,978847.5275920363
2025-12-30,Novus Income,Renta Fija,ARS,4557210272.42,3132103.1735222377
2025-12-30,Novus Multiestrategia,Multi,ARS,4621838664.76,3176521.3110773135
2025-12-30,Novus PyME FCI Abierto PyMES,PyME,ARS,2963698401.43,2036906.0485665
2025-12-30,Novus Gestión,Renta Fija CER,ARS,47505602463.07,32649897.489951596
2025-12-30,Novus Renta Dolar,USD MEP,USD,4114527.25,4114527.25
2025-12-30,Novus Gestion II,Renta Fija CP,ARS,1171585607.03,805213.4482447358
2025-12-30,Novus Ahorro Dolares,USD MEP,USD,1873437.55,1873437.55
2025-12-30,Novus Liquidez Plus,Renta Fija CP,ARS,10944481695.01,7521980.290651295
2025-12-30,Novus Performance,House View ARS,ARS,29442570079.88,20235442.665864367
2025-12-30,Novus Liquidez,Money Market,ARS,28898250874.71,19861340.132075258
2026-01-02,Novus Renta Mixta,Mixto,ARS,8134909732.42,5515193.02514083
2026-01-02,Novus Income Dolares,USD MEP,USD,1000.0,1000.0
2026-01-02,Novus Retorno Total,Total Return,ARS,6338142795.05,4297045.952003147
2026-01-02,Novus Renta Fija,Renta Fija,ARS,2299627175.35,1559069.2675260555
2026-01-02,Novus Renta Balanceado,Renta Fija Mix,ARS,2259379045.32,1531782.3997773237
2026-01-02,Novus Valor,Dólar Linked,ARS,686502894.84,465425.69025338494
2026-01-02,Novus Estrategia,CER,ARS,4695692733.1,3183520.489058148
2026-01-02,Novus Income,Renta Fija,ARS,4929765624.17,3342213.9741326002
2026-01-02,Novus Capital,House View USD,USD,23626792.74,23626792.74
2026-01-02,Novus Balanceado,Renta Fija Mix,ARS,1426868320.17,967368.3502392062
2026-01-02,Novus Low Volatility,Low Vol,ARS,100000.0,67.79661
2026-01-02,Novus Multiestrategia,Multi,ARS,4639405223.4,3145359.465628126
2026-01-02,Novus Performance,House View ARS,ARS,29488932528.56,19992496.579550963
2026-01-02,Novus Renta Capital,Pagarés/Cheques,ARS,15311586071.54,10380736.293736294
2026-01-02,Novus Ahorro Dolares,USD MEP,USD,1770457.15,1770457.15
2026-01-02,Novus Liquidez Plus,Renta Fija CP,ARS,10984974435.98,7447440.276961059
2026-01-02,Novus Gestión,Renta Fija CER,ARS,47638127484.47,32297035.501948934
2026-01-02,Novus Renta Dolar,USD MEP,USD,4095623.3,4095623.3
2026-01-02,Novus PyME FCI Abierto PyMES,PyME,ARS,2642441413.72,1791485.6997382345
2026-01-02,Novus Liquidez,Money Market,ARS,28358657227.3,19226208.241629392
2026-01-02,Novus Gestion II,Renta Fija CP,ARS,1173849940.78,795830.4663358475
2026-01-05,Novus Performance,House View ARS,ARS,29848078166.91,20304814.81556802
2026-01-05,Novus Renta Fija,Renta Fija,ARS,2303228572.46,1566822.1377673666
2026-01-05,Novus Liquidez,Money Market,ARS,54950107371.62,37381024.936917424
2026-01-05,Novus Renta Balanceado,Renta Fija Mix,ARS,2244144068.95,1526628.5984871613
2026-01-05,Novus Multiestrategia,Multi,ARS,4647303926.35,3161431.2013163604
2026-01-05,Novus Gestion II,Renta Fija CP,ARS,1197324692.13,814506.5826971288
2026-01-05,Novus Renta Capital,Pagarés/Cheques,ARS,15363778279.21,10451549.713932574
2026-01-05,Novus Balanceado,Renta Fija Mix,ARS,1432149145.23,974251.1065388173
2026-01-05,Novus Gestión,Renta Fija CER,ARS,47848174798.18,32549778.35112499
2026-01-05,Novus Renta Mixta,Mixto,ARS,8122332473.46,5525396.168618829
2026-01-05,Novus Valor,Dólar Linked,ARS,681148494.51,463366.3167721562
2026-01-05,Novus Income Dolares,USD MEP,USD,1000.0,1000.0
2026-01-05,Novus Retorno Total,Total Return,ARS,6350574732.72,4320118.8096343735
2026-01-05,Novus Renta Dolar,USD MEP,USD,4095690.13,4095690.13
2026-01-05,Novus PyME FCI Abierto PyMES,PyME,ARS,2650534508.85,1803084.6764578582
2026-01-05,Novus Ahorro Dolares,USD MEP,USD,1769315.18,1769315.18
2026-01-05,Novus Capital,House View USD,USD,23774723.93,23774723.93
2026-01-05,Novus Estrategia,CER,ARS,4824588379.14,3282032.868313165
2026-01-05,Novus Income,Renta Fija,ARS,5251311299.43,3572320.5654169754
2026-01-05,Novus Liquidez Plus,Renta Fija CP,ARS,11714044549.61,7968737.68525675
2026-01-05,Novus Low Volatility,Low Vol,ARS,100000.0,68.02721000000001
2026-01-06,Novus Renta Capital,Pagarés/Cheques,ARS,11154967070.0,7601340.365476912
2026-01-06,Novus Performance,House View ARS,ARS,29095203892.53,19826373.883689936
2026-01-06,Novus Valor,Dólar Linked,ARS,681366156.56,464304.02143082157
2026-01-06,Novus Low Volatility,Low Vol,ARS,100000.0,68.14309999999769
2026-01-06,Novus Capital,House View USD,USD,24090331.34,24090331.34
2026-01-06,Novus Ahorro Dolares,USD MEP,USD,1976481.84,1976481.84
2026-01-06,Novus Income Dolares,USD MEP,USD,1000.0,1000.0
2026-01-06,Novus Renta Balanceado,Renta Fija Mix,ARS,2244830476.82,1529697.0766498775
2026-01-06,Novus Liquidez,Money Market,ARS,58313418556.8,39736571.12057743
2026-01-06,Novus Renta Mixta,Mixto,ARS,8084275182.8,5508875.7220904
2026-01-06,Novus Renta Dolar,USD MEP,USD,4101923.01,4101923.01
2026-01-06,Novus Multiestrategia,Multi,ARS,4643825219.77,3164446.4633329837
2026-01-06,Novus Gestión,Renta Fija CER,ARS,47865704712.9,32617175.028215054
2026-01-06,Novus PyME FCI Abierto PyMES,PyME,ARS,2652107039.22,1807227.9518426622
2026-01-06,Novus Retorno Total,Total Return,ARS,6346635984.75,4324794.505724031
2026-01-06,Novus Balanceado,Renta Fija Mix,ARS,1433057704.49,976529.944628292
2026-01-06,Novus Liquidez Plus,Renta Fija CP,ARS,11564268572.64,7880251.0977223795
2026-01-06,Novus Renta Fija,Renta Fija,ARS,2603261538.32,1773943.113318876
2026-01-06,Novus Gestion II,Renta Fija CP,ARS,1197690943.03,816143.7369998482
2026-01-06,Novus Income,Renta Fija,ARS,5255830620.81,3581485.915769058
2026-01-06,Novus Estrategia,CER,ARS,4712923437.64,3211532.131034354
2026-01-07,Novus Renta Balanceado,Renta Fija Mix,ARS,2246864316.37,1538948.1465077787
2026-01-07,Novus Retorno Total,Total Return,ARS,6318287733.54,4327594.294765153
2026-01-07,Novus Income Dolares,USD MEP,USD,1000.0,1000.0
2026-01-07,Novus Multiestrategia,Multi,ARS,4627111071.81,3169254.1270814314
2026-01-07,Novus Low Volatility,Low Vol,ARS,100000.0,68.49315000000001
2026-01-07,Novus Liquidez Plus,Renta Fija CP,ARS,11528618210.67,7896313.76396152
2026-01-07,Novus Balanceado,Renta Fija Mix,ARS,1434600815.54,982603.2884890356
2026-01-07,Novus Performance,House View ARS,ARS,29417812378.96,20149186.35943964
2026-01-07,Novus Income,Renta Fija,ARS,5463105028.45,3741852.7217938015
2026-01-07,Novus Capital,House View USD,USD,24096052.15,24096052.15
2026-01-07,Novus Renta Mixta,Mixto,ARS,7902936087.06,5412969.868514137
2026-01-07,Novus Liquidez,Money Market,ARS,37044379364.68,25372862.324819323
2026-01-07,Novus Renta Fija,Renta Fija,ARS,2607223566.01,1785769.5479025787
2026-01-07,Novus Estrategia,CER,ARS,4920736868.24,3370367.684268926
2026-01-07,Novus Renta Capital,Pagarés/Cheques,ARS,11169304888.97,7650208.7515595555
2026-01-07,Novus PyME FCI Abierto PyMES,PyME,ARS,2653607059.85,1817539.0639136503
2026-01-07,Novus Ahorro Dolares,USD MEP,USD,1976583.14,1976583.14
2026-01-07,Novus Valor,Dólar Linked,ARS,680414273.87,466037.16922318994
2026-01-07,Novus Gestión,Renta Fija CER,ARS,47929717698.09,32828573.437529333
2026-01-07,Novus Renta Dolar,USD MEP,USD,4100014.21,4100014.21
2026-01-07,Novus Gestion II,Renta Fija CP,ARS,1193100395.22,817192.0433486275
2026-01-08,Novus Renta Dolar,USD MEP,USD,4075837.42,4075837.42
2026-01-08,Novus Gestion II,Renta Fija CP,ARS,1196159960.85,817049.1424741972
2026-01-08,Novus Renta Fija,Renta Fija,ARS,2608135515.53,1781513.3060514738
2026-01-08,Novus Retorno Total,Total Return,ARS,6326030881.32,4321059.286397528
2026-01-08,Novus Income,Renta Fija,ARS,5606335911.43,3829464.368294968
2026-01-08,Novus Estrategia,CER,ARS,5146347827.33,3515264.861570813
2026-01-08,Novus Income Dolares,USD MEP,USD,1000.0,1000.0
2026-01-08,Novus Ahorro Dolares,USD MEP,USD,1981016.28,1981016.28
2026-01-08,Novus Low Volatility,Low Vol,ARS,100000.0,68.30601000000001
2026-01-08,Novus Liquidez Plus,Renta Fija CP,ARS,11505051429.09,7858641.57965936
2026-01-08,Novus PyME FCI Abierto PyMES,PyME,ARS,2656259091.87,1814384.6009186318
2026-01-08,Novus Renta Capital,Pagarés/Cheques,ARS,11179146457.92,7636028.897461482
2026-01-08,Novus Renta Mixta,Mixto,ARS,7996126700.44,5461835.103615218
2026-01-08,Novus Renta Balanceado,Renta Fija Mix,ARS,2245935719.83,1534109.077380652
2026-01-08,Novus Multiestrategia,Multi,ARS,4572611742.45,3123368.634059072
2026-01-08,Novus Balanceado,Renta Fija Mix,ARS,1433918300.62,979452.3778133274
2026-01-08,Novus Liquidez,Money Market,ARS,40007849609.9,27327765.75532326
2026-01-08,Novus Gestión,Renta Fija CER,ARS,48011459373.23,32794712.24062443
2026-01-08,Novus Valor,Dólar Linked,ARS,680824283.65,465043.90327239747
2026-01-08,Novus Capital,House View USD,USD,24215830.38,24215830.38
2026-01-08,Novus Performance,House View ARS,ARS,29738034793.41,20312865.019790117
2026-01-09,Novus Renta Capital,Pagarés/Cheques,ARS,11205891589.78,7649073.243245162
2026-01-09,Novus PyME FCI Abierto PyMES,PyME,ARS,2659799327.25,1815562.7960049612
2026-01-09,Novus Low Volatility,Low Vol,ARS,100000.0,68.25939000000028
2026-01-09,Novus Balanceado,Renta Fija Mix,ARS,1439688718.89,982722.7374131328
2026-01-09,Novus Multiestrategia,Multi,ARS,4631449381.0,3161399.095629389
2026-01-09,Novus Renta Dolar,USD MEP,USD,4118542.97,4118542.97
2026-01-09,Novus Valor,Dólar Linked,ARS,683588989.75,466613.6745105144
2026-01-09,Novus Renta Mixta,Mixto,ARS,8020381403.25,5474663.421531913
2026-01-09,Novus Gestion II,Renta Fija CP,ARS,1199173921.06,818548.8035546409
2026-01-09,Novus Liquidez Plus,Renta Fija CP,ARS,11499904068.93,7849764.36803683
2026-01-09,Novus Performance,House View ARS,ARS,29844312276.05,20371545.509326927
2026-01-09,Novus Liquidez,Money Market,ARS,43510655909.89,29700108.309089985
2026-01-09,Novus Estrategia,CER,ARS,5165451645.58,3525905.784017884
2026-01-09,Novus Income Dolares,USD MEP,USD,1000.0,1000.0
2026-01-09,Novus Capital,House View USD,USD,24503767.24,24503767.24
2026-01-09,Novus Income,Renta Fija,ARS,5683406307.58,3879458.4767756476
2026-01-09,Novus Ahorro Dolares,USD MEP,USD,1936694.44,1936694.44
2026-01-09,Novus Gestión,Renta Fija CER,ARS,48217270304.96,32912814.58481697
2026-01-09,Novus Renta Fija,Renta Fija,ARS,2612973177.67,1783599.5519411655
2026-01-09,Novus Renta Balanceado,Renta Fija Mix,ARS,2255513337.22,1539599.645355021
2026-01-09,Novus Retorno Total,Total Return,ARS,6342634015.02,4329443.288585179
2026-01-12,Novus Gestion II,Renta Fija CP,ARS,1192311132.48,812477.7673169513
2026-01-12,Novus Ahorro Dolares,USD MEP,USD,1992916.31,1992916.31
2026-01-12,Novus Liquidez,Money Market,ARS,38749946443.11,26405414.754673995
2026-01-12,Novus Balanceado,Renta Fija Mix,ARS,1440267798.14,981443.125954305
2026-01-12,Novus Renta Fija,Renta Fija,ARS,2467860764.12,1681676.8283549985
2026-01-12,Novus Multiestrategia,Multi,ARS,4635198980.91,3158568.2767603747
2026-01-12,Novus Performance,House View ARS,ARS,29951629781.61,20409969.03371159
2026-01-12,Novus Liquidez Plus,Renta Fija CP,ARS,11460058868.83,7809239.375045431
2026-01-12,Novus Income Dolares,USD MEP,USD,1000.0,1000.0
2026-01-12,Novus Valor,Dólar Linked,ARS,682784260.27,465270.36126003054
2026-01-12,Novus PyME FCI Abierto PyMES,PyME,ARS,2664668381.05,1815787.639567221
2026-01-12,Novus Renta Capital,Pagarés/Cheques,ARS,11218377678.85,7644550.320076175
2026-01-12,Novus Income,Renta Fija,ARS,5761247228.88,3925892.460422794
2026-01-12,Novus Renta Dolar,USD MEP,USD,4094896.07,4094896.07
2026-01-12,Novus Retorno Total,Total Return,ARS,6318765920.61,4305802.980047046
2026-01-12,Novus Gestión,Renta Fija CER,ARS,48255756992.81,32882968.743366394
2026-01-12,Novus Low Volatility,Low Vol,ARS,100000.0,68.14309999999769
2026-01-12,Novus Renta Balanceado,Renta Fija Mix,ARS,2211670089.73,1507100.5609147525
2026-01-12,Novus Renta Mixta,Mixto,ARS,7986865666.68,5442497.858111234
2026-01-12,Novus Capital,House View USD,USD,24722565.4,24722565.4
2026-01-12,Novus Estrategia,CER,ARS,5173976316.06,3525707.8550289623
2026-01-13,Novus Renta Balanceado,Renta Fija Mix,ARS,2211209379.08,1517645.4254146495
2026-01-13,Novus Income,Renta Fija,ARS,5773685937.91,3962721.999259838
2026-01-13,Novus Gestión,Renta Fija CER,ARS,48240474477.04,33109454.085425694
2026-01-13,Novus Performance,House View ARS,ARS,29628278734.31,20335126.157408047
2026-01-13,Novus Capital,House View USD,USD,25129006.11,25129006.11
2026-01-13,Novus Multiestrategia,Multi,ARS,4641504513.01,3185658.562167407
2026-01-13,Novus Ahorro Dolares,USD MEP,USD,1998061.02,1998061.02
2026-01-13,Novus Gestion II,Renta Fija CP,ARS,1192091307.81,818182.0939666694
2026-01-13,Novus Renta Fija,Renta Fija,ARS,2466180192.65,1692642.552547748
2026-01-13,Novus Renta Dolar,USD MEP,USD,4100999.32,4100999.32
2026-01-13,Novus Income Dolares,USD MEP,USD,1000.0,1000.0
2026-01-13,Novus Balanceado,Renta Fija Mix,ARS,1440614227.54,988753.7620354132
2026-01-13,Novus Valor,Dólar Linked,ARS,681638749.87,467837.1665355256
2026-01-13,Novus Low Volatility,Low Vol,ARS,100000.0,68.63418
2026-01-13,Novus PyME FCI Abierto PyMES,PyME,ARS,2664118499.14,1828495.886113046
2026-01-13,Novus Retorno Total,Total Return,ARS,6215020033.01,4265628.036492143
2026-01-13,Novus Renta Capital,Pagarés/Cheques,ARS,11221503173.33,7701786.686689025
2026-01-13,Novus Liquidez,Money Market,ARS,32463164872.3,22280827.012151152
2026-01-13,Novus Renta Mixta,Mixto,ARS,7934738016.75,5445942.372944625
2026-01-13,Novus Liquidez Plus,Renta Fija CP,ARS,11360784897.49,7797381.555956102
2026-01-13,Novus Estrategia,CER,ARS,5214322347.34,3578807.385653561
2026-01-14,Novus Renta Mixta,Mixto,ARS,7787467716.89,5359578.251756488
2026-01-14,Novus Renta Capital,Pagarés/Cheques,ARS,11227050635.01,7726806.530993729
2026-01-14,Novus Balanceado,Renta Fija Mix,ARS,1441177809.33,991863.5331285615
2026-01-14,Novus Renta Balanceado,Renta Fija Mix,ARS,2210379457.65,1521252.1065938154
2026-01-14,Novus Low Volatility,Low Vol,ARS,100000.0,68.8231200000003
2026-01-14,Novus Liquidez,Money Market,ARS,40304906431.21,27739094.1190395
2026-01-14,Novus Renta Dolar,USD MEP,USD,4086475.67,4086475.67
2026-01-14,Novus PyME FCI Abierto PyMES,PyME,ARS,2665958370.84,1834795.7287132663
2026-01-14,Novus Gestión,Renta Fija CER,ARS,48262973060.31,33216083.864864968
2026-01-14,Novus Ahorro Dolares,USD MEP,USD,1994865.99,1994865.99
2026-01-14,Novus Income,Renta Fija,ARS,5772004868.79,3972473.8372532018
2026-01-14,Novus Performance,House View ARS,ARS,29598342184.91,20370502.55993132
2026-01-14,Novus Capital,House View USD,USD,25189066.45,25189066.45
2026-01-14,Novus Valor,Dólar Linked,ARS,678700659.56,467102.9693697723
2026-01-14,Novus Gestion II,Renta Fija CP,ARS,1172121896.35,806690.8592712396
2026-01-14,Novus Retorno Total,Total Return,ARS,6177574729.1,4251599.668898187
2026-01-14,Novus Multiestrategia,Multi,ARS,4643059918.18,3195498.6991609377
2026-01-14,Novus Income Dolares,USD MEP,USD,1000.0,1000.0
2026-01-14,Novus Estrategia,CER,ARS,5262373108.02,3621729.3589803507
2026-01-14,Novus Renta Fija,Renta Fija,ARS,2317151951.97,1594736.2684866623
2026-01-14,Novus Liquidez Plus,Renta Fija CP,ARS,11050077892.56,7605008.368090073
2026-01-15,Novus Retorno Total,Total Return,ARS,6042895402.83,4193542.80098642
2026-01-15,Novus Renta Fija,Renta Fija,ARS,2315930769.26,1607169.1064625953
2026-01-15,Novus Liquidez Plus,Renta Fija CP,ARS,11209148381.5,7778728.633696705
2026-01-15,Novus Income Dolares,USD MEP,USD,1000.0,1000.0
2026-01-15,Novus Multiestrategia,Multi,ARS,4630489056.14,3213385.7616215595
2026-01-15,Novus Liquidez,Money Market,ARS,47553367133.82,33000253.53960361
2026-01-15,Novus Renta Balanceado,Renta Fija Mix,ARS,2207626347.6,1532009.8992463672
2026-01-15,Novus Renta Mixta,Mixto,ARS,7716434728.09,5354916.334992165
2026-01-15,Novus Estrategia,CER,ARS,5520862767.29,3831271.7281454923
2026-01-15,Novus PyME FCI Abierto PyMES,PyME,ARS,2665358853.42,1849659.0933164796
2026-01-15,Novus Income,Renta Fija,ARS,5777545287.86,4009399.771826551
2026-01-15,Novus Ahorro Dolares,USD MEP,USD,2491876.98,2491876.98
2026-01-15,Novus Gestión,Renta Fija CER,ARS,48225344396.38,33466580.5606729
2026-01-15,Novus Renta Capital,Pagarés/Cheques,ARS,11225407692.64,7790011.985903697
2026-01-15,Novus Renta Dolar,USD MEP,USD,4110706.9,4110706.9
2026-01-15,Novus Valor,Dólar Linked,ARS,673564546.28,467428.53644783515
2026-01-15,Novus Balanceado,Renta Fija Mix,ARS,1441853240.66,1000592.0795215168
2026-01-15,Novus Capital,House View USD,USD,25193553.49,25193553.49
2026-01-15,Novus Low Volatility,Low Vol,ARS,100000.0,69.3962500000001
2026-01-15,Novus Performance,House View ARS,ARS,29591057718.92,20535084.39226605
2026-01-15,Novus Gestion II,Renta Fija CP,ARS,1207929508.47,838257.7815216136
2026-01-16,Novus Income,Renta Fija,ARS,5793899603.35,4051678.048352378
2026-01-16,Novus Estrategia,CER,ARS,5722793796.12,4001953.7075823736
2026-01-16,Novus Capital,House View USD,USD,23650402.5,23650402.5
2026-01-16,Novus Ahorro Dolares,USD MEP,USD,2493338.12,2493338.12
2026-01-16,Novus Income Dolares,USD MEP,USD,1000.0,1000.0
2026-01-16,Novus Gestión,Renta Fija CER,ARS,48311333138.13,33784149.08142751
2026-01-16,Novus Liquidez Plus,Renta Fija CP,ARS,10947743219.07,7655764.496515905
2026-01-16,Novus Valor,Dólar Linked,ARS,671640938.25,469678.97826688184
2026-01-16,Novus Multiestrategia,Multi,ARS,4640870568.02,3245364.036825784
2026-01-16,Novus Retorno Total,Total Return,ARS,6053411197.2,4233154.687589798
2026-01-16,Novus Gestion II,Renta Fija CP,ARS,1210290996.5,846357.3410561476
2026-01-16,Novus Performance,House View ARS,ARS,29545526399.62,20661207.293122746
2026-01-16,Novus Renta Mixta,Mixto,ARS,7721673449.64,5399771.648504667
2026-01-16,Novus Liquidez,Money Market,ARS,41532720963.05,29043860.842365544
2026-01-16,Novus Balanceado,Renta Fija Mix,ARS,1445954430.42,1011156.9453608075
2026-01-16,Novus Low Volatility,Low Vol,ARS,100000.0,69.93007
2026-01-16,Novus Renta Fija,Renta Fija,ARS,2320605912.84,1622801.3392731512
2026-01-16,Novus Renta Dolar,USD MEP,USD,4120180.41,4120180.41
2026-01-16,Novus PyME FCI Abierto PyMES,PyME,ARS,2667338208.74,1865271.476508628
2026-01-16,Novus Renta Capital,Pagarés/Cheques,ARS,11241789633.65,7861391.360064189
2026-01-16,Novus Renta Balanceado,Renta Fija Mix,ARS,2213290337.38,1547755.4822330703
2026-01-19,Novus Liquidez Plus,Renta Fija CP,ARS,10625675938.65,7430542.621871103
2026-01-19,Novus Valor,Dólar Linked,ARS,669186329.22,467962.4684539765
2026-01-19,Novus Estrategia,CER,ARS,5717848781.25,3998495.655222272
2026-01-19,Novus Income Dolares,USD MEP,USD,1000.0,1000.0
2026-01-19,Novus Gestión,Renta Fija CER,ARS,48331328382.77,33798131.77000093
2026-01-19,Novus Retorno Total,Total Return,ARS,6067928255.08,4243306.476327223
2026-01-19,Novus Multiestrategia,Multi,ARS,4633777288.93,3240403.7017928516
2026-01-19,Novus Ahorro Dolares,USD MEP,USD,2594878.3,2594878.3
2026-01-19,Novus Renta Capital,Pagarés/Cheques,ARS,11253942856.95,7869890.117625136
2026-01-19,Novus PyME FCI Abierto PyMES,PyME,ARS,2671126925.05,1867920.928476313
2026-01-19,Novus Income,Renta Fija,ARS,5805355555.38,4059689.2036261233
2026-01-19,Novus Liquidez,Money Market,ARS,42306694781.6,29585101.27545923
2026-01-19,Novus Performance,House View ARS,ARS,29414171376.26,20569350.63333858
2026-01-19,Novus Balanceado,Renta Fija Mix,ARS,1448177773.14,1012711.7304812433
2026-01-19,Novus Capital,House View USD,USD,23646987.18,23646987.18
2026-01-19,Novus Gestion II,Renta Fija CP,ARS,1212865491.6,848157.6872817241
2026-01-19,Novus Renta Fija,Renta Fija,ARS,2323577372.93,1624879.2833941102
2026-01-19,Novus Renta Balanceado,Renta Fija Mix,ARS,2164710052.61,1513783.25508721
2026-01-19,Novus Low Volatility,Low Vol,ARS,100000.0,69.93007
2026-01-19,Novus Renta Mixta,Mixto,ARS,7667455492.18,5361856.992900319
2026-01-19,Novus Renta Dolar,USD MEP,USD,4119279.03,4119279.03
2026-01-20,Novus Income Dolares,USD MEP,USD,1000.0,1000.0
2026-01-20,Novus Capital,House View USD,USD,25166819.12,25166819.12
2026-01-20,Novus Retorno Total,Total Return,ARS,6083922499.06,4241144.961552072
2026-01-20,Novus Renta Mixta,Mixto,ARS,7733889509.78,5391348.514494019
2026-01-20,Novus Balanceado,Renta Fija Mix,ARS,1449498745.81,1010455.7221953364
2026-01-20,Novus Multiestrategia,Multi,ARS,4647454819.68,3239773.286982553
2026-01-20,Novus Valor,Dólar Linked,ARS,669530065.29,466734.09522409976
2026-01-20,Novus Liquidez,Money Market,ARS,40510671210.49,28240272.475530066
2026-01-20,Novus Performance,House View ARS,ARS,29276634892.31,20408947.11987284
2026-01-20,Novus Gestión,Renta Fija CER,ARS,48396799534.76,33737747.73327676
2026-01-20,Novus Gestion II,Renta Fija CP,ARS,1251007244.87,872085.9074495606
2026-01-20,Novus Renta Capital,Pagarés/Cheques,ARS,11268065016.7,7855046.999596413
2026-01-20,Novus Renta Balanceado,Renta Fija Mix,ARS,2166115792.4,1510014.4816925342
2026-01-20,Novus Ahorro Dolares,USD MEP,USD,2605952.65,2605952.65
2026-01-20,Novus Renta Fija,Renta Fija,ARS,2326739336.3,1621986.2785100278
2026-01-20,Novus Income,Renta Fija,ARS,5805180757.25,4046832.1421441347
2026-01-20,Novus PyME FCI Abierto PyMES,PyME,ARS,2674639962.42,1864510.240282654
2026-01-20,Novus Renta Dolar,USD MEP,USD,4123573.81,4123573.81
2026-01-20,Novus Estrategia,CER,ARS,5648106669.51,3937334.6960619707
2026-01-20,Novus Low Volatility,Low Vol,ARS,100000.0,69.71069999999757
2026-01-20,Novus Liquidez Plus,Renta Fija CP,ARS,14054223614.06,9797297.660926182
2026-01-21,Novus Renta Mixta,Mixto,ARS,7959364727.63,5564044.056847641
2026-01-21,Novus Renta Capital,Pagarés/Cheques,ARS,11270280063.64,7878560.281252092
2026-01-21,Novus Low Volatility,Low Vol,ARS,100000.0,69.90563000000132
2026-01-21,Novus Ahorro Dolares,USD MEP,USD,2433693.03,2433693.03
2026-01-21,Novus Renta Dolar,USD MEP,USD,4126743.65,4126743.65
2026-01-21,Novus Liquidez,Money Market,ARS,38163228901.5,26678245.59193616
2026-01-21,Novus Capital,House View USD,USD,25267433.28,25267433.28
2026-01-21,Novus Performance,House View ARS,ARS,29291520487.53,20476421.933387306
2026-01-21,Novus Income,Renta Fija,ARS,5807198129.93,4059558.438075862
2026-01-21,Novus PyME FCI Abierto PyMES,PyME,ARS,2676237132.89,1870840.428040727
2026-01-21,Novus Balanceado,Renta Fija Mix,ARS,1450279224.32,1013826.8285200284
2026-01-21,Novus Multiestrategia,Multi,ARS,4659117055.75,3256985.13025955
2026-01-21,Novus Renta Balanceado,Renta Fija Mix,ARS,2166032045.66,1514178.3475205393
2026-01-21,Novus Liquidez Plus,Renta Fija CP,ARS,14256037575.82,9965772.880413888
2026-01-21,Novus Valor,Dólar Linked,ARS,666831489.41,466152.7537104526
2026-01-21,Novus Gestion II,Renta Fija CP,ARS,1250820160.97,874393.7136931092
2026-01-21,Novus Income Dolares,USD MEP,USD,1000.0,1000.0
2026-01-21,Novus Renta Fija,Renta Fija,ARS,2327421099.87,1626998.3826170834
2026-01-21,Novus Estrategia,CER,ARS,5620222613.47,3928852.025348743
2026-01-21,Novus Gestión,Renta Fija CER,ARS,48437205075.3,33860333.362281084
2026-01-21,Novus Retorno Total,Total Return,ARS,6131989552.57,4286605.92825832
2026-01-22,Novus Income Dolares,USD MEP,USD,1000.0,1000.0
2026-01-22,Novus Capital,House View USD,USD,25326249.6,25326249.6
2026-01-22,Novus Gestion II,Renta Fija CP,ARS,1249650641.87,874187.2331621264
2026-01-22,Novus Valor,Dólar Linked,ARS,666554766.23,466285.25390878716
2026-01-22,Novus Gestión,Renta Fija CER,ARS,48697384714.03,34066026.59899094
2026-01-22,Novus Renta Fija,Renta Fija,ARS,2330787656.78,1630491.550598434
2026-01-22,Novus Performance,House View ARS,ARS,29239047119.26,20454037.988756515
2026-01-22,Novus Balanceado,Renta Fija Mix,ARS,1460812191.86,1021904.3029983434
2026-01-22,Novus Renta Capital,Pagarés/Cheques,ARS,11282008746.63,7892276.193263769
2026-01-22,Novus Estrategia,CER,ARS,5339810524.33,3735439.355185522
2026-01-22,Novus Renta Dolar,USD MEP,USD,4042674.97,4042674.97
2026-01-22,Novus Low Volatility,Low Vol,ARS,100000.0,69.95452999999878
2026-01-22,Novus Liquidez Plus,Renta Fija CP,ARS,14324562411.88,10020680.309787143
2026-01-22,Novus Renta Balanceado,Renta Fija Mix,ARS,2171542611.66,1519092.4277364516
2026-01-22,Novus Multiestrategia,Multi,ARS,4660820984.4,3260455.4137783363
2026-01-22,Novus Liquidez,Money Market,ARS,37842499736.99,26472542.83126213
2026-01-22,Novus PyME FCI Abierto PyMES,PyME,ARS,2678978017.51,1874066.4809524058
2026-01-22,Novus Renta Mixta,Mixto,ARS,7988378474.34,5588232.616345621
2026-01-22,Novus Retorno Total,Total Return,ARS,6149706903.22,4301998.560525031
2026-01-22,Novus Ahorro Dolares,USD MEP,USD,2438666.27,2438666.27
2026-01-22,Novus Income,Renta Fija,ARS,5814456998.83,4067476.065583561
2026-01-23,Novus Balanceado,Renta Fija Mix,ARS,1463659247.91,1021395.1394859964
2026-01-23,Novus Renta Balanceado,Renta Fija Mix,ARS,2183947030.5,1524038.3887389195
2026-01-23,Novus Liquidez Plus,Renta Fija CP,ARS,14431960357.29,10071151.590262076
2026-01-23,Novus Valor,Dólar Linked,ARS,672729282.22,469455.18229777354
2026-01-23,Novus Renta Mixta,Mixto,ARS,8057392517.84,5622744.205254157
2026-01-23,Novus Renta Fija,Renta Fija,ARS,2336608691.21,1630571.2982653056
2026-01-23,Novus Retorno Total,Total Return,ARS,6271002889.28,4376135.96194562
2026-01-23,Novus Estrategia,CER,ARS,5302166337.4,3700046.2597423024
2026-01-23,Novus Gestion II,Renta Fija CP,ARS,1257217420.07,877332.4556041625
2026-01-23,Novus Income Dolares,USD MEP,USD,1000.0,1000.0
2026-01-23,Novus Ahorro Dolares,USD MEP,USD,2233236.17,2233236.17
2026-01-23,Novus Low Volatility,Low Vol,ARS,100000.0,69.78367
2026-01-23,Novus PyME FCI Abierto PyMES,PyME,ARS,2683131184.64,1872387.4115562683
2026-01-23,Novus Income,Renta Fija,ARS,5823369418.11,4063760.8976148027
2026-01-23,Novus Multiestrategia,Multi,ARS,4675836683.78,3262970.441147979
2026-01-23,Novus Gestión,Renta Fija CER,ARS,48845924024.29,34086478.42956126
2026-01-23,Novus Capital,House View USD,USD,26732332.9,26732332.9
2026-01-23,Novus Renta Capital,Pagarés/Cheques,ARS,11306214863.47,7889891.669814855
2026-01-23,Novus Renta Dolar,USD MEP,USD,4171725.42,4171725.42
2026-01-23,Novus Performance,House View ARS,ARS,29449514720.6,20550952.169224925
2026-01-23,Novus Liquidez,Money Market,ARS,43481405858.41,30342920.775593504
2026-01-26,Novus Renta Fija,Renta Fija,ARS,2342146945.18,1629319.675137692
2026-01-26,Novus Liquidez,Money Market,ARS,39589385378.75,27540443.03537435
2026-01-26,Novus Low Volatility,Low Vol,ARS,100000.0,69.56521999999768
2026-01-26,Novus Gestion II,Renta Fija CP,ARS,1243420427.66,864988.1560265911
2026-01-26,Novus Income Dolares,USD MEP,USD,1000.0,1000.0
2026-01-26,Novus PyME FCI Abierto PyMES,PyME,ARS,2690147642.34,1871407.125718572
2026-01-26,Novus Retorno Total,Total Return,ARS,6288782511.59,4374805.389508964
2026-01-26,Novus Estrategia,CER,ARS,5459991623.42,3798255.184813568
2026-01-26,Novus Gestión,Renta Fija CER,ARS,48950989869.28,34052863.794741206
2026-01-26,Novus Valor,Dólar Linked,ARS,674124699.94,468956.3305875853
2026-01-26,Novus Ahorro Dolares,USD MEP,USD,2224767.02,2224767.02
2026-01-26,Novus Liquidez Plus,Renta Fija CP,ARS,16732320474.9,11639875.549468841
2026-01-26,Novus Multiestrategia,Multi,ARS,4678076638.56,3254314.3053827607
2026-01-26,Novus Capital,House View USD,USD,26729314.59,26729314.59
2026-01-26,Novus Renta Balanceado,Renta Fija Mix,ARS,2177805325.77,1514995.0660435667
2026-01-26,Novus Balanceado,Renta Fija Mix,ARS,1466514847.23,1020184.2798081794
2026-01-26,Novus Renta Capital,Pagarés/Cheques,ARS,11334454433.78,7884838.162658549
2026-01-26,Novus Renta Mixta,Mixto,ARS,8148099958.52,5668243.661964158
2026-01-26,Novus Income,Renta Fija,ARS,5836083063.76,4059884.022687249
2026-01-26,Novus Performance,House View ARS,ARS,29748127155.03,20694350.10127567
2026-01-26,Novus Renta Dolar,USD MEP,USD,4205590.4,4205590.4
2026-01-27,Novus Multiestrategia,Multi,ARS,4705336345.86,3261931.6032066406
2026-01-27,Novus Gestion II,Renta Fija CP,ARS,1245461746.83,863405.0222879862
2026-01-27,Novus Ahorro Dolares,USD MEP,USD,2269650.16,2269650.16
2026-01-27,Novus Estrategia,CER,ARS,5437620041.78,3769580.611621539
2026-01-27,Novus Renta Fija,Renta Fija,ARS,2045281596.18,1417872.8544892352
2026-01-27,Novus Capital,House View USD,USD,27521868.59,27521868.59
2026-01-27,Novus Low Volatility,Low Vol,ARS,100000.0,69.32408999999879
2026-01-27,Novus Renta Capital,Pagarés/Cheques,ARS,11359129726.68,7874613.314940261
2026-01-27,Novus Renta Dolar,USD MEP,USD,4224618.54,4224618.54
2026-01-27,Novus PyME FCI Abierto PyMES,PyME,ARS,2691312928.83,1865728.1969637126
2026-01-27,Novus Income,Renta Fija,ARS,5843380068.19,4050870.0575140263
2026-01-27,Novus Valor,Dólar Linked,ARS,673877667.07,467159.5604094991
2026-01-27,Novus Liquidez Plus,Renta Fija CP,ARS,16877446651.07,11700136.306089548
2026-01-27,Novus Retorno Total,Total Return,ARS,6746930545.85,4677248.203842464
2026-01-27,Novus Renta Balanceado,Renta Fija Mix,ARS,1928405285.67,1336849.4158026048
2026-01-27,Novus Renta Mixta,Mixto,ARS,15346473414.93,10638803.041991962
2026-01-27,Novus Income Dolares,USD MEP,USD,1000.0,1000.0
2026-01-27,Novus Gestión,Renta Fija CER,ARS,48962888663.97,33943077.00400977
2026-01-27,Novus Liquidez,Money Market,ARS,39639837496.75,27479956.622100238
2026-01-27,Novus Performance,House View ARS,ARS,29810704379.45,20665999.5336435
2026-01-27,Novus Balanceado,Renta Fija Mix,ARS,1468606131.58,1018097.8364020198
2026-01-28,Novus Renta Balanceado,Renta Fija Mix,ARS,1930659247.82,1336558.9078060284
2026-01-28,Novus Ahorro Dolares,USD MEP,USD,2483937.76,2483937.76
2026-01-28,Novus Gestión,Renta Fija CER,ARS,49061707239.57,33964492.65568815
2026-01-28,Novus Renta Capital,Pagarés/Cheques,ARS,11370696568.75,7871718.32838063
2026-01-28,Novus Gestion II,Renta Fija CP,ARS,1231106174.17,852271.536471216
2026-01-28,Novus Balanceado,Renta Fija Mix,ARS,1469170386.41,1017078.89119136
2026-01-28,Novus Liquidez,Money Market,ARS,45171697094.92,31271512.153738637
2026-01-28,Novus Estrategia,CER,ARS,5455154409.29,3776500.2951332056
2026-01-28,Novus Multiestrategia,Multi,ARS,4716179912.04,3264922.2173050186
2026-01-28,Novus Liquidez Plus,Renta Fija CP,ARS,17027457610.42,11787787.084745161
2026-01-28,Novus PyME FCI Abierto PyMES,PyME,ARS,2695170760.18,1865815.7785452832
2026-01-28,Novus Renta Fija,Renta Fija,ARS,2045660878.84,1416172.3634303499
2026-01-28,Novus Performance,House View ARS,ARS,29860302770.79,20671723.248495955
2026-01-28,Novus Renta Mixta,Mixto,ARS,15388313582.34,10653038.653927486
2026-01-28,Novus Renta Dolar,USD MEP,USD,4227225.9,4227225.9
2026-01-28,Novus Capital,House View USD,USD,27634417.33,27634417.33
2026-01-28,Novus Valor,Dólar Linked,ARS,675409143.83,467572.98504069983
2026-01-28,Novus Retorno Total,Total Return,ARS,6772942004.16,4688779.740876182
2026-01-28,Novus Income Dolares,USD MEP,USD,1000.0,1000.0
2026-01-28,Novus Low Volatility,Low Vol,ARS,100000.0,69.22811000000137
2026-01-28,Novus Income,Renta Fija,ARS,5848573893.61,4048857.1684996933
2026-01-29,Novus Retorno Total,Total Return,ARS,6779659773.23,4693430.325437507
2026-01-29,Novus Income,Renta Fija,ARS,5854954211.21,4053274.141786171
2026-01-29,Novus Income Dolares,USD MEP,USD,1000.0,1000.0
2026-01-29,Novus Renta Fija,Renta Fija,ARS,2047145225.92,1417199.9488596742
2026-01-29,Novus Gestión,Renta Fija CER,ARS,49106663271.94,33995614.867228895
2026-01-29,Novus PyME FCI Abierto PyMES,PyME,ARS,2997454641.24,2075081.1962377732
2026-01-29,Novus Renta Dolar,USD MEP,USD,4212977.36,4212977.36
2026-01-29,Novus Low Volatility,Low Vol,ARS,100000.0,69.22811000000137
2026-01-29,Novus Renta Capital,Pagarés/Cheques,ARS,11376649955.45,7875839.745474032
2026-01-29,Novus Gestion II,Renta Fija CP,ARS,1230120237.71,851588.9912941571
2026-01-29,Novus Estrategia,CER,ARS,5447766273.92,3771385.6286523133
2026-01-29,Novus Capital,House View USD,USD,27538138.09,27538138.09
2026-01-29,Novus Ahorro Dolares,USD MEP,USD,2476682.68,2476682.68
2026-01-29,Novus Liquidez,Money Market,ARS,40432312977.0,27990526.103262387
2026-01-29,Novus Multiestrategia,Multi,ARS,4722556401.68,3269336.540567137
2026-01-29,Novus Liquidez Plus,Renta Fija CP,ARS,16887028660.15,11690570.776580399
2026-01-29,Novus Renta Mixta,Mixto,ARS,15348908729.6,10625759.4191273
2026-01-29,Novus Renta Balanceado,Renta Fija Mix,ARS,1930046755.29,1336134.8908036184
2026-01-29,Novus Balanceado,Renta Fija Mix,ARS,1471172658.2,1018465.0261086401
2026-01-29,Novus Valor,Dólar Linked,ARS,674837100.78,467176.97044879844
2026-01-29,Novus Performance,House View ARS,ARS,29877473867.67,20683610.474332247
2026-01-30,Novus Gestion II,Renta Fija CP,ARS,1234250660.23,852972.1175250495
2026-01-30,Novus Low Volatility,Low Vol,ARS,100000.0,69.10849999999999
2026-01-30,Novus Retorno Total,Total Return,ARS,6780017777.9,4685568.586040021
2026-01-30,Novus Valor,Dólar Linked,ARS,675098953.86,466550.7605283381
2026-01-30,Novus Income,Renta Fija,ARS,5861227826.19,4050606.632262516
2026-01-30,Novus Balanceado,Renta Fija Mix,ARS,1473599220.78,1018382.3174927463
2026-01-30,Novus PyME FCI Abierto PyMES,PyME,ARS,3005995487.62,2077398.3915618674
2026-01-30,Novus Estrategia,CER,ARS,5357097906.93,3702210.0070107193
2026-01-30,Novus Ahorro Dolares,USD MEP,USD,2478328.89,2478328.89
2026-01-30,Novus Renta Balanceado,Renta Fija Mix,ARS,1933285888.69,1336064.8783853287
2026-01-30,Novus Renta Fija,Renta Fija,ARS,2049327027.02,1416259.1684681165
2026-01-30,Novus Capital,House View USD,USD,27609486.3,27609486.3
2026-01-30,Novus Multiestrategia,Multi,ARS,4724325804.67,3264910.6987203667
2026-01-30,Novus Renta Capital,Pagarés/Cheques,ARS,11395217149.8,7875063.643969532
2026-01-30,Novus Renta Dolar,USD MEP,USD,4207536.15,4207536.15
2026-01-30,Novus Liquidez,Money Market,ARS,37724981858.26,26071169.08751561
2026-01-30,Novus Gestión,Renta Fija CER,ARS,49218040226.74,34013849.33009661
2026-01-30,Novus Liquidez Plus,Renta Fija CP,ARS,17216984826.04,11898399.958503854
2026-01-30,Novus Performance,House View ARS,ARS,30306183174.08,20944148.598859075
2026-01-30,Novus Income Dolares,USD MEP,USD,1000.0,1000.0
2026-01-30,Novus Renta Mixta,Mixto,ARS,15367105223.1,10619975.913106063
2026-02-02,Novus Renta Capital,Pagarés/Cheques,ARS,11412972640.23,7865591.342896457
2026-02-02,Novus Retorno Total,Total Return,ARS,6744586694.17,4648233.583429418
2026-02-02,Novus Gestion II,Renta Fija CP,ARS,1233698709.2,850240.3530365862
2026-02-02,Novus Valor,Dólar Linked,ARS,674745219.25,465020.8427281937
2026-02-02,Novus Income Dolares,USD MEP,USD,1000.0,1000.0
2026-02-02,Novus Renta Dolar,USD MEP,USD,4190733.74,4190733.74
2026-02-02,Novus Renta Mixta,Mixto,ARS,15157142681.22,10445998.077328945
2026-02-02,Novus Low Volatility,Low Vol,ARS,100000.0,68.91799000000009
2026-02-02,Novus Balanceado,Renta Fija Mix,ARS,1466384945.35,1010603.0299978197
2026-02-02,Novus Gestión,Renta Fija CER,ARS,49291846485.32,33970949.83156823
2026-02-02,Novus Renta Balanceado,Renta Fija Mix,ARS,1831339415.61,1262122.3153161597
2026-02-02,Novus Capital,House View USD,USD,27524427.52,27524427.52
2026-02-02,Novus Liquidez,Money Market,ARS,55971030980.01,38574109.53370024
2026-02-02,Novus Income,Renta Fija,ARS,5870892858.67,4046101.35324891
2026-02-02,Novus Liquidez Plus,Renta Fija CP,ARS,17203813218.9,11856522.273820197
2026-02-02,Novus Renta Fija,Renta Fija,ARS,2051135644.1,1413601.4580872753
2026-02-02,Novus PyME FCI Abierto PyMES,PyME,ARS,2706115399.98,1865000.3407466789
2026-02-02,Novus Performance,House View ARS,ARS,30216921916.12,20824895.224459417
2026-02-02,Novus Ahorro Dolares,USD MEP,USD,2485582.35,2485582.35
2026-02-02,Novus Estrategia,CER,ARS,5412069785.31,3729889.7134329723
2026-02-02,Novus Multiestrategia,Multi,ARS,4722242884.56,3254474.878956777
2026-02-03,Novus Gestion II,Renta Fija CP,ARS,1234901703.78,854012.2034810396
2026-02-03,Novus Capital,House View USD,USD,27654034.09,27654034.09
2026-02-03,Novus Low Volatility,Low Vol,ARS,600099997.31,415006.89442969667
2026-02-03,Novus Multiestrategia,Multi,ARS,4706427243.48,3254790.473140042
2026-02-03,Novus Liquidez,Money Market,ARS,47365683346.16,32756349.335352186
2026-02-03,Novus Renta Capital,Pagarés/Cheques,ARS,11418953215.64,7896924.400772341
2026-02-03,Novus Estrategia,CER,ARS,5473949930.08,3785580.6881009303
2026-02-03,Novus Income Dolares,USD MEP,USD,1000.0,1000.0
2026-02-03,Novus Gestión,Renta Fija CER,ARS,49349937370.89,34128585.80303114
2026-02-03,Novus Retorno Total,Total Return,ARS,6716738659.68,4645047.266030424
2026-02-03,Novus Renta Mixta,Mixto,ARS,15015164873.31,10383930.963764418
2026-02-03,Novus Renta Dolar,USD MEP,USD,4184178.19,4184178.19
2026-02-03,Novus Balanceado,Renta Fija Mix,ARS,1468044351.96,1015245.0093700805
2026-02-03,Novus Performance,House View ARS,ARS,30450089632.4,21058152.291442525
2026-02-03,Novus Valor,Dólar Linked,ARS,672904559.17,465355.8283628278
2026-02-03,Novus PyME FCI Abierto PyMES,PyME,ARS,2708085040.13,1872811.1437989234
2026-02-03,Novus Liquidez Plus,Renta Fija CP,ARS,18895165427.45,13067195.39898709
2026-02-03,Novus Income,Renta Fija,ARS,5876401078.23,4063900.971223874
2026-02-03,Novus Renta Fija,Renta Fija,ARS,2053710330.72,1420269.8720726853
2026-02-03,Novus Renta Balanceado,Renta Fija Mix,ARS,1833043286.36,1267664.7309406546
2026-02-03,Novus Ahorro Dolares,USD MEP,USD,2486260.46,2486260.46
2026-02-04,Novus Gestion II,Renta Fija CP,ARS,1239212771.74,856105.5582693387
2026-02-04,Novus Renta Mixta,Mixto,ARS,15044921909.92,10393728.635257348
2026-02-04,Novus Renta Fija,Renta Fija,ARS,2305832350.07,1592975.7474661923
2026-02-04,Novus Ahorro Dolares,USD MEP,USD,2419188.85,2419188.85
2026-02-04,Novus Estrategia,CER,ARS,5557400163.25,3839309.340400726
2026-02-04,Novus Gestión,Renta Fija CER,ARS,49487343618.2,34188148.23546268
2026-02-04,Novus Performance,House View ARS,ARS,30518797392.89,21083798.259328075
2026-02-04,Novus Low Volatility,Low Vol,ARS,602161160.95,416000.8100460193
2026-02-04,Novus Income Dolares,USD MEP,USD,1000.0,1000.0
2026-02-04,Novus Liquidez Plus,Renta Fija CP,ARS,18900192342.73,13057127.949263582
2026-02-04,Novus Income,Renta Fija,ARS,6285757447.43,4342492.275254536
2026-02-04,Novus Liquidez,Money Market,ARS,48256226399.01,33337635.459718972
2026-02-04,Novus PyME FCI Abierto PyMES,PyME,ARS,2710997641.82,1872882.6901601055
2026-02-04,Novus Renta Dolar,USD MEP,USD,4185351.65,4185351.65
2026-02-04,Novus Capital,House View USD,USD,27641139.48,27641139.48
2026-02-04,Novus Retorno Total,Total Return,ARS,6641052733.33,4587946.708925998
2026-02-04,Novus Valor,Dólar Linked,ARS,687562341.65,474999.89974824677
2026-02-04,Novus Renta Capital,Pagarés/Cheques,ARS,11445860975.04,7907330.704920916
2026-02-04,Novus Balanceado,Renta Fija Mix,ARS,1469142122.1,1014951.3992269511
2026-02-04,Novus Multiestrategia,Multi,ARS,4723354465.5,3263111.95607921
2026-02-04,Novus Renta Balanceado,Renta Fija Mix,ARS,1838984743.99,1270455.8061419611
2026-02-05,Novus Income Dolares,USD MEP,USD,1000.0,1000.0
2026-02-05,Novus Valor,Dólar Linked,ARS,687714848.78,476917.3873612583
2026-02-05,Novus Liquidez Plus,Renta Fija CP,ARS,18927950050.55,13126179.407390494
2026-02-05,Novus Liquidez,Money Market,ARS,48147509224.09,33389397.288483962
2026-02-05,Novus Renta Fija,Renta Fija,ARS,2309225906.91,1601404.9839176275
2026-02-05,Novus PyME FCI Abierto PyMES,PyME,ARS,2712789703.84,1881268.9304455805
2026-02-05,Novus Ahorro Dolares,USD MEP,USD,2402558.91,2402558.91
2026-02-05,Novus Retorno Total,Total Return,ARS,6632334447.2,4599399.914479042
2026-02-05,Novus Renta Capital,Pagarés/Cheques,ARS,11451441095.83,7941360.258009622
2026-02-05,Novus Estrategia,CER,ARS,5608542054.05,3889419.034747269
2026-02-05,Novus Performance,House View ARS,ARS,30575579517.5,21203592.632049296
2026-02-05,Novus Renta Balanceado,Renta Fija Mix,ARS,1844005076.2,1278783.0374497767
2026-02-05,Novus Gestion II,Renta Fija CP,ARS,1241437995.18,860914.0347668212
2026-02-05,Novus Multiestrategia,Multi,ARS,4710069959.52,3266345.438618881
2026-02-05,Novus Gestión,Renta Fija CER,ARS,49542957574.15,34357114.62436643
2026-02-05,Novus Income,Renta Fija,ARS,6291341252.22,4362927.510333159
2026-02-05,Novus Low Volatility,Low Vol,ARS,603012312.57,418177.76243705046
2026-02-05,Novus Renta Mixta,Mixto,ARS,14798919383.5,10262773.852664791
2026-02-05,Novus Renta Dolar,USD MEP,USD,4194969.98,4194969.98
2026-02-05,Novus Balanceado,Renta Fija Mix,ARS,1470625382.86,1019851.2023187516
2026-02-05,Novus Capital,House View USD,USD,27708327.2,27708327.2
2026-02-06,Novus Retorno Total,Total Return,ARS,6645256139.81,4640541.848576684
2026-02-06,Novus Gestion II,Renta Fija CP,ARS,1260852875.07,880483.8231303836
2026-02-06,Novus Valor,Dólar Linked,ARS,689529381.4,481514.9157367741
2026-02-06,Novus Balanceado,Renta Fija Mix,ARS,1474072750.83,1029380.3796506099
2026-02-06,Novus Ahorro Dolares,USD MEP,USD,2401167.45,2401167.45
2026-02-06,Novus Renta Mixta,Mixto,ARS,14944065250.63,10435799.422080955
2026-02-06,Novus Liquidez,Money Market,ARS,50502637700.79,35267203.96976651
2026-02-06,Novus Liquidez Plus,Renta Fija CP,ARS,19035515925.85,13292957.623403288
2026-02-06,Novus Low Volatility,Low Vol,ARS,603949730.81,421752.5918181629
2026-02-06,Novus Income Dolares,USD MEP,USD,1000.0,1000.0
2026-02-06,Novus Estrategia,CER,ARS,5626170116.85,3928889.620679164
2026-02-06,Novus Renta Capital,Pagarés/Cheques,ARS,11463475781.12,8005220.261374852
2026-02-06,Novus Renta Balanceado,Renta Fija Mix,ARS,1848215782.27,1290653.437937917
2026-02-06,Novus Renta Fija,Renta Fija,ARS,2311415865.09,1614117.172573111
2026-02-06,Novus Multiestrategia,Multi,ARS,4727284613.78,3301176.300633308
2026-02-06,Novus Capital,House View USD,USD,27861674.95,27861674.95
2026-02-06,Novus PyME FCI Abierto PyMES,PyME,ARS,2715092445.84,1896014.2171487743
2026-02-06,Novus Performance,House View ARS,ARS,30639002033.87,21395950.456300255
2026-02-06,Novus Income,Renta Fija,ARS,6302468694.99,4401165.148960201
2026-02-06,Novus Gestión,Renta Fija CER,ARS,48930791257.58,34169545.87415833
2026-02-06,Novus Renta Dolar,USD MEP,USD,4210426.7,4210426.7
2026-02-09,Novus Capital,House View USD,USD,27942076.78,27942076.78
2026-02-09,Novus Income,Renta Fija,ARS,6312648451.86,4458085.132635775
2026-02-09,Novus Balanceado,Renta Fija Mix,ARS,1475533378.89,1042043.362512788
2026-02-09,Novus PyME FCI Abierto PyMES,PyME,ARS,2718158000.17,1919603.136642657
2026-02-09,Novus Renta Mixta,Mixto,ARS,14993853918.72,10588880.047052672
2026-02-09,Novus Renta Dolar,USD MEP,USD,4224938.54,4224938.54
2026-02-09,Novus Estrategia,CER,ARS,5631477143.63,3977031.9415455186
2026-02-09,Novus Renta Capital,Pagarés/Cheques,ARS,11493596922.66,8116947.102657258
2026-02-09,Novus Gestion II,Renta Fija CP,ARS,1262441555.48,891554.7843708418
2026-02-09,Novus Low Volatility,Low Vol,ARS,605173335.38,427382.30549338623
2026-02-09,Novus Income Dolares,USD MEP,USD,1000.0,1000.0
2026-02-09,Novus Liquidez,Money Market,ARS,49811286981.11,35177463.09197851
2026-02-09,Novus Valor,Dólar Linked,ARS,677638468.68,478558.2478673057
2026-02-09,Novus Gestión,Renta Fija CER,ARS,49012496818.95,34613345.73724574
2026-02-09,Novus Liquidez Plus,Renta Fija CP,ARS,19249926085.23,13594580.775302883
2026-02-09,Novus Renta Fija,Renta Fija,ARS,2312547997.08,1633155.3899934534
2026-02-09,Novus Ahorro Dolares,USD MEP,USD,2462354.32,2462354.32
2026-02-09,Novus Retorno Total,Total Return,ARS,6649412931.16,4695913.158355282
2026-02-09,Novus Renta Balanceado,Renta Fija Mix,ARS,1848996048.58,1305788.1897491105
2026-02-09,Novus Performance,House View ARS,ARS,28663259899.18,20242415.490721438
2026-02-09,Novus Multiestrategia,Multi,ARS,4726078011.74,3337625.7652375614
2026-02-10,Novus Renta Dolar,USD MEP,USD,4230503.48,4230503.48
2026-02-10,Novus Gestion II,Renta Fija CP,ARS,1267253022.52,901317.9983298747
2026-02-10,Novus Estrategia,CER,ARS,5658453475.13,4024504.8693631385
2026-02-10,Novus Renta Fija,Renta Fija,ARS,2316004663.24,1647229.5982716328
2026-02-10,Novus Liquidez,Money Market,ARS,49217171651.13,35005103.04393789
2026-02-10,Novus Performance,House View ARS,ARS,28630529311.14,20363108.953984953
2026-02-10,Novus Gestión,Renta Fija CER,ARS,47641061822.5,33884114.472086675
2026-02-10,Novus Ahorro Dolares,USD MEP,USD,2451996.3,2451996.3
2026-02-10,Novus Capital,House View USD,USD,28086685.42,28086685.42
2026-02-10,Novus Balanceado,Renta Fija Mix,ARS,1474034605.07,1048388.8348269392
2026-02-10,Novus PyME FCI Abierto PyMES,PyME,ARS,2719953868.47,1934533.4615213268
2026-02-10,Novus Multiestrategia,Multi,ARS,4734641718.28,3367455.212569358
2026-02-10,Novus Low Volatility,Low Vol,ARS,606107614.78,431086.5252778536
2026-02-10,Novus Renta Mixta,Mixto,ARS,15259690769.94,10853265.839954326
2026-02-10,Novus Income Dolares,USD MEP,USD,1000.0,1000.0
2026-02-10,Novus Retorno Total,Total Return,ARS,6670451082.07,4744275.61852889
2026-02-10,Novus Valor,Dólar Linked,ARS,669671069.69,476295.24439575046
2026-02-10,Novus Renta Capital,Pagarés/Cheques,ARS,11502384925.6,8180928.648759958
2026-02-10,Novus Income,Renta Fija,ARS,6317201406.08,4493031.166776984
2026-02-10,Novus Renta Balanceado,Renta Fija Mix,ARS,1850964384.51,1316475.4665243754
2026-02-10,Novus Liquidez Plus,Renta Fija CP,ARS,19419057952.67,13811564.172517983
2026-02-11,Novus Gestión,Renta Fija CER,ARS,46931693123.15,33522637.2746544
2026-02-11,Novus Renta Fija,Renta Fija,ARS,2316212181.76,1654437.2395969697
2026-02-11,Novus PyME FCI Abierto PyMES,PyME,ARS,2721017407.79,1943583.8238354665
2026-02-11,Novus Liquidez Plus,Renta Fija CP,ARS,19352056471.25,13822897.203006342
2026-02-11,Novus Renta Mixta,Mixto,ARS,15142875332.65,10816339.306994643
2026-02-11,Novus Capital,House View USD,USD,28285578.73,28285578.73
2026-02-11,Novus Renta Dolar,USD MEP,USD,4245276.58,4245276.58
2026-02-11,Novus Liquidez,Money Market,ARS,62521784052.23,44658416.28699596
2026-02-11,Novus Balanceado,Renta Fija Mix,ARS,1478040531.27,1055743.2155065644
2026-02-11,Novus Income Dolares,USD MEP,USD,1000.0,1000.0
2026-02-11,Novus Valor,Dólar Linked,ARS,670326679.17,478804.76125961903
2026-02-11,Novus Renta Balanceado,Renta Fija Mix,ARS,1919352296.14,1370965.898394968
2026-02-11,Novus Renta Capital,Pagarés/Cheques,ARS,11504204585.97,8217288.825632795
2026-02-11,Novus Estrategia,CER,ARS,5656043229.96,4040030.7977422415
2026-02-11,Novus Ahorro Dolares,USD MEP,USD,2508144.24,2508144.24
2026-02-11,Novus Multiestrategia,Multi,ARS,4736185434.95,3382989.5287330667
2026-02-11,Novus Performance,House View ARS,ARS,28665024300.25,20475016.94782109
2026-02-11,Novus Gestion II,Renta Fija CP,ARS,1267892661.21,905637.5970372481
2026-02-11,Novus Income,Renta Fija,ARS,6323386107.57,4516704.272215915
2026-02-11,Novus Low Volatility,Low Vol,ARS,606150510.69,432964.6418335644
2026-02-11,Novus Retorno Total,Total Return,ARS,6664300006.93,4760214.195460002
2026-02-12,Novus Renta Balanceado,Renta Fija Mix,ARS,1770561649.76,1269219.8593276932
2026-02-12,Novus Renta Mixta,Mixto,ARS,14631027463.63,10488192.050090574
2026-02-12,Novus Ahorro Dolares,USD MEP,USD,2506295.05,2506295.05
2026-02-12,Novus Income Dolares,USD MEP,USD,1000.0,1000.0
2026-02-12,Novus Liquidez Plus,Renta Fija CP,ARS,15781933432.54,11313214.275189238
2026-02-12,Novus Retorno Total,Total Return,ARS,6588153165.57,4722690.58531088
2026-02-12,Novus Balanceado,Renta Fija Mix,ARS,1479304012.59,1060433.016278691
2026-02-12,Novus Performance,House View ARS,ARS,28645350511.03,20534302.06789478
2026-02-12,Novus Liquidez,Money Market,ARS,62509163398.82,44809437.494874224
2026-02-12,Novus Renta Dolar,USD MEP,USD,4251887.88,4251887.88
2026-02-12,Novus Income,Renta Fija,ARS,6328875580.83,4536828.511728108
2026-02-12,Novus PyME FCI Abierto PyMES,PyME,ARS,2722201762.09,1951399.1721269938
2026-02-12,Novus Renta Fija,Renta Fija,ARS,2314162642.43,1658898.002159113
2026-02-12,Novus Valor,Dólar Linked,ARS,667055835.36,478176.2406488915
2026-02-12,Novus Renta Capital,Pagarés/Cheques,ARS,11517575967.26,8256327.1100688735
2026-02-12,Novus Estrategia,CER,ARS,5534520076.55,3967398.0253425576
2026-02-12,Novus Multiestrategia,Multi,ARS,4722718247.6,3385461.2126472485
2026-02-12,Novus Capital,House View USD,USD,28111056.66,28111056.66
2026-02-12,Novus Gestion II,Renta Fija CP,ARS,1291356983.29,925703.9589078058
2026-02-12,Novus Gestión,Renta Fija CER,ARS,46274315742.03,33171553.514979694
2026-02-12,Novus Low Volatility,Low Vol,ARS,607324695.65,435358.21804545075
2026-02-13,Novus Multiestrategia,Multi,ARS,4736726565.59,3384584.8632305274
2026-02-13,Novus Liquidez Plus,Renta Fija CP,ARS,15987418281.0,11423664.24718199
2026-02-13,Novus Renta Mixta,Mixto,ARS,14550131561.46,10396664.101043848
2026-02-13,Novus Income,Renta Fija,ARS,6347078058.6,4535246.868362216
2026-02-13,Novus Renta Fija,Renta Fija,ARS,2316438901.34,1655190.3373584654
2026-02-13,Novus Retorno Total,Total Return,ARS,6594910091.46,4712332.9921708265
2026-02-13,Novus Ahorro Dolares,USD MEP,USD,2510364.99,2510364.99
2026-02-13,Novus Estrategia,CER,ARS,5735841364.67,4098493.250968457
2026-02-13,Novus Valor,Dólar Linked,ARS,620350539.31,443265.8326740448
2026-02-13,Novus Gestion II,Renta Fija CP,ARS,1300051863.53,928940.2286133869
2026-02-13,Novus Capital,House View USD,USD,28384018.27,28384018.27
2026-02-13,Novus Renta Capital,Pagarés/Cheques,ARS,11557274587.19,8258145.385077724
2026-02-13,Novus Renta Balanceado,Renta Fija Mix,ARS,1779075152.0,1271221.960277694
2026-02-13,Novus Income Dolares,USD MEP,USD,1000.0,1000.0
2026-02-13,Novus Performance,House View ARS,ARS,28932321058.09,20673326.727936212
2026-02-13,Novus Renta Dolar,USD MEP,USD,4257179.39,4257179.39
2026-02-13,Novus Liquidez,Money Market,ARS,48748759816.76,34832982.71335091
2026-02-13,Novus Balanceado,Renta Fija Mix,ARS,1484555252.55,1060775.4462567854
2026-02-13,Novus Low Volatility,Low Vol,ARS,609843646.77,435758.22822231014
2026-02-13,Novus Gestión,Renta Fija CER,ARS,45695882066.12,32651576.697818663
2026-02-13,Novus PyME FCI Abierto PyMES,PyME,ARS,2726166785.14,1947957.6682040074
2026-02-18,Novus Low Volatility,Low Vol,ARS,609965819.25,436938.2792213191
2026-02-18,Novus PyME FCI Abierto PyMES,PyME,ARS,2733750095.13,1958273.766644703
2026-02-18,Novus Renta Fija,Renta Fija,ARS,2323099417.22,1664111.3809758052
2026-02-18,Novus Income Dolares,USD MEP,USD,1000.0,1000.0
2026-02-18,Novus Retorno Total,Total Return,ARS,6544630349.78,4688130.765570751
2026-02-18,Novus Liquidez,Money Market,ARS,50337651471.97,36058490.68927984
2026-02-18,Novus Gestion II,Renta Fija CP,ARS,1277516286.41,915126.3074831635
2026-02-18,Novus Valor,Dólar Linked,ARS,618328069.02,442928.42966846266
2026-02-18,Novus Renta Capital,Pagarés/Cheques,ARS,11596520966.88,8306963.695855478
2026-02-18,Novus Capital,House View USD,USD,28352575.69,28352575.69
2026-02-18,Novus Renta Dolar,USD MEP,USD,4246808.99,4246808.99
2026-02-18,Novus Estrategia,CER,ARS,5647619531.67,4045572.8534080507
2026-02-18,Novus Performance,House View ARS,ARS,28672583488.81,20539100.54473966
2026-02-18,Novus Balanceado,Renta Fija Mix,ARS,1487940316.25,1065859.8577961226
2026-02-18,Novus Gestión,Renta Fija CER,ARS,45207826131.74,32383830.59173206
2026-02-18,Novus Renta Balanceado,Renta Fija Mix,ARS,1777504968.2,1273284.399882631
2026-02-18,Novus Liquidez Plus,Renta Fija CP,ARS,16071255052.54,11512360.702798115
2026-02-18,Novus Multiestrategia,Multi,ARS,4735133775.91,3391929.7420186754
2026-02-18,Novus Income,Renta Fija,ARS,6360596129.04,4556301.090545937
2026-02-18,Novus Renta Mixta,Mixto,ARS,14294919052.71,10239913.67283349
2026-02-18,Novus Ahorro Dolares,USD MEP,USD,2467172.93,2467172.93
2026-02-19,Novus Capital,House View USD,USD,28460475.69,28460475.69
2026-02-19,Novus Valor,Dólar Linked,ARS,614775658.28,442603.0628836831
2026-02-19,Novus Income,Renta Fija,ARS,6365794400.31,4583005.298465743
2026-02-19,Novus Low Volatility,Low Vol,ARS,609977861.02,439148.92520960525
2026-02-19,Novus Performance,House View ARS,ARS,28325087427.14,20392431.422505
2026-02-19,Novus Renta Dolar,USD MEP,USD,4235493.97,4235493.97
2026-02-19,Novus Retorno Total,Total Return,ARS,6570119810.23,4730107.824464531
2026-02-19,Novus Gestión,Renta Fija CER,ARS,45185413622.3,32530895.12823136
2026-02-19,Novus Ahorro Dolares,USD MEP,USD,2464229.04,2464229.04
2026-02-19,Novus Balanceado,Renta Fija Mix,ARS,1488571283.45,1071685.5823780734
2026-02-19,Novus Renta Mixta,Mixto,ARS,14745785934.58,10616116.51562777
2026-02-19,Novus Liquidez Plus,Renta Fija CP,ARS,11632351536.51,8374623.082838698
2026-02-19,Novus Liquidez,Money Market,ARS,55443125802.63,39915857.05384737
2026-02-19,Novus Renta Fija,Renta Fija,ARS,2321830911.64,1671584.5189202896
2026-02-19,Novus Multiestrategia,Multi,ARS,4752217864.92,3421323.134993381
2026-02-19,Novus Renta Balanceado,Renta Fija Mix,ARS,1774674220.94,1277663.217841674
2026-02-19,Novus PyME FCI Abierto PyMES,PyME,ARS,2734554350.21,1968721.6218206282
2026-02-19,Novus Income Dolares,USD MEP,USD,1000.0,1000.0
2026-02-19,Novus Renta Capital,Pagarés/Cheques,ARS,11590368003.98,8344397.357668571
2026-02-19,Novus Gestion II,Renta Fija CP,ARS,1276185847.57,918780.30194558
2026-02-19,Novus Estrategia,CER,ARS,5518721450.32,3973161.5658748616
2026-02-20,Novus Estrategia,CER,ARS,5528308191.56,4017665.9140287205
2026-02-20,Novus Renta Capital,Pagarés/Cheques,ARS,11609300590.73,8436991.870369604
2026-02-20,Novus Capital,House View USD,USD,28507171.94,28507171.94
2026-02-20,Novus Liquidez Plus,Renta Fija CP,ARS,11528975685.8,8378616.211596174
2026-02-20,Novus Liquidez,Money Market,ARS,48434246219.27,35199307.521226406
2026-02-20,Novus Renta Dolar,USD MEP,USD,4246052.0,4246052.0
2026-02-20,Novus Balanceado,Renta Fija Mix,ARS,1492026567.08,1084321.653871301
2026-02-20,Novus Gestion II,Renta Fija CP,ARS,1261560482.42,916831.7635479373
2026-02-20,Novus Gestión,Renta Fija CER,ARS,45263184529.09,32894756.830045898
2026-02-20,Novus Valor,Dólar Linked,ARS,610872649.94,443948.1552825255
2026-02-20,Novus Multiestrategia,Multi,ARS,4751941606.08,3453446.0009573256
2026-02-20,Novus Low Volatility,Low Vol,ARS,611912756.17,444704.0464525618
2026-02-20,Novus Retorno Total,Total Return,ARS,6600902938.51,4797167.9253251
2026-02-20,Novus Income Dolares,USD MEP,USD,1000.0,1000.0
2026-02-20,Novus Income,Renta Fija,ARS,6378307434.94,4635397.934159524
2026-02-20,Novus Renta Balanceado,Renta Fija Mix,ARS,1778098724.5,1292222.9350577733
2026-02-20,Novus PyME FCI Abierto PyMES,PyME,ARS,2736193851.12,1988513.011377124
2026-02-20,Novus Performance,House View ARS,ARS,27944450518.66,20308467.336623155
2026-02-20,Novus Ahorro Dolares,USD MEP,USD,2486203.78,2486203.78
2026-02-20,Novus Renta Fija,Renta Fija,ARS,2323837820.22,1688835.657585528
2026-02-20,Novus Renta Mixta,Mixto,ARS,14851787864.57,10793450.690206636
2026-02-23,Novus Liquidez Plus,Renta Fija CP,ARS,11692037501.92,8531220.268077355
2026-02-23,Novus Renta Fija,Renta Fija,ARS,2327328821.5,1698160.3770258962
2026-02-23,Novus Income,Renta Fija,ARS,6387379566.23,4660619.845461164
2026-02-23,Novus Renta Mixta,Mixto,ARS,14525301310.96,10598541.522266185
2026-02-23,Novus Ahorro Dolares,USD MEP,USD,2479571.31,2479571.31
2026-02-23,Novus Retorno Total,Total Return,ARS,6599815868.74,4815626.266656025
2026-02-23,Novus Gestión,Renta Fija CER,ARS,44914608875.96,32772424.95265979
2026-02-23,Novus Estrategia,CER,ARS,5482940855.97,4000686.463025743
2026-02-23,Novus Renta Capital,Pagarés/Cheques,ARS,11623574180.6,8481265.273118678
2026-02-23,Novus Renta Dolar,USD MEP,USD,4238987.6,4238987.6
2026-02-23,Novus Liquidez,Money Market,ARS,47964493545.1,34997805.93526379
2026-02-23,Novus Low Volatility,Low Vol,ARS,612371069.76,446823.10342083866
2026-02-23,Novus Performance,House View ARS,ARS,29939322090.98,21845546.714430332
2026-02-23,Novus Balanceado,Renta Fija Mix,ARS,1493970703.47,1090091.7092734326
2026-02-23,Novus Gestion II,Renta Fija CP,ARS,1263559897.3,921969.9991558631
2026-02-23,Novus Capital,House View USD,USD,28506426.93,28506426.93
2026-02-23,Novus Renta Balanceado,Renta Fija Mix,ARS,1976985557.51,1442528.6657826635
2026-02-23,Novus Income Dolares,USD MEP,USD,1000.0,1000.0
2026-02-23,Novus PyME FCI Abierto PyMES,PyME,ARS,2740340792.94,1999518.9812151922
2026-02-23,Novus Valor,Dólar Linked,ARS,607280693.22,443108.85571139865
2026-02-23,Novus Multiestrategia,Multi,ARS,4752165987.21,3467468.7607439035
2026-02-24,Novus Retorno Total,Total Return,ARS,6631937443.71,4804011.012174926
2026-02-24,Novus Multiestrategia,Multi,ARS,4756702772.01,3445637.521815303
2026-02-24,Novus Balanceado,Renta Fija Mix,ARS,1495504989.56,1083306.7259135242
2026-02-24,Novus Liquidez,Money Market,ARS,47191675157.81,34184479.13077369
2026-02-24,Novus PyME FCI Abierto PyMES,PyME,ARS,2744861949.02,1988309.923293755
2026-02-24,Novus Ahorro Dolares,USD MEP,USD,2479649.24,2479649.24
2026-02-24,Novus Renta Mixta,Mixto,ARS,14716365874.78,10660170.473816952
2026-02-24,Novus Renta Dolar,USD MEP,USD,4218935.81,4218935.81
2026-02-24,Novus Gestion II,Renta Fija CP,ARS,1267733408.68,918314.6414592579
2026-02-24,Novus Renta Fija,Renta Fija,ARS,2031234325.93,1471375.771092411
2026-02-24,Novus Capital,House View USD,USD,28500635.35,28500635.35
2026-02-24,Novus Renta Capital,Pagarés/Cheques,ARS,11653312095.27,8441370.279673636
2026-02-24,Novus Estrategia,CER,ARS,5494945452.76,3980402.211332121
2026-02-24,Novus Low Volatility,Low Vol,ARS,614053958.13,444805.45873121097
2026-02-24,Novus Performance,House View ARS,ARS,30121668268.91,21819389.476625364
2026-02-24,Novus Valor,Dólar Linked,ARS,612040317.82,443346.82762892667
2026-02-24,Novus Liquidez Plus,Renta Fija CP,ARS,11010290446.32,7975581.344111149
2026-02-24,Novus Renta Balanceado,Renta Fija Mix,ARS,1980126032.43,1434354.1907666896
2026-02-24,Novus Gestión,Renta Fija CER,ARS,43760340189.32,31698905.176706754
2026-02-24,Novus Income,Renta Fija,ARS,6394904179.25,4632309.99382506
2026-02-24,Novus Income Dolares,USD MEP,USD,1000.0,1000.0
2026-02-25,Novus Renta Fija,Renta Fija,ARS,2035581091.42,1455025.8324969788
2026-02-25,Novus Renta Mixta,Mixto,ARS,14717926034.29,10520319.072984172
2026-02-25,Novus Valor,Dólar Linked,ARS,618727436.6,442264.0823901649
2026-02-25,Novus Multiestrategia,Multi,ARS,4761675358.93,3403627.9283643384
2026-02-25,Novus Income Dolares,USD MEP,USD,1000.0,1000.0
2026-02-25,Novus Renta Balanceado,Renta Fija Mix,ARS,1987438358.0,1420613.5847764763
2026-02-25,Novus Liquidez Plus,Renta Fija CP,ARS,11400253137.36,8148858.761648325
2026-02-25,Novus Liquidez,Money Market,ARS,51101088125.76,36526868.71826721
2026-02-25,Novus Estrategia,CER,ARS,5529630834.3,3952559.660723556
2026-02-25,Novus Renta Dolar,USD MEP,USD,4217995.12,4217995.12
2026-02-25,Novus Renta Capital,Pagarés/Cheques,ARS,11674751572.08,8345069.227141973
2026-02-25,Novus Income,Renta Fija,ARS,6400349821.22,4574946.370913721
2026-02-25,Novus Ahorro Dolares,USD MEP,USD,2480854.55,2480854.55
2026-02-25,Novus Balanceado,Renta Fija Mix,ARS,1496844931.03,1069939.218374
2026-02-25,Novus Gestión,Renta Fija CER,ARS,42383583269.25,30295628.501601823
2026-02-25,Novus Capital,House View USD,USD,28415898.67,28415898.67
2026-02-25,Novus Gestion II,Renta Fija CP,ARS,1271932609.22,909172.7229198025
2026-02-25,Novus Low Volatility,Low Vol,ARS,614725945.54,439403.83138599375
2026-02-25,Novus Retorno Total,Total Return,ARS,6672488309.19,4769469.95520227
2026-02-25,Novus PyME FCI Abierto PyMES,PyME,ARS,2748683400.06,1964748.724234309
2026-02-25,Novus Performance,House View ARS,ARS,30321275182.8,21673535.31194728
2026-02-26,Novus Performance,House View ARS,ARS,30453871877.98,21629171.198443696
2026-02-26,Novus Gestion II,Renta Fija CP,ARS,1276835952.45,906843.7510514932
2026-02-26,Novus Gestión,Renta Fija CER,ARS,41456868525.39,29443799.79924276
2026-02-26,Novus Ahorro Dolares,USD MEP,USD,2480354.72,2480354.72
2026-02-26,Novus Estrategia,CER,ARS,5552508402.79,3943543.0511408597
2026-02-26,Novus Renta Dolar,USD MEP,USD,4223720.46,4223720.46
2026-02-26,Novus Income,Renta Fija,ARS,6405871923.77,4549625.1205649795
2026-02-26,Novus Capital,House View USD,USD,28389883.87,28389883.87
2026-02-26,Novus Valor,Dólar Linked,ARS,623712412.22,442977.5825074983
2026-02-26,Novus Liquidez,Money Market,ARS,39937125650.77,28364436.92070716
2026-02-26,Novus Liquidez Plus,Renta Fija CP,ARS,11447494791.77,8130323.317722881
2026-02-26,Novus Retorno Total,Total Return,ARS,6673681723.85,4739830.951789338
2026-02-26,Novus Renta Capital,Pagarés/Cheques,ARS,11692260092.61,8304162.3164721625
2026-02-26,Novus PyME FCI Abierto PyMES,PyME,ARS,2752722682.37,1955058.7983484054
2026-02-26,Novus Multiestrategia,Multi,ARS,4774463785.85,3390954.5235720286
2026-02-26,Novus Low Volatility,Low Vol,ARS,616661109.64,437969.5549146218
2026-02-26,Novus Balanceado,Renta Fija Mix,ARS,1497937215.68,1063875.9042619257
2026-02-26,Novus Renta Fija,Renta Fija,ARS,2038931260.54,1448104.6440589228
2026-02-26,Novus Renta Balanceado,Renta Fija Mix,ARS,2254441398.85,1601165.827713461
2026-02-26,Novus Renta Mixta,Mixto,ARS,14563368929.58,10343302.193759508
2026-02-26,Novus Income Dolares,USD MEP,USD,1000.0,1000.0
2026-02-27,Novus Gestion II,Renta Fija CP,ARS,1091917631.28,781616.0420557974
2026-02-27,Novus Renta Fija,Renta Fija,ARS,2039189739.86,1459691.9839106898
2026-02-27,Novus Gestión,Renta Fija CER,ARS,41493267927.6,29701694.450627472
2026-02-27,Novus Renta Balanceado,Renta Fija Mix,ARS,2507200594.98,1794703.3270183464
2026-02-27,Novus Renta Dolar,USD MEP,USD,4190040.05,4190040.05
2026-02-27,Novus Estrategia,CER,ARS,5316085736.45,3805358.365431346
2026-02-27,Novus Capital,House View USD,USD,28230169.51,28230169.51
2026-02-27,Novus Income Dolares,USD MEP,USD,1000.0,1000.0
2026-02-27,Novus Multiestrategia,Multi,ARS,4762715586.82,3409245.166271259
2026-02-27,Novus Income,Renta Fija,ARS,6419833600.64,4595442.720076687
2026-02-27,Novus Ahorro Dolares,USD MEP,USD,2535183.53,2535183.53
2026-02-27,Novus Renta Mixta,Mixto,ARS,14183481764.81,10152814.243493592
2026-02-27,Novus Valor,Dólar Linked,ARS,625480940.11,447731.51635716436
2026-02-27,Novus Liquidez,Money Market,ARS,42864936665.06,30683561.817608595
2026-02-27,Novus Liquidez Plus,Renta Fija CP,ARS,11689551663.06,8367610.195630947
2026-02-27,Novus Low Volatility,Low Vol,ARS,618419482.85,442676.78684589406
2026-02-27,Novus Balanceado,Renta Fija Mix,ARS,1503465984.59,1076210.4197028202
2026-02-27,Novus Retorno Total,Total Return,ARS,6621206695.83,4739589.528526355
2026-02-27,Novus Performance,House View ARS,ARS,30538888893.96,21860335.232518896
2026-02-27,Novus PyME FCI Abierto PyMES,PyME,ARS,2754833911.89,1971964.1088755357
2026-02-27,Novus Renta Capital,Pagarés/Cheques,ARS,11723310516.47,8391775.444575353
2026-03-02,Novus Gestion II,Renta Fija CP,ARS,1094154524.94,784340.1851696875
2026-03-02,Novus Renta Capital,Pagarés/Cheques,ARS,11747312058.62,8421012.485242315
2026-03-02,Novus Performance,House View ARS,ARS,31090525782.9,22287115.936316177
2026-03-02,Novus Income,Renta Fija,ARS,6429618169.27,4609045.42320671
2026-03-02,Novus Estrategia,CER,ARS,5318557006.07,3812585.783717558
2026-03-02,Novus Liquidez Plus,Renta Fija CP,ARS,11668494228.28,8364512.24671619
2026-03-02,Novus Ahorro Dolares,USD MEP,USD,2571423.24,2571423.24
2026-03-02,Novus Renta Variable,Equity,ARS,7000000.0,5017.9213000000045
2026-03-02,Novus Renta Dolar,USD MEP,USD,4191579.54,4191579.54
2026-03-02,Novus Gestión,Renta Fija CER,ARS,41502036705.09,29750564.853693303
2026-03-02,Novus Capital,House View USD,USD,28675321.07,28675321.07
2026-03-02,Novus Renta Balanceado,Renta Fija Mix,ARS,2691189467.99,1929168.1362518144
2026-03-02,Novus Retorno Total,Total Return,ARS,6635981291.95,4756975.981611065
2026-03-02,Novus Liquidez,Money Market,ARS,42894706138.71,30748894.227239124
2026-03-02,Novus Valor,Dólar Linked,ARS,622020951.39,445893.1687180212
2026-03-02,Novus Renta Fija,Renta Fija,ARS,2043632556.25,1464969.6190543333
2026-03-02,Novus Multiestrategia,Multi,ARS,4775578154.08,3423353.6198818195
2026-03-02,Novus Low Volatility,Low Vol,ARS,619608569.18,444163.86242154974
2026-03-02,Novus Balanceado,Renta Fija Mix,ARS,1505099849.73,1078924.6563695676
2026-03-02,Novus PyME FCI Abierto PyMES,PyME,ARS,2758382371.29,1977335.093491516
2026-03-02,Novus Renta Mixta,Mixto,ARS,14138854468.91,10135379.85673482
2026-03-02,Novus Income Dolares,USD MEP,USD,1000.0,1000.0
2026-03-03,Novus Income Dolares,USD MEP,USD,1000.0,1000.0
2026-03-03,Novus Multiestrategia,Multi,ARS,4787400053.54,3383321.6839574594
2026-03-03,Novus Valor,Dólar Linked,ARS,631193576.08,446073.2106870863
2026-03-03,Novus Capital,House View USD,USD,28669590.03,28669590.03
2026-03-03,Novus Income,Renta Fija,ARS,6433697927.56,4546783.110438056
2026-03-03,Novus PyME FCI Abierto PyMES,PyME,ARS,2762622711.89,1952383.5946860884
2026-03-03,Novus Renta Capital,Pagarés/Cheques,ARS,11754207589.09,8306860.711274639
2026-03-03,Novus Renta Mixta,Mixto,ARS,14169508205.46,10013786.988011824
2026-03-03,Novus Liquidez,Money Market,ARS,38199444406.73,26996074.514568925
2026-03-03,Novus Estrategia,CER,ARS,5662394479.83,4001692.3199396855
2026-03-03,Novus Retorno Total,Total Return,ARS,6638695850.45,4691657.971515754
2026-03-03,Novus Renta Variable,Equity,ARS,6999581.63,4946.700932147498
2026-03-03,Novus Balanceado,Renta Fija Mix,ARS,1506586461.62,1064725.443320025
2026-03-03,Novus Renta Dolar,USD MEP,USD,4184704.61,4184704.61
2026-03-03,Novus Gestión,Renta Fija CER,ARS,41555201666.49,29367634.479491502
2026-03-03,Novus Ahorro Dolares,USD MEP,USD,2577661.06,2577661.06
2026-03-03,Novus Liquidez Plus,Renta Fija CP,ARS,12420957956.76,8778062.397262102
2026-03-03,Novus Performance,House View ARS,ARS,31027174579.58,21927332.4503984
2026-03-03,Novus Gestion II,Renta Fija CP,ARS,1024311787.98,723895.2760681406
2026-03-03,Novus Renta Balanceado,Renta Fija Mix,ARS,2693785889.72,1903735.6625104034
2026-03-03,Novus Renta Fija,Renta Fija,ARS,2347696033.95,1659149.1853977346
2026-03-03,Novus Low Volatility,Low Vol,ARS,619678915.17,437935.64091966866
2026-03-04,Novus Renta Fija,Renta Fija,ARS,2348918495.46,1677199.9175562807
2026-03-04,Novus Income Dolares,USD MEP,USD,1000.0,1000.0
2026-03-04,Novus Renta Mixta,Mixto,ARS,14109517380.43,10074628.57181078
2026-03-04,Novus Capital,House View USD,USD,28832684.03,28832684.03
2026-03-04,Novus Estrategia,CER,ARS,5693125407.45,4065066.3198693814
2026-03-04,Novus Valor,Dólar Linked,ARS,625695607.94,446765.8729243318
2026-03-04,Novus Liquidez,Money Market,ARS,37244110990.49,26593438.64141774
2026-03-04,Novus Retorno Total,Total Return,ARS,6648157462.4,4746988.526587781
2026-03-04,Novus Gestión,Renta Fija CER,ARS,41329712175.39,29510683.315392774
2026-03-04,Novus Renta Dolar,USD MEP,USD,4228434.51,4228434.51
2026-03-04,Novus PyME FCI Abierto PyMES,PyME,ARS,2763641025.06,1973324.5356723447
2026-03-04,Novus Gestion II,Renta Fija CP,ARS,1027361596.06,733567.7195878521
2026-03-04,Novus Balanceado,Renta Fija Mix,ARS,1508169265.32,1076879.1562349445
2026-03-04,Novus Renta Capital,Pagarés/Cheques,ARS,11772205087.42,8405715.839114215
2026-03-04,Novus Income,Renta Fija,ARS,6440760150.52,4598900.478807984
2026-03-04,Novus Multiestrategia,Multi,ARS,4783991167.45,3415916.5620882018
2026-03-04,Novus Renta Balanceado,Renta Fija Mix,ARS,3199312748.14,2284407.521073369
2026-03-04,Novus Low Volatility,Low Vol,ARS,620876916.21,443325.17909527564
2026-03-04,Novus Performance,House View ARS,ARS,30767947362.28,21969258.992652334
2026-03-04,Novus Renta Variable,Equity,ARS,7003531.97,5000.7368350115685
2026-03-04,Novus Liquidez Plus,Renta Fija CP,ARS,13297164535.82,9494583.701526899
2026-03-04,Novus Ahorro Dolares,USD MEP,USD,2577041.65,2577041.65
2026-03-05,Novus Renta Variable,Equity,ARS,7007394.27,4980.380045045087
2026-03-05,Novus Renta Mixta,Mixto,ARS,14055384630.6,9989613.034814104
2026-03-05,Novus Income Dolares,USD MEP,USD,1000.0,1000.0
2026-03-05,Novus Gestión,Renta Fija CER,ARS,41184910942.16,29271438.24223448
2026-03-05,Novus Renta Balanceado,Renta Fija Mix,ARS,3742469840.32,2659893.4487973093
2026-03-05,Novus Renta Capital,Pagarés/Cheques,ARS,11780022523.1,8372440.145890197
2026-03-05,Novus Retorno Total,Total Return,ARS,6634186359.99,4715129.203427068
2026-03-05,Novus Estrategia,CER,ARS,5697547027.72,4049429.5638602106
2026-03-05,Novus Income,Renta Fija,ARS,6447589206.9,4582508.616957391
2026-03-05,Novus Renta Fija,Renta Fija,ARS,2353071526.07,1672403.4671739428
2026-03-05,Novus Multiestrategia,Multi,ARS,4795567314.0,3408363.6277705934
2026-03-05,Novus Liquidez Plus,Renta Fija CP,ARS,14441917437.88,10264334.308651114
2026-03-05,Novus Renta Dolar,USD MEP,USD,4206860.76,4206860.76
2026-03-05,Novus Liquidez,Money Market,ARS,35787174643.98,25435093.787782766
2026-03-05,Novus Ahorro Dolares,USD MEP,USD,2643177.87,2643177.87
2026-03-05,Novus Capital,House View USD,USD,28868311.68,28868311.68
2026-03-05,Novus Balanceado,Renta Fija Mix,ARS,1509270096.71,1072686.705301906
2026-03-05,Novus Low Volatility,Low Vol,ARS,621235970.45,441532.3458734683
2026-03-05,Novus Gestion II,Renta Fija CP,ARS,1027194387.41,730060.0240721259
2026-03-05,Novus Performance,House View ARS,ARS,30762849473.03,21864144.607950594
2026-03-05,Novus Valor,Dólar Linked,ARS,628457226.04,446664.72402358573
2026-03-05,Novus PyME FCI Abierto PyMES,PyME,ARS,2765347022.7,1965420.8966723266
2026-03-06,Novus Gestion II,Renta Fija CP,ARS,1027838932.2,725874.9631519436
2026-03-06,Novus Retorno Total,Total Return,ARS,6675078404.63,4714038.493002255
2026-03-06,Novus Balanceado,Renta Fija Mix,ARS,1514727705.87,1069722.9723826705
2026-03-06,Novus Estrategia,CER,ARS,5707615878.57,4030802.23539955
2026-03-06,Novus Liquidez Plus,Renta Fija CP,ARS,14340411010.23,10127409.059466278
2026-03-06,Novus Renta Dolar,USD MEP,USD,4198080.04,4198080.04
2026-03-06,Novus Valor,Dólar Linked,ARS,632087753.93,446389.66351534886
2026-03-06,Novus Renta Variable,Equity,ARS,7011453.25,4951.591353512777
2026-03-06,Novus Renta Fija,Renta Fija,ARS,2354544670.96,1662814.0584386156
2026-03-06,Novus Ahorro Dolares,USD MEP,USD,2643040.68,2643040.68
2026-03-06,Novus Performance,House View ARS,ARS,30775435561.65,21734064.992539994
2026-03-06,Novus Liquidez,Money Market,ARS,41090685181.19,29018845.90802855
2026-03-06,Novus Low Volatility,Low Vol,ARS,621839319.19,439152.06824997027
2026-03-06,Novus Renta Balanceado,Renta Fija Mix,ARS,3748904163.31,2647531.229020723
2026-03-06,Novus Income,Renta Fija,ARS,6467554337.54,4567481.946219511
2026-03-06,Novus Multiestrategia,Multi,ARS,4814019495.18,3399731.3335826965
2026-03-06,Novus Income Dolares,USD MEP,USD,1000.0,1000.0
2026-03-06,Novus Renta Capital,Pagarés/Cheques,ARS,11803205831.51,8335597.465338088
2026-03-06,Novus Gestión,Renta Fija CER,ARS,41227433543.3,29115419.611551557
2026-03-06,Novus Capital,House View USD,USD,28894555.66,28894555.66
2026-03-06,Novus PyME FCI Abierto PyMES,PyME,ARS,2769979936.62,1956200.5499461128
2026-03-06,Novus Renta Mixta,Mixto,ARS,14199998192.43,10028247.463467497
2026-03-09,Novus Retorno Total,Total Return,ARS,6676640998.17,4715142.019530329
2026-03-09,Novus Income,Renta Fija,ARS,6477061840.44,4574196.284527783
2026-03-09,Novus PyME FCI Abierto PyMES,PyME,ARS,2773619519.17,1958770.8766447864
2026-03-09,Novus Liquidez,Money Market,ARS,40738972249.7,28770461.065630216
2026-03-09,Novus Renta Capital,Pagarés/Cheques,ARS,13038255943.33,9207808.009542016
2026-03-09,Novus Renta Dolar,USD MEP,USD,4182921.14,4182921.14
2026-03-09,Novus Liquidez Plus,Renta Fija CP,ARS,14608482019.12,10316724.746588228
2026-03-09,Novus Valor,Dólar Linked,ARS,632058774.3,446369.1976746423
2026-03-09,Novus Capital,House View USD,USD,28985206.21,28985206.21
2026-03-09,Novus Renta Variable,Equity,ARS,107023525.68,75581.58708104352
2026-03-09,Novus Renta Fija,Renta Fija,ARS,2356017675.39,1663854.3158202467
2026-03-09,Novus Ahorro Dolares,USD MEP,USD,2671470.4,2671470.4
2026-03-09,Novus Performance,House View ARS,ARS,30780379317.32,21737556.345467355
2026-03-09,Novus Renta Mixta,Mixto,ARS,14161284610.37,10000907.36272707
2026-03-09,Novus Multiestrategia,Multi,ARS,4810743483.33,3397417.765856852
2026-03-09,Novus Income Dolares,USD MEP,USD,1000.0,1000.0
2026-03-09,Novus Renta Balanceado,Renta Fija Mix,ARS,3751069417.06,2649060.3630482033
2026-03-09,Novus Estrategia,CER,ARS,5488182993.29,3875835.5061514005
2026-03-09,Novus Balanceado,Renta Fija Mix,ARS,1516288029.08,1070824.8955703238
2026-03-09,Novus Gestion II,Renta Fija CP,ARS,1030618899.9,727838.2172072087
2026-03-09,Novus Low Volatility,Low Vol,ARS,622757923.16,439800.79987706256
2026-03-09,Novus Gestión,Renta Fija CER,ARS,41308037324.17,29172343.186477527
2026-03-10,Novus Renta Mixta,Mixto,ARS,14344720493.95,10246228.719325427
2026-03-10,Novus Renta Balanceado,Renta Fija Mix,ARS,3876371797.05,2768836.9425161188
2026-03-10,Novus Ahorro Dolares,USD MEP,USD,2674770.81,2674770.81
2026-03-10,Novus Income,Renta Fija,ARS,6483090023.45,4630778.495563001
2026-03-10,Novus Capital,House View USD,USD,29299145.75,29299145.75
2026-03-10,Novus Low Volatility,Low Vol,ARS,623959811.42,445685.57067200285
2026-03-10,Novus Multiestrategia,Multi,ARS,4811034067.92,3436452.8369280864
2026-03-10,Novus Renta Variable,Equity,ARS,720782090.84,514844.3403031132
2026-03-10,Novus Valor,Dólar Linked,ARS,625741979.36,446958.54774654337
2026-03-10,Novus Renta Fija,Renta Fija,ARS,2358825690.51,1684875.4595239197
2026-03-10,Novus Income Dolares,USD MEP,USD,1000.0,1000.0
2026-03-10,Novus PyME FCI Abierto PyMES,PyME,ARS,2774376172.72,1981697.226594627
2026-03-10,Novus Renta Dolar,USD MEP,USD,4216115.46,4216115.46
2026-03-10,Novus Gestion II,Renta Fija CP,ARS,1031497586.68,736783.9757500348
2026-03-10,Novus Performance,House View ARS,ARS,30706854092.92,21933466.770559236
2026-03-10,Novus Retorno Total,Total Return,ARS,6695486343.34,4782490.149593054
2026-03-10,Novus Estrategia,CER,ARS,5601811242.96,4001293.6649455554
2026-03-10,Novus Liquidez,Money Market,ARS,39921395388.17,28515281.849815793
2026-03-10,Novus Balanceado,Renta Fija Mix,ARS,1517682206.97,1084058.697583112
2026-03-10,Novus Liquidez Plus,Renta Fija CP,ARS,14452734424.38,10323381.52523237
2026-03-10,Novus Gestión,Renta Fija CER,ARS,41356642723.93,29540458.497712262
2026-03-10,Novus Renta Capital,Pagarés/Cheques,ARS,13341291087.61,9529493.443417275
2026-03-11,Novus Performance,House View ARS,ARS,30751815271.09,22028521.637496572
2026-03-11,Novus Balanceado,Renta Fija Mix,ARS,1516960661.32,1086648.0712289438
2026-03-11,Novus Income,Renta Fija,ARS,6488823238.6,4648154.323682115
2026-03-11,Novus Multiestrategia,Multi,ARS,4819751496.1,3452544.156604907
2026-03-11,Novus Liquidez Plus,Renta Fija CP,ARS,14205307971.61,10175722.352042533
2026-03-11,Novus Valor,Dólar Linked,ARS,624090385.07,447056.1633541177
2026-03-11,Novus Capital,House View USD,USD,29437171.94,29437171.94
2026-03-11,Novus Income Dolares,USD MEP,USD,1000.0,1000.0
2026-03-11,Novus Low Volatility,Low Vol,ARS,624141101.7,447092.49331940553
2026-03-11,Novus PyME FCI Abierto PyMES,PyME,ARS,2776188783.24,1988673.9739513907
2026-03-11,Novus Renta Capital,Pagarés/Cheques,ARS,13850445598.02,9921522.936299112
2026-03-11,Novus Renta Balanceado,Renta Fija Mix,ARS,3922145672.72,2809560.0228891345
2026-03-11,Novus Liquidez,Money Market,ARS,43204417497.77,30948724.076779604
2026-03-11,Novus Gestion II,Renta Fija CP,ARS,1034190138.53,740823.9039895281
2026-03-11,Novus Renta Fija,Renta Fija,ARS,2360378912.6,1690815.8913721498
2026-03-11,Novus Gestión,Renta Fija CER,ARS,41379764426.69,29641665.9632055
2026-03-11,Novus Retorno Total,Total Return,ARS,6708641451.91,4805617.231986179
2026-03-11,Novus Renta Dolar,USD MEP,USD,4224003.9,4224003.9
2026-03-11,Novus Renta Variable,Equity,ARS,912092896.29,653361.6934223673
2026-03-11,Novus Ahorro Dolares,USD MEP,USD,2672251.32,2672251.32
2026-03-11,Novus Renta Mixta,Mixto,ARS,14473081781.67,10367537.408059957
2026-03-11,Novus Estrategia,CER,ARS,5599578335.1,4011159.3877701913
2026-03-12,Novus Low Volatility,Low Vol,ARS,625170318.53,448311.4484117787
2026-03-12,Novus Ahorro Dolares,USD MEP,USD,2691594.8,2691594.8
2026-03-12,Novus Retorno Total,Total Return,ARS,6666504356.21,4780569.606700739
2026-03-12,Novus Gestión,Renta Fija CER,ARS,40235661467.66,28853109.52187673
2026-03-12,Novus Gestion II,Renta Fija CP,ARS,1035544508.21,742591.9699164516
2026-03-12,Novus PyME FCI Abierto PyMES,PyME,ARS,2778076232.82,1992166.5229762618
2026-03-12,Novus Performance,House View ARS,ARS,30878861932.17,22143321.440258313
2026-03-12,Novus Balanceado,Renta Fija Mix,ARS,1518460232.09,1088892.2359663926
2026-03-12,Novus Renta Fija,Renta Fija,ARS,2363240396.04,1694686.5413974023
2026-03-12,Novus Liquidez,Money Market,ARS,39987997783.48,28675509.17572657
2026-03-12,Novus Income Dolares,USD MEP,USD,1000.0,1000.0
2026-03-12,Novus Renta Capital,Pagarés/Cheques,ARS,14645479922.28,10502316.124158576
2026-03-12,Novus Estrategia,CER,ARS,5663163550.55,4061071.0052736294
2026-03-12,Novus Multiestrategia,Multi,ARS,4827728939.97,3461978.423266351
2026-03-12,Novus Renta Balanceado,Renta Fija Mix,ARS,3928612845.62,2817219.664571304
2026-03-12,Novus Liquidez Plus,Renta Fija CP,ARS,14136374974.08,10137235.489400012
2026-03-12,Novus Capital,House View USD,USD,29282336.08,29282336.08
2026-03-12,Novus Renta Mixta,Mixto,ARS,14283277096.35,10242579.427295983
2026-03-12,Novus Valor,Dólar Linked,ARS,624566920.78,447878.7501354003
2026-03-12,Novus Renta Dolar,USD MEP,USD,4189030.82,4189030.82
2026-03-12,Novus Renta Variable,Equity,ARS,989558354.18,709615.1655016924
2026-03-12,Novus Income,Renta Fija,ARS,6494238533.02,4657037.285320305
2026-03-13,Novus Capital,House View USD,USD,29311902.12,29311902.12
2026-03-13,Novus Gestión,Renta Fija CER,ARS,40481530970.36,28915378.686235286
2026-03-13,Novus Retorno Total,Total Return,ARS,6677694684.38,4769781.822018649
2026-03-13,Novus Renta Fija,Renta Fija,ARS,2371363279.96,1693830.8803805253
2026-03-13,Novus Liquidez Plus,Renta Fija CP,ARS,14188767097.41,10134833.438310474
2026-03-13,Novus Estrategia,CER,ARS,5236675136.36,3740482.1654474996
2026-03-13,Novus Income Dolares,USD MEP,USD,1000.0,1000.0
2026-03-13,Novus Renta Balanceado,Renta Fija Mix,ARS,4335615805.89,3096868.370841204
2026-03-13,Novus Ahorro Dolares,USD MEP,USD,2574554.14,2574554.14
2026-03-13,Novus Gestion II,Renta Fija CP,ARS,1057952278.71,755680.1839649678
2026-03-13,Novus Multiestrategia,Multi,ARS,4861857978.13,3472755.6292091734
2026-03-13,Novus Renta Mixta,Mixto,ARS,14191500899.0,10136786.153692849
2026-03-13,Novus Renta Capital,Pagarés/Cheques,ARS,15477052807.24,11055037.498356393
2026-03-13,Novus Low Volatility,Low Vol,ARS,608622279.16,434730.1907053962
2026-03-13,Novus Liquidez,Money Market,ARS,39173851231.32,27981321.74845928
2026-03-13,Novus Renta Variable,Equity,ARS,983415129.75,702439.3643440699
2026-03-13,Novus Performance,House View ARS,ARS,30986805913.24,22133432.352502786
2026-03-13,Novus Renta Dolar,USD MEP,USD,4179121.8,4179121.8
2026-03-13,Novus Income,Renta Fija,ARS,6508051598.35,4648608.191563551
2026-03-13,Novus Balanceado,Renta Fija Mix,ARS,1523608601.43,1088291.836398449
2026-03-13,Novus Valor,Dólar Linked,ARS,628009542.73,448578.2358355782
2026-03-13,Novus PyME FCI Abierto PyMES,PyME,ARS,2781545549.44,1986818.209863636
2026-03-16,Novus Renta Dolar,USD MEP,USD,4179909.18,4179909.18
2026-03-16,Novus Capital,House View USD,USD,29500038.51,29500038.51
2026-03-16,Novus PyME FCI Abierto PyMES,PyME,ARS,2785332792.19,1995224.123828166
2026-03-16,Novus Estrategia,CER,ARS,5278741204.58,3781333.356055686
2026-03-16,Novus Ahorro Dolares,USD MEP,USD,2591781.44,2591781.44
2026-03-16,Novus Renta Balanceado,Renta Fija Mix,ARS,4290017370.59,3073078.439116427
2026-03-16,Novus Renta Fija,Renta Fija,ARS,2385022620.94,1708468.978112242
2026-03-16,Novus Liquidez,Money Market,ARS,40702114863.99,29156243.625597656
2026-03-16,Novus Renta Mixta,Mixto,ARS,14130014192.17,10121786.978311207
2026-03-16,Novus Renta Capital,Pagarés/Cheques,ARS,15518716636.29,11116559.532993553
2026-03-16,Novus Performance,House View ARS,ARS,31442271897.5,22523118.08978875
2026-03-16,Novus Income,Renta Fija,ARS,6516171225.55,4667744.572809177
2026-03-16,Novus Gestión,Renta Fija CER,ARS,39179627509.29,28065636.604835756
2026-03-16,Novus Valor,Dólar Linked,ARS,632759963.75,453266.4634569509
2026-03-16,Novus Gestion II,Renta Fija CP,ARS,1242569959.81,890093.1214786016
2026-03-16,Novus Balanceado,Renta Fija Mix,ARS,1527167884.29,1093959.835756379
2026-03-16,Novus Renta Variable,Equity,ARS,1478803907.85,1059315.1524395703
2026-03-16,Novus Income Dolares,USD MEP,USD,1000.0,1000.0
2026-03-16,Novus Retorno Total,Total Return,ARS,6707300298.75,4804656.520524309
2026-03-16,Novus Multiestrategia,Multi,ARS,4888285318.62,3501637.1541718324
2026-03-16,Novus Liquidez Plus,Renta Fija CP,ARS,14487002179.37,10377509.039953353
2026-03-16,Novus Low Volatility,Low Vol,ARS,505189881.01,361883.87991960807
2026-03-17,Novus Capital,House View USD,USD,29579401.16,29579401.16
2026-03-17,Novus Valor,Dólar Linked,ARS,633414544.34,453735.36074197904
2026-03-17,Novus Multiestrategia,Multi,ARS,4896736102.26,3507690.7242985545
2026-03-17,Novus Liquidez,Money Market,ARS,42085702483.22,30147352.26549097
2026-03-17,Novus Renta Fija,Renta Fija,ARS,2386760842.19,1709714.1223119856
2026-03-17,Novus Performance,House View ARS,ARS,31305416325.3,22425084.00930135
2026-03-17,Novus Income Dolares,USD MEP,USD,1000.0,1000.0
2026-03-17,Novus Estrategia,CER,ARS,5313277789.07,3806073.03051121
2026-03-17,Novus Renta Capital,Pagarés/Cheques,ARS,15550979697.0,11139670.608703293
2026-03-17,Novus Gestión,Renta Fija CER,ARS,39296066569.73,28149045.67645449
2026-03-17,Novus Low Volatility,Low Vol,ARS,406399701.29,291117.2733843491
2026-03-17,Novus Retorno Total,Total Return,ARS,6750235351.11,4835412.289625473
2026-03-17,Novus Liquidez Plus,Renta Fija CP,ARS,13546133589.25,9703534.384708075
2026-03-17,Novus Balanceado,Renta Fija Mix,ARS,1528939143.44,1095228.6460743204
2026-03-17,Novus Income,Renta Fija,ARS,6527030178.61,4675523.192716134
2026-03-17,Novus Gestion II,Renta Fija CP,ARS,1244032042.3,891140.4585376614
2026-03-17,Novus Renta Dolar,USD MEP,USD,4184169.58,4184169.58
2026-03-17,Novus Ahorro Dolares,USD MEP,USD,2593622.35,2593622.35
2026-03-17,Novus Renta Balanceado,Renta Fija Mix,ARS,4516748935.61,3235493.6052429597
2026-03-17,Novus Renta Mixta,Mixto,ARS,14351320401.67,10280315.786497245
2026-03-17,Novus PyME FCI Abierto PyMES,PyME,ARS,2787700141.47,1996919.9328195462
2026-03-17,Novus Renta Variable,Equity,ARS,1593161870.69,1141233.4664198584
2026-03-18,Novus Valor,Dólar Linked,ARS,634092812.08,454872.88308299024
2026-03-18,Novus Performance,House View ARS,ARS,31464389029.03,22571297.260303874
2026-03-18,Novus Renta Variable,Equity,ARS,1708797707.78,1225823.294532832
2026-03-18,Novus Low Volatility,Low Vol,ARS,216502114.81,155309.97873031313
2026-03-18,Novus Balanceado,Renta Fija Mix,ARS,1529467864.73,1097179.2203894998
2026-03-18,Novus Gestion II,Renta Fija CP,ARS,1243766997.51,892228.8177104737
2026-03-18,Novus PyME FCI Abierto PyMES,PyME,ARS,2788424273.89,2000304.3159601586
2026-03-18,Novus Renta Dolar,USD MEP,USD,4155334.22,4155334.22
2026-03-18,Novus Renta Balanceado,Renta Fija Mix,ARS,4816349910.99,3455057.2537827785
2026-03-18,Novus Income Dolares,USD MEP,USD,1000.0,1000.0
2026-03-18,Novus Retorno Total,Total Return,ARS,6745648867.37,4839059.346061432
2026-03-18,Novus Multiestrategia,Multi,ARS,4903912458.37,3517871.1315275505
2026-03-18,Novus Renta Mixta,Mixto,ARS,14451777734.7,10367128.72094217
2026-03-18,Novus Ahorro Dolares,USD MEP,USD,2704607.47,2704607.47
2026-03-18,Novus Liquidez Plus,Renta Fija CP,ARS,13965651689.41,10018401.29248033
2026-03-18,Novus Estrategia,CER,ARS,5405377994.21,3877602.498464287
2026-03-18,Novus Renta Capital,Pagarés/Cheques,ARS,15558022503.5,11160704.578913014
2026-03-18,Novus Capital,House View USD,USD,29645916.01,29645916.01
2026-03-18,Novus Liquidez,Money Market,ARS,40720655026.37,29211373.1617823
2026-03-18,Novus Renta Fija,Renta Fija,ARS,2387472373.87,1712677.4208666212
2026-03-18,Novus Gestión,Renta Fija CER,ARS,39269410937.85,28170308.55731718
2026-03-18,Novus Income,Renta Fija,ARS,6529893799.34,4684285.268883924
2026-03-19,Novus Ahorro Dolares,USD MEP,USD,2726963.75,2726963.75
2026-03-19,Novus Capital,House View USD,USD,29961942.08,29961942.08
2026-03-19,Novus Liquidez,Money Market,ARS,39981911374.06,28671144.5938809
2026-03-19,Novus Renta Capital,Pagarés/Cheques,ARS,15570337878.61,11165534.44673088
2026-03-19,Novus Renta Mixta,Mixto,ARS,14756873099.94,10582196.494898776
2026-03-19,Novus Low Volatility,Low Vol,ARS,216560784.29,155296.36644063066
2026-03-19,Novus Balanceado,Renta Fija Mix,ARS,1530537319.81,1097552.750593959
2026-03-19,Novus Retorno Total,Total Return,ARS,6773041540.51,4856967.730520102
2026-03-19,Novus Gestion II,Renta Fija CP,ARS,1244588878.88,892498.2943525809
2026-03-19,Novus PyME FCI Abierto PyMES,PyME,ARS,2790621858.8,2001163.027748835
2026-03-19,Novus Income,Renta Fija,ARS,6536953086.07,4687668.015184662
2026-03-19,Novus Gestión,Renta Fija CER,ARS,39274323985.04,28163731.62521124
2026-03-19,Novus Renta Variable,Equity,ARS,2382070227.85,1708189.4683948653
2026-03-19,Novus Liquidez Plus,Renta Fija CP,ARS,14455744541.96,10366256.332698502
2026-03-19,Novus Estrategia,CER,ARS,5585036437.14,4005045.8256786903
2026-03-19,Novus Valor,Dólar Linked,ARS,631919912.49,453151.60181431717
2026-03-19,Novus Renta Dolar,USD MEP,USD,4152348.98,4152348.98
2026-03-19,Novus Performance,House View ARS,ARS,31721429787.45,22747529.292726375
2026-03-19,Novus Renta Balanceado,Renta Fija Mix,ARS,4826908125.38,3461389.8147434997
2026-03-19,Novus Multiestrategia,Multi,ARS,4927731679.87,3533690.6780565856
2026-03-19,Novus Renta Fija,Renta Fija,ARS,2389920065.81,1713818.6099605113
2026-03-19,Novus Income Dolares,USD MEP,USD,1000.0,1000.0
2026-03-20,Novus Liquidez Plus,Renta Fija CP,ARS,14515054186.03,10438730.55573926
2026-03-20,Novus Valor,Dólar Linked,ARS,632588870.94,454936.28144064645
2026-03-20,Novus PyME FCI Abierto PyMES,PyME,ARS,2795001522.24,2010069.505742879
2026-03-20,Novus Gestion II,Renta Fija CP,ARS,1251750311.69,900216.0143067577
2026-03-20,Novus Multiestrategia,Multi,ARS,4922064059.35,3539780.1368935704
2026-03-20,Novus Retorno Total,Total Return,ARS,6759330509.48,4861079.333314426
2026-03-20,Novus Balanceado,Renta Fija Mix,ARS,1541270066.39,1108428.72031138
2026-03-20,Novus Renta Mixta,Mixto,ARS,14591531150.47,10493730.17305232
2026-03-20,Novus Income,Renta Fija,ARS,6567672939.52,4723245.763688092
2026-03-20,Novus Gestión,Renta Fija CER,ARS,39448483483.8,28370000.183412854
2026-03-20,Novus Renta Balanceado,Renta Fija Mix,ARS,4938331737.7,3551479.29480829
2026-03-20,Novus Renta Fija,Renta Fija,ARS,2392324254.54,1720477.7863756043
2026-03-20,Novus Renta Dolar,USD MEP,USD,4121629.53,4121629.53
2026-03-20,Novus Estrategia,CER,ARS,5637814732.48,4054523.542335627
2026-03-20,Novus Capital,House View USD,USD,29899315.48,29899315.48
2026-03-20,Novus Income Dolares,USD MEP,USD,1000.0,1000.0
2026-03-20,Novus Ahorro Dolares,USD MEP,USD,2727267.8,2727267.8
2026-03-20,Novus Renta Variable,Equity,ARS,2537747542.08,1825061.241297935
2026-03-20,Novus Performance,House View ARS,ARS,31894378850.5,22937346.481522135
2026-03-20,Novus Low Volatility,Low Vol,ARS,167761070.99,120648.02482737605
2026-03-20,Novus Liquidez,Money Market,ARS,43458742143.3,31254041.060479
2026-03-20,Novus Renta Capital,Pagarés/Cheques,ARS,15629190742.22,11239979.463480858
2026-03-25,Novus Liquidez Plus,Renta Fija CP,ARS,14456902421.2,10495028.791996924
2026-03-25,Novus Renta Capital,Pagarés/Cheques,ARS,15653255347.5,11363524.548632601
2026-03-25,Novus Gestion II,Renta Fija CP,ARS,1253636330.33,910080.8041847887
2026-03-25,Novus Income,Renta Fija,ARS,6567638461.36,4767795.530411986
2026-03-25,Novus Valor,Dólar Linked,ARS,627450731.61,455499.61547432817
2026-03-25,Novus Gestión,Renta Fija CER,ARS,39536800803.05,28701851.24601641
2026-03-25,Novus Renta Variable,Equity,ARS,2597401595.49,1885590.9609704334
2026-03-25,Novus Capital,House View USD,USD,30050236.15,30050236.15
2026-03-25,Novus Balanceado,Renta Fija Mix,ARS,1537817334.25,1116382.7996873239
2026-03-25,Novus Low Volatility,Low Vol,ARS,147806270.5,107300.37592703244
2026-03-25,Novus Liquidez,Money Market,ARS,40735669484.23,29572173.321951337
2026-03-25,Novus Renta Fija,Renta Fija,ARS,2097277554.2,1522524.5128486424
2026-03-25,Novus Renta Mixta,Mixto,ARS,14830441462.83,10766200.505177539
2026-03-25,Novus Retorno Total,Total Return,ARS,6792303095.21,4930891.4504163675
2026-03-25,Novus Renta Dolar,USD MEP,USD,4172260.1,4172260.1
2026-03-25,Novus Ahorro Dolares,USD MEP,USD,2724009.21,2724009.21
2026-03-25,Novus PyME FCI Abierto PyMES,PyME,ARS,2802767937.75,2034677.232159839
2026-03-25,Novus Performance,House View ARS,ARS,32172110179.02,23355433.46636808
2026-03-25,Novus Income Dolares,USD MEP,USD,1000.0,1000.0
2026-03-25,Novus Renta Balanceado,Renta Fija Mix,ARS,5623147577.37,4082139.7286049696
2026-03-25,Novus Estrategia,CER,ARS,6504551367.73,4721997.278147425
2026-03-25,Novus Multiestrategia,Multi,ARS,4881158761.97,3543490.8704966563
2026-03-26,Novus Performance,House View ARS,ARS,32435286644.64,23710006.4125694
2026-03-26,Novus Valor,Dólar Linked,ARS,627924969.0,459009.51037418173
2026-03-26,Novus Ahorro Dolares,USD MEP,USD,2726362.57,2726362.57
2026-03-26,Novus Multiestrategia,Multi,ARS,4919643437.02,3596230.818529701
2026-03-26,Novus Capital,House View USD,USD,30043755.63,30043755.63
2026-03-26,Novus Renta Variable,Equity,ARS,2571319353.04,1879619.5334200002
2026-03-26,Novus Income Dolares,USD MEP,USD,1000.0,1000.0
2026-03-26,Novus Retorno Total,Total Return,ARS,6789859759.1,4963348.102715518
2026-03-26,Novus Low Volatility,Low Vol,ARS,148505246.95,108556.47419001814
2026-03-26,Novus Liquidez Plus,Renta Fija CP,ARS,14309971466.58,10460506.144235518
2026-03-26,Novus Renta Mixta,Mixto,ARS,14777216885.39,10802059.8353622
2026-03-26,Novus Gestión,Renta Fija CER,ARS,39807394327.44,29098974.370471667
2026-03-26,Novus Liquidez,Money Market,ARS,41371245263.84,30242140.334644634
2026-03-26,Novus Renta Balanceado,Renta Fija Mix,ARS,6011783977.45,4394579.2191689
2026-03-26,Novus Renta Fija,Renta Fija,ARS,2108348334.53,1541190.4041210962
2026-03-26,Novus Renta Capital,Pagarés/Cheques,ARS,15675735720.48,11458871.89240375
2026-03-26,Novus Gestion II,Renta Fija CP,ARS,1263886885.32,923893.982624989
2026-03-26,Novus Income,Renta Fija,ARS,6574456538.17,4805889.597554369
2026-03-26,Novus Estrategia,CER,ARS,6610735637.05,4832409.408416876
2026-03-26,Novus Renta Dolar,USD MEP,USD,4158606.56,4158606.56
2026-03-26,Novus Balanceado,Renta Fija Mix,ARS,1540933033.56,1126413.11012077
2026-03-26,Novus PyME FCI Abierto PyMES,PyME,ARS,2808516327.76,2053009.1461978678
2026-03-27,Novus Income Dolares,USD MEP,USD,1000.0,1000.0
2026-03-27,Novus Liquidez,Money Market,ARS,46781775394.23,33838535.285114214
2026-03-27,Novus Multiestrategia,Multi,ARS,4933775460.85,3568734.482902822
2026-03-27,Novus Renta Dolar,USD MEP,USD,4118352.57,4118352.57
2026-03-27,Novus Ahorro Dolares,USD MEP,USD,2724547.44,2724547.44
2026-03-27,Novus Performance,House View ARS,ARS,32693775055.57,23648300.03775237
2026-03-27,Novus Renta Variable,Equity,ARS,3778181177.94,2732861.5903501105
2026-03-27,Novus Liquidez Plus,Renta Fija CP,ARS,14479829431.15,10473655.926894076
2026-03-27,Novus Renta Balanceado,Renta Fija Mix,ARS,6268130432.7,4533909.861932641
2026-03-27,Novus Capital,House View USD,USD,30043697.26,30043697.26
2026-03-27,Novus Renta Capital,Pagarés/Cheques,ARS,15712290699.86,11365128.80874464
2026-03-27,Novus Retorno Total,Total Return,ARS,6837734508.41,4945920.040084943
2026-03-27,Novus Estrategia,CER,ARS,6804532449.58,4921904.084516998
2026-03-27,Novus Valor,Dólar Linked,ARS,637380150.84,461034.4635806816
2026-03-27,Novus Renta Fija,Renta Fija,ARS,2115995289.6,1530557.1596390584
2026-03-27,Novus Gestión,Renta Fija CER,ARS,41266583586.85,29849246.486099984
2026-03-27,Novus Income,Renta Fija,ARS,6587157023.93,4764670.5047952365
2026-03-27,Novus PyME FCI Abierto PyMES,PyME,ARS,2814360880.06,2035704.0565993867
2026-03-27,Novus Low Volatility,Low Vol,ARS,149037660.95,107803.00889327697
2026-03-27,Novus Balanceado,Renta Fija Mix,ARS,1545197750.35,1117683.7167267192
2026-03-27,Novus Renta Mixta,Mixto,ARS,14900228808.35,10777742.273325829
2026-03-27,Novus Gestion II,Renta Fija CP,ARS,1289639838.62,932831.7024414233
2026-03-30,Novus Ahorro Dolares,USD MEP,USD,2727363.54,2727363.54
2026-03-30,Novus Liquidez Plus,Renta Fija CP,ARS,13579245517.2,9713337.520719098
2026-03-30,Novus Renta Mixta,Mixto,ARS,15100311604.84,10801367.653310256
2026-03-30,Novus Capital,House View USD,USD,30110025.2,30110025.2
2026-03-30,Novus Gestión,Renta Fija CER,ARS,41195161993.17,29467212.45694567
2026-03-30,Novus Renta Capital,Pagarés/Cheques,ARS,15726339367.91,11249170.070045227
2026-03-30,Novus Renta Fija,Renta Fija,ARS,2115967927.77,1513567.940090133
2026-03-30,Novus Income,Renta Fija,ARS,6594812037.03,4717319.170659043
2026-03-30,Novus Renta Dolar,USD MEP,USD,4118453.1,4118453.1
2026-03-30,Novus Renta Variable,Equity,ARS,4615018066.39,3301157.4970260737
2026-03-30,Novus Estrategia,CER,ARS,6919723422.61,4949730.754090948
2026-03-30,Novus Retorno Total,Total Return,ARS,6834572185.92,4888821.427337192
2026-03-30,Novus Renta Balanceado,Renta Fija Mix,ARS,6303879566.38,4509212.963316321
2026-03-30,Novus PyME FCI Abierto PyMES,PyME,ARS,2817778075.73,2015578.0726830459
2026-03-30,Novus Performance,House View ARS,ARS,32456117339.57,23216107.399486218
2026-03-30,Novus Income Dolares,USD MEP,USD,1000.0,1000.0
2026-03-30,Novus Low Volatility,Low Vol,ARS,148877117.28,106492.9334564754
2026-03-30,Novus Gestion II,Renta Fija CP,ARS,1286721254.0,920401.492067731
2026-03-30,Novus Multiestrategia,Multi,ARS,4957664479.78,3546255.0806366825
2026-03-30,Novus Liquidez,Money Market,ARS,47291123239.85,33827699.866001345
2026-03-30,Novus Valor,Dólar Linked,ARS,639581674.88,457497.6328623934
2026-03-30,Novus Balanceado,Renta Fija Mix,ARS,1545331025.08,1105387.0267555153
2026-03-31,Novus Renta Balanceado,Renta Fija Mix,ARS,6544949053.71,4701831.18665397
2026-03-31,Novus Low Volatility,Low Vol,ARS,149313787.94,107265.65156924695
2026-03-31,Novus Valor,Dólar Linked,ARS,640464350.87,460103.69739298
2026-03-31,Novus Income,Renta Fija,ARS,6601035164.0,4742122.932294091
2026-03-31,Novus Gestión,Renta Fija CER,ARS,41400639843.04,29741838.77735338
2026-03-31,Novus Balanceado,Renta Fija Mix,ARS,1547219713.01,1111508.4074050244
2026-03-31,Novus Renta Dolar,USD MEP,USD,4156958.82,4156958.82
2026-03-31,Novus PyME FCI Abierto PyMES,PyME,ARS,2820770006.55,2026415.2216214598
2026-03-31,Novus Performance,House View ARS,ARS,32624697116.77,23437282.261474095
2026-03-31,Novus Renta Fija,Renta Fija,ARS,2118525804.0,1521929.4471562032
2026-03-31,Novus Capital,House View USD,USD,30303076.03,30303076.03
2026-03-31,Novus Gestion II,Renta Fija CP,ARS,1291258669.38,927628.3485028337
2026-03-31,Novus Renta Capital,Pagarés/Cheques,ARS,15749048843.04,11313971.79759058
2026-03-31,Novus Renta Mixta,Mixto,ARS,15520885666.61,11150061.470744492
2026-03-31,Novus Ahorro Dolares,USD MEP,USD,2311792.86,2311792.86
2026-03-31,Novus Retorno Total,Total Return,ARS,6901664841.4,4958092.526745219
2026-03-31,Novus Liquidez,Money Market,ARS,50406945792.72,36211886.11358876
2026-03-31,Novus Multiestrategia,Multi,ARS,4948203639.57,3554743.9711936037
2026-03-31,Novus Renta Variable,Equity,ARS,5644758601.32,4055142.6474091555
2026-03-31,Novus Liquidez Plus,Renta Fija CP,ARS,13512769936.59,9707449.604962839
2026-03-31,Novus Estrategia,CER,ARS,7158967370.96,5142936.296797851
2026-03-31,Novus Income Dolares,USD MEP,USD,1000.0,1000.0
2026-04-01,Novus Renta Dolar,USD MEP,USD,4168437.14,4168437.14
2026-04-01,Novus Dolar MM,Money Market USDMEP,USD,400000.0,400000.0
2026-04-01,Novus Retorno Total,Total Return,ARS,6937736106.37,4976855.067039195
2026-04-01,Novus Estrategia,CER,ARS,8029341059.75,5759928.905556369
2026-04-01,Novus Gestión,Renta Fija CER,ARS,41543009508.58,29801297.455375914
2026-04-01,Novus Income,Renta Fija,ARS,6614498929.75,4744977.613695355
2026-04-01,Novus Renta Capital,Pagarés/Cheques,ARS,15784974706.68,11323511.03408144
2026-04-01,Novus Renta Variable,Equity,ARS,5894709317.27,4228629.265307741
2026-04-01,Novus Liquidez,Money Market,ARS,47323191438.96,33947769.342971504
2026-04-01,Novus Gestion II,Renta Fija CP,ARS,1295865013.25,929601.8554915217
2026-04-01,Novus PyME FCI Abierto PyMES,PyME,ARS,2825562379.79,2026945.7113223933
2026-04-01,Novus Multiestrategia,Multi,ARS,4949055132.44,3550254.6847126726
2026-04-01,Novus Liquidez Plus,Renta Fija CP,ARS,13607557222.23,9761518.60969464
2026-04-01,Novus Ahorro Dolares,USD MEP,USD,2339865.99,2339865.99
2026-04-01,Novus Balanceado,Renta Fija Mix,ARS,1551198907.73,1112768.203569084
2026-04-01,Novus Low Volatility,Low Vol,ARS,149726921.89,107408.11965970263
2026-04-01,Novus Income Dolares,USD MEP,USD,1000.0,1000.0
2026-04-01,Novus Capital,House View USD,USD,30375391.64,30375391.64
2026-04-01,Novus Performance,House View ARS,ARS,32776961740.44,23512884.55181822
2026-04-01,Novus Renta Mixta,Mixto,ARS,15445242433.74,11079800.656791974
2026-04-01,Novus Renta Balanceado,Renta Fija Mix,ARS,6575903528.47,4717290.812773594
2026-04-01,Novus Valor,Dólar Linked,ARS,645430681.17,463006.21798717947
2026-04-01,Novus Renta Fija,Renta Fija,ARS,2126175895.19,1525233.7527910885
2026-04-06,Novus Renta Fija,Renta Fija,ARS,2433812119.42,1747173.118609845
2026-04-06,Novus Liquidez,Money Market,ARS,49565477372.71,35581822.02548194
2026-04-06,Novus PyME FCI Abierto PyMES,PyME,ARS,2840448802.65,2039087.4682472495
2026-04-06,Novus Estrategia,CER,ARS,8031366957.67,5765518.357874049
2026-04-06,Novus Low Volatility,Low Vol,ARS,150058127.05,107722.99296183149
2026-04-06,Novus Performance,House View ARS,ARS,33044511443.81,23721831.957176257
2026-04-06,Novus Gestión,Renta Fija CER,ARS,41680562426.19,29921437.9197574
2026-04-06,Novus Renta Balanceado,Renta Fija Mix,ARS,6916727449.77,4965346.409676385
2026-04-06,Novus Income Dolares,USD MEP,USD,1000.0,1000.0
2026-04-06,Novus Income,Renta Fija,ARS,6625718330.92,4756438.209381029
2026-04-06,Novus Multiestrategia,Multi,ARS,4957166220.3,3558626.1961144856
2026-04-06,Novus Dolar MM,Money Market USDMEP,USD,400417.27,400417.27
2026-04-06,Novus Renta Capital,Pagarés/Cheques,ARS,15819182166.45,11356196.979658514
2026-04-06,Novus Retorno Total,Total Return,ARS,6933503905.85,4977389.809762461
2026-04-06,Novus Liquidez Plus,Renta Fija CP,ARS,14009542655.1,10057101.83448418
2026-04-06,Novus Gestion II,Renta Fija CP,ARS,1301028517.74,933975.9772754546
2026-04-06,Novus Renta Mixta,Mixto,ARS,15465879870.67,11102570.058745217
2026-04-06,Novus Ahorro Dolares,USD MEP,USD,2338375.19,2338375.19
2026-04-06,Novus Capital,House View USD,USD,30433224.29,30433224.29
2026-04-06,Novus Renta Variable,Equity,ARS,6050349166.74,4343395.013108395
2026-04-06,Novus Balanceado,Renta Fija Mix,ARS,1551921854.39,1114086.056412407
2026-04-06,Novus Valor,Dólar Linked,ARS,644497166.6,462668.4679226918
2026-04-06,Novus Renta Dolar,USD MEP,USD,4173681.1,4173681.1
2026-04-07,Novus Ahorro Dolares,USD MEP,USD,2343791.25,2343791.25
2026-04-07,Novus Retorno Total,Total Return,ARS,6928683611.41,4975715.655044267
2026-04-07,Novus Liquidez Plus,Renta Fija CP,ARS,14044124058.01,10085547.53773835
2026-04-07,Novus Valor,Dólar Linked,ARS,646328463.54,464149.73387451796
2026-04-07,Novus Renta Capital,Pagarés/Cheques,ARS,15830063038.75,11368089.077200191
2026-04-07,Novus Performance,House View ARS,ARS,33117239224.28,23782579.044125613
2026-04-07,Novus Gestión,Renta Fija CER,ARS,41695280201.12,29942752.487142473
2026-04-07,Novus Liquidez,Money Market,ARS,49888695790.12,35826713.78497617
2026-04-07,Novus Capital,House View USD,USD,30539512.39,30539512.39
2026-04-07,Novus Renta Balanceado,Renta Fija Mix,ARS,6921615273.21,4970639.64883452
2026-04-07,Novus Renta Mixta,Mixto,ARS,15340889123.83,11016797.195074342
2026-04-07,Novus Low Volatility,Low Vol,ARS,150032375.11,107743.18463163062
2026-04-07,Novus Multiestrategia,Multi,ARS,4963672762.97,3564576.715922609
2026-04-07,Novus Income Dolares,USD MEP,USD,1000.0,1000.0
2026-04-07,Novus Gestion II,Renta Fija CP,ARS,1300053373.12,933611.0989934345
2026-04-07,Novus Balanceado,Renta Fija Mix,ARS,1553083768.74,1115320.55078817
2026-04-07,Novus Income,Renta Fija,ARS,6910315898.13,4962525.195840132
2026-04-07,Novus Renta Fija,Renta Fija,ARS,2434450413.88,1748258.9356258202
2026-04-07,Novus Dolar MM,Money Market USDMEP,USD,400418.27,400418.27
2026-04-07,Novus Renta Dolar,USD MEP,USD,4192602.33,4192602.33
2026-04-07,Novus PyME FCI Abierto PyMES,PyME,ARS,2841812716.4,2040799.2072851812
2026-04-07,Novus Estrategia,CER,ARS,8492336067.66,6098625.928043187
2026-04-07,Novus Renta Variable,Equity,ARS,6243424787.51,4483608.748586377
2026-04-08,Novus Multiestrategia,Multi,ARS,4951180281.57,3568418.118359395
2026-04-08,Novus Liquidez Plus,Renta Fija CP,ARS,14590837555.45,10515918.656550411
2026-04-08,Novus Liquidez,Money Market,ARS,46863946066.85,33775816.014063016
2026-04-08,Novus Income Dolares,USD MEP,USD,1000.0,1000.0
2026-04-08,Novus Valor,Dólar Linked,ARS,644651251.33,464613.5011144423
2026-04-08,Novus Renta Capital,Pagarés/Cheques,ARS,15841974561.68,11417638.99547642
2026-04-08,Novus Renta Balanceado,Renta Fija Mix,ARS,7033203722.56,5068975.510166145
2026-04-08,Novus Low Volatility,Low Vol,ARS,150153791.87,108218.94598420276
2026-04-08,Novus Gestion II,Renta Fija CP,ARS,1300919037.75,937599.2795305242
2026-04-08,Novus Renta Variable,Equity,ARS,6575574551.5,4739152.693659356
2026-04-08,Novus Renta Dolar,USD MEP,USD,4231999.81,4231999.81
2026-04-08,Novus Dolar MM,Money Market USDMEP,USD,400419.53,400419.53
2026-04-08,Novus Estrategia,CER,ARS,8522699921.7,6142486.253457685
2026-04-08,Novus Income,Renta Fija,ARS,6915038135.22,4983811.125342547
2026-04-08,Novus Renta Fija,Renta Fija,ARS,2437614800.91,1756839.445642249
2026-04-08,Novus PyME FCI Abierto PyMES,PyME,ARS,2842903502.56,2048939.4023975336
2026-04-08,Novus Renta Mixta,Mixto,ARS,15419742760.97,11113327.79650644
2026-04-08,Novus Retorno Total,Total Return,ARS,6949810781.15,5008872.491058069
2026-04-08,Novus Ahorro Dolares,USD MEP,USD,2306827.28,2306827.28
2026-04-08,Novus Gestión,Renta Fija CER,ARS,41675393282.4,30036318.61926719
2026-04-08,Novus Performance,House View ARS,ARS,33211253973.07,23936038.21134924
2026-04-08,Novus Capital,House View USD,USD,30698010.19,30698010.19
2026-04-08,Novus Balanceado,Renta Fija Mix,ARS,1553613016.66,1119721.060896328
2026-04-09,Novus Retorno Total,Total Return,ARS,6971008503.89,5047797.880777313
2026-04-09,Novus Performance,House View ARS,ARS,33396269088.03,24182672.59814073
2026-04-09,Novus Liquidez,Money Market,ARS,49052652957.39,35519663.69093464
2026-04-09,Novus Multiestrategia,Multi,ARS,4948828794.1,3583511.2645821436
2026-04-09,Novus Income,Renta Fija,ARS,6921091567.39,5011652.378137489
2026-04-09,Novus PyME FCI Abierto PyMES,PyME,ARS,2846110877.43,2060905.8857884752
2026-04-09,Novus Renta Mixta,Mixto,ARS,15362905620.38,11124479.677490253
2026-04-09,Novus Balanceado,Renta Fija Mix,ARS,1555613575.96,1126440.0133291266
2026-04-09,Novus Renta Fija,Renta Fija,ARS,2446111046.12,1771260.8079390964
2026-04-09,Novus Low Volatility,Low Vol,ARS,150607418.05,109056.78930643995
2026-04-09,Novus Liquidez Plus,Renta Fija CP,ARS,14651369884.04,10609247.400841886
2026-04-09,Novus Capital,House View USD,USD,30815582.74,30815582.74
2026-04-09,Novus Income Dolares,USD MEP,USD,1000.0,1000.0
2026-04-09,Novus Ahorro Dolares,USD MEP,USD,2314933.51,2314933.51
2026-04-09,Novus Renta Variable,Equity,ARS,6832349266.0,4947392.9240510715
2026-04-09,Novus Valor,Dólar Linked,ARS,644823022.33,466924.7331684446
2026-04-09,Novus Renta Dolar,USD MEP,USD,4255725.37,4255725.37
2026-04-09,Novus Renta Capital,Pagarés/Cheques,ARS,15860189490.44,11484569.392491011
2026-04-09,Novus Gestion II,Renta Fija CP,ARS,1304319884.06,944474.9842063413
2026-04-09,Novus Dolar MM,Money Market USDMEP,USD,410921.48,410921.48
2026-04-09,Novus Estrategia,CER,ARS,8723133647.63,6316534.474986319
2026-04-09,Novus Renta Balanceado,Renta Fija Mix,ARS,7063291324.39,5114621.070778031
2026-04-09,Novus Gestión,Renta Fija CER,ARS,41770290965.28,30246410.701741878
2026-04-10,Novus Capital,House View USD,USD,31046436.62,31046436.62
2026-04-10,Novus Renta Dolar,USD MEP,USD,4300845.53,4300845.53
2026-04-10,Novus Gestión,Renta Fija CER,ARS,41864671944.36,30558154.398330867
2026-04-10,Novus Ahorro Dolares,USD MEP,USD,2328480.26,2328480.26
2026-04-10,Novus Valor,Dólar Linked,ARS,910362777.25,664498.3709097608
2026-04-10,Novus Renta Balanceado,Renta Fija Mix,ARS,7078891864.86,5167074.302241665
2026-04-10,Novus Liquidez,Money Market,ARS,46243413889.02,33754316.369770706
2026-04-10,Novus Renta Fija,Renta Fija,ARS,2447738708.87,1786670.5725493527
2026-04-10,Novus Dolar MM,Money Market USDMEP,USD,1446358.72,1446358.72
2026-04-10,Novus Income Dolares,USD MEP,USD,1000.0,1000.0
2026-04-10,Novus Retorno Total,Total Return,ARS,6983141257.02,5097183.348312839
2026-04-10,Novus PyME FCI Abierto PyMES,PyME,ARS,2848476227.08,2079179.7070038235
2026-04-10,Novus Liquidez Plus,Renta Fija CP,ARS,14775933329.5,10785352.687401948
2026-04-10,Novus Multiestrategia,Multi,ARS,4958187047.76,3619114.597210314
2026-04-10,Novus Balanceado,Renta Fija Mix,ARS,1559256332.63,1138143.2971076183
2026-04-10,Novus Income,Renta Fija,ARS,6933767266.4,5061143.9394615535
2026-04-10,Novus Renta Variable,Equity,ARS,7000119924.26,5109576.535955329
2026-04-10,Novus Performance,House View ARS,ARS,33800592355.1,24671964.97598108
2026-04-10,Novus Estrategia,CER,ARS,8805263819.74,6427199.80415136
2026-04-10,Novus Renta Capital,Pagarés/Cheques,ARS,15884507933.78,11594531.222580235
2026-04-10,Novus Renta Mixta,Mixto,ARS,15377076279.61,11224143.15754689
2026-04-10,Novus Gestion II,Renta Fija CP,ARS,1314822074.59,959724.132439255
2026-04-10,Novus Low Volatility,Low Vol,ARS,150948346.28,110181.27355512157
2026-04-13,Novus Gestion II,Renta Fija CP,ARS,1561871828.02,1153524.1870765612
2026-04-13,Novus Income,Renta Fija,ARS,6942419787.8,5127340.796087193
2026-04-13,Novus Valor,Dólar Linked,ARS,912734660.97,674102.3744225815
2026-04-13,Novus Renta Dolar,USD MEP,USD,4337375.61,4337375.61
2026-04-13,Novus Renta Fija,Renta Fija,ARS,2449495438.39,1809080.734811991
2026-04-13,Novus Liquidez Plus,Renta Fija CP,ARS,15432069676.78,11397392.096753122
2026-04-13,Novus PyME FCI Abierto PyMES,PyME,ARS,2851304428.97,2105837.729146428
2026-04-13,Novus Multiestrategia,Multi,ARS,4957562123.55,3661419.4044969585
2026-04-13,Novus Gestión,Renta Fija CER,ARS,41933174713.22,30969846.82406802
2026-04-13,Novus Estrategia,CER,ARS,8294833179.66,6126168.95243754
2026-04-13,Novus Renta Balanceado,Renta Fija Mix,ARS,7083200341.77,5231314.612095067
2026-04-13,Novus Renta Mixta,Mixto,ARS,15340592708.54,11329831.562314747
2026-04-13,Novus Balanceado,Renta Fija Mix,ARS,1560147065.99,1152250.3599398758
2026-04-13,Novus Dolar MM,Money Market USDMEP,USD,3213463.66,3213463.66
2026-04-13,Novus Ahorro Dolares,USD MEP,USD,2367216.7,2367216.7
2026-04-13,Novus Liquidez,Money Market,ARS,50754184176.39,37484624.533514954
2026-04-13,Novus Capital,House View USD,USD,31164310.6,31164310.6
2026-04-13,Novus Retorno Total,Total Return,ARS,6990491819.82,5162844.510708441
2026-04-13,Novus Income Dolares,USD MEP,USD,1000.0,1000.0
2026-04-13,Novus Renta Variable,Equity,ARS,7176007762.01,5299857.755051128
2026-04-13,Novus Low Volatility,Low Vol,ARS,151025004.52,111539.87954825713
2026-04-13,Novus Renta Capital,Pagarés/Cheques,ARS,15910289018.0,11750582.138937572
2026-04-13,Novus Performance,House View ARS,ARS,33811915878.88,24971871.620944995
2026-04-14,Novus Renta Capital,Pagarés/Cheques,ARS,15932896515.41,11681008.698935373
2026-04-14,Novus Multiestrategia,Multi,ARS,4959195504.39,3635773.6818583813
2026-04-14,Novus Balanceado,Renta Fija Mix,ARS,1563061691.28,1145939.6096093003
2026-04-14,Novus Valor,Dólar Linked,ARS,922985699.06,676675.7048403115
2026-04-14,Novus Dolar MM,Money Market USDMEP,USD,3643590.35,3643590.35
2026-04-14,Novus PyME FCI Abierto PyMES,PyME,ARS,2856939753.67,2094530.5257381692
2026-04-14,Novus Capital,House View USD,USD,31173064.95,31173064.95
2026-04-14,Novus Gestión,Renta Fija CER,ARS,42085353025.41,30854363.129272487
2026-04-14,Novus Renta Variable,Equity,ARS,8192218164.91,6006024.802542165
2026-04-14,Novus Retorno Total,Total Return,ARS,7017392918.37,5144716.00590937
2026-04-14,Novus Estrategia,CER,ARS,8444196290.63,6190759.491280649
2026-04-14,Novus Renta Dolar,USD MEP,USD,4337590.34,4337590.34
2026-04-14,Novus Renta Fija,Renta Fija,ARS,2457419686.72,1801627.262798593
2026-04-14,Novus Renta Balanceado,Renta Fija Mix,ARS,7273637039.06,5332578.256814972
2026-04-14,Novus Renta Mixta,Mixto,ARS,15232429341.99,11167469.736442015
2026-04-14,Novus Low Volatility,Low Vol,ARS,151580319.6,111129.26203484106
2026-04-14,Novus Income Dolares,USD MEP,USD,1000.0,1000.0
2026-04-14,Novus Income,Renta Fija,ARS,6949614061.92,5095024.764205101
2026-04-14,Novus Ahorro Dolares,USD MEP,USD,2363252.36,2363252.36
2026-04-14,Novus Gestion II,Renta Fija CP,ARS,1534372812.72,1124906.7082973546
2026-04-14,Novus Performance,House View ARS,ARS,34164362722.96,25047185.725112945
2026-04-14,Novus Liquidez,Money Market,ARS,45706470065.07,33509140.909271333
2026-04-14,Novus Liquidez Plus,Renta Fija CP,ARS,16245952411.65,11910521.809981795
2026-04-15,Novus Liquidez,Money Market,ARS,52820446303.72,38867143.66998712
2026-04-15,Novus Renta Capital,Pagarés/Cheques,ARS,15949718580.24,11736364.361434633
2026-04-15,Novus Renta Balanceado,Renta Fija Mix,ARS,7385795098.97,5434728.013809618
2026-04-15,Novus Ahorro Dolares,USD MEP,USD,2354531.58,2354531.58
2026-04-15,Novus Gestión,Renta Fija CER,ARS,43785390662.3,32218831.6950717
2026-04-15,Novus Renta Variable,Equity,ARS,8258129031.5,6076622.027519617
2026-04-15,Novus Liquidez Plus,Renta Fija CP,ARS,16313033999.21,12003704.635415506
2026-04-15,Novus Renta Dolar,USD MEP,USD,4317387.92,4317387.92
2026-04-15,Novus Renta Fija,Renta Fija,ARS,2457915977.68,1808621.0950193608
2026-04-15,Novus Low Volatility,Low Vol,ARS,151708402.73,111632.38286451025
2026-04-15,Novus Income,Renta Fija,ARS,6957794985.39,5119790.4646334555
2026-04-15,Novus Performance,House View ARS,ARS,34255374631.94,25206310.44336853
2026-04-15,Novus Estrategia,CER,ARS,8511031703.81,6262716.715979381
2026-04-15,Novus Capital,House View USD,USD,31063375.52,31063375.52
2026-04-15,Novus Multiestrategia,Multi,ARS,4948181217.23,3641045.915616685
2026-04-15,Novus Dolar MM,Money Market USDMEP,USD,3631152.14,3631152.14
2026-04-15,Novus Renta Mixta,Mixto,ARS,15174541846.45,11165962.03449092
2026-04-15,Novus Income Dolares,USD MEP,USD,1000.0,1000.0
2026-04-15,Novus Retorno Total,Total Return,ARS,7017243995.9,5163535.1391718825
2026-04-15,Novus Valor,Dólar Linked,ARS,919862411.65,676867.141648961
2026-04-15,Novus PyME FCI Abierto PyMES,PyME,ARS,2859011683.97,2103761.4342764043
2026-04-15,Novus Gestion II,Renta Fija CP,ARS,1462447467.01,1076120.3243767982
2026-04-15,Novus Balanceado,Renta Fija Mix,ARS,1565428077.16,1151897.0822426458
2026-04-16,Novus Gestion II,Renta Fija CP,ARS,1458015951.57,1073649.412369263
2026-04-16,Novus Gestión,Renta Fija CER,ARS,43878692275.31,32311259.781615984
2026-04-16,Novus Income,Renta Fija,ARS,6964783570.49,5128706.43128672
2026-04-16,Novus Renta Mixta,Mixto,ARS,15246923975.94,11227484.136630781
2026-04-16,Novus Renta Capital,Pagarés/Cheques,ARS,15968371877.3,11758741.777890554
2026-04-16,Novus Renta Variable,Equity,ARS,8876165607.76,6536204.201745492
2026-04-16,Novus PyME FCI Abierto PyMES,PyME,ARS,2861957128.45,2107479.404376628
2026-04-16,Novus Balanceado,Renta Fija Mix,ARS,1567243223.24,1154081.8629998027
2026-04-16,Novus Renta Fija,Renta Fija,ARS,2460185703.57,1811624.1678377679
2026-04-16,Novus Ahorro Dolares,USD MEP,USD,2356048.44,2356048.44
2026-04-16,Novus Estrategia,CER,ARS,8816763133.55,6492461.585994155
2026-04-16,Novus Renta Dolar,USD MEP,USD,4314194.8,4314194.8
2026-04-16,Novus Multiestrategia,Multi,ARS,4959905809.83,3652360.5605251896
2026-04-16,Novus Retorno Total,Total Return,ARS,7023368365.47,5171846.926859708
2026-04-16,Novus Performance,House View ARS,ARS,34386988050.1,25321787.099368513
2026-04-16,Novus Renta Balanceado,Renta Fija Mix,ARS,7574959507.45,5578025.9572175145
2026-04-16,Novus Valor,Dólar Linked,ARS,920262929.51,677660.455243786
2026-04-16,Novus Dolar MM,Money Market USDMEP,USD,3553184.8,3553184.8
2026-04-16,Novus Capital,House View USD,USD,31060356.6,31060356.6
2026-04-16,Novus Income Dolares,USD MEP,USD,1000.0,1000.0
2026-04-16,Novus Liquidez,Money Market,ARS,48439890252.11,35670021.06417804
2026-04-16,Novus Liquidez Plus,Renta Fija CP,ARS,16214336598.42,11939864.541334737
2026-04-16,Novus Low Volatility,Low Vol,ARS,151916972.49,111868.16445126885
2026-04-17,Novus Balanceado,Renta Fija Mix,ARS,1571835431.7,1151949.7753616343
2026-04-17,Novus Multiestrategia,Multi,ARS,4957568444.41,3633249.219800003
2026-04-17,Novus Income,Renta Fija,ARS,6977944942.02,5113920.927302247
2026-04-17,Novus Renta Capital,Pagarés/Cheques,ARS,16007963703.86,11731743.55327692
2026-04-17,Novus Renta Fija,Renta Fija,ARS,2468078851.62,1808778.973523669
2026-04-17,Novus Gestion II,Renta Fija CP,ARS,1467358437.95,1075381.8045336667
2026-04-17,Novus Ahorro Dolares,USD MEP,USD,2365184.85,2365184.85
2026-04-17,Novus Renta Dolar,USD MEP,USD,4326507.31,4326507.31
2026-04-17,Novus Income Dolares,USD MEP,USD,1000.0,1000.0
2026-04-17,Novus Performance,House View ARS,ARS,34861721281.65,25549081.786305822
2026-04-17,Novus Dolar MM,Money Market USDMEP,USD,3599264.87,3599264.87
2026-04-17,Novus Liquidez Plus,Renta Fija CP,ARS,16900499330.06,12385855.423621614
2026-04-17,Novus Capital,House View USD,USD,31072736.61,31072736.61
2026-04-17,Novus PyME FCI Abierto PyMES,PyME,ARS,2867622997.98,2101592.5724312053
2026-04-17,Novus Low Volatility,Low Vol,ARS,152430416.66,111711.55751328092
2026-04-17,Novus Estrategia,CER,ARS,8993344167.21,6590944.945147862
2026-04-17,Novus Valor,Dólar Linked,ARS,1067922589.4,782647.5737555068
2026-04-17,Novus Retorno Total,Total Return,ARS,7044680612.98,5162829.445090164
2026-04-17,Novus Renta Balanceado,Renta Fija Mix,ARS,7621453458.89,5585528.49925395
2026-04-17,Novus Renta Variable,Equity,ARS,8845657222.51,6482709.732135129
2026-04-17,Novus Renta Mixta,Mixto,ARS,15167106349.24,11115505.096482445
2026-04-17,Novus Gestión,Renta Fija CER,ARS,44114365432.86,32330059.703287777
2026-04-17,Novus Liquidez,Money Market,ARS,50945261524.61,37336213.057331726
2026-04-20,Novus Valor,Dólar Linked,ARS,1071543497.73,778172.4613648889
2026-04-20,Novus Renta Fija,Renta Fija,ARS,2471481673.55,1794830.5236314568
2026-04-20,Novus Renta Mixta,Mixto,ARS,15316092362.11,11122797.457279025
2026-04-20,Novus Renta Capital,Pagarés/Cheques,ARS,16027218260.43,11639228.74710374
2026-04-20,Novus Renta Dolar,USD MEP,USD,4312374.19,4312374.19
2026-04-20,Novus Gestion II,Renta Fija CP,ARS,1467467105.85,1065698.678728806
2026-04-20,Novus Renta Balanceado,Renta Fija Mix,ARS,7494134027.29,5442363.034416047
2026-04-20,Novus Ahorro Dolares,USD MEP,USD,2379439.05,2379439.05
2026-04-20,Novus Liquidez Plus,Renta Fija CP,ARS,17106040655.58,12422687.26314895
2026-04-20,Novus Income,Renta Fija,ARS,6983928762.16,5071843.603512293
2026-04-20,Novus Income Dolares,USD MEP,USD,1000.0,1000.0
2026-04-20,Novus PyME FCI Abierto PyMES,PyME,ARS,2873379488.58,2086695.3080304093
2026-04-20,Novus Gestión,Renta Fija CER,ARS,44176841149.54,32081946.54299081
2026-04-20,Novus Liquidez,Money Market,ARS,49948160884.22,36273173.58395907
2026-04-20,Novus Low Volatility,Low Vol,ARS,152571712.98,110800.0801421689
2026-04-20,Novus Renta Variable,Equity,ARS,9004245240.65,6539030.563381978
2026-04-20,Novus Retorno Total,Total Return,ARS,7051615095.16,5120998.528592754
2026-04-20,Novus Balanceado,Renta Fija Mix,ARS,1571726873.51,1141413.8318636878
2026-04-20,Novus Estrategia,CER,ARS,9040770659.3,6565555.921422474
2026-04-20,Novus Performance,House View ARS,ARS,35383035038.8,25695740.326951206
2026-04-20,Novus Multiestrategia,Multi,ARS,4977005825.94,3614383.253693174
2026-04-20,Novus Capital,House View USD,USD,31265615.37,31265615.37
2026-04-20,Novus Dolar MM,Money Market USDMEP,USD,3486260.98,3486260.98
2026-04-21,Novus Renta Mixta,Mixto,ARS,15316102827.26,11134935.4106818
2026-04-21,Novus Dolar MM,Money Market USDMEP,USD,3526594.82,3526594.82
2026-04-21,Novus Gestion II,Renta Fija CP,ARS,1465651080.39,1065540.6469126085
2026-04-21,Novus Income,Renta Fija,ARS,6987876685.31,5080245.048384542
2026-04-21,Novus Low Volatility,Low Vol,ARS,152491474.03,110862.58254819218
2026-04-21,Novus Renta Balanceado,Renta Fija Mix,ARS,7498311001.6,5451335.08397563
2026-04-21,Novus Ahorro Dolares,USD MEP,USD,2375853.09,2375853.09
2026-04-21,Novus Retorno Total,Total Return,ARS,7042851846.46,5120212.452331945
2026-04-21,Novus Performance,House View ARS,ARS,35471211608.39,25787868.797477115
2026-04-21,Novus Liquidez,Money Market,ARS,48813130800.02,35487556.12191336
2026-04-21,Novus Renta Dolar,USD MEP,USD,4318583.08,4318583.08
2026-04-21,Novus Gestión,Renta Fija CER,ARS,44155465462.15,32101394.296893027
2026-04-21,Novus Renta Capital,Pagarés/Cheques,ARS,16033166180.97,11656246.492161144
2026-04-21,Novus Multiestrategia,Multi,ARS,4989145462.8,3627150.660277498
2026-04-21,Novus Income Dolares,USD MEP,USD,1000.0,1000.0
2026-04-21,Novus Renta Variable,Equity,ARS,9295621742.78,6757995.090223719
2026-04-21,Novus PyME FCI Abierto PyMES,PyME,ARS,2871170879.97,2087365.3475735877
2026-04-21,Novus Balanceado,Renta Fija Mix,ARS,1572376769.99,1143131.1197476012
2026-04-21,Novus Estrategia,CER,ARS,9158024384.89,6657960.655219882
2026-04-21,Novus Liquidez Plus,Renta Fija CP,ARS,17151286245.54,12469129.171312079
2026-04-21,Novus Valor,Dólar Linked,ARS,1068624573.58,776899.0414390804
2026-04-21,Novus Renta Fija,Renta Fija,ARS,2470512113.81,1796083.0590416312
2026-04-21,Novus Capital,House View USD,USD,31391559.09,31391559.09
2026-04-22,Novus Estrategia,CER,ARS,9184377506.18,6665005.401833261
2026-04-22,Novus Liquidez,Money Market,ARS,48064907061.93,34880193.566827744
2026-04-22,Novus Ahorro Dolares,USD MEP,USD,2377977.84,2377977.84
2026-04-22,Novus Renta Variable,Equity,ARS,9192701049.62,6671045.709078109
2026-04-22,Novus Dolar MM,Money Market USDMEP,USD,3541615.87,3541615.87
2026-04-22,Novus Capital,House View USD,USD,31785502.3,31785502.3
2026-04-22,Novus Renta Mixta,Mixto,ARS,15178172039.33,11014638.560318165
2026-04-22,Novus Gestión,Renta Fija CER,ARS,44201904851.03,32076853.810201053
2026-04-22,Novus Multiestrategia,Multi,ARS,4992958558.25,3623337.1003613076
2026-04-22,Novus Retorno Total,Total Return,ARS,7055944702.89,5120424.277873423
2026-04-22,Novus Balanceado,Renta Fija Mix,ARS,1568373442.29,1138151.9823113647
2026-04-22,Novus Liquidez Plus,Renta Fija CP,ARS,16861226518.85,12236013.355728347
2026-04-22,Novus Low Volatility,Low Vol,ARS,152611844.33,110748.79774473111
2026-04-22,Novus Income Dolares,USD MEP,USD,1000.0,1000.0
2026-04-22,Novus Renta Balanceado,Renta Fija Mix,ARS,7507475377.0,5448095.3018499045
2026-04-22,Novus Gestion II,Renta Fija CP,ARS,1452601216.84,1054137.3054878896
2026-04-22,Novus Performance,House View ARS,ARS,36219943496.19,26284429.063784026
2026-04-22,Novus PyME FCI Abierto PyMES,PyME,ARS,2874035272.48,2085656.9324648478
2026-04-22,Novus Renta Dolar,USD MEP,USD,4321498.57,4321498.57
2026-04-22,Novus Renta Fija,Renta Fija,ARS,2471400041.07,1793468.8129640638
2026-04-22,Novus Renta Capital,Pagarés/Cheques,ARS,16011068002.93,11619062.33240547
2026-04-22,Novus Valor,Dólar Linked,ARS,1068329870.26,775275.6625510573
2026-04-22,Novus Income,Renta Fija,ARS,6967637117.99,5056340.399571893
2026-04-23,Novus Capital,House View USD,USD,31784303.72,31784303.72
2026-04-23,Novus Income Dolares,USD MEP,USD,1000.0,1000.0
2026-04-23,Novus Valor,Dólar Linked,ARS,1072391561.56,770396.2318223376
2026-04-23,Novus Renta Dolar,USD MEP,USD,4279423.58,4279423.58
2026-04-23,Novus Renta Variable,Equity,ARS,9636524803.5,6922790.762806208
2026-04-23,Novus Renta Balanceado,Renta Fija Mix,ARS,7492213168.15,5382337.0116378125
2026-04-23,Novus Low Volatility,Low Vol,ARS,152483783.47,109542.94719404007
2026-04-23,Novus Renta Capital,Pagarés/Cheques,ARS,16011367497.95,11502419.105946299
2026-04-23,Novus Renta Mixta,Mixto,ARS,14929433446.43,10725167.637127604
2026-04-23,Novus Liquidez Plus,Renta Fija CP,ARS,15766431680.68,11326459.46822905
2026-04-23,Novus Liquidez,Money Market,ARS,46997828845.79,33762807.86279015
2026-04-23,Novus Estrategia,CER,ARS,9186146663.05,6599243.250185819
2026-04-23,Novus Dolar MM,Money Market USDMEP,USD,3543167.97,3543167.97
2026-04-23,Novus Ahorro Dolares,USD MEP,USD,2386926.95,2386926.95
2026-04-23,Novus Performance,House View ARS,ARS,36082005678.23,25920980.924788196
2026-04-23,Novus Retorno Total,Total Return,ARS,7014047989.21,5038827.546206963
2026-04-23,Novus PyME FCI Abierto PyMES,PyME,ARS,2878369353.89,2067794.0628365201
2026-04-23,Novus Gestión,Renta Fija CER,ARS,44143140743.91,31712026.1935301
2026-04-23,Novus Gestion II,Renta Fija CP,ARS,1448383831.76,1040505.6196051318
2026-04-23,Novus Renta Fija,Renta Fija,ARS,2472447291.86,1776183.387957139
2026-04-23,Novus Income,Renta Fija,ARS,6970199744.68,5007327.370740461
2026-04-23,Novus Multiestrategia,Multi,ARS,5004122291.7,3594915.4164321963
2026-04-23,Novus Balanceado,Renta Fija Mix,ARS,1568408396.24,1126730.1625015705
2026-04-24,Novus Capital,House View USD,USD,31848753.46,31848753.46
2026-04-24,Novus Renta Variable,Equity,ARS,9657997027.83,6901033.88846285
2026-04-24,Novus Gestión,Renta Fija CER,ARS,45386662399.74,32430626.5991058
2026-04-24,Novus Renta Mixta,Mixto,ARS,14991761697.59,10712226.895981295
2026-04-24,Novus Estrategia,CER,ARS,9185381403.88,6563330.695171561
2026-04-24,Novus Valor,Dólar Linked,ARS,1077882906.04,770191.4217764232
2026-04-24,Novus Gestion II,Renta Fija CP,ARS,1457902739.15,1041731.1353446877
2026-04-24,Novus Renta Balanceado,Renta Fija Mix,ARS,7497626370.45,5357360.694604981
2026-04-24,Novus Retorno Total,Total Return,ARS,7049910557.21,5037449.434468245
2026-04-24,Novus Dolar MM,Money Market USDMEP,USD,3662500.29,3662500.29
2026-04-24,Novus Liquidez,Money Market,ARS,49984975965.63,35716309.71295899
2026-04-24,Novus Balanceado,Renta Fija Mix,ARS,1575497917.21,1125757.6997113388
2026-04-24,Novus Multiestrategia,Multi,ARS,5013530667.47,3582372.715311551
2026-04-24,Novus Income,Renta Fija,ARS,7009652991.13,5008683.7569696335
2026-04-24,Novus Liquidez Plus,Renta Fija CP,ARS,15889097708.11,11353410.176540654
2026-04-24,Novus Income Dolares,USD MEP,USD,1000.0,1000.0
2026-04-24,Novus Low Volatility,Low Vol,ARS,152602245.86,109040.54609882375
2026-04-24,Novus Ahorro Dolares,USD MEP,USD,2387850.2,2387850.2
2026-04-24,Novus PyME FCI Abierto PyMES,PyME,ARS,2880196302.42,2058018.0581078224
2026-04-24,Novus Renta Fija,Renta Fija,ARS,2477094502.59,1769985.3352656795
2026-04-24,Novus Performance,House View ARS,ARS,36231987524.98,25889236.974887524
2026-04-24,Novus Renta Dolar,USD MEP,USD,4244777.68,4244777.68
2026-04-24,Novus Renta Capital,Pagarés/Cheques,ARS,16073777702.16,11485371.585701134
2026-04-27,Novus Renta Dolar,USD MEP,USD,4218382.58,4218382.58
2026-04-27,Novus Liquidez,Money Market,ARS,45275088966.02,31951368.267270457
2026-04-27,Novus Performance,House View ARS,ARS,36311849003.6,25625863.724979278
2026-04-27,Novus Retorno Total,Total Return,ARS,7074193466.34,4992373.638549639
2026-04-27,Novus Gestion II,Renta Fija CP,ARS,1457649448.82,1028686.9757182896
2026-04-27,Novus Dolar MM,Money Market USDMEP,USD,3751874.73,3751874.73
2026-04-27,Novus Ahorro Dolares,USD MEP,USD,2385449.58,2385449.58
2026-04-27,Novus Renta Balanceado,Renta Fija Mix,ARS,7529723664.35,5313848.724427524
2026-04-27,Novus Multiestrategia,Multi,ARS,5029922459.06,3549698.267094725
2026-04-27,Novus Income,Renta Fija,ARS,7013667818.47,4949659.7022797195
2026-04-27,Novus Valor,Dólar Linked,ARS,1084062877.04,765040.8425520237
2026-04-27,Novus Low Volatility,Low Vol,ARS,152515735.74,107632.84071821056
2026-04-27,Novus Renta Capital,Pagarés/Cheques,ARS,16086620779.16,11352590.495771911
2026-04-27,Novus Renta Mixta,Mixto,ARS,15067680626.4,10633507.821244689
2026-04-27,Novus Balanceado,Renta Fija Mix,ARS,1575398988.52,1111784.7452020769
2026-04-27,Novus PyME FCI Abierto PyMES,PyME,ARS,2886038343.92,2036724.30172935
2026-04-27,Novus Renta Fija,Renta Fija,ARS,2181585396.84,1539580.3743919565
2026-04-27,Novus Capital,House View USD,USD,31814300.71,31814300.71
2026-04-27,Novus Renta Variable,Equity,ARS,9754956947.53,6884232.123670165
2026-04-27,Novus Gestión,Renta Fija CER,ARS,45394733385.96,32035803.28462616
2026-04-27,Novus Liquidez Plus,Renta Fija CP,ARS,15235504558.18,10751943.905431924
2026-04-27,Novus Estrategia,CER,ARS,9194899945.15,6488990.76816146
2026-04-27,Novus Income Dolares,USD MEP,USD,1000.0,1000.0
2026-04-28,Novus Renta Capital,Pagarés/Cheques,ARS,16091418410.33,11457044.852183463
2026-04-28,Novus Retorno Total,Total Return,ARS,7022900192.33,5000285.272818444
2026-04-28,Novus Capital,House View USD,USD,32199316.43,32199316.43
2026-04-28,Novus Renta Fija,Renta Fija,ARS,2178938763.76,1551398.2987685886
2026-04-28,Novus Estrategia,CER,ARS,8906544754.68,6341434.927006875
2026-04-28,Novus Renta Balanceado,Renta Fija Mix,ARS,7296405215.36,5195020.0834017405
2026-04-28,Novus Performance,House View ARS,ARS,36343524822.97,25876487.912085254
2026-04-28,Novus Income,Renta Fija,ARS,7012514325.81,4992890.56493663
2026-04-28,Novus Multiestrategia,Multi,ARS,5028796181.63,3580488.8006912675
2026-04-28,Novus Liquidez Plus,Renta Fija CP,ARS,13779200331.64,9810752.054366795
2026-04-28,Novus Gestion II,Renta Fija CP,ARS,1461328944.51,1040462.11677008
2026-04-28,Novus Renta Mixta,Mixto,ARS,15048750819.7,10714668.447124153
2026-04-28,Novus Low Volatility,Low Vol,ARS,152398689.35,108507.4401008703
2026-04-28,Novus Liquidez,Money Market,ARS,47058862844.04,33505778.58014067
2026-04-28,Novus PyME FCI Abierto PyMES,PyME,ARS,2883863768.15,2053302.9281042584
2026-04-28,Novus Balanceado,Renta Fija Mix,ARS,1574215513.44,1120837.0377658475
2026-04-28,Novus Gestión,Renta Fija CER,ARS,45292547083.37,32248166.704227753
2026-04-28,Novus Valor,Dólar Linked,ARS,1077684026.82,767308.0095805683
2026-04-28,Novus Dolar MM,Money Market USDMEP,USD,3777696.09,3777696.09
2026-04-28,Novus Renta Dolar,USD MEP,USD,4224796.81,4224796.81
2026-04-28,Novus Renta Variable,Equity,ARS,9754961086.62,6945504.9797824295
2026-04-28,Novus Ahorro Dolares,USD MEP,USD,2387472.1,2387472.1
2026-04-28,Novus Income Dolares,USD MEP,USD,1000.0,1000.0
2026-04-29,Novus Income,Renta Fija,ARS,7020537507.65,5045301.557281339
2026-04-29,Novus Capital,House View USD,USD,32142454.82,32142454.82
2026-04-29,Novus Estrategia,CER,ARS,8814815538.4,6334757.490373973
2026-04-29,Novus Gestión,Renta Fija CER,ARS,45212216148.07,32491709.401372258
2026-04-29,Novus Balanceado,Renta Fija Mix,ARS,1576758636.9,1133135.8599736677
2026-04-29,Novus Valor,Dólar Linked,ARS,1067716711.89,767313.440511354
2026-04-29,Novus Ahorro Dolares,USD MEP,USD,2380144.41,2380144.41
2026-04-29,Novus Income Dolares,USD MEP,USD,1000.0,1000.0
2026-04-29,Novus Liquidez,Money Market,ARS,59364946610.85,42662553.580445446
2026-04-29,Novus Liquidez Plus,Renta Fija CP,ARS,13754600947.44,9884728.840816567
2026-04-29,Novus Low Volatility,Low Vol,ARS,152353311.48,109488.53970645773
2026-04-29,Novus Gestion II,Renta Fija CP,ARS,1362265345.35,978990.4919438829
2026-04-29,Novus Renta Mixta,Mixto,ARS,14933729250.59,10732108.098834168
2026-04-29,Novus PyME FCI Abierto PyMES,PyME,ARS,2881867412.75,2071050.8461186027
2026-04-29,Novus Renta Fija,Renta Fija,ARS,2176728808.31,1564303.763690269
2026-04-29,Novus Multiestrategia,Multi,ARS,5034496912.49,3618035.6682142806
2026-04-29,Novus Dolar MM,Money Market USDMEP,USD,3703701.39,3703701.39
2026-04-29,Novus Retorno Total,Total Return,ARS,6991933137.69,5024745.058274392
2026-04-29,Novus Renta Capital,Pagarés/Cheques,ARS,16100475601.33,11570589.08037247
2026-04-29,Novus Renta Variable,Equity,ARS,9677520528.07,6954739.48222482
2026-04-29,Novus Performance,House View ARS,ARS,36314233580.34,26097184.01685401
2026-04-29,Novus Renta Dolar,USD MEP,USD,4221441.53,4221441.53
2026-04-29,Novus Renta Balanceado,Renta Fija Mix,ARS,7280563905.88,5232169.242340287
2026-04-30,Novus Retorno Total,Total Return,ARS,7023555738.7,5049285.492508337
2026-04-30,Novus PyME FCI Abierto PyMES,PyME,ARS,2883535072.99,2072994.4137785495
2026-04-30,Novus Income Dolares,USD MEP,USD,1000.0,1000.0
2026-04-30,Novus Dolar MM,Money Market USDMEP,USD,3789013.2,3789013.2
2026-04-30,Novus Liquidez,Money Market,ARS,53516491294.56,38473396.26204574
2026-04-30,Novus Liquidez Plus,Renta Fija CP,ARS,13695271420.16,9845630.599434419
2026-04-30,Novus Gestion II,Renta Fija CP,ARS,1365327503.25,981543.9089772016
2026-04-30,Novus Renta Capital,Pagarés/Cheques,ARS,16070786405.52,11553405.663669122
2026-04-30,Novus Renta Mixta,Mixto,ARS,14898930255.67,10710949.72299206
2026-04-30,Novus Ahorro Dolares,USD MEP,USD,2381676.57,2381676.57
2026-04-30,Novus Renta Fija,Renta Fija,ARS,2182993554.17,1569370.001945763
2026-04-30,Novus Renta Balanceado,Renta Fija Mix,ARS,7299478420.51,5247648.322697124
2026-04-30,Novus Estrategia,CER,ARS,8829828379.69,6347828.079906331
2026-04-30,Novus Balanceado,Renta Fija Mix,ARS,1453144682.23,1044676.3200113303
2026-04-30,Novus Renta Dolar,USD MEP,USD,4234366.32,4234366.32
2026-04-30,Novus Multiestrategia,Multi,ARS,5042014993.85,3624741.3857882307
2026-04-30,Novus Gestión,Renta Fija CER,ARS,45124052563.38,32440010.793397687
2026-04-30,Novus Renta Variable,Equity,ARS,9641111391.78,6931065.359663823
2026-04-30,Novus Capital,House View USD,USD,32312601.33,32312601.33
2026-04-30,Novus Performance,House View ARS,ARS,36588920809.68,26304042.26920094
2026-04-30,Novus Valor,Dólar Linked,ARS,1126192348.87,809627.900806792
2026-04-30,Novus Low Volatility,Low Vol,ARS,152595740.34,109702.1916793308
2026-04-30,Novus Income,Renta Fija,ARS,7019518883.72,5046383.367994173
2026-05-04,Novus Multiestrategia,Multi,ARS,5042837590.43,3595606.2374464097
2026-05-04,Novus Performance,House View ARS,ARS,36641735078.6,26126015.13272984
2026-05-04,Novus Income,Renta Fija,ARS,7018309726.76,5004142.56405138
2026-05-04,Novus Liquidez Plus,Renta Fija CP,ARS,13975752879.67,9964886.500115538
2026-05-04,Novus Renta Balanceado,Renta Fija Mix,ARS,8097574715.22,5773671.991635703
2026-05-04,Novus Renta Variable,Equity,ARS,9417779631.29,6714994.5993550485
2026-05-04,Novus Gestion II,Renta Fija CP,ARS,1371661843.99,978012.0405379033
2026-05-04,Novus Capital,House View USD,USD,32316323.39,32316323.39
2026-05-04,Novus Renta Capital,Pagarés/Cheques,ARS,16119284577.66,11493251.394928606
2026-05-04,Novus Renta Fija,Renta Fija,ARS,2185935861.1,1558599.5931625373
2026-05-04,Novus Estrategia,CER,ARS,8854923959.54,6313671.469701408
2026-05-04,Novus PyME FCI Abierto PyMES,PyME,ARS,2892166270.08,2062150.7026453812
2026-05-04,Novus Low Volatility,Low Vol,ARS,152821885.75,108963.91481332004
2026-05-04,Novus Renta Mixta,Mixto,ARS,14735997288.08,10506950.266366964
2026-05-04,Novus Dolar MM,Money Market USDMEP,USD,3755069.1,3755069.1
2026-05-04,Novus Renta Dolar,USD MEP,USD,4242507.72,4242507.72
2026-05-04,Novus Valor,Dólar Linked,ARS,1130409029.12,805995.7678754103
2026-05-04,Novus Ahorro Dolares,USD MEP,USD,2358273.3,2358273.3
2026-05-04,Novus Income Dolares,USD MEP,USD,1000.0,1000.0
2026-05-04,Novus Gestión,Renta Fija CER,ARS,45404017019.28,32373631.684958834
2026-05-04,Novus Retorno Total,Total Return,ARS,7009802832.13,4998077.041844008
2026-05-04,Novus Balanceado,Renta Fija Mix,ARS,1447453858.07,1032052.6939771184
2026-05-04,Novus Liquidez,Money Market,ARS,50942163254.95,36322399.17781942
2026-05-05,Novus Balanceado,Renta Fija Mix,ARS,1446945173.87,1038725.9113864438
2026-05-05,Novus Capital,House View USD,USD,32150888.72,32150888.72
2026-05-05,Novus Multiestrategia,Multi,ARS,5045512291.83,3622047.6410486912
2026-05-05,Novus Gestión,Renta Fija CER,ARS,45495462733.95,32660059.859680634
2026-05-05,Novus Valor,Dólar Linked,ARS,1126218887.79,808484.4966941352
2026-05-05,Novus Income,Renta Fija,ARS,7023118955.03,5041722.222154058
2026-05-05,Novus Dolar MM,Money Market USDMEP,USD,3760313.18,3760313.18
2026-05-05,Novus Retorno Total,Total Return,ARS,6998287046.69,5023896.01347129
2026-05-05,Novus Renta Fija,Renta Fija,ARS,2187690446.18,1570488.4978205124
2026-05-05,Novus Estrategia,CER,ARS,8866981527.59,6365385.250816826
2026-05-05,Novus PyME FCI Abierto PyMES,PyME,ARS,2894191952.96,2077668.3376503559
2026-05-05,Novus Renta Mixta,Mixto,ARS,14669998659.75,10531226.7548679
2026-05-05,Novus Income Dolares,USD MEP,USD,1000.0,1000.0
2026-05-05,Novus Renta Dolar,USD MEP,USD,4239076.94,4239076.94
2026-05-05,Novus Renta Capital,Pagarés/Cheques,ARS,16126373061.06,11576721.673845757
2026-05-05,Novus Low Volatility,Low Vol,ARS,152968023.55,109811.93520275864
2026-05-05,Novus Liquidez,Money Market,ARS,50268409620.53,36086439.583178945
2026-05-05,Novus Ahorro Dolares,USD MEP,USD,2357499.28,2357499.28
2026-05-05,Novus Gestion II,Renta Fija CP,ARS,1379041093.39,989979.262821456
2026-05-05,Novus Renta Balanceado,Renta Fija Mix,ARS,7973693573.96,5724116.071775894
2026-05-05,Novus Renta Variable,Equity,ARS,9386877020.62,6738605.279865287
2026-05-05,Novus Performance,House View ARS,ARS,36790826598.12,26411218.323208064
2026-05-05,Novus Liquidez Plus,Renta Fija CP,ARS,14688596532.93,10544577.70493678
2026-05-06,Novus Retorno Total,Total Return,ARS,7049384736.4,5078807.481509954
2026-05-06,Novus Renta Balanceado,Renta Fija Mix,ARS,7945861932.96,5724684.428668488
2026-05-06,Novus Dolar MM,Money Market USDMEP,USD,4554127.39,4554127.39
2026-05-06,Novus Renta Dolar,USD MEP,USD,4287138.31,4287138.31
2026-05-06,Novus Renta Capital,Pagarés/Cheques,ARS,16144728335.81,11631648.736018842
2026-05-06,Novus Ahorro Dolares,USD MEP,USD,2360674.77,2360674.77
2026-05-06,Novus Income,Renta Fija,ARS,7026683622.74,5062452.2121912455
2026-05-06,Novus Estrategia,CER,ARS,8915252442.02,6423092.581155416
2026-05-06,Novus Income Dolares,USD MEP,USD,1000.0,1000.0
2026-05-06,Novus Renta Mixta,Mixto,ARS,15048692061.77,10841997.236384083
2026-05-06,Novus Renta Variable,Equity,ARS,9784767042.93,7049544.026993095
2026-05-06,Novus Liquidez,Money Market,ARS,43381639569.54,31254783.764074314
2026-05-06,Novus Liquidez Plus,Renta Fija CP,ARS,14619373048.85,10532689.588084824
2026-05-06,Novus Performance,House View ARS,ARS,37160461113.69,26772666.690476324
2026-05-06,Novus Gestion II,Renta Fija CP,ARS,1341208509.53,966288.5581053443
2026-05-06,Novus PyME FCI Abierto PyMES,PyME,ARS,2896473111.11,2086796.203750733
2026-05-06,Novus Renta Fija,Renta Fija,ARS,2495427770.35,1797858.6363969084
2026-05-06,Novus Multiestrategia,Multi,ARS,5033304980.3,3626300.4427424166
2026-05-06,Novus Low Volatility,Low Vol,ARS,153247032.35,110408.52549861658
2026-05-06,Novus Gestión,Renta Fija CER,ARS,45597538872.57,32851253.01342454
2026-05-06,Novus Valor,Dólar Linked,ARS,1132038414.19,815589.6411295831
2026-05-06,Novus Capital,House View USD,USD,32361104.41,32361104.41
2026-05-06,Novus Balanceado,Renta Fija Mix,ARS,1450061742.52,1044713.0780838759
2026-05-07,Novus Renta Variable,Equity,ARS,9633795553.38,6900999.889862029
2026-05-07,Novus Income,Renta Fija,ARS,7027246357.52,5033844.248673565
2026-05-07,Novus Multiestrategia,Multi,ARS,5026155882.99,3600398.306436349
2026-05-07,Novus Gestion II,Renta Fija CP,ARS,1352380062.41,968753.655818306
2026-05-07,Novus Renta Mixta,Mixto,ARS,14965079168.9,10719971.077248152
2026-05-07,Novus Balanceado,Renta Fija Mix,ARS,1254277269.89,898479.4470057524
2026-05-07,Novus Gestión,Renta Fija CER,ARS,45672857883.49,32716947.90253934
2026-05-07,Novus Renta Dolar,USD MEP,USD,4304053.84,4304053.84
2026-05-07,Novus Ahorro Dolares,USD MEP,USD,2369736.66,2369736.66
2026-05-07,Novus Renta Capital,Pagarés/Cheques,ARS,16151015163.14,11569495.454248479
2026-05-07,Novus Low Volatility,Low Vol,ARS,153513479.8,109966.67941748563
2026-05-07,Novus Capital,House View USD,USD,32332988.71,32332988.71
2026-05-07,Novus Retorno Total,Total Return,ARS,7063478112.99,5059798.229025602
2026-05-07,Novus Estrategia,CER,ARS,8950174209.63,6411299.772002366
2026-05-07,Novus Renta Fija,Renta Fija,ARS,2498668170.86,1789876.9676357557
2026-05-07,Novus Performance,House View ARS,ARS,37296297864.58,26716546.560449492
2026-05-07,Novus Liquidez,Money Market,ARS,41233268381.12,29536726.099291835
2026-05-07,Novus Liquidez Plus,Renta Fija CP,ARS,14934802559.25,10698282.960793704
2026-05-07,Novus Income Dolares,USD MEP,USD,1000.0,1000.0
2026-05-07,Novus Renta Balanceado,Renta Fija Mix,ARS,7968664263.55,5708212.3967030095
2026-05-07,Novus Valor,Dólar Linked,ARS,1137642146.54,814929.9291721506
2026-05-07,Novus PyME FCI Abierto PyMES,PyME,ARS,2900520324.81,2077736.6855199288
2026-05-07,Novus Dolar MM,Money Market USDMEP,USD,4690051.72,4690051.72
2026-05-08,Novus Renta Variable,Equity,ARS,9372623447.56,6704308.783977874
2026-05-08,Novus Low Volatility,Low Vol,ARS,153928761.82,110106.4131884359
2026-05-08,Novus Income,Renta Fija,ARS,7030059331.12,5028654.868001056
2026-05-08,Novus Liquidez,Money Market,ARS,44369413031.52,31737778.348985314
2026-05-08,Novus Performance,House View ARS,ARS,37464474888.91,26798623.6180465
2026-05-08,Novus Balanceado,Renta Fija Mix,ARS,1254493007.84,897348.3826548121
2026-05-08,Novus Renta Dolar,USD MEP,USD,4287516.91,4287516.91
2026-05-08,Novus Renta Fija,Renta Fija,ARS,2501895399.51,1789624.7936745407
2026-05-08,Novus Multiestrategia,Multi,ARS,5027183598.62,3595982.6346882377
2026-05-08,Novus Renta Mixta,Mixto,ARS,14728695752.21,10535548.009643536
2026-05-08,Novus Dolar MM,Money Market USDMEP,USD,4380252.09,4380252.09
2026-05-08,Novus Gestion II,Renta Fija CP,ARS,1369437734.27,979569.2190501121
2026-05-08,Novus Estrategia,CER,ARS,9028690354.84,6458290.828863753
2026-05-08,Novus Liquidez Plus,Renta Fija CP,ARS,15083143936.43,10789087.489622302
2026-05-08,Novus Capital,House View USD,USD,32404810.42,32404810.42
2026-05-08,Novus PyME FCI Abierto PyMES,PyME,ARS,2905360466.87,2078226.4226916605
2026-05-08,Novus Retorno Total,Total Return,ARS,7043691922.14,5038406.363965354
2026-05-08,Novus Ahorro Dolares,USD MEP,USD,2309154.04,2309154.04
2026-05-08,Novus Renta Balanceado,Renta Fija Mix,ARS,8001017076.56,5723188.322593153
2026-05-08,Novus Income Dolares,USD MEP,USD,1000.0,1000.0
2026-05-08,Novus Gestión,Renta Fija CER,ARS,45794550451.05,32757189.976219516
2026-05-08,Novus Renta Capital,Pagarés/Cheques,ARS,16166689223.82,11564155.668636555
2026-05-08,Novus Valor,Dólar Linked,ARS,1141841664.76,816768.0207994807
2026-05-11,Novus PyME FCI Abierto PyMES,PyME,ARS,2908696223.43,2090331.3414020925
2026-05-11,Novus Renta Balanceado,Renta Fija Mix,ARS,7955002646.52,5716853.901418602
2026-05-11,Novus Multiestrategia,Multi,ARS,5051648090.77,3630361.343618907
2026-05-11,Novus Valor,Dólar Linked,ARS,1137675171.84,817589.0108001147
2026-05-11,Novus Liquidez,Money Market,ARS,48810538600.53,35077639.8736779
2026-05-11,Novus Gestión,Renta Fija CER,ARS,45838103414.04,32941502.596585598
2026-05-11,Novus Gestion II,Renta Fija CP,ARS,1673504964.55,1202662.5019183785
2026-05-11,Novus Liquidez Plus,Renta Fija CP,ARS,15161039611.45,10895464.439624809
2026-05-11,Novus Income Dolares,USD MEP,USD,1000.0,1000.0
2026-05-11,Novus Dolar MM,Money Market USDMEP,USD,3888755.84,3888755.84
2026-05-11,Novus Renta Fija,Renta Fija,ARS,2505083301.57,1800275.359081622
2026-05-11,Novus Renta Mixta,Mixto,ARS,14891243304.43,10701575.620360825
2026-05-11,Novus Estrategia,CER,ARS,8988161993.72,6459332.729808588
2026-05-11,Novus Renta Dolar,USD MEP,USD,3807094.64,3807094.64
2026-05-11,Novus Capital,House View USD,USD,32428486.38,32428486.38
2026-05-11,Novus Ahorro Dolares,USD MEP,USD,2370294.4,2370294.4
2026-05-11,Novus Balanceado,Renta Fija Mix,ARS,1154244930.29,829496.8494834728
2026-05-11,Novus Performance,House View ARS,ARS,37381409937.32,26864109.131903686
2026-05-11,Novus Renta Capital,Pagarés/Cheques,ARS,16217348481.64,11654579.647247082
2026-05-11,Novus Renta Variable,Equity,ARS,9608620381.81,6905224.467905233
2026-05-11,Novus Retorno Total,Total Return,ARS,7056197779.86,5070928.772678755
2026-05-11,Novus Low Volatility,Low Vol,ARS,154187116.32,110806.40153753839
2026-05-11,Novus Income,Renta Fija,ARS,7055926531.85,5070733.840594742
2026-05-12,Novus PyME FCI Abierto PyMES,PyME,ARS,2910347820.34,2102852.6092910618
2026-05-12,Novus Gestión,Renta Fija CER,ARS,45841014769.86,33122122.671265006
2026-05-12,Novus Renta Dolar,USD MEP,USD,3759467.94,3759467.94
2026-05-12,Novus Renta Mixta,Mixto,ARS,14754313285.92,10660631.686273854
2026-05-12,Novus Balanceado,Renta Fija Mix,ARS,1157237642.85,836154.4210728282
2026-05-12,Novus Valor,Dólar Linked,ARS,1226916058.13,886500.1001558517
2026-05-12,Novus Retorno Total,Total Return,ARS,7033151365.17,5081757.100104596
2026-05-12,Novus Liquidez,Money Market,ARS,38824803611.82,28052605.606016822
2026-05-12,Novus Estrategia,CER,ARS,8474193805.32,6122972.804354877
2026-05-12,Novus Renta Variable,Equity,ARS,9369338475.01,6769753.67748457
2026-05-12,Novus Capital,House View USD,USD,32433054.61,32433054.61
2026-05-12,Novus Income,Renta Fija,ARS,7074133247.98,5111368.289048534
2026-05-12,Novus Renta Capital,Pagarés/Cheques,ARS,16243960170.86,11736966.211317817
2026-05-12,Novus Performance,House View ARS,ARS,37200757654.97,26879161.918598168
2026-05-12,Novus Renta Balanceado,Renta Fija Mix,ARS,8017527526.32,5793011.598460867
2026-05-12,Novus Dolar MM,Money Market USDMEP,USD,4334632.75,4334632.75
2026-05-12,Novus Renta Fija,Renta Fija,ARS,2456376137.25,1774838.3658874894
2026-05-12,Novus Ahorro Dolares,USD MEP,USD,2568495.92,2568495.92
2026-05-12,Novus Income Dolares,USD MEP,USD,1000.0,1000.0
2026-05-12,Novus Low Volatility,Low Vol,ARS,154308263.31,111494.41722010313
2026-05-12,Novus Gestion II,Renta Fija CP,ARS,1654308136.55,1195309.4256305064
2026-05-12,Novus Liquidez Plus,Renta Fija CP,ARS,15321271570.34,11070283.652756851
2026-05-12,Novus Multiestrategia,Multi,ARS,5061765414.38,3657345.19250855
2026-05-13,Novus Renta Variable,Equity,ARS,9191939780.59,6603404.972529875
2026-05-13,Novus PyME FCI Abierto PyMES,PyME,ARS,3011266235.34,2163265.959818891
2026-05-13,Novus Gestión,Renta Fija CER,ARS,45847399326.14,32936349.879825175
2026-05-13,Novus Renta Balanceado,Renta Fija Mix,ARS,8016065386.36,5758667.625759469
2026-05-13,Novus Ahorro Dolares,USD MEP,USD,2552588.8,2552588.8
2026-05-13,Novus Valor,Dólar Linked,ARS,1275019176.95,915962.0465444521
2026-05-13,Novus Low Volatility,Low Vol,ARS,354251365.46,254490.92183390175
2026-05-13,Novus Renta Capital,Pagarés/Cheques,ARS,16272710454.18,11690165.481346734
2026-05-13,Novus Income Dolares,USD MEP,USD,1000.0,1000.0
2026-05-13,Novus Renta Dolar,USD MEP,USD,3771130.44,3771130.44
2026-05-13,Novus Income,Renta Fija,ARS,7088174771.39,5092079.54455868
2026-05-13,Novus Estrategia,CER,ARS,7942725834.69,5705981.166563616
2026-05-13,Novus Liquidez Plus,Renta Fija CP,ARS,15533674839.16,11159249.094644023
2026-05-13,Novus Performance,House View ARS,ARS,37408515036.97,26873933.04422091
2026-05-13,Novus Balanceado,Renta Fija Mix,ARS,1159131169.18,832709.1679321555
2026-05-13,Novus Dolar MM,Money Market USDMEP,USD,4206518.69,4206518.69
2026-05-13,Novus Renta Mixta,Mixto,ARS,14624829560.37,10506343.007737853
2026-05-13,Novus Renta Fija,Renta Fija,ARS,2456430424.54,1764677.0178296303
2026-05-13,Novus Retorno Total,Total Return,ARS,7013849359.12,5038684.852177704
2026-05-13,Novus Liquidez,Money Market,ARS,37813187475.29,27164646.000923563
2026-05-13,Novus Gestion II,Renta Fija CP,ARS,1596313263.93,1146776.7627252839
2026-05-13,Novus Capital,House View USD,USD,32386209.96,32386209.96
2026-05-13,Novus Multiestrategia,Multi,ARS,5057837077.47,3633503.6243533357
2026-05-14,Novus Dolar MM,Money Market USDMEP,USD,4524313.1,4524313.1
2026-05-14,Novus Ahorro Dolares,USD MEP,USD,2552243.62,2552243.62
2026-05-14,Novus Retorno Total,Total Return,ARS,7027448153.11,5052083.777642311
2026-05-14,Novus Renta Dolar,USD MEP,USD,3762064.22,3762064.22
2026-05-14,Novus Income Dolares,USD MEP,USD,1000.0,1000.0
2026-05-14,Novus Valor,Dólar Linked,ARS,1275074992.55,916660.7201916432
2026-05-14,Novus Low Volatility,Low Vol,ARS,354536497.9,254878.87645674538
2026-05-14,Novus Renta Variable,Equity,ARS,9228180453.35,6634206.293630644
2026-05-14,Novus Renta Balanceado,Renta Fija Mix,ARS,8019363956.71,5765179.289835719
2026-05-14,Novus Income,Renta Fija,ARS,7085866252.98,5094080.9760909835
2026-05-14,Novus Liquidez Plus,Renta Fija CP,ARS,15575575525.36,11197394.946882673
2026-05-14,Novus Renta Capital,Pagarés/Cheques,ARS,16271248764.0,11697519.516555611
2026-05-14,Novus Capital,House View USD,USD,32477920.92,32477920.92
2026-05-14,Novus Gestión,Renta Fija CER,ARS,45925820335.33,33016407.497557282
2026-05-14,Novus Renta Fija,Renta Fija,ARS,2458407782.44,1767367.3011729328
2026-05-14,Novus Performance,House View ARS,ARS,37528491126.73,26979506.2289915
2026-05-14,Novus Gestion II,Renta Fija CP,ARS,1591146076.77,1143886.5299563168
2026-05-14,Novus Estrategia,CER,ARS,6830459184.31,4910466.969952519
2026-05-14,Novus Liquidez,Money Market,ARS,38928722581.64,27986142.843615923
2026-05-14,Novus Renta Mixta,Mixto,ARS,14674363036.57,10549506.70984037
2026-05-14,Novus Balanceado,Renta Fija Mix,ARS,1159457191.69,833542.2391434428
2026-05-14,Novus PyME FCI Abierto PyMES,PyME,ARS,3013082706.02,2166127.1528615383
2026-05-14,Novus Multiestrategia,Multi,ARS,5066788097.43,3642550.950795549
2026-05-15,Novus Renta Fija,Renta Fija,ARS,2461451941.51,1765114.32546742
2026-05-15,Novus Renta Dolar,USD MEP,USD,3752483.0,3752483.0
2026-05-15,Novus Capital,House View USD,USD,32310866.22,32310866.22
2026-05-15,Novus Renta Capital,Pagarés/Cheques,ARS,16292167616.81,11683160.64530033
2026-05-15,Novus Renta Variable,Equity,ARS,9074903468.48,6507639.59446695
2026-05-15,Novus Ahorro Dolares,USD MEP,USD,2551340.3,2551340.3
2026-05-15,Novus Income Dolares,USD MEP,USD,1000.0,1000.0
2026-05-15,Novus Low Volatility,Low Vol,ARS,355158738.99,254685.36169006754
2026-05-15,Novus PyME FCI Abierto PyMES,PyME,ARS,3016872387.49,2163407.937998964
2026-05-15,Novus Renta Balanceado,Renta Fija Mix,ARS,8035871841.46,5762547.001539203
2026-05-15,Novus Valor,Dólar Linked,ARS,1279402909.56,917463.5367138974
2026-05-15,Novus Estrategia,CER,ARS,6813789107.34,4886187.928861838
2026-05-15,Novus Retorno Total,Total Return,ARS,7010923342.1,5027553.460297513
2026-05-15,Novus Income,Renta Fija,ARS,7094297850.26,5087341.561885121
2026-05-15,Novus Multiestrategia,Multi,ARS,5069857745.87,3635609.692150775
2026-05-15,Novus Balanceado,Renta Fija Mix,ARS,1161136445.08,832654.3120625438
2026-05-15,Novus Liquidez,Money Market,ARS,42520353642.23,30491468.905868154
2026-05-15,Novus Gestión,Renta Fija CER,ARS,45962669610.85,32959963.669681817
2026-05-15,Novus Dolar MM,Money Market USDMEP,USD,4235278.84,4235278.84
2026-05-15,Novus Liquidez Plus,Renta Fija CP,ARS,14032826071.71,10062980.271218669
2026-05-15,Novus Performance,House View ARS,ARS,38152685354.44,27359401.310455967
2026-05-15,Novus Gestion II,Renta Fija CP,ARS,1959312420.27,1405028.6185816107
2026-05-15,Novus Renta Mixta,Mixto,ARS,14536302089.49,10424024.383649152
2026-05-18,Novus Balanceado,Renta Fija Mix,ARS,1162004870.0,831785.8612414524
2026-05-18,Novus Liquidez Plus,Renta Fija CP,ARS,14721189983.19,10537716.325291077
2026-05-18,Novus Gestión,Renta Fija CER,ARS,46069474416.77,32977432.749222547
2026-05-18,Novus Retorno Total,Total Return,ARS,7043913219.23,5042171.143023932
2026-05-18,Novus Renta Dolar,USD MEP,USD,3698133.1,3698133.1
2026-05-18,Novus Renta Variable,Equity,ARS,9436987723.78,6755180.777641113
2026-05-18,Novus Income Dolares,USD MEP,USD,1000.0,1000.0
2026-05-18,Novus Valor,Dólar Linked,ARS,1279748835.49,916069.2995209179
2026-05-18,Novus Renta Capital,Pagarés/Cheques,ARS,16285332450.27,11657360.160419296
2026-05-18,Novus Renta Balanceado,Renta Fija Mix,ARS,8005133535.03,5730231.484991763
2026-05-18,Novus Renta Mixta,Mixto,ARS,14809697795.79,10601071.952303285
2026-05-18,Novus Gestion II,Renta Fija CP,ARS,1985927314.05,1421565.695572346
2026-05-18,Novus Renta Fija,Renta Fija,ARS,2465315130.17,1764720.8903522382
2026-05-18,Novus Performance,House View ARS,ARS,38200655781.66,27344778.14136556
2026-05-18,Novus PyME FCI Abierto PyMES,PyME,ARS,3022260451.74,2163393.267660347
2026-05-18,Novus Liquidez,Money Market,ARS,40034726366.57,28657641.813827604
2026-05-18,Novus Multiestrategia,Multi,ARS,5106597406.17,3655402.5126456483
2026-05-18,Novus Income,Renta Fija,ARS,7097776613.89,5080727.616644097
2026-05-18,Novus Estrategia,CER,ARS,6629515968.17,4745537.468529064
2026-05-18,Novus Dolar MM,Money Market USDMEP,USD,4246415.97,4246415.97
2026-05-18,Novus Ahorro Dolares,USD MEP,USD,2551828.92,2551828.92
2026-05-18,Novus Low Volatility,Low Vol,ARS,355330930.49,254352.84453097972
2026-05-18,Novus Capital,House View USD,USD,32329489.29,32329489.29
2026-05-19,Novus Ahorro Dolares,USD MEP,USD,2554869.91,2554869.91
2026-05-19,Novus Income Dolares,USD MEP,USD,1000.0,1000.0
2026-05-19,Novus Dolar MM,Money Market USDMEP,USD,4246321.13,4246321.13
2026-05-19,Novus Renta Mixta,Mixto,ARS,14592452040.92,10438091.847505594
2026-05-19,Novus Valor,Dólar Linked,ARS,1281263960.94,916497.8488664858
2026-05-19,Novus Balanceado,Renta Fija Mix,ARS,1162063976.51,831233.194083825
2026-05-19,Novus Renta Dolar,USD MEP,USD,3725266.8,3725266.8
2026-05-19,Novus Gestion II,Renta Fija CP,ARS,1986188718.06,1420735.885062576
2026-05-19,Novus Renta Fija,Renta Fija,ARS,2468504086.91,1765739.7339977846
2026-05-19,Novus Retorno Total,Total Return,ARS,7031440471.77,5029642.80840467
2026-05-19,Novus Performance,House View ARS,ARS,38436561375.42,27493964.469704397
2026-05-19,Novus PyME FCI Abierto PyMES,PyME,ARS,3025007578.18,2163810.9107297496
2026-05-19,Novus Renta Capital,Pagarés/Cheques,ARS,16298287541.67,11658288.945541875
2026-05-19,Novus Liquidez,Money Market,ARS,42130292245.32,30136118.23329848
2026-05-19,Novus Renta Variable,Equity,ARS,9254499478.27,6619813.81100257
2026-05-19,Novus Low Volatility,Low Vol,ARS,355715611.85,254446.08059495525
2026-05-19,Novus Liquidez Plus,Renta Fija CP,ARS,15326721986.14,10963320.719773043
2026-05-19,Novus Income,Renta Fija,ARS,7103170285.41,5080951.689247945
2026-05-19,Novus Gestión,Renta Fija CER,ARS,46118658017.8,32989026.581933297
2026-05-19,Novus Multiestrategia,Multi,ARS,5115627706.8,3659247.377444614
2026-05-19,Novus Capital,House View USD,USD,32271899.39,32271899.39
2026-05-19,Novus Renta Balanceado,Renta Fija Mix,ARS,8191927696.29,5859748.139806733
2026-05-19,Novus Estrategia,CER,ARS,6547377709.24,4683389.035489965
2026-05-20,Novus Renta Balanceado,Renta Fija Mix,ARS,8409952603.74,6020008.908828127
2026-05-20,Novus Valor,Dólar Linked,ARS,1280621275.12,916693.8089078886
2026-05-20,Novus Renta Mixta,Mixto,ARS,14776162687.44,10577066.864458231
2026-05-20,Novus Dolar MM,Money Market USDMEP,USD,4286317.71,4286317.71
2026-05-20,Novus Balanceado,Renta Fija Mix,ARS,1163504974.71,832859.6655949227
2026-05-20,Novus Ahorro Dolares,USD MEP,USD,2555423.15,2555423.15
2026-05-20,Novus Low Volatility,Low Vol,ARS,356053874.41,254870.34195861657
2026-05-20,Novus Income Dolares,USD MEP,USD,1000.0,1000.0
2026-05-20,Novus Gestión,Renta Fija CER,ARS,46166044417.19,33046559.448295195
2026-05-20,Novus Renta Dolar,USD MEP,USD,3730935.34,3730935.34
2026-05-20,Novus Liquidez,Money Market,ARS,38873216479.36,27826210.270968895
2026-05-20,Novus Gestion II,Renta Fija CP,ARS,1994874952.57,1427970.5905986768
2026-05-20,Novus Estrategia,CER,ARS,6619890049.92,4738647.047577716
2026-05-20,Novus Renta Variable,Equity,ARS,9319240561.98,6670895.051380301
2026-05-20,Novus Renta Fija,Renta Fija,ARS,2469622454.23,1767804.1573379377
2026-05-20,Novus Performance,House View ARS,ARS,38699158928.77,27701616.46472858
2026-05-20,Novus Retorno Total,Total Return,ARS,7053316097.82,5048901.9078150755
2026-05-20,Novus PyME FCI Abierto PyMES,PyME,ARS,3027229238.84,2166950.0228547542
2026-05-20,Novus Multiestrategia,Multi,ARS,5103785304.65,3653389.555260442
2026-05-20,Novus Renta Capital,Pagarés/Cheques,ARS,16325894492.19,11686395.265041655
2026-05-20,Novus Capital,House View USD,USD,32387775.17,32387775.17
2026-05-20,Novus Income,Renta Fija,ARS,7116781600.45,5094331.7585214805
2026-05-20,Novus Liquidez Plus,Renta Fija CP,ARS,14949951453.49,10701468.269456634
2026-05-21,Novus Balanceado,Renta Fija Mix,ARS,1092939573.18,786570.3587267622
2026-05-21,Novus Gestión,Renta Fija CER,ARS,46216549022.31,33261278.514987335
2026-05-21,Novus Estrategia,CER,ARS,6632392786.0,4773222.327124602
2026-05-21,Novus Gestion II,Renta Fija CP,ARS,2018359521.0,1452579.6406596776
2026-05-21,Novus Dolar MM,Money Market USDMEP,USD,4392967.95,4392967.95
2026-05-21,Novus Valor,Dólar Linked,ARS,1277342309.17,919281.9282930722
2026-05-21,Novus Renta Fija,Renta Fija,ARS,2470405690.48,1777909.7196633986
2026-05-21,Novus Renta Variable,Equity,ARS,9669130735.57,6958711.915906341
2026-05-21,Novus Performance,House View ARS,ARS,38902658852.23,27997593.901546683
2026-05-21,Novus PyME FCI Abierto PyMES,PyME,ARS,3029562323.77,2180325.4107264294
2026-05-21,Novus Capital,House View USD,USD,32512199.35,32512199.35
2026-05-21,Novus Liquidez,Money Market,ARS,43084398562.81,31007122.136197895
2026-05-21,Novus Multiestrategia,Multi,ARS,5109985571.77,3677571.279243766
2026-05-21,Novus Renta Balanceado,Renta Fija Mix,ARS,8420636546.27,6060191.4977201065
2026-05-21,Novus Income,Renta Fija,ARS,7129203913.56,5130768.998883699
2026-05-21,Novus Low Volatility,Low Vol,ARS,356415515.4,256506.29429426897
2026-05-21,Novus Income Dolares,USD MEP,USD,1000.0,1000.0
2026-05-21,Novus Liquidez Plus,Renta Fija CP,ARS,15050092435.59,10831300.189350286
2026-05-21,Novus Renta Mixta,Mixto,ARS,15139585206.43,10895706.641994562
2026-05-21,Novus Retorno Total,Total Return,ARS,7081293817.06,5096288.902531262
2026-05-21,Novus Ahorro Dolares,USD MEP,USD,2549992.99,2549992.99
2026-05-21,Novus Renta Capital,Pagarés/Cheques,ARS,16346998530.81,11764661.847748317
2026-05-21,Novus Renta Dolar,USD MEP,USD,3760058.94,3760058.94
2026-05-22,Novus PyME FCI Abierto PyMES,PyME,ARS,3034738863.19,2163035.6165451263
2026-05-22,Novus Capital,House View USD,USD,32253225.16,32253225.16
2026-05-22,Novus Ahorro Dolares,USD MEP,USD,2549486.31,2549486.31
2026-05-22,Novus Renta Fija,Renta Fija,ARS,2474353573.88,1763616.294352993
2026-05-22,Novus Valor,Dólar Linked,ARS,1287316191.0,917545.4285912556
2026-05-22,Novus Estrategia,CER,ARS,6644518896.04,4735936.657111242
2026-05-22,Novus Retorno Total,Total Return,ARS,7082777631.35,5048309.252076822
2026-05-22,Novus Renta Mixta,Mixto,ARS,15009079390.16,10697847.41160343
2026-05-22,Novus Renta Dolar,USD MEP,USD,3793610.53,3793610.53
2026-05-22,Novus Liquidez,Money Market,ARS,46888860267.31,33420429.02195149
2026-05-22,Novus Gestion II,Renta Fija CP,ARS,2021931014.44,1441148.314762633
2026-05-22,Novus Renta Capital,Pagarés/Cheques,ARS,16365661637.46,11664762.803657385
2026-05-22,Novus Dolar MM,Money Market USDMEP,USD,4501002.23,4501002.23
2026-05-22,Novus Liquidez Plus,Renta Fija CP,ARS,15296115353.59,10902434.705640256
2026-05-22,Novus Low Volatility,Low Vol,ARS,357246387.05,254630.36323953906
2026-05-22,Novus Gestión,Renta Fija CER,ARS,46309742091.76,33007657.677735556
2026-05-22,Novus Renta Variable,Equity,ARS,9527830726.97,6791041.384425982
2026-05-22,Novus Performance,House View ARS,ARS,39102723754.3,27870794.818756897
2026-05-22,Novus Multiestrategia,Multi,ARS,5115300246.42,3645973.2191579295
2026-05-22,Novus Balanceado,Renta Fija Mix,ARS,1094478032.47,780098.4112584663
2026-05-22,Novus Income Dolares,USD MEP,USD,1000.0,1000.0
2026-05-22,Novus Renta Balanceado,Renta Fija Mix,ARS,8444276336.06,6018728.890447996
2026-05-22,Novus Income,Renta Fija,ARS,7136330392.7,5086479.43257223
2026-05-26,Novus Performance,House View ARS,ARS,39525391296.11,28002403.775067184
2026-05-26,Novus Renta Mixta,Mixto,ARS,15296801067.28,10837266.524291443
2026-05-26,Novus Gestion II,Renta Fija CP,ARS,2021752088.05,1432343.0191628006
2026-05-26,Novus Gestión,Renta Fija CER,ARS,46381057768.43,32859411.749178976
2026-05-26,Novus Renta Dolar,USD MEP,USD,3827096.44,3827096.44
2026-05-26,Novus Multiestrategia,Multi,ARS,5126681714.34,3632080.712767823
2026-05-26,Novus Renta Variable,Equity,ARS,9808755996.51,6949172.08757442
2026-05-26,Novus Balanceado,Renta Fija Mix,ARS,1094477085.31,775400.0216166254
2026-05-26,Novus Renta Fija,Renta Fija,ARS,2480307467.0,1757214.0059770562
2026-05-26,Novus Valor,Dólar Linked,ARS,1289559601.36,913609.3904490032
2026-05-26,Novus Liquidez Plus,Renta Fija CP,ARS,15477031320.84,10964953.567156127
2026-05-26,Novus Low Volatility,Low Vol,ARS,357336735.5,253160.99912008157
2026-05-26,Novus Dolar MM,Money Market USDMEP,USD,4111267.26,4111267.26
2026-05-26,Novus Income,Renta Fija,ARS,7140296649.92,5058658.834441382
2026-05-26,Novus Income Dolares,USD MEP,USD,1000.0,1000.0
2026-05-26,Novus Renta Balanceado,Renta Fija Mix,ARS,8226214314.8,5827994.7959917635
2026-05-26,Novus Liquidez,Money Market,ARS,48740880154.57,34531266.147762455
2026-05-26,Novus Capital,House View USD,USD,32366984.11,32366984.11
2026-05-26,Novus Renta Capital,Pagarés/Cheques,ARS,16385593928.55,11608639.465302499
2026-05-26,Novus Retorno Total,Total Return,ARS,7113311626.82,5039540.857668813
2026-05-26,Novus Estrategia,CER,ARS,6603374098.58,4678267.354799241
2026-05-26,Novus PyME FCI Abierto PyMES,PyME,ARS,3040928530.58,2154395.080531524
2026-05-26,Novus Ahorro Dolares,USD MEP,USD,2543386.19,2543386.19
2026-05-27,Novus Valor,Dólar Linked,ARS,1290141404.97,913374.4437129917
2026-05-27,Novus Liquidez Plus,Renta Fija CP,ARS,15744355522.33,11146446.359623754
2026-05-27,Novus Income Dolares,USD MEP,USD,1000.0,1000.0
2026-05-27,Novus Capital,House View USD,USD,32554526.42,32554526.42
2026-05-27,Novus Gestion II,Renta Fija CP,ARS,1978411823.76,1400645.5354434692
2026-05-27,Novus Renta Fija,Renta Fija,ARS,2181146137.49,1544174.252769598
2026-05-27,Novus Renta Dolar,USD MEP,USD,3828827.45,3828827.45
2026-05-27,Novus Renta Balanceado,Renta Fija Mix,ARS,7226492458.45,5116100.84274939
2026-05-27,Novus Ahorro Dolares,USD MEP,USD,2541378.35,2541378.35
2026-05-27,Novus Liquidez,Money Market,ARS,45136625044.28,31955132.69482254
2026-05-27,Novus Renta Variable,Equity,ARS,10307514030.63,7297355.047689096
2026-05-27,Novus Renta Capital,Pagarés/Cheques,ARS,16424822557.96,11628192.932316715
2026-05-27,Novus Performance,House View ARS,ARS,39374967551.87,27876083.15287164
2026-05-27,Novus Balanceado,Renta Fija Mix,ARS,1096420826.96,776227.1321903781
2026-05-27,Novus Gestión,Renta Fija CER,ARS,46426237103.04,32868132.38015771
2026-05-27,Novus Dolar MM,Money Market USDMEP,USD,3925381.05,3925381.05
2026-05-27,Novus Income,Renta Fija,ARS,7159274279.59,5068512.751640043
2026-05-27,Novus Retorno Total,Total Return,ARS,7156087627.85,5066256.715015595
2026-05-27,Novus Estrategia,CER,ARS,6610246271.83,4679820.357737451
2026-05-27,Novus Renta Mixta,Mixto,ARS,15834550263.34,11210301.043365
2026-05-27,Novus Multiestrategia,Multi,ARS,5138120802.95,3637607.6390120466
2026-05-27,Novus Low Volatility,Low Vol,ARS,357500874.61,253097.96369290983
2026-05-27,Novus PyME FCI Abierto PyMES,PyME,ARS,3042633028.6,2154076.475039511
2026-05-28,Novus Renta Dolar,USD MEP,USD,3856112.46,3856112.46
2026-05-28,Novus Liquidez,Money Market,ARS,45009820772.21,31921860.587084807
2026-05-28,Novus Income,Renta Fija,ARS,7175725953.62,5089167.643253799
2026-05-28,Novus Low Volatility,Low Vol,ARS,358182457.38,254030.12660479874
2026-05-28,Novus Renta Capital,Pagarés/Cheques,ARS,16456575675.73,11671330.955083704
2026-05-28,Novus PyME FCI Abierto PyMES,PyME,ARS,3044211364.18,2159015.2792826104
2026-05-28,Novus Renta Variable,Equity,ARS,10369239292.38,7354070.854017839
2026-05-28,Novus Valor,Dólar Linked,ARS,1487268138.27,1054800.1602970392
2026-05-28,Novus Capital,House View USD,USD,32515761.98,32515761.98
2026-05-28,Novus Multiestrategia,Multi,ARS,5949260982.96,4219334.279408808
2026-05-28,Novus Performance,House View ARS,ARS,39105564155.67,27734444.299927957
2026-05-28,Novus Gestion II,Renta Fija CP,ARS,1959544076.23,1389747.6537894378
2026-05-28,Novus Liquidez Plus,Renta Fija CP,ARS,16022337717.09,11363360.753480837
2026-05-28,Novus Dolar MM,Money Market USDMEP,USD,3917803.56,3917803.56
2026-05-28,Novus Renta Balanceado,Renta Fija Mix,ARS,6718511244.5,4764901.872973182
2026-05-28,Novus Estrategia,CER,ARS,6812991614.6,4831909.231607468
2026-05-28,Novus Balanceado,Renta Fija Mix,ARS,1098033442.1,778747.1680028205
2026-05-28,Novus Retorno Total,Total Return,ARS,7169348875.87,5084644.892809651
2026-05-28,Novus Renta Mixta,Mixto,ARS,15917809577.65,11289227.316880014
2026-05-28,Novus Gestión,Renta Fija CER,ARS,46504589957.44,32981980.639156718
2026-05-28,Novus Renta Fija,Renta Fija,ARS,2184457645.15,1549260.8326475238
2026-05-28,Novus Income Dolares,USD MEP,USD,1000.0,1000.0
2026-05-28,Novus Ahorro Dolares,USD MEP,USD,2536786.93,2536786.93
2026-05-29,Novus Renta Dolar,USD MEP,USD,3830208.39,3830208.39
2026-05-29,Novus PyME FCI Abierto PyMES,PyME,ARS,3047792133.78,2164625.1781358114
2026-05-29,Novus Dolar MM,Money Market USDMEP,USD,4079219.9,4079219.9
2026-05-29,Novus Ahorro Dolares,USD MEP,USD,2538893.23,2538893.23
2026-05-29,Novus Renta Variable,Equity,ARS,10637736619.03,7555210.957044817
2026-05-29,Novus Renta Capital,Pagarés/Cheques,ARS,16509294031.39,11725351.32482025
2026-05-29,Novus Estrategia,CER,ARS,6827578452.22,4849132.609658397
2026-05-29,Novus Renta Mixta,Mixto,ARS,16174146682.55,11487320.52815146
2026-05-29,Novus Retorno Total,Total Return,ARS,7208568205.32,5119721.933330276
2026-05-29,Novus Capital,House View USD,USD,32676525.96,32676525.96
2026-05-29,Novus Balanceado,Renta Fija Mix,ARS,988467755.83,702036.7853602011
2026-05-29,Novus Renta Balanceado,Renta Fija Mix,ARS,6607918779.84,4693124.313625065
2026-05-29,Novus Liquidez,Money Market,ARS,50511656294.43,35874757.26852108
2026-05-29,Novus Performance,House View ARS,ARS,39409165958.15,27989465.53370883
2026-05-29,Novus Valor,Dólar Linked,ARS,1490756951.06,1058776.2843075774
2026-05-29,Novus Gestion II,Renta Fija CP,ARS,1955610728.38,1388928.127468363
2026-05-29,Novus Multiestrategia,Multi,ARS,5957079214.9,4230880.286684552
2026-05-29,Novus Gestión,Renta Fija CER,ARS,46657397399.25,33137357.379896395
2026-05-29,Novus Income Dolares,USD MEP,USD,1000.0,1000.0
2026-05-29,Novus Income,Renta Fija,ARS,7200137361.21,5113734.1176813105
2026-05-29,Novus Low Volatility,Low Vol,ARS,358890478.01,254893.81519275202
2026-05-29,Novus Liquidez Plus,Renta Fija CP,ARS,16470911255.07,11698090.829227993
2026-05-29,Novus Renta Fija,Renta Fija,ARS,2187163322.73,1553383.1013615588
2026-06-01,Novus Renta Dolar,USD MEP,USD,3795432.08,3795432.08
2026-06-01,Novus PyME FCI Abierto PyMES,PyME,ARS,3054798152.28,2142214.7783036265
2026-06-01,Novus Income Dolares,USD MEP,USD,1000.0,1000.0
2026-06-01,Novus Renta Balanceado,Renta Fija Mix,ARS,6319996952.36,4431975.59880497
2026-06-01,Novus Renta Variable,Equity,ARS,10891121443.14,7637532.872795687
2026-06-01,Novus Ahorro Dolares,USD MEP,USD,2544891.0,2544891.0
2026-06-01,Novus Estrategia,CER,ARS,6866742334.57,4815387.523047935
2026-06-01,Novus Low Volatility,Low Vol,ARS,359444839.89,252065.11514439352
2026-06-01,Novus Income,Renta Fija,ARS,7219578462.67,5062818.197762436
2026-06-01,Novus Valor,Dólar Linked,ARS,1499986763.21,1051884.1675382017
2026-06-01,Novus Multiestrategia,Multi,ARS,4886354721.71,3426616.35076222
2026-06-01,Novus Performance,House View ARS,ARS,39413860338.17,27639454.352623913
2026-06-01,Novus Gestión,Renta Fija CER,ARS,46745600462.95,32780927.295529433
2026-06-01,Novus Liquidez,Money Market,ARS,54719437669.53,38372678.714841306
2026-06-01,Novus Retorno Total,Total Return,ARS,7250181452.46,5084278.920769448
2026-06-01,Novus Renta Fija,Renta Fija,ARS,2196465358.23,1540298.3489826962
2026-06-01,Novus Dolar MM,Money Market USDMEP,USD,4080147.05,4080147.05
2026-06-01,Novus Renta Capital,Pagarés/Cheques,ARS,16560319166.46,11613127.50740584
2026-06-01,Novus Capital,House View USD,USD,32740424.73,32740424.73
2026-06-01,Novus Balanceado,Renta Fija Mix,ARS,989900410.11,694179.838364683
2026-06-01,Novus Liquidez Plus,Renta Fija CP,ARS,16635782219.23,11666046.901356352
2026-06-01,Novus Renta Mixta,Mixto,ARS,16280198756.18,11416689.624215944
2026-06-01,Novus Gestion II,Renta Fija CP,ARS,1956928579.65,1372320.2367010943
2026-06-02,Novus PyME FCI Abierto PyMES,PyME,ARS,3055452037.73,2141171.5688416925
2026-06-02,Novus Gestion II,Renta Fija CP,ARS,1952069418.97,1367953.2483871486
2026-06-02,Novus Income,Renta Fija,ARS,7234682158.22,5069854.00376158
2026-06-02,Novus Performance,House View ARS,ARS,39499962074.75,27680420.023092348
2026-06-02,Novus Multiestrategia,Multi,ARS,6298452972.94,4413771.928609563
2026-06-02,Novus Renta Dolar,USD MEP,USD,3806767.28,3806767.28
2026-06-02,Novus Renta Capital,Pagarés/Cheques,ARS,16592860384.25,11627792.045759235
2026-06-02,Novus Dolar MM,Money Market USDMEP,USD,3985803.63,3985803.63
2026-06-02,Novus Renta Variable,Equity,ARS,10956976331.67,7678329.069525488
2026-06-02,Novus Income Dolares,USD MEP,USD,1000.0,1000.0
2026-06-02,Novus Renta Balanceado,Renta Fija Mix,ARS,6326572379.93,4433477.187941471
2026-06-02,Novus Estrategia,CER,ARS,6851797175.93,4801539.388414229
2026-06-02,Novus Low Volatility,Low Vol,ARS,359461234.79,251899.93707277733
2026-06-02,Novus Ahorro Dolares,USD MEP,USD,2547496.06,2547496.06
2026-06-02,Novus Renta Mixta,Mixto,ARS,16341248865.66,11451470.040587705
2026-06-02,Novus Gestión,Renta Fija CER,ARS,46771505851.24,32776105.57257829
2026-06-02,Novus Capital,House View USD,USD,32751476.82,32751476.82
2026-06-02,Novus Renta Fija,Renta Fija,ARS,2197400435.94,1539874.06141403
2026-06-02,Novus Balanceado,Renta Fija Mix,ARS,990981562.48,694450.9423243628
2026-06-02,Novus Liquidez,Money Market,ARS,58411319071.78,40932946.79498672
2026-06-02,Novus Valor,Dólar Linked,ARS,1235336499.88,865687.7472901116
2026-06-02,Novus Retorno Total,Total Return,ARS,7208882797.93,5051774.565411668
2026-06-02,Novus Liquidez Plus,Renta Fija CP,ARS,18536435528.81,12989792.754672669
2026-06-03,Novus Renta Mixta,Mixto,ARS,16208980653.81,11267974.388535801
2026-06-03,Novus Performance,House View ARS,ARS,40139716811.54,27903870.74027378
2026-06-03,Novus PyME FCI Abierto PyMES,PyME,ARS,3056899753.75,2125060.72215466
2026-06-03,Novus Liquidez Plus,Renta Fija CP,ARS,19832560124.43,13786973.056115363
2026-06-03,Novus Estrategia,CER,ARS,6845694525.82,4758911.879541792
2026-06-03,Novus Liquidez,Money Market,ARS,63147827312.22,43898386.70567626
2026-06-03,Novus Ahorro Dolares,USD MEP,USD,2532667.02,2532667.02
2026-06-03,Novus Gestion II,Renta Fija CP,ARS,1926521776.79,1339257.4464405715
2026-06-03,Novus Renta Capital,Pagarés/Cheques,ARS,16599922654.11,11539744.991565542
2026-06-03,Novus Multiestrategia,Multi,ARS,5004237835.22,3478789.0099768005
2026-06-03,Novus Capital,House View USD,USD,32736595.32,32736595.32
2026-06-03,Novus Income,Renta Fija,ARS,7235136638.76,5029639.807975325
2026-06-03,Novus Low Volatility,Low Vol,ARS,359171448.13,249684.71275649627
2026-06-03,Novus Valor,Dólar Linked,ARS,1330756166.57,925099.9012558024
2026-06-03,Novus Renta Balanceado,Renta Fija Mix,ARS,6322429391.21,4395154.388486159
2026-06-03,Novus Renta Variable,Equity,ARS,10620068908.37,7382738.434934852
2026-06-03,Novus Income Dolares,USD MEP,USD,1000.0,1000.0
2026-06-03,Novus Renta Fija,Renta Fija,ARS,2199346217.61,1528916.4310111874
2026-06-03,Novus Balanceado,Renta Fija Mix,ARS,826099403.84,574278.366028268
2026-06-03,Novus Renta Dolar,USD MEP,USD,3809525.74,3809525.74
2026-06-03,Novus Retorno Total,Total Return,ARS,7181971875.27,4992681.333770652
2026-06-03,Novus Dolar MM,Money Market USDMEP,USD,3940214.07,3940214.07
2026-06-03,Novus Gestión,Renta Fija CER,ARS,46757539909.49,32504373.55832319
2026-06-04,Novus Capital,House View USD,USD,33420755.6,33420755.6
2026-06-04,Novus Retorno Total,Total Return,ARS,7185530800.01,5002109.543208101
2026-06-04,Novus Income Dolares,USD MEP,USD,1000.0,1000.0
2026-06-04,Novus Ahorro Dolares,USD MEP,USD,2519214.46,2519214.46
2026-06-04,Novus Valor,Dólar Linked,ARS,1385608342.21,964572.4031560412
2026-06-04,Novus Gestión,Renta Fija CER,ARS,46814649356.01,32589381.469955243
2026-06-04,Novus Renta Mixta,Mixto,ARS,16215603911.66,11288272.130888954
2026-06-04,Novus Renta Capital,Pagarés/Cheques,ARS,16577290466.12,11540055.306839144
2026-06-04,Novus Liquidez,Money Market,ARS,66768228461.89,46479794.19583782
2026-06-04,Novus Multiestrategia,Multi,ARS,6258191529.89,4356554.9221281335
2026-06-04,Novus Dolar MM,Money Market USDMEP,USD,5263644.75,5263644.75
2026-06-04,Novus Performance,House View ARS,ARS,40464159314.14,28168574.193971995
2026-06-04,Novus Renta Dolar,USD MEP,USD,3822811.91,3822811.91
2026-06-04,Novus PyME FCI Abierto PyMES,PyME,ARS,3058691545.69,2129266.52132708
2026-06-04,Novus Gestion II,Renta Fija CP,ARS,1929132962.83,1342939.675865815
2026-06-04,Novus Balanceado,Renta Fija Mix,ARS,824257087.92,573795.3618591144
2026-06-04,Novus Renta Fija,Renta Fija,ARS,2502227810.11,1741891.8597098656
2026-06-04,Novus Renta Balanceado,Renta Fija Mix,ARS,6324400112.22,4402645.126280444
2026-06-04,Novus Estrategia,CER,ARS,7632566334.0,5313307.250511978
2026-06-04,Novus Renta Variable,Equity,ARS,10665143698.04,7424394.739436282
2026-06-04,Novus Liquidez Plus,Renta Fija CP,ARS,20249759349.69,14096594.57455959
2026-06-04,Novus Low Volatility,Low Vol,ARS,359461725.98,250234.39186150464
2026-06-04,Novus Income,Renta Fija,ARS,7222746046.06,5028016.430618462
2026-06-05,Novus Liquidez Plus,Renta Fija CP,ARS,20337817834.6,14118582.289359465
2026-06-05,Novus Renta Balanceado,Renta Fija Mix,ARS,6329519479.61,4393973.94311134
2026-06-05,Novus Renta Capital,Pagarés/Cheques,ARS,16559551833.23,11495697.1851041
2026-06-05,Novus Income,Renta Fija,ARS,7209782496.26,5005055.522164006
2026-06-05,Novus Multiestrategia,Multi,ARS,5147085701.48,3573124.3940586764
2026-06-05,Novus Renta Mixta,Mixto,ARS,16102668327.23,11178527.10183499
2026-06-05,Novus Gestión,Renta Fija CER,ARS,46877657057.35,32542628.913245235
2026-06-05,Novus Capital,House View USD,USD,33394722.68,33394722.68
2026-06-05,Novus Income Dolares,USD MEP,USD,1000.0,1000.0
2026-06-05,Novus Valor,Dólar Linked,ARS,1389938227.18,964899.8430982949
2026-06-05,Novus Dolar MM,Money Market USDMEP,USD,5316674.3,5316674.3
2026-06-05,Novus Renta Fija,Renta Fija,ARS,2504608833.55,1738707.9679203837
2026-06-05,Novus Renta Variable,Equity,ARS,10372104631.52,7200350.300356681
2026-06-05,Novus Low Volatility,Low Vol,ARS,360110974.37,249990.26278495818
2026-06-05,Novus Gestion II,Renta Fija CP,ARS,1930214206.06,1339961.264575106
2026-06-05,Novus Balanceado,Renta Fija Mix,ARS,823566028.33,571722.3369911625
2026-06-05,Novus Performance,House View ARS,ARS,40510596505.35,28122593.83004111
2026-06-05,Novus PyME FCI Abierto PyMES,PyME,ARS,3060012689.49,2124271.2130870284
2026-06-05,Novus Ahorro Dolares,USD MEP,USD,2520431.08,2520431.08
2026-06-05,Novus Estrategia,CER,ARS,7660875893.9,5318206.092523234
2026-06-05,Novus Renta Dolar,USD MEP,USD,3794890.88,3794890.88
2026-06-05,Novus Liquidez,Money Market,ARS,65732404141.92,45631658.44549336
2026-06-05,Novus Retorno Total,Total Return,ARS,7156663691.84,4968180.267531708
2026-06-08,Novus Renta Balanceado,Renta Fija Mix,ARS,6469138338.34,4472269.9457008075
2026-06-08,Novus Renta Fija,Renta Fija,ARS,2509325320.13,1734756.566681051
2026-06-08,Novus Liquidez Plus,Renta Fija CP,ARS,19718377814.56,13631785.85243534
2026-06-08,Novus Performance,House View ARS,ARS,40043378026.19,27682944.266240466
2026-06-08,Novus Low Volatility,Low Vol,ARS,360493554.91,249217.8103052498
2026-06-08,Novus Valor,Dólar Linked,ARS,1396554723.1,965471.6577369291
2026-06-08,Novus Balanceado,Renta Fija Mix,ARS,814976947.66,563413.041866417
2026-06-08,Novus Retorno Total,Total Return,ARS,7193747464.03,4973209.552448417
2026-06-08,Novus Gestión,Renta Fija CER,ARS,46953433738.41,32460030.93042976
2026-06-08,Novus Renta Mixta,Mixto,ARS,16143466845.69,11160364.459283307
2026-06-08,Novus Estrategia,CER,ARS,7670973639.17,5303127.413028291
2026-06-08,Novus Renta Dolar,USD MEP,USD,3766849.85,3766849.85
2026-06-08,Novus Renta Capital,Pagarés/Cheques,ARS,16487371556.37,11398114.005098982
2026-06-08,Novus Dolar MM,Money Market USDMEP,USD,5246072.6,5246072.6
2026-06-08,Novus Ahorro Dolares,USD MEP,USD,2540015.96,2540015.96
2026-06-08,Novus Renta Variable,Equity,ARS,10473528097.81,7240600.291337719
2026-06-08,Novus Gestion II,Renta Fija CP,ARS,2155830361.94,1490377.053554799
2026-06-08,Novus Multiestrategia,Multi,ARS,5457685148.16,3773028.181598116
2026-06-08,Novus Capital,House View USD,USD,33456833.2,33456833.2
2026-06-08,Novus Income Dolares,USD MEP,USD,1000.0,1000.0
2026-06-08,Novus PyME FCI Abierto PyMES,PyME,ARS,3066945350.03,2120252.6204696423
2026-06-08,Novus Liquidez,Money Market,ARS,51882350645.39,35867508.989339165
2026-06-08,Novus Income,Renta Fija,ARS,7173481446.73,4959199.170331114
2026-06-09,Novus Dolar MM,Money Market USDMEP,USD,4915599.82,4915599.82
2026-06-09,Novus Renta Capital,Pagarés/Cheques,ARS,16547228281.93,11483155.906598864
2026-06-09,Novus Renta Dolar,USD MEP,USD,3785107.99,3785107.99
2026-06-09,Novus Liquidez Plus,Renta Fija CP,ARS,20108608701.09,13954620.365730189
2026-06-09,Novus Low Volatility,Low Vol,ARS,361217428.53,250671.34974625046
2026-06-09,Novus Renta Fija,Renta Fija,ARS,2518132937.72,1747489.828792518
2026-06-09,Novus PyME FCI Abierto PyMES,PyME,ARS,3070315832.26,2130684.0507447333
2026-06-09,Novus Liquidez,Money Market,ARS,49772343296.58,34540139.78495295
2026-06-09,Novus Estrategia,CER,ARS,7680539200.89,5330006.185197635
2026-06-09,Novus Income Dolares,USD MEP,USD,1000.0,1000.0
2026-06-09,Novus Retorno Total,Total Return,ARS,7213862862.33,5006150.30659969
2026-06-09,Novus Valor,Dólar Linked,ARS,1390842776.39,965192.7302105469
2026-06-09,Novus Balanceado,Renta Fija Mix,ARS,630606955.04,437617.57903694664
2026-06-09,Novus Ahorro Dolares,USD MEP,USD,2539279.99,2539279.99
2026-06-09,Novus Multiestrategia,Multi,ARS,5525097735.44,3834210.6372302864
2026-06-09,Novus Renta Variable,Equity,ARS,10911134369.42,7571918.084838638
2026-06-09,Novus Renta Balanceado,Renta Fija Mix,ARS,6443076050.85,4471253.163938
2026-06-09,Novus Performance,House View ARS,ARS,40504260527.99,28108437.8966553
2026-06-09,Novus Capital,House View USD,USD,33781511.66,33781511.66
2026-06-09,Novus Gestión,Renta Fija CER,ARS,46994199734.95,32612212.333565284
2026-06-09,Novus Gestion II,Renta Fija CP,ARS,2204046606.77,1529525.6933506283
2026-06-09,Novus Income,Renta Fija,ARS,7207120415.09,5001471.301056902
2026-06-09,Novus Renta Mixta,Mixto,ARS,16276626778.95,11295368.611087106
2026-06-10,Novus Liquidez,Money Market,ARS,50969988008.87,35581144.52022903
2026-06-10,Novus Income,Renta Fija,ARS,7240044831.07,5054132.667686887
2026-06-10,Novus Low Volatility,Low Vol,ARS,361542873.81,252385.95781215155
2026-06-10,Novus Ahorro Dolares,USD MEP,USD,2691047.69,2691047.69
2026-06-10,Novus Estrategia,CER,ARS,7674402309.01,5357349.066194491
2026-06-10,Novus Renta Balanceado,Renta Fija Mix,ARS,6432715684.19,4490552.094634143
2026-06-10,Novus Renta Mixta,Mixto,ARS,16245763899.98,11340847.737027416
2026-06-10,Novus Gestión,Renta Fija CER,ARS,47048547359.54,32843664.055312492
2026-06-10,Novus PyME FCI Abierto PyMES,PyME,ARS,3069713617.12,2142906.6027532537
2026-06-10,Novus Dolar MM,Money Market USDMEP,USD,4862224.81,4862224.81
2026-06-10,Novus Multiestrategia,Multi,ARS,5533931862.66,3863128.8148653223
2026-06-10,Novus Capital,House View USD,USD,33800078.43,33800078.43
2026-06-10,Novus Gestion II,Renta Fija CP,ARS,2206173738.74,1540086.4253917688
2026-06-10,Novus Performance,House View ARS,ARS,40357781045.07,28172971.899277292
2026-06-10,Novus Renta Variable,Equity,ARS,10935724660.51,7634013.951726358
2026-06-10,Novus Balanceado,Renta Fija Mix,ARS,637409945.43,444963.3259287661
2026-06-10,Novus Renta Dolar,USD MEP,USD,3809195.76,3809195.76
2026-06-10,Novus Retorno Total,Total Return,ARS,7197040282.95,5024112.039833913
2026-06-10,Novus Income Dolares,USD MEP,USD,1000.0,1000.0
2026-06-10,Novus Renta Capital,Pagarés/Cheques,ARS,16620830910.87,11602674.628509615
2026-06-10,Novus Liquidez Plus,Renta Fija CP,ARS,19994545184.33,13957798.100640899
2026-06-10,Novus Renta Fija,Renta Fija,ARS,2516650926.14,1756824.433515121
2026-06-10,Novus Valor,Dólar Linked,ARS,1385716503.37,967341.3923874982
2026-06-11,Novus Gestión,Renta Fija CER,ARS,47127643292.54,32898879.367949914
2026-06-11,Novus Renta Capital,Pagarés/Cheques,ARS,16710006497.99,11664926.349119022
2026-06-11,Novus Capital,House View USD,USD,34068220.42,34068220.42
2026-06-11,Novus Ahorro Dolares,USD MEP,USD,2708206.05,2708206.05
2026-06-11,Novus Renta Dolar,USD MEP,USD,3897602.26,3897602.26
2026-06-11,Novus Liquidez Plus,Renta Fija CP,ARS,19997104953.36,13959585.02497329
2026-06-11,Novus Income Dolares,USD MEP,USD,1000.0,1000.0
2026-06-11,Novus Multiestrategia,Multi,ARS,5541835299.95,3868646.0487397565
2026-06-11,Novus Valor,Dólar Linked,ARS,1324213896.97,924407.6344610036
2026-06-11,Novus Retorno Total,Total Return,ARS,7296671088.25,5093662.34228698
2026-06-11,Novus PyME FCI Abierto PyMES,PyME,ARS,3072282420.12,2144699.833522135
2026-06-11,Novus Balanceado,Renta Fija Mix,ARS,642070232.33,448216.58040600433
2026-06-11,Novus Renta Fija,Renta Fija,ARS,2522769298.03,1761095.5483996042
2026-06-11,Novus Renta Variable,Equity,ARS,11648677992.27,8131712.627447388
2026-06-11,Novus Dolar MM,Money Market USDMEP,USD,5101806.3,5101806.3
2026-06-11,Novus Estrategia,CER,ARS,7687524422.06,5366509.35480907
2026-06-11,Novus Low Volatility,Low Vol,ARS,361915545.87,252646.11283559797
2026-06-11,Novus Liquidez,Money Market,ARS,52679198182.38,36774310.47091596
2026-06-11,Novus Income,Renta Fija,ARS,7280500561.71,5082374.016268779
2026-06-11,Novus Renta Balanceado,Renta Fija Mix,ARS,6446094866.87,4499891.838493152
2026-06-11,Novus Renta Mixta,Mixto,ARS,16645343854.85,11619786.631797057
2026-06-11,Novus Performance,House View ARS,ARS,40588269595.48,28333871.415694077
2026-06-11,Novus Gestion II,Renta Fija CP,ARS,2312505552.7,1614314.5699805112
2026-06-12,Novus Ahorro Dolares,USD MEP,USD,2558313.02,2558313.02
2026-06-12,Novus Multiestrategia,Multi,ARS,5543121952.64,3881737.995306936
2026-06-12,Novus Renta Mixta,Mixto,ARS,16637703177.27,11651052.444748957
2026-06-12,Novus Renta Variable,Equity,ARS,11610843953.48,8130842.964827372
2026-06-12,Novus Balanceado,Renta Fija Mix,ARS,643410578.39,450567.6241760072
2026-06-12,Novus Gestion II,Renta Fija CP,ARS,2412623894.86,1689512.5023549509
2026-06-12,Novus Gestión,Renta Fija CER,ARS,47131320191.2,33005125.616625562
2026-06-12,Novus Low Volatility,Low Vol,ARS,362316932.49,253723.33771579055
2026-06-12,Novus Renta Balanceado,Renta Fija Mix,ARS,6513164308.91,4561039.353559927
2026-06-12,Novus Renta Dolar,USD MEP,USD,3895346.31,3895346.31
2026-06-12,Novus Income,Renta Fija,ARS,7291039057.03,5105769.559960876
2026-06-12,Novus Renta Capital,Pagarés/Cheques,ARS,16738947165.01,11721951.594607923
2026-06-12,Novus Retorno Total,Total Return,ARS,7293631087.73,5107584.707478674
2026-06-12,Novus Performance,House View ARS,ARS,40666428808.52,28477890.832673274
2026-06-12,Novus Valor,Dólar Linked,ARS,1327733640.45,929785.4465076904
2026-06-12,Novus Income Dolares,USD MEP,USD,1000.0,1000.0
2026-06-12,Novus Renta Fija,Renta Fija,ARS,2528175207.99,1770430.7874687584
2026-06-12,Novus Capital,House View USD,USD,34643938.77,34643938.77
2026-06-12,Novus Liquidez Plus,Renta Fija CP,ARS,20058986506.89,14046909.076943584
2026-06-12,Novus Liquidez,Money Market,ARS,53112842793.75,37193866.86289154
2026-06-12,Novus Dolar MM,Money Market USDMEP,USD,5134444.79,5134444.79
2026-06-12,Novus Estrategia,CER,ARS,7694133618.02,5388048.659440409
2026-06-12,Novus PyME FCI Abierto PyMES,PyME,ARS,3073946108.13,2152623.287995888
2026-06-16,Novus PyME FCI Abierto PyMES,PyME,ARS,3079068867.96,2143451.917093758
2026-06-16,Novus Gestión,Renta Fija CER,ARS,47098981828.36,32787315.653660074
2026-06-16,Novus Liquidez,Money Market,ARS,52746148277.16,36718513.775528505
2026-06-16,Novus Capital,House View USD,USD,34538266.81,34538266.81
2026-06-16,Novus Renta Dolar,USD MEP,USD,3867393.9,3867393.9
2026-06-16,Novus Renta Balanceado,Renta Fija Mix,ARS,6500937530.67,4525539.2492255205
2026-06-16,Novus Low Volatility,Low Vol,ARS,362384381.71,252268.9588998262
2026-06-16,Novus Renta Capital,Pagarés/Cheques,ARS,16824010042.98,11711805.784883987
2026-06-16,Novus Ahorro Dolares,USD MEP,USD,2554409.85,2554409.85
2026-06-16,Novus Multiestrategia,Multi,ARS,5514449490.55,3838809.0163333258
2026-06-16,Novus Income,Renta Fija,ARS,7330160244.81,5102791.364245172
2026-06-16,Novus Liquidez Plus,Renta Fija CP,ARS,19917211593.21,13865095.976535525
2026-06-16,Novus Gestion II,Renta Fija CP,ARS,2413433117.53,1680078.6420781177
2026-06-16,Novus Retorno Total,Total Return,ARS,7304165624.88,5084695.563107733
2026-06-16,Novus Performance,House View ARS,ARS,40708191970.83,28338454.20908261
2026-06-16,Novus Renta Variable,Equity,ARS,11300413853.03,7866629.418158463
2026-06-16,Novus Valor,Dólar Linked,ARS,1312406331.7,913613.8190868474
2026-06-16,Novus Income Dolares,USD MEP,USD,1000.0,1000.0
2026-06-16,Novus Renta Mixta,Mixto,ARS,16627432578.93,11574961.05673909
2026-06-16,Novus Renta Fija,Renta Fija,ARS,2530581060.41,1761629.5893020064
2026-06-16,Novus Balanceado,Renta Fija Mix,ARS,645810257.77,449572.0279270815
2026-06-16,Novus Dolar MM,Money Market USDMEP,USD,4930194.38,4930194.38
2026-06-16,Novus Estrategia,CER,ARS,7639563014.14,5318177.894236589
2026-06-17,Novus Renta Fija,Renta Fija,ARS,2551044173.27,1769714.955760316
2026-06-17,Novus Gestion II,Renta Fija CP,ARS,2398259576.96,1663724.9505958732
2026-06-17,Novus Performance,House View ARS,ARS,40735689186.72,28259235.626850974
2026-06-17,Novus Renta Variable,Equity,ARS,11503976526.9,7980559.303398545
2026-06-17,Novus Gestión,Renta Fija CER,ARS,47049092365.35,32638981.04405575
2026-06-17,Novus Renta Dolar,USD MEP,USD,3877347.47,3877347.47
2026-06-17,Novus Liquidez,Money Market,ARS,45826919698.74,31791133.221864287
2026-06-17,Novus PyME FCI Abierto PyMES,PyME,ARS,3080836468.52,2137243.4204472653
2026-06-17,Novus Multiestrategia,Multi,ARS,5519891154.59,3829268.827566123
2026-06-17,Novus Dolar MM,Money Market USDMEP,USD,4898778.93,4898778.93
2026-06-17,Novus Retorno Total,Total Return,ARS,7311526905.54,5072165.605659466
2026-06-17,Novus Valor,Dólar Linked,ARS,1317557327.55,914018.2408711445
2026-06-17,Novus Renta Mixta,Mixto,ARS,16632389231.66,11538250.9960874
2026-06-17,Novus Balanceado,Renta Fija Mix,ARS,647286183.78,449036.53652697714
2026-06-17,Novus Income Dolares,USD MEP,USD,1000.0,1000.0
2026-06-17,Novus Income,Renta Fija,ARS,7350832460.97,5099432.726322365
2026-06-17,Novus Low Volatility,Low Vol,ARS,362435074.98,251429.11259825202
2026-06-17,Novus Estrategia,CER,ARS,8193315973.01,5683881.9047650555
2026-06-17,Novus Ahorro Dolares,USD MEP,USD,2558388.18,2558388.18
2026-06-17,Novus Renta Capital,Pagarés/Cheques,ARS,16867219231.75,11701157.68644383
2026-06-17,Novus Renta Balanceado,Renta Fija Mix,ARS,6499844326.13,4509083.705642537
2026-06-17,Novus Capital,House View USD,USD,34722611.28,34722611.28
2026-06-17,Novus Liquidez Plus,Renta Fija CP,ARS,19774583925.83,13718059.955277389
2026-06-18,Novus Renta Variable,Equity,ARS,11697684044.19,8061808.719806471
2026-06-18,Novus Valor,Dólar Linked,ARS,1326353536.2,914096.1974429636
2026-06-18,Novus Multiestrategia,Multi,ARS,5526084308.68,3808466.2312476565
2026-06-18,Novus Renta Mixta,Mixto,ARS,16703156609.62,11511479.801902266
2026-06-18,Novus Retorno Total,Total Return,ARS,7373205169.2,5081464.801188746
2026-06-18,Novus Renta Dolar,USD MEP,USD,3885019.38,3885019.38
2026-06-18,Novus Renta Balanceado,Renta Fija Mix,ARS,6379220477.39,4396430.530685598
2026-06-18,Novus Gestion II,Renta Fija CP,ARS,2444183705.57,1684482.2817863643
2026-06-18,Novus Performance,House View ARS,ARS,40865880973.47,28163943.762707993
2026-06-18,Novus Income,Renta Fija,ARS,7327948888.68,5050275.0823056
2026-06-18,Novus Capital,House View USD,USD,34813320.68,34813320.68
2026-06-18,Novus Income Dolares,USD MEP,USD,114558.0,114558.0
2026-06-18,Novus Liquidez,Money Market,ARS,52268248138.28,36022226.02511504
2026-06-18,Novus Low Volatility,Low Vol,ARS,362574299.51,249878.91947887218
2026-06-18,Novus Gestión,Renta Fija CER,ARS,47065808418.19,32436809.139067385
2026-06-18,Novus Estrategia,CER,ARS,8103962226.45,5585087.876828595
2026-06-18,Novus Liquidez Plus,Renta Fija CP,ARS,19524456926.37,13455863.27207
2026-06-18,Novus Renta Capital,Pagarés/Cheques,ARS,16828573855.6,11597914.846945038
2026-06-18,Novus PyME FCI Abierto PyMES,PyME,ARS,3083899692.94,2125361.681990423
2026-06-18,Novus Dolar MM,Money Market USDMEP,USD,4923593.23,4923593.23
2026-06-18,Novus Renta Fija,Renta Fija,ARS,2253781868.78,1553261.1629476156
2026-06-18,Novus Ahorro Dolares,USD MEP,USD,2585232.57,2585232.57
2026-06-18,Novus Balanceado,Renta Fija Mix,ARS,644271821.06,444019.18921094923
2026-06-19,Novus Dolar MM,Money Market USDMEP,USD,4931065.83,4931065.83
2026-06-19,Novus Liquidez,Money Market,ARS,49226385990.59,33925835.77435626
2026-06-19,Novus Gestion II,Renta Fija CP,ARS,2437234405.25,1679692.9636867566
2026-06-19,Novus Gestión,Renta Fija CER,ARS,47116974478.61,32472071.759471033
2026-06-19,Novus Retorno Total,Total Return,ARS,7373861931.03,5081917.4282410685
2026-06-19,Novus Income,Renta Fija,ARS,7333200913.23,5053894.672059766
2026-06-19,Novus Renta Variable,Equity,ARS,11524543741.75,7942483.903484901
2026-06-19,Novus Liquidez Plus,Renta Fija CP,ARS,19591140404.96,13501820.18517631
2026-06-19,Novus Multiestrategia,Multi,ARS,5534208414.25,3814065.2015119786
2026-06-19,Novus Low Volatility,Low Vol,ARS,363149964.19,250275.6560054681
2026-06-19,Novus Valor,Dólar Linked,ARS,1334384081.48,919630.6878359795
2026-06-19,Novus Income Dolares,USD MEP,USD,114558.0,114558.0
2026-06-19,Novus Renta Mixta,Mixto,ARS,16681706275.2,11496696.662571725
2026-06-19,Novus Ahorro Dolares,USD MEP,USD,2578376.35,2578376.35
2026-06-19,Novus Renta Dolar,USD MEP,USD,3886876.08,3886876.08
2026-06-19,Novus Estrategia,CER,ARS,8117646010.09,5594518.465469233
2026-06-19,Novus Performance,House View ARS,ARS,40712371109.03,28058147.84968422
2026-06-19,Novus Capital,House View USD,USD,34796988.2,34796988.2
2026-06-19,Novus Renta Capital,Pagarés/Cheques,ARS,16851261712.55,11613550.861929052
2026-06-19,Novus PyME FCI Abierto PyMES,PyME,ARS,3086180875.25,2126933.82698671
2026-06-19,Novus Balanceado,Renta Fija Mix,ARS,644740352.11,444342.0913931352
2026-06-19,Novus Renta Fija,Renta Fija,ARS,2259565948.72,1557247.4345822567
2026-06-19,Novus Renta Balanceado,Renta Fija Mix,ARS,6393811359.39,4406486.27328327
2026-06-22,Novus Gestión,Renta Fija CER,ARS,47172189863.49,32276556.712010488
2026-06-22,Novus Renta Balanceado,Renta Fija Mix,ARS,6397583858.22,4377409.206934018
2026-06-22,Novus PyME FCI Abierto PyMES,PyME,ARS,3090353588.21,2114508.0001305146
2026-06-22,Novus Renta Capital,Pagarés/Cheques,ARS,16868914209.0,11542191.865852585
2026-06-22,Novus Multiestrategia,Multi,ARS,5538125434.7,3789343.2589965723
2026-06-22,Novus Income,Renta Fija,ARS,7338340064.11,5021101.414555814
2026-06-22,Novus Renta Dolar,USD MEP,USD,3888614.8,3888614.8
2026-06-22,Novus Gestion II,Renta Fija CP,ARS,2438413645.24,1668432.1108620723
2026-06-22,Novus Ahorro Dolares,USD MEP,USD,2630769.19,2630769.19
2026-06-22,Novus Low Volatility,Low Vol,ARS,363607963.31,248790.93132365265
2026-06-22,Novus Estrategia,CER,ARS,7941204710.58,5433598.587313007
2026-06-22,Novus Renta Fija,Renta Fija,ARS,2265857255.29,1550364.1110011707
2026-06-22,Novus Balanceado,Renta Fija Mix,ARS,644163855.82,440755.26882192836
2026-06-22,Novus Capital,House View USD,USD,34948596.11,34948596.11
2026-06-22,Novus Performance,House View ARS,ARS,40833952002.11,27939753.727475308
2026-06-22,Novus Income Dolares,USD MEP,USD,114558.0,114558.0
2026-06-22,Novus Renta Mixta,Mixto,ARS,16676450416.04,11410502.653491257
2026-06-22,Novus Liquidez,Money Market,ARS,51466927131.96,35215138.351109765
2026-06-22,Novus Dolar MM,Money Market USDMEP,USD,4856270.5,4856270.5
2026-06-22,Novus Liquidez Plus,Renta Fija CP,ARS,18565956176.92,12703356.345999517
2026-06-22,Novus Retorno Total,Total Return,ARS,7353933669.92,5031771.004068782
2026-06-22,Novus Valor,Dólar Linked,ARS,1335350771.32,913685.055234113
2026-06-22,Novus Renta Variable,Equity,ARS,11514557714.15,7878588.552916166
2026-06-23,Novus Liquidez Plus,Renta Fija CP,ARS,17844925426.39,12127031.222863307
2026-06-23,Novus Dolar MM,Money Market USDMEP,USD,4890733.47,4890733.47
2026-06-23,Novus Renta Balanceado,Renta Fija Mix,ARS,6402780909.16,4351193.526631858
2026-06-23,Novus Estrategia,CER,ARS,7918145859.56,5381003.269650277
2026-06-23,Novus Ahorro Dolares,USD MEP,USD,2629986.55,2629986.55
2026-06-23,Novus Renta Variable,Equity,ARS,11352642222.69,7715013.843260936
2026-06-23,Novus Balanceado,Renta Fija Mix,ARS,544468952.04,370009.502617713
2026-06-23,Novus Retorno Total,Total Return,ARS,7340184026.38,4988232.718408187
2026-06-23,Novus Valor,Dólar Linked,ARS,1343529832.71,913034.2571242978
2026-06-23,Novus Multiestrategia,Multi,ARS,5535752455.58,3761979.45728494
2026-06-23,Novus Renta Mixta,Mixto,ARS,16586176700.9,11271612.400368137
2026-06-23,Novus PyME FCI Abierto PyMES,PyME,ARS,3092222336.76,2101408.4357263655
2026-06-23,Novus Income Dolares,USD MEP,USD,114558.0,114558.0
2026-06-23,Novus Low Volatility,Low Vol,ARS,363403399.52,246961.2098213872
2026-06-23,Novus Capital,House View USD,USD,34941563.4,34941563.4
2026-06-23,Novus Performance,House View ARS,ARS,40807861478.59,27732153.453400828
2026-06-23,Novus Renta Fija,Renta Fija,ARS,2270256655.18,1542818.0663936038
2026-06-23,Novus Renta Dolar,USD MEP,USD,3886597.44,3886597.44
2026-06-23,Novus Renta Capital,Pagarés/Cheques,ARS,16974140133.34,11535264.085433258
2026-06-23,Novus Liquidez,Money Market,ARS,57342951370.16,38969048.34629734
2026-06-23,Novus Income,Renta Fija,ARS,7386450370.57,5019674.34044658
2026-06-23,Novus Gestion II,Renta Fija CP,ARS,2403025842.19,1633045.1779019183
2026-06-23,Novus Gestión,Renta Fija CER,ARS,47173741860.87,32058270.167946264
2026-06-24,Novus Renta Variable,Equity,ARS,10752132272.35,7269866.073634694
2026-06-24,Novus Income,Renta Fija,ARS,7392528272.76,4998328.622381906
2026-06-24,Novus Income Dolares,USD MEP,USD,1336391.0,1336391.0
2026-06-24,Novus Renta Mixta,Mixto,ARS,16446699087.62,11120147.770860242
2026-06-24,Novus Gestión,Renta Fija CER,ARS,47188204304.28,31905478.54676363
2026-06-24,Novus Valor,Dólar Linked,ARS,1552432912.56,1049650.3462514752
2026-06-24,Novus Liquidez Plus,Renta Fija CP,ARS,17522226793.27,11847347.007300641
2026-06-24,Novus Capital,House View USD,USD,34951888.53,34951888.53
2026-06-24,Novus Multiestrategia,Multi,ARS,5518621097.2,3731319.0790025825
2026-06-24,Novus Dolar MM,Money Market USDMEP,USD,4893945.12,4893945.12
2026-06-24,Novus Gestion II,Renta Fija CP,ARS,2346063572.07,1586249.828142621
2026-06-24,Novus Low Volatility,Low Vol,ARS,363355075.31,245676.17545703883
2026-06-24,Novus Liquidez,Money Market,ARS,57663197210.75,38987961.68809746
2026-06-24,Novus Performance,House View ARS,ARS,41138164069.15,27814849.71748459
2026-06-24,Novus Retorno Total,Total Return,ARS,7289691714.95,4928797.483458436
2026-06-24,Novus Estrategia,CER,ARS,7898973299.8,5340752.564627029
2026-06-24,Novus Renta Balanceado,Renta Fija Mix,ARS,6402944005.2,4329238.537595893
2026-06-24,Novus Balanceado,Renta Fija Mix,ARS,544626323.77,368239.5578564199
2026-06-24,Novus PyME FCI Abierto PyMES,PyME,ARS,3094096021.78,2092018.878446168
2026-06-24,Novus Renta Fija,Renta Fija,ARS,2277315978.25,1539767.3456641196
2026-06-24,Novus Renta Capital,Pagarés/Cheques,ARS,16982483722.62,11482409.17558438
2026-06-24,Novus Renta Dolar,USD MEP,USD,3895645.73,3895645.73
2026-06-24,Novus Ahorro Dolares,USD MEP,USD,2615186.54,2615186.54
2026-06-25,Novus Performance,House View ARS,ARS,41659410412.24,28205424.66672736
2026-06-25,Novus Low Volatility,Low Vol,ARS,363396961.13,246037.2220788408
2026-06-25,Novus Estrategia,CER,ARS,7817064468.55,5292528.646009297
2026-06-25,Novus Renta Fija,Renta Fija,ARS,2478278725.93,1677913.9026613303
2026-06-25,Novus Gestion II,Renta Fija CP,ARS,2351388987.49,1592003.446341031
2026-06-25,Novus Ahorro Dolares,USD MEP,USD,2611274.82,2611274.82
2026-06-25,Novus Renta Mixta,Mixto,ARS,16447049038.95,11135443.302427946
2026-06-25,Novus Renta Variable,Equity,ARS,10717342337.1,7256156.266383128
2026-06-25,Novus Valor,Dólar Linked,ARS,1549667895.93,1049199.7045704063
2026-06-25,Novus Balanceado,Renta Fija Mix,ARS,539162948.59,365039.2499332579
2026-06-25,Novus Liquidez Plus,Renta Fija CP,ARS,17014397810.3,11519565.710107796
2026-06-25,Novus Capital,House View USD,USD,35002634.0,35002634.0
2026-06-25,Novus Retorno Total,Total Return,ARS,7271749694.76,4923324.314512847
2026-06-25,Novus Gestión,Renta Fija CER,ARS,47177022219.93,31941113.257661447
2026-06-25,Novus Dolar MM,Money Market USDMEP,USD,4475348.54,4475348.54
2026-06-25,Novus Liquidez,Money Market,ARS,53509366692.04,36228415.05104904
2026-06-25,Novus PyME FCI Abierto PyMES,PyME,ARS,3094329415.21,2095009.8513420455
2026-06-25,Novus Income,Renta Fija,ARS,7400824949.9,5010714.470762399
2026-06-25,Novus Multiestrategia,Multi,ARS,5559886598.81,3764310.65793978
2026-06-25,Novus Renta Dolar,USD MEP,USD,3898509.39,3898509.39
2026-06-25,Novus Renta Balanceado,Renta Fija Mix,ARS,6399929302.33,4333059.97427686
2026-06-25,Novus Income Dolares,USD MEP,USD,1336391.0,1336391.0
2026-06-25,Novus Renta Capital,Pagarés/Cheques,ARS,16999235768.44,11509300.278474364
2026-06-26,Novus Performance,House View ARS,ARS,43514573505.88,29461459.314466447
2026-06-26,Novus Ahorro Dolares,USD MEP,USD,2613892.95,2613892.95
2026-06-26,Novus Dolar MM,Money Market USDMEP,USD,4662442.45,4662442.45
2026-06-26,Novus Valor,Dólar Linked,ARS,1550371036.82,1049675.7647740128
2026-06-26,Novus Balanceado,Renta Fija Mix,ARS,2452064.87,1660.1658613102502
2026-06-26,Novus Renta Mixta,Mixto,ARS,16517835892.22,11183369.406939376
2026-06-26,Novus PyME FCI Abierto PyMES,PyME,ARS,3096888842.32,2096742.7066039597
2026-06-26,Novus Retorno Total,Total Return,ARS,7290026390.04,4935698.51632645
2026-06-26,Novus Capital,House View USD,USD,35091658.76,35091658.76
2026-06-26,Novus Gestión,Renta Fija CER,ARS,47258635551.82,31996369.408952244
2026-06-26,Novus Multiestrategia,Multi,ARS,5526718009.48,3741853.9275542228
2026-06-26,Novus Liquidez Plus,Renta Fija CP,ARS,16889796458.51,11435204.601620946
2026-06-26,Novus Income Dolares,USD MEP,USD,1336391.0,1336391.0
2026-06-26,Novus Income,Renta Fija,ARS,7407588656.35,5015293.82536333
2026-06-26,Novus Renta Variable,Equity,ARS,10798875048.1,7311357.833453528
2026-06-26,Novus Renta Balanceado,Renta Fija Mix,ARS,6400119093.81,4333188.472237791
2026-06-26,Novus Gestion II,Renta Fija CP,ARS,2306526791.01,1561629.5814524207
2026-06-26,Novus Estrategia,CER,ARS,7779341465.57,5266988.358515394
2026-06-26,Novus Liquidez,Money Market,ARS,58398245327.58,39538421.04237199
2026-06-26,Novus Low Volatility,Low Vol,ARS,364082780.1,246501.5545094233
2026-06-26,Novus Renta Dolar,USD MEP,USD,3882745.31,3882745.31
2026-06-26,Novus Renta Capital,Pagarés/Cheques,ARS,17014754406.36,11519807.142792689
2026-06-26,Novus Renta Fija,Renta Fija,ARS,2487277365.19,1684006.4142748988
2026-06-29,Novus Balanceado,Renta Fija Mix,ARS,2943803.54,1987.0426615502702
2026-06-29,Novus Renta Balanceado,Renta Fija Mix,ARS,6495309929.08,4384279.641525609
2026-06-29,Novus Low Volatility,Low Vol,ARS,364927198.04,246322.7932885372
2026-06-29,Novus Renta Capital,Pagarés/Cheques,ARS,17068309747.53,11520965.705780907
2026-06-29,Novus Multiestrategia,Multi,ARS,5537754531.04,3737937.7913139504
2026-06-29,Novus Capital,House View USD,USD,35219009.87,35219009.87
2026-06-29,Novus Liquidez Plus,Renta Fija CP,ARS,16316659439.52,11013608.061736742
2026-06-29,Novus Gestion II,Renta Fija CP,ARS,2313842450.08,1561824.217527424
2026-06-29,Novus Renta Mixta,Mixto,ARS,16657180866.54,11243457.164595256
2026-06-29,Novus Liquidez,Money Market,ARS,53308217538.78,35982599.04964928
2026-06-29,Novus Income Dolares,USD MEP,USD,1336391.0,1336391.0
2026-06-29,Novus Renta Dolar,USD MEP,USD,3895887.65,3895887.65
2026-06-29,Novus Renta Fija,Renta Fija,ARS,2494227776.28,1683582.7974756844
2026-06-29,Novus Valor,Dólar Linked,ARS,1556186405.78,1050412.7519356946
2026-06-29,Novus Income,Renta Fija,ARS,7432077015.59,5016589.556076335
2026-06-29,Novus Dolar MM,Money Market USDMEP,USD,4524284.33,4524284.33
2026-06-29,Novus Estrategia,CER,ARS,7771066693.26,5245404.740990292
2026-06-29,Novus Renta Variable,Equity,ARS,11019258196.29,7437906.720726924
2026-06-29,Novus Retorno Total,Total Return,ARS,7365571770.24,4971699.0741091445
2026-06-29,Novus Performance,House View ARS,ARS,43793261136.43,29560083.403696794
2026-06-29,Novus Ahorro Dolares,USD MEP,USD,2613877.57,2613877.57
2026-06-29,Novus Gestión,Renta Fija CER,ARS,47405946434.71,31998615.633479293
2026-06-29,Novus PyME FCI Abierto PyMES,PyME,ARS,3103072663.78,2094547.9822411307
2026-06-30,Novus Estrategia,CER,ARS,7789819318.22,5256288.084475549
2026-06-30,Novus Liquidez,Money Market,ARS,51093053311.56,34475742.80611089
2026-06-30,Novus Retorno Total,Total Return,ARS,7375514597.33,4976730.256649872
2026-06-30,Novus Low Volatility,Low Vol,ARS,365395336.79,246555.5459547008
2026-06-30,Novus Ahorro Dolares,USD MEP,USD,2601158.83,2601158.83
2026-06-30,Novus Income Dolares,USD MEP,USD,1336391.0,1336391.0
2026-06-30,Novus Balanceado,Renta Fija Mix,ARS,2891686.57,1951.2054183821704
2026-06-30,Novus Renta Dolar,USD MEP,USD,3894892.17,3894892.17
2026-06-30,Novus Renta Fija,Renta Fija,ARS,2497348599.38,1685120.4308423304
2026-06-30,Novus Income,Renta Fija,ARS,7371816182.09,4974234.699928552
2026-06-30,Novus Valor,Dólar Linked,ARS,1575532727.62,1063112.4503132384
2026-06-30,Novus Liquidez Plus,Renta Fija CP,ARS,16044439761.8,10826207.142543286
2026-06-30,Novus Gestion II,Renta Fija CP,ARS,2306093254.04,1556068.2472503993
2026-06-30,Novus Dolar MM,Money Market USDMEP,USD,4388460.91,4388460.91
2026-06-30,Novus PyME FCI Abierto PyMES,PyME,ARS,3108151205.49,2097267.9183910177
2026-06-30,Novus Renta Variable,Equity,ARS,11027807456.95,7441165.265319936
2026-06-30,Novus Multiestrategia,Multi,ARS,5553233614.96,3747121.016318155
2026-06-30,Novus Renta Mixta,Mixto,ARS,16648747487.4,11233972.119838502
2026-06-30,Novus Renta Capital,Pagarés/Cheques,ARS,16967963040.06,11449367.219170464
2026-06-30,Novus Gestión,Renta Fija CER,ARS,47560109999.29,32091840.551538993
2026-06-30,Novus Capital,House View USD,USD,35309967.2,35309967.2
2026-06-30,Novus Performance,House View ARS,ARS,43670628663.44,29467359.345331766
2026-06-30,Novus Renta Balanceado,Renta Fija Mix,ARS,6500283245.87,4386155.824059585
2026-07-01,Novus Renta Capital,Pagarés/Cheques,ARS,16992407661.15,11411959.948244773
2026-07-01,Novus Dolar MM,Money Market USDMEP,USD,4345495.6,4345495.6
2026-07-01,Novus Ahorro Dolares,USD MEP,USD,2676744.41,2676744.41
2026-07-01,Novus Gestión,Renta Fija CER,ARS,47633773391.6,31990446.849479463
2026-07-01,Novus Capital,House View USD,USD,35288329.45,35288329.45
2026-07-01,Novus Renta Dolar,USD MEP,USD,3864108.69,3864108.69
2026-07-01,Novus Renta Mixta,Mixto,ARS,16598662116.22,11147523.708357805
2026-07-01,Novus Retorno Total,Total Return,ARS,7388284097.6,4961910.277190159
2026-07-01,Novus Liquidez Plus,Renta Fija CP,ARS,16066443168.38,10790089.880405728
2026-07-01,Novus PyME FCI Abierto PyMES,PyME,ARS,3109636338.29,2088405.9548139598
2026-07-01,Novus Income Dolares,USD MEP,USD,1336391.0,1336391.0
2026-07-01,Novus Multiestrategia,Multi,ARS,5545892580.71,3724575.4262964227
2026-07-01,Novus Estrategia,CER,ARS,7795387280.32,5235317.395748494
2026-07-01,Novus Liquidez,Money Market,ARS,54044686547.41,36295962.91434228
2026-07-01,Novus Performance,House View ARS,ARS,44041442800.44,29577867.440800313
2026-07-01,Novus Valor,Dólar Linked,ARS,1575346343.56,1057989.5289602464
2026-07-01,Novus Gestion II,Renta Fija CP,ARS,2306111198.17,1548765.13996803
2026-07-01,Novus Balanceado,Renta Fija Mix,ARS,2749613.54,1846.6176316716212
2026-07-01,Novus Income,Renta Fija,ARS,7383272241.17,4958544.356010179
2026-07-01,Novus Renta Balanceado,Renta Fija Mix,ARS,6505023023.53,4368719.47091166
2026-07-01,Novus Renta Fija,Renta Fija,ARS,2502035859.99,1680346.516671649
2026-07-01,Novus Low Volatility,Low Vol,ARS,365436812.53,245424.3301696044
2026-07-01,Novus Renta Variable,Equity,ARS,10860039238.36,7293512.214156911
2026-07-02,Novus Income,Renta Fija,ARS,7376603979.64,4957395.068289206
2026-07-02,Novus Valor,Dólar Linked,ARS,1612270828.95,1083515.3247000452
2026-07-02,Novus Income Dolares,USD MEP,USD,1336391.0,1336391.0
2026-07-02,Novus Liquidez Plus,Renta Fija CP,ARS,15986173559.81,10743396.037655395
2026-07-02,Novus Dolar MM,Money Market USDMEP,USD,4542540.32,4542540.32
2026-07-02,Novus Renta Capital,Pagarés/Cheques,ARS,16985131987.6,11414739.05634267
2026-07-02,Novus Multiestrategia,Multi,ARS,5541409786.57,3724065.6571958633
2026-07-02,Novus Renta Dolar,USD MEP,USD,3872218.08,3872218.08
2026-07-02,Novus Renta Fija,Renta Fija,ARS,2510840421.78,1687392.729574297
2026-07-02,Novus Gestión,Renta Fija CER,ARS,47626409346.49,32006995.01644319
2026-07-02,Novus Gestion II,Renta Fija CP,ARS,2191189306.38,1472573.4350275348
2026-07-02,Novus Liquidez,Money Market,ARS,51780747355.31,34798888.794904605
2026-07-02,Novus Performance,House View ARS,ARS,43294342372.63,29095659.73112939
2026-07-02,Novus Low Volatility,Low Vol,ARS,365452318.49,245599.67247497514
2026-07-02,Novus Renta Balanceado,Renta Fija Mix,ARS,6509986448.59,4374990.822869771
2026-07-02,Novus PyME FCI Abierto PyMES,PyME,ARS,3111094254.75,2090789.116244955
2026-07-02,Novus Capital,House View USD,USD,35360917.9,35360917.9
2026-07-02,Novus Estrategia,CER,ARS,7760608249.71,5215462.449959859
2026-07-02,Novus Ahorro Dolares,USD MEP,USD,2671550.95,2671550.95
2026-07-02,Novus Renta Mixta,Mixto,ARS,16651036670.4,11190212.63708563
2026-07-02,Novus Balanceado,Renta Fija Mix,ARS,2701201.38,1815.3234790193405
2026-07-02,Novus Renta Variable,Equity,ARS,10957196620.37,7363707.288343319
2026-07-02,Novus Retorno Total,Total Return,ARS,7425244667.81,4990083.702289037
2026-07-03,Novus Low Volatility,Low Vol,ARS,366716545.47,246366.51944297913
2026-07-03,Novus Renta Variable,Equity,ARS,11116080421.17,7467975.135133185
2026-07-03,Novus Estrategia,CER,ARS,7765590322.5,5217057.923368005
2026-07-03,Novus Retorno Total,Total Return,ARS,7456902166.6,5009675.879929291
2026-07-03,Novus Ahorro Dolares,USD MEP,USD,2676568.92,2676568.92
2026-07-03,Novus Renta Balanceado,Renta Fija Mix,ARS,6527183915.3,4385075.074580212
2026-07-03,Novus Capital,House View USD,USD,35448422.19,35448422.19
2026-07-03,Novus Performance,House View ARS,ARS,43477220431.19,29208748.841586486
2026-07-03,Novus Gestión,Renta Fija CER,ARS,47781235341.47,32100260.517770495
2026-07-03,Novus Income,Renta Fija,ARS,7392953720.83,4966714.207752894
2026-07-03,Novus Renta Dolar,USD MEP,USD,3875846.47,3875846.47
2026-07-03,Novus Gestion II,Renta Fija CP,ARS,2157454044.31,1449414.950922404
2026-07-03,Novus Liquidez,Money Market,ARS,51266278469.06,34441572.78213153
2026-07-03,Novus Multiestrategia,Multi,ARS,5560774258.63,3735824.348342255
2026-07-03,Novus Renta Capital,Pagarés/Cheques,ARS,17017713191.09,11432794.128212305
2026-07-03,Novus Balanceado,Renta Fija Mix,ARS,2706491.41,1818.267751539367
2026-07-03,Novus Renta Fija,Renta Fija,ARS,2616196165.37,1757605.8440892017
2026-07-03,Novus Renta Mixta,Mixto,ARS,16745553968.46,11249952.85409492
2026-07-03,Novus Dolar MM,Money Market USDMEP,USD,4483556.25,4483556.25
2026-07-03,Novus Valor,Dólar Linked,ARS,1603067552.17,1076968.5146164433
2026-07-03,Novus Income Dolares,USD MEP,USD,1336391.0,1336391.0
2026-07-03,Novus Liquidez Plus,Renta Fija CP,ARS,16087085848.27,10807582.579452807
2026-07-03,Novus PyME FCI Abierto PyMES,PyME,ARS,3114964207.48,2092686.8434658237
2026-07-06,Novus Income,Renta Fija,ARS,7238073184.51,4869205.278371409
2026-07-06,Novus Liquidez,Money Market,ARS,50630057515.33,34059913.04778196
2026-07-06,Novus Balanceado,Renta Fija Mix,ARS,2711979.62,1824.4061843419515
2026-07-06,Novus Valor,Dólar Linked,ARS,1613584825.65,1085492.7202130633
2026-07-06,Novus Capital,House View USD,USD,35575228.45,35575228.45
2026-07-06,Novus Renta Balanceado,Renta Fija Mix,ARS,6524212342.81,4388975.956309973
2026-07-06,Novus Gestión,Renta Fija CER,ARS,47817571434.79,32167894.036697783
2026-07-06,Novus Performance,House View ARS,ARS,43473101836.49,29245277.235165875
2026-07-06,Novus Ahorro Dolares,USD MEP,USD,2692437.86,2692437.86
2026-07-06,Novus Estrategia,CER,ARS,7788113183.57,5239228.846587052
2026-07-06,Novus Liquidez Plus,Renta Fija CP,ARS,15661168903.59,10535600.338225793
2026-07-06,Novus Renta Mixta,Mixto,ARS,16840419253.11,11328907.048455311
2026-07-06,Novus Renta Variable,Equity,ARS,11354453736.72,7638381.743110794
2026-07-06,Novus Renta Dolar,USD MEP,USD,3884792.67,3884792.67
2026-07-06,Novus Renta Fija,Renta Fija,ARS,2620500324.48,1762866.1228845823
2026-07-06,Novus PyME FCI Abierto PyMES,PyME,ARS,3118080546.98,2097598.8872610508
2026-07-06,Novus Renta Capital,Pagarés/Cheques,ARS,16735448653.84,11258291.100949677
2026-07-06,Novus Low Volatility,Low Vol,ARS,114503.27,77.02877719832432
2026-07-06,Novus Dolar MM,Money Market USDMEP,USD,4289922.03,4289922.03
2026-07-06,Novus Retorno Total,Total Return,ARS,7489244743.61,5038173.711015032
2026-07-06,Novus Multiestrategia,Multi,ARS,5569918568.48,3747002.3032901627
2026-07-06,Novus Income Dolares,USD MEP,USD,1336899.21,1336899.21
2026-07-06,Novus Gestion II,Renta Fija CP,ARS,2117498670.92,1424486.2468997135
2026-07-07,Novus Retorno Total,Total Return,ARS,7455705749.72,4997121.914109809
2026-07-07,Novus Liquidez Plus,Renta Fija CP,ARS,15535086755.5,10412256.742619107
2026-07-07,Novus Gestión,Renta Fija CER,ARS,47856733692.24,32075559.40364075
2026-07-07,Novus Estrategia,CER,ARS,7785757763.29,5218336.404752584
2026-07-07,Novus Renta Balanceado,Renta Fija Mix,ARS,6540208458.43,4383517.819449121
2026-07-07,Novus Renta Fija,Renta Fija,ARS,2621773160.04,1757220.6510903183
2026-07-07,Novus Low Volatility,Low Vol,ARS,114508.43,76.74827898415903
2026-07-07,Novus Gestion II,Renta Fija CP,ARS,2112773651.02,1416068.1584653917
2026-07-07,Novus Ahorro Dolares,USD MEP,USD,2757462.55,2757462.55
2026-07-07,Novus Renta Mixta,Mixto,ARS,16787317418.18,11251553.449873611
2026-07-07,Novus Income,Renta Fija,ARS,7394069007.79,4955810.424070882
2026-07-07,Novus Balanceado,Renta Fija Mix,ARS,2713809.7,1818.9073412806108
2026-07-07,Novus Renta Capital,Pagarés/Cheques,ARS,17036273283.42,11418413.952634694
2026-07-07,Novus Valor,Dólar Linked,ARS,1616259427.56,1083283.8198650707
2026-07-07,Novus Renta Variable,Equity,ARS,11238278785.64,7532358.583049778
2026-07-07,Novus Renta Dolar,USD MEP,USD,3882085.71,3882085.71
2026-07-07,Novus Performance,House View ARS,ARS,42618364122.81,28564587.773545545
2026-07-07,Novus Multiestrategia,Multi,ARS,5580606693.06,3740353.084745237
2026-07-07,Novus Income Dolares,USD MEP,USD,1335617.88,1335617.88
2026-07-07,Novus Dolar MM,Money Market USDMEP,USD,4444155.1,4444155.1
2026-07-07,Novus PyME FCI Abierto PyMES,PyME,ARS,3120303428.25,2091356.2261447376
2026-07-07,Novus Capital,House View USD,USD,35577586.61,35577586.61
2026-07-07,Novus Liquidez,Money Market,ARS,55251977376.31,37032157.14426862
2026-07-08,Novus Multiestrategia,Multi,ARS,5600589059.91,3763836.6735890973
2026-07-08,Novus Ahorro Dolares,USD MEP,USD,2866367.87,2866367.87
2026-07-08,Novus Renta Fija,Renta Fija,ARS,2624033088.73,1763463.0690493758
2026-07-08,Novus Income Dolares,USD MEP,USD,1335545.58,1335545.58
2026-07-08,Novus Liquidez Plus,Renta Fija CP,ARS,15398813370.12,10348664.73369556
2026-07-08,Novus Valor,Dólar Linked,ARS,1615198819.24,1085483.0600785078
2026-07-08,Novus Retorno Total,Total Return,ARS,7438183032.45,4998778.839676796
2026-07-08,Novus PyME FCI Abierto PyMES,PyME,ARS,3122926275.95,2098740.7432682663
2026-07-08,Novus Dolar MM,Money Market USDMEP,USD,4326381.32,4326381.32
2026-07-08,Novus Renta Capital,Pagarés/Cheques,ARS,17017777284.91,11436678.099882774
2026-07-08,Novus Gestion II,Renta Fija CP,ARS,2114976662.89,1421355.2614585848
2026-07-08,Novus Renta Mixta,Mixto,ARS,16813473602.68,11299377.24036588
2026-07-08,Novus Estrategia,CER,ARS,7822378320.42,5256974.593590019
2026-07-08,Novus Renta Dolar,USD MEP,USD,3877873.25,3877873.25
2026-07-08,Novus Gestión,Renta Fija CER,ARS,47957348105.9,32229400.093133364
2026-07-08,Novus Performance,House View ARS,ARS,42526773094.73,28579820.170901645
2026-07-08,Novus Liquidez,Money Market,ARS,56024959539.14,37651181.883562274
2026-07-08,Novus Low Volatility,Low Vol,ARS,114513.72,76.95814392996003
2026-07-08,Novus Balanceado,Renta Fija Mix,ARS,2715640.63,1825.0272759070906
2026-07-08,Novus Renta Balanceado,Renta Fija Mix,ARS,6517674575.99,4380157.575072049
2026-07-08,Novus Capital,House View USD,USD,35542592.27,35542592.27
2026-07-08,Novus Renta Variable,Equity,ARS,11214722470.46,7536775.733215352
2026-07-08,Novus Income,Renta Fija,ARS,7386352553.25,4963946.528943791
2026-07-13,Novus Gestion II,Renta Fija CP,ARS,2379076056.82,1605314.4005888829
2026-07-13,Novus Income Dolares,USD MEP,USD,1337017.73,1337017.73
2026-07-13,Novus Renta Variable,Equity,ARS,11332051660.3,7646458.240100354
2026-07-13,Novus Ahorro Dolares,USD MEP,USD,2848907.75,2848907.75
2026-07-13,Novus Dolar MM,Money Market USDMEP,USD,4680332.19,4680332.19
2026-07-13,Novus Retorno Total,Total Return,ARS,7455221396.66,5030513.51945162
2026-07-13,Novus Balanceado,Renta Fija Mix,ARS,2719996.92,1835.3554577275002
2026-07-13,Novus Renta Balanceado,Renta Fija Mix,ARS,5274589913.81,3559102.3336841166
2026-07-13,Novus Income,Renta Fija,ARS,7387093676.7,4984543.400246074
2026-07-13,Novus Low Volatility,Low Vol,ARS,114540.06,77.28748613782817
2026-07-13,Novus Renta Mixta,Mixto,ARS,16835567858.91,11360031.743636
2026-07-13,Novus Gestión,Renta Fija CER,ARS,47947451534.85,32353204.59797129
2026-07-13,Novus Valor,Dólar Linked,ARS,1622692113.69,1094933.896863499
2026-07-13,Novus Renta Fija,Renta Fija,ARS,2628917165.53,1773898.136498256
2026-07-13,Novus Multiestrategia,Multi,ARS,5609529879.9,3785107.697974876
2026-07-13,Novus Capital,House View USD,USD,36025661.59,36025661.59
2026-07-13,Novus Liquidez Plus,Renta Fija CP,ARS,14528937719.59,9803601.225633906
2026-07-13,Novus Estrategia,CER,ARS,7811913808.61,5271196.646770168
2026-07-13,Novus PyME FCI Abierto PyMES,PyME,ARS,3128978159.95,2111321.1933248746
2026-07-13,Novus Liquidez,Money Market,ARS,55331850768.31,37335929.88545786
2026-07-13,Novus Renta Capital,Pagarés/Cheques,ARS,17038984293.84,11497289.790251821
2026-07-13,Novus Performance,House View ARS,ARS,42266258059.85,28519740.900245078
2026-07-13,Novus Renta Dolar,USD MEP,USD,3886323.71,3886323.71
2026-07-14,Novus Multiestrategia,Multi,ARS,5606601692.38,3810127.0895254775
2026-07-14,Novus Retorno Total,Total Return,ARS,7469189713.52,5075902.2355673965
2026-07-14,Novus Renta Capital,Pagarés/Cheques,ARS,17025820370.81,11570384.874028811
2026-07-14,Novus Renta Fija,Renta Fija,ARS,2629373303.92,1786866.0916926947
2026-07-14,Novus Valor,Dólar Linked,ARS,1617185888.51,1099005.083771993
2026-07-14,Novus Capital,House View USD,USD,36067817.92,36067817.92
2026-07-14,Novus Dolar MM,Money Market USDMEP,USD,4785647.03,4785647.03
2026-07-14,Novus Estrategia,CER,ARS,7791502336.29,5294939.028743028
2026-07-14,Novus Liquidez,Money Market,ARS,53614510129.1,36435279.094671346
2026-07-14,Novus Renta Variable,Equity,ARS,11304342361.65,7682190.286485191
2026-07-14,Novus Income Dolares,USD MEP,USD,1338270.37,1338270.37
2026-07-14,Novus Gestion II,Renta Fija CP,ARS,2379917765.83,1617341.4214096884
2026-07-14,Novus Income,Renta Fija,ARS,7383920500.91,5017955.094911868
2026-07-14,Novus Performance,House View ARS,ARS,41843070171.78,28435659.2313476
2026-07-14,Novus Renta Mixta,Mixto,ARS,16825191036.42,11434041.451782187
2026-07-14,Novus PyME FCI Abierto PyMES,PyME,ARS,3129360019.1,2126646.413611996
2026-07-14,Novus Low Volatility,Low Vol,ARS,114545.51,77.84268877663857
2026-07-14,Novus Ahorro Dolares,USD MEP,USD,2851887.9,2851887.9
2026-07-14,Novus Balanceado,Renta Fija Mix,ARS,2720914.25,1849.0753688265124
2026-07-14,Novus Liquidez Plus,Renta Fija CP,ARS,14165703387.46,9626710.292635856
2026-07-14,Novus Renta Balanceado,Renta Fija Mix,ARS,5222568094.08,3549146.0360364355
2026-07-14,Novus Gestión,Renta Fija CER,ARS,47998253008.32,32618590.381665852
2026-07-14,Novus Renta Dolar,USD MEP,USD,3889125.34,3889125.34
2026-07-15,Novus Capital,House View USD,USD,36169675.59,36169675.59
2026-07-15,Novus Gestión,Renta Fija CER,ARS,48055355657.26,32590949.985331103
2026-07-15,Novus Low Volatility,Low Vol,ARS,114551.01,77.68803677796
2026-07-15,Novus Income,Renta Fija,ARS,7411050283.61,5026144.658143167
2026-07-15,Novus Liquidez,Money Market,ARS,56247458997.8,38146801.70247197
2026-07-15,Novus Renta Fija,Renta Fija,ARS,2634194435.21,1786500.1291816812
2026-07-15,Novus Valor,Dólar Linked,ARS,1615321157.52,1095504.347745434
2026-07-15,Novus Estrategia,CER,ARS,7791123332.55,5283908.679642079
2026-07-15,Novus Dolar MM,Money Market USDMEP,USD,4892868.11,4892868.11
2026-07-15,Novus Gestion II,Renta Fija CP,ARS,2235586394.59,1516165.7504653598
2026-07-15,Novus Renta Dolar,USD MEP,USD,3894997.64,3894997.64
2026-07-15,Novus Multiestrategia,Multi,ARS,5613371780.07,3806966.2877563536
2026-07-15,Novus Renta Mixta,Mixto,ARS,16913340095.86,11470559.59965187
2026-07-15,Novus Renta Capital,Pagarés/Cheques,ARS,17077390561.51,11581817.969253836
2026-07-15,Novus Income Dolares,USD MEP,USD,1338291.67,1338291.67
2026-07-15,Novus Retorno Total,Total Return,ARS,7474622372.12,5069258.994282295
2026-07-15,Novus Balanceado,Renta Fija Mix,ARS,2721854.12,1845.95057676752
2026-07-15,Novus PyME FCI Abierto PyMES,PyME,ARS,3132479182.6,2124434.8517225897
2026-07-15,Novus Renta Variable,Equity,ARS,11508097405.78,7804745.628210373
2026-07-15,Novus Liquidez Plus,Renta Fija CP,ARS,14101896793.26,9563849.997601759
2026-07-15,Novus Performance,House View ARS,ARS,41998970621.43,28483533.87957134
2026-07-15,Novus Renta Balanceado,Renta Fija Mix,ARS,5058957280.88,3430964.5920636924
2026-07-15,Novus Ahorro Dolares,USD MEP,USD,2819327.46,2819327.46
2026-07-16,Novus Renta Balanceado,Renta Fija Mix,ARS,4970155330.42,3367314.033415802
2026-07-16,Novus Ahorro Dolares,USD MEP,USD,2837487.63,2837487.63
2026-07-16,Novus Renta Dolar,USD MEP,USD,3894148.06,3894148.06
2026-07-16,Novus Estrategia,CER,ARS,7663351818.08,5191972.96754157
2026-07-16,Novus Dolar MM,Money Market USDMEP,USD,5108265.07,5108265.07
2026-07-16,Novus Liquidez Plus,Renta Fija CP,ARS,14144740777.83,9583158.061217127
2026-07-16,Novus Capital,House View USD,USD,36157797.24,36157797.24
2026-07-16,Novus Income,Renta Fija,ARS,7399366958.44,5013121.430038424
2026-07-16,Novus Retorno Total,Total Return,ARS,7440488326.23,5040981.436341451
2026-07-16,Novus Renta Capital,Pagarés/Cheques,ARS,17057683323.58,11556696.443972066
2026-07-16,Novus Renta Mixta,Mixto,ARS,16768969632.64,11361090.955107117
2026-07-16,Novus Balanceado,Renta Fija Mix,ARS,2722771.19,1844.6959960690945
2026-07-16,Novus Renta Variable,Equity,ARS,11112539772.63,7528821.261227289
2026-07-16,Novus Performance,House View ARS,ARS,41973083068.21,28437049.195677176
2026-07-16,Novus Multiestrategia,Multi,ARS,5608691919.54,3799926.9145934083
2026-07-16,Novus Gestión,Renta Fija CER,ARS,48041863560.33,32548689.246795833
2026-07-16,Novus Income Dolares,USD MEP,USD,1340020.86,1340020.86
2026-07-16,Novus Gestion II,Renta Fija CP,ARS,2199317967.96,1490052.8786550842
2026-07-16,Novus Valor,Dólar Linked,ARS,1455128239.2,985859.276930028
2026-07-16,Novus PyME FCI Abierto PyMES,PyME,ARS,3132644651.5,2122388.0533748833
2026-07-16,Novus Liquidez,Money Market,ARS,56986950933.69,38609046.76884138
2026-07-16,Novus Renta Fija,Renta Fija,ARS,2636217352.42,1786055.182542549
2026-07-16,Novus Low Volatility,Low Vol,ARS,114556.45,77.61277385886011
2026-07-17,Novus Valor,Dólar Linked,ARS,1772639634.73,1199350.2504619712
2026-07-17,Novus Renta Balanceado,Renta Fija Mix,ARS,4979174390.66,3368859.6009766506
2026-07-17,Novus Performance,House View ARS,ARS,42031842077.47,28438324.03119544
2026-07-17,Novus Liquidez Plus,Renta Fija CP,ARS,14283273134.01,9663919.76973983
2026-07-17,Novus Capital,House View USD,USD,36221609.83,36221609.83
2026-07-17,Novus Liquidez,Money Market,ARS,72657462543.33,49159312.58219167
2026-07-17,Novus Renta Dolar,USD MEP,USD,3898457.71,3898457.71
2026-07-17,Novus Renta Capital,Pagarés/Cheques,ARS,17084848967.43,11559437.962873468
2026-07-17,Novus Renta Mixta,Mixto,ARS,16818141745.78,11378986.523777295
2026-07-17,Novus Income Dolares,USD MEP,USD,1340647.47,1340647.47
2026-07-17,Novus Multiestrategia,Multi,ARS,5621772615.17,3803635.133697872
2026-07-17,Novus Renta Variable,Equity,ARS,11172414455.44,7559143.896406153
2026-07-17,Novus Gestion II,Renta Fija CP,ARS,2204399930.22,1491474.9487875502
2026-07-17,Novus Low Volatility,Low Vol,ARS,114561.77,77.51134796430003
2026-07-17,Novus Gestión,Renta Fija CER,ARS,48133513512.54,32566653.907449454
2026-07-17,Novus PyME FCI Abierto PyMES,PyME,ARS,3136271150.96,2121969.6980280275
2026-07-17,Novus Renta Fija,Renta Fija,ARS,2642395089.94,1787818.0939025055
2026-07-17,Novus Estrategia,CER,ARS,7700766828.63,5210261.828582774
2026-07-17,Novus Ahorro Dolares,USD MEP,USD,2855486.21,2855486.21
2026-07-17,Novus Income,Renta Fija,ARS,7411397638.41,5014477.528171824
2026-07-17,Novus Retorno Total,Total Return,ARS,7455692283.53,5044446.842113565
2026-07-17,Novus Dolar MM,Money Market USDMEP,USD,5251930.88,5251930.88
2026-07-17,Novus Balanceado,Renta Fija Mix,ARS,2723687.13,1842.8194752867007
2026-07-20,Novus Liquidez Plus,Renta Fija CP,ARS,14025997773.15,9470625.800787725
2026-07-20,Novus Renta Capital,Pagarés/Cheques,ARS,17132052807.64,11567894.41754305
2026-07-20,Novus Renta Variable,Equity,ARS,11248828371.16,7595427.143477668
2026-07-20,Novus Ahorro Dolares,USD MEP,USD,2896266.19,2896266.19
2026-07-20,Novus Low Volatility,Low Vol,ARS,113391.95,76.56444444383035
2026-07-20,Novus Renta Mixta,Mixto,ARS,16877872088.11,11396266.664610436
2026-07-20,Novus Gestión,Renta Fija CER,ARS,48198817907.49,32544776.908204805
2026-07-20,Novus PyME FCI Abierto PyMES,PyME,ARS,3141910895.66,2121479.189821018
2026-07-20,Novus Renta Balanceado,Renta Fija Mix,ARS,4737201044.35,3198650.0468453956
2026-07-20,Novus Balanceado,Renta Fija Mix,ARS,2726433.22,1840.940602948477
2026-07-20,Novus Liquidez,Money Market,ARS,66707450808.69,45042164.91057339
2026-07-20,Novus Valor,Dólar Linked,ARS,1802320010.43,1216961.4360505443
2026-07-20,Novus Gestion II,Renta Fija CP,ARS,2209792573.95,1492094.8159069815
2026-07-20,Novus Renta Fija,Renta Fija,ARS,2646719854.08,1787116.5918399936
2026-07-20,Novus Renta Dolar,USD MEP,USD,3926732.03,3926732.03
2026-07-20,Novus Dolar MM,Money Market USDMEP,USD,5034974.03,5034974.03
2026-07-20,Novus Retorno Total,Total Return,ARS,7479203271.63,5050103.14554807
2026-07-20,Novus Estrategia,CER,ARS,7706018211.14,5203252.992915049
2026-07-20,Novus Capital,House View USD,USD,36591701.38,36591701.38
2026-07-20,Novus Income Dolares,USD MEP,USD,1342136.58,1342136.58
2026-07-20,Novus Income,Renta Fija,ARS,7433737985.77,5019404.102508852
2026-07-20,Novus Performance,House View ARS,ARS,42095530533.1,28423718.869241595
2026-07-20,Novus Multiestrategia,Multi,ARS,5645513785.25,3811960.430768252
2026-07-21,Novus Liquidez,Money Market,ARS,66315593881.0,44883653.93494326
2026-07-21,Novus Income Dolares,USD MEP,USD,1341783.95,1341783.95
2026-07-21,Novus Estrategia,CER,ARS,7678559247.3,5196994.79119819
2026-07-21,Novus Liquidez Plus,Renta Fija CP,ARS,13876669088.68,9391993.295931041
2026-07-21,Novus Gestión,Renta Fija CER,ARS,48245727432.94,32653624.995434087
2026-07-21,Novus Ahorro Dolares,USD MEP,USD,2910078.94,2910078.94
2026-07-21,Novus Low Volatility,Low Vol,ARS,113397.28,76.7494336523178
2026-07-21,Novus Renta Mixta,Mixto,ARS,17003862807.79,11508537.421705293
2026-07-21,Novus Renta Capital,Pagarés/Cheques,ARS,17117028731.8,11585130.269227812
2026-07-21,Novus Balanceado,Renta Fija Mix,ARS,2727348.68,1845.9214062488675
2026-07-21,Novus Multiestrategia,Multi,ARS,5650033231.97,3824049.8420285946
2026-07-21,Novus Dolar MM,Money Market USDMEP,USD,4963525.36,4963525.36
2026-07-21,Novus Renta Fija,Renta Fija,ARS,2650595647.2,1793973.4953422055
2026-07-21,Novus Retorno Total,Total Return,ARS,7510913540.08,5083528.99128326
2026-07-21,Novus Renta Dolar,USD MEP,USD,3926524.13,3926524.13
2026-07-21,Novus Income,Renta Fija,ARS,7425521727.65,5025734.190186202
2026-07-21,Novus PyME FCI Abierto PyMES,PyME,ARS,3143104494.25,2127312.84069373
2026-07-21,Novus Gestion II,Renta Fija CP,ARS,2203699874.06,1491505.9450613726
2026-07-21,Novus Renta Balanceado,Renta Fija Mix,ARS,4739685163.68,3207908.9727966427
2026-07-21,Novus Capital,House View USD,USD,36718533.33,36718533.33
2026-07-21,Novus Valor,Dólar Linked,ARS,1798878993.76,1217515.4816776146
2026-07-21,Novus Performance,House View ARS,ARS,42733319351.94,28922722.470459856
2026-07-21,Novus Renta Variable,Equity,ARS,11482236047.25,7771395.519263476
2026-07-22,Novus Gestion II,Renta Fija CP,ARS,1941408539.68,1309108.8627013764
2026-07-22,Novus Renta Variable,Equity,ARS,11835834937.5,7981007.653703719
2026-07-22,Novus Renta Balanceado,Renta Fija Mix,ARS,4491900997.11,3028928.3710800544
2026-07-22,Novus Balanceado,Renta Fija Mix,ARS,2728264.14,1839.6925183264366
2026-07-22,Novus Performance,House View ARS,ARS,43130410493.25,29083215.343210887
2026-07-22,Novus Renta Mixta,Mixto,ARS,17224611882.1,11614707.36868462
2026-07-22,Novus Liquidez Plus,Renta Fija CP,ARS,13552279844.46,9138421.559182031
2026-07-22,Novus Income,Renta Fija,ARS,7418337770.34,5002250.4399126535
2026-07-22,Novus PyME FCI Abierto PyMES,PyME,ARS,3144636438.52,2120456.0232947
2026-07-22,Novus Multiestrategia,Multi,ARS,5660362570.74,3816832.2926406134
2026-07-22,Novus Gestión,Renta Fija CER,ARS,48286180198.14,32559796.22599162
2026-07-22,Novus Retorno Total,Total Return,ARS,7547343401.34,5089240.072145506
2026-07-22,Novus Ahorro Dolares,USD MEP,USD,2945575.58,2945575.58
2026-07-22,Novus Capital,House View USD,USD,36802952.12,36802952.12
2026-07-22,Novus Valor,Dólar Linked,ARS,1772452098.37,1195180.0475093594
2026-07-22,Novus Dolar MM,Money Market USDMEP,USD,5299242.11,5299242.11
2026-07-22,Novus Renta Capital,Pagarés/Cheques,ARS,17115928440.89,11541421.167862434
2026-07-22,Novus Low Volatility,Low Vol,ARS,113402.63,76.46839135214418
2026-07-22,Novus Liquidez,Money Market,ARS,57186917766.05,38561641.89452395
2026-07-22,Novus Income Dolares,USD MEP,USD,1343030.82,1343030.82
2026-07-22,Novus Estrategia,CER,ARS,7706606767.16,5196632.761235551
2026-07-22,Novus Renta Dolar,USD MEP,USD,3929452.74,3929452.74
2026-07-22,Novus Renta Fija,Renta Fija,ARS,2653236269.67,1789100.5651176583
2026-07-23,Novus Dolar MM,Money Market USDMEP,USD,5310361.29,5310361.29
2026-07-23,Novus Renta Fija,Renta Fija,ARS,2356310416.45,1582478.518311366
2026-07-23,Novus Performance,House View ARS,ARS,42813576590.33,28753242.68537998
2026-07-23,Novus Estrategia,CER,ARS,7697863943.62,5169821.532264469
2026-07-23,Novus PyME FCI Abierto PyMES,PyME,ARS,3149154517.11,2114946.0357085876
2026-07-23,Novus Income,Renta Fija,ARS,7430158539.46,4990032.804785467
2026-07-23,Novus Valor,Dólar Linked,ARS,1679243213.01,1127765.80413885
2026-07-23,Novus Capital,House View USD,USD,36776816.69,36776816.69
2026-07-23,Novus Gestion II,Renta Fija CP,ARS,2140225392.57,1437357.6097792562
2026-07-23,Novus Retorno Total,Total Return,ARS,7519380864.49,5049953.777730318
2026-07-23,Novus Multiestrategia,Multi,ARS,5666943454.97,3805872.1887271823
2026-07-23,Novus Renta Balanceado,Renta Fija Mix,ARS,4497817688.19,3020697.027501597
2026-07-23,Novus Gestión,Renta Fija CER,ARS,48286513859.93,32428821.930264007
2026-07-23,Novus Balanceado,Renta Fija Mix,ARS,2729087.47,1832.8324934260022
2026-07-23,Novus Liquidez Plus,Renta Fija CP,ARS,13788241338.28,9260068.440385757
2026-07-23,Novus Renta Capital,Pagarés/Cheques,ARS,17133760370.47,11506891.254596597
2026-07-23,Novus Ahorro Dolares,USD MEP,USD,2945246.27,2945246.27
2026-07-23,Novus Renta Dolar,USD MEP,USD,3924667.67,3924667.67
2026-07-23,Novus Income Dolares,USD MEP,USD,1341114.29,1341114.29
2026-07-23,Novus Renta Variable,Equity,ARS,11744071023.5,7887220.623593119
2026-07-23,Novus Renta Mixta,Mixto,ARS,17058236139.8,11456169.808129739
2026-07-23,Novus Low Volatility,Low Vol,ARS,113407.99,76.16386479768313
2026-07-23,Novus Liquidez,Money Market,ARS,57771755614.43,38799031.56507966
2026-07-24,Novus Gestion II,Renta Fija CP,ARS,2144851981.17,1432766.9145219119
2026-07-24,Novus Gestión,Renta Fija CER,ARS,48372760581.14,32313134.674655147
2026-07-24,Novus Income,Renta Fija,ARS,7444367231.57,4972857.410480294
2026-07-24,Novus Ahorro Dolares,USD MEP,USD,2947574.15,2947574.15
2026-07-24,Novus Renta Mixta,Mixto,ARS,16983881086.95,11345278.422561556
2026-07-24,Novus Balanceado,Renta Fija Mix,ARS,2729911.25,1823.5880857603784
2026-07-24,Novus Low Volatility,Low Vol,ARS,113413.42,75.76047077623413
2026-07-24,Novus Retorno Total,Total Return,ARS,7518651811.53,5022479.71046194
2026-07-24,Novus Renta Fija,Renta Fija,ARS,2362674879.26,1578273.198567857
2026-07-24,Novus Dolar MM,Money Market USDMEP,USD,5340291.61,5340291.61
2026-07-24,Novus Renta Variable,Equity,ARS,11731636153.19,7836764.625748548
2026-07-24,Novus Renta Capital,Pagarés/Cheques,ARS,17171480816.83,11470595.548640667
2026-07-24,Novus Estrategia,CER,ARS,7516100689.11,5020775.553797349
2026-07-24,Novus Multiestrategia,Multi,ARS,5676474415.15,3791900.2358011273
2026-07-24,Novus PyME FCI Abierto PyMES,PyME,ARS,3153480921.58,2106533.770013932
2026-07-24,Novus Performance,House View ARS,ARS,43397575718.46,28989697.75338577
2026-07-24,Novus Valor,Dólar Linked,ARS,1686877433.66,1126838.680253953
2026-07-24,Novus Liquidez,Money Market,ARS,61690639938.26,41209514.04348559
2026-07-24,Novus Renta Dolar,USD MEP,USD,3927286.3,3927286.3
2026-07-24,Novus Capital,House View USD,USD,36846805.01,36846805.01
2026-07-24,Novus Income Dolares,USD MEP,USD,1343253.57,1343253.57
2026-07-24,Novus Renta Balanceado,Renta Fija Mix,ARS,4510850635.43,3013260.403763961
2026-07-24,Novus Liquidez Plus,Renta Fija CP,ARS,13691739846.11,9146119.18489908
2026-07-27,Novus Renta Fija,Renta Fija,ARS,2366625303.8,1580912.0928267231
2026-07-27,Novus Renta Variable,Equity,ARS,11737472919.29,7840663.601262617
2026-07-27,Novus Dolar MM,Money Market USDMEP,USD,5248133.89,5248133.89
2026-07-27,Novus Income Dolares,USD MEP,USD,1340963.32,1340963.32
2026-07-27,Novus Balanceado,Renta Fija Mix,ARS,2732443.7,1825.2797691979933
2026-07-27,Novus Renta Balanceado,Renta Fija Mix,ARS,4380074529.87,2925901.612154396
2026-07-27,Novus Performance,House View ARS,ARS,43224113401.35,28873824.457208034
2026-07-27,Novus Renta Dolar,USD MEP,USD,3928715.34,3928715.34
2026-07-27,Novus Retorno Total,Total Return,ARS,7539837893.3,5036632.070286721
2026-07-27,Novus Low Volatility,Low Vol,ARS,113429.65,75.77131246005513
2026-07-27,Novus Liquidez,Money Market,ARS,60241813884.38,40241694.3276634
2026-07-27,Novus Renta Mixta,Mixto,ARS,17088216404.84,11414974.696617434
2026-07-27,Novus Ahorro Dolares,USD MEP,USD,2935291.75,2935291.75
2026-07-27,Novus Gestión,Renta Fija CER,ARS,48447937866.76,32363353.30442798
2026-07-27,Novus PyME FCI Abierto PyMES,PyME,ARS,3158726777.91,2110038.016206184
2026-07-27,Novus Liquidez Plus,Renta Fija CP,ARS,13821612473.12,9232874.450397855
2026-07-27,Novus Renta Capital,Pagarés/Cheques,ARS,17232915833.72,11511634.305797733
2026-07-27,Novus Multiestrategia,Multi,ARS,5666805253.35,3785441.209611991
2026-07-27,Novus Capital,House View USD,USD,36877503.58,36877503.58
2026-07-27,Novus Gestion II,Renta Fija CP,ARS,2136593227.59,1427250.044831837
2026-07-27,Novus Income,Renta Fija,ARS,7475207896.32,4993459.057803089
2026-07-27,Novus Valor,Dólar Linked,ARS,1688714873.29,1128066.09488788
2026-07-27,Novus Estrategia,CER,ARS,7503426022.25,5012308.8421132695
2026-07-28,Novus Capital,House View USD,USD,36881662.59,36881662.59
2026-07-28,Novus Renta Fija,Renta Fija,ARS,2369890661.0,1582036.389017985
2026-07-28,Novus Gestion II,Renta Fija CP,ARS,2120978240.14,1415873.2347596716
2026-07-28,Novus Renta Dolar,USD MEP,USD,3923470.25,3923470.25
2026-07-28,Novus Renta Capital,Pagarés/Cheques,ARS,17244486174.39,11511672.283771459
2026-07-28,Novus Estrategia,CER,ARS,7481048783.43,4994024.238405566
2026-07-28,Novus Liquidez Plus,Renta Fija CP,ARS,13809185155.51,9218414.07210128
2026-07-28,Novus Renta Mixta,Mixto,ARS,16947032371.56,11313105.004751813
2026-07-28,Novus Balanceado,Renta Fija Mix,ARS,2733309.06,1824.6387761737094
2026-07-28,Novus Ahorro Dolares,USD MEP,USD,2935561.53,2935561.53
2026-07-28,Novus Low Volatility,Low Vol,ARS,113435.09,75.7243543446033
2026-07-28,Novus Multiestrategia,Multi,ARS,5657614296.51,3776778.3296510526
2026-07-28,Novus Income,Renta Fija,ARS,7481136384.37,4994082.716999989
2026-07-28,Novus Liquidez,Money Market,ARS,58738368325.67,39211191.32286894
2026-07-28,Novus Retorno Total,Total Return,ARS,7355868416.69,4910459.245879821
2026-07-28,Novus Income Dolares,USD MEP,USD,1337889.71,1337889.71
2026-07-28,Novus Renta Balanceado,Renta Fija Mix,ARS,4003775804.7,2672747.363725387
2026-07-28,Novus Renta Variable,Equity,ARS,11497707711.0,7675371.817119745
2026-07-28,Novus Performance,House View ARS,ARS,43318455711.1,28917525.343598183
2026-07-28,Novus Gestión,Renta Fija CER,ARS,48452971339.63,32345105.65267811
2026-07-28,Novus Dolar MM,Money Market USDMEP,USD,5910486.69,5910486.69
2026-07-28,Novus PyME FCI Abierto PyMES,PyME,ARS,3159282552.41,2109000.235054405
2026-07-28,Novus Valor,Dólar Linked,ARS,1688319696.7,1127049.1252740575
2026-07-29,Novus Gestion II,Renta Fija CP,ARS,1886883100.8,1261285.4992232793
2026-07-29,Novus Liquidez,Money Market,ARS,58272990409.48,38952533.82082458
2026-07-29,Novus Capital,House View USD,USD,36864105.63,36864105.63
2026-07-29,Novus Renta Balanceado,Renta Fija Mix,ARS,4049364287.05,2706794.3181871427
2026-07-29,Novus Renta Mixta,Mixto,ARS,16889785531.14,11289963.626462108
2026-07-29,Novus Gestión,Renta Fija CER,ARS,48445473201.31,32383337.805037107
2026-07-29,Novus Retorno Total,Total Return,ARS,7318909825.65,4892319.417827882
2026-07-29,Novus PyME FCI Abierto PyMES,PyME,ARS,3161285544.21,2113158.792998739
2026-07-29,Novus Ahorro Dolares,USD MEP,USD,3059706.59,3059706.59
2026-07-29,Novus Low Volatility,Low Vol,ARS,113440.52,75.829224841584
2026-07-29,Novus Income Dolares,USD MEP,USD,1334248.46,1334248.46
2026-07-29,Novus Renta Variable,Equity,ARS,11458765706.85,7659602.769731317
2026-07-29,Novus Performance,House View ARS,ARS,43080182627.42,28796913.613152795
2026-07-29,Novus Renta Dolar,USD MEP,USD,3914391.3,3914391.3
2026-07-29,Novus Valor,Dólar Linked,ARS,1721645395.84,1150832.4875329311
2026-07-29,Novus Dolar MM,Money Market USDMEP,USD,5608020.74,5608020.74
2026-07-29,Novus Estrategia,CER,ARS,7483669533.6,5002452.912799293
2026-07-29,Novus Renta Capital,Pagarés/Cheques,ARS,17247552960.15,11529112.9781699
2026-07-29,Novus Renta Fija,Renta Fija,ARS,2368863482.61,1583464.8998598685
2026-07-29,Novus Income,Renta Fija,ARS,7485315669.03,5003553.270710568
2026-07-29,Novus Balanceado,Renta Fija Mix,ARS,2734132.38,1827.628602105096
2026-07-29,Novus Liquidez Plus,Renta Fija CP,ARS,13286828339.95,8881569.774376906
2026-07-29,Novus Multiestrategia,Multi,ARS,5669621379.55,3789853.875463094
2026-07-30,Novus Dolar MM,Money Market USDMEP,USD,5277580.61,5277580.61
2026-07-30,Novus Renta Capital,Pagarés/Cheques,ARS,17246243398.39,11590217.152184214
2026-07-30,Novus Liquidez Plus,Renta Fija CP,ARS,13097063843.74,8801790.076738564
2026-07-30,Novus Renta Variable,Equity,ARS,11726452474.43,7880680.3002733635
2026-07-30,Novus Renta Balanceado,Renta Fija Mix,ARS,4068044475.44,2733900.8134081247
2026-07-30,Novus Low Volatility,Low Vol,ARS,113445.93,76.24054313499002
2026-07-30,Novus Renta Mixta,Mixto,ARS,17111707881.37,11499803.499719543
2026-07-30,Novus Estrategia,CER,ARS,7444676052.88,5003142.428605636
2026-07-30,Novus Gestion II,Renta Fija CP,ARS,1855878461.31,1247230.1287741566
2026-07-30,Novus Income Dolares,USD MEP,USD,1332037.93,1332037.93
2026-07-30,Novus Liquidez,Money Market,ARS,54534196051.45,36649324.71700462
2026-07-30,Novus Multiestrategia,Multi,ARS,5673125493.93,3812584.2763172
2026-07-30,Novus Valor,Dólar Linked,ARS,1706275405.1,1146690.4420696197
2026-07-30,Novus Retorno Total,Total Return,ARS,7332079571.66,4927472.751577103
2026-07-30,Novus Performance,House View ARS,ARS,42933580435.9,28853212.19688355
2026-07-30,Novus Balanceado,Renta Fija Mix,ARS,2734955.56,1838.0077394090806
2026-07-30,Novus Renta Fija,Renta Fija,ARS,2365224191.16,1589532.3610997403
2026-07-30,Novus Capital,House View USD,USD,36785808.63,36785808.63
2026-07-30,Novus Renta Dolar,USD MEP,USD,3895498.41,3895498.41
2026-07-30,Novus Gestión,Renta Fija CER,ARS,48388616492.07,32519230.993180208
2026-07-30,Novus Income,Renta Fija,ARS,7493560228.15,5035994.696406612
2026-07-30,Novus Ahorro Dolares,USD MEP,USD,3064350.6,3064350.6
2026-07-30,Novus PyME FCI Abierto PyMES,PyME,ARS,3160215807.34,2123800.9118121965
2026-07-31,Novus Gestion II,Renta Fija CP,ARS,1855004673.91,1249161.4459142678
2026-07-31,Novus Dolar MM,Money Market USDMEP,USD,5262571.14,5262571.14
2026-07-31,Novus Renta Balanceado,Renta Fija Mix,ARS,3778235872.81,2544266.6815153686
2026-07-31,Novus Renta Fija,Renta Fija,ARS,2369401006.22,1595556.2961692547
2026-07-31,Novus Liquidez Plus,Renta Fija CP,ARS,13623138899.61,9173831.271194618
2026-07-31,Novus Multiestrategia,Multi,ARS,5690267785.79,3831830.310138442
2026-07-31,Novus Balanceado,Renta Fija Mix,ARS,2735886.37,1842.347796678462
2026-07-31,Novus Capital,House View USD,USD,36929029.46,36929029.46
2026-07-31,Novus Performance,House View ARS,ARS,42983664898.93,28945230.031504937
2026-07-31,Novus Estrategia,CER,ARS,7046721243.99,4745267.018407743
2026-07-31,Novus Liquidez,Money Market,ARS,48111943548.65,32398616.464021444
2026-07-31,Novus Valor,Dólar Linked,ARS,1693272616.79,1140250.9654372195
2026-07-31,Novus Renta Capital,Pagarés/Cheques,ARS,17255493355.96,11619861.30474883
2026-07-31,Novus Income Dolares,USD MEP,USD,1329895.25,1329895.25
2026-07-31,Novus Renta Dolar,USD MEP,USD,3910147.53,3910147.53
2026-07-31,Novus PyME FCI Abierto PyMES,PyME,ARS,3163743173.34,2130466.8675473807
2026-07-31,Novus Income,Renta Fija,ARS,7490948166.8,5044409.739186845
2026-07-31,Novus Renta Mixta,Mixto,ARS,17036230829.24,11472209.765771814
2026-07-31,Novus Gestión,Renta Fija CER,ARS,48474312184.93,32642635.75735044
2026-07-31,Novus Retorno Total,Total Return,ARS,7339626987.4,4942509.951054058
2026-07-31,Novus Ahorro Dolares,USD MEP,USD,3079056.31,3079056.31
2026-07-31,Novus Low Volatility,Low Vol,ARS,113451.74,76.39848113221812
2026-07-31,Novus Renta Variable,Equity,ARS,11755592994.25,7916224.551243058
2026-08-03,Novus Ahorro Dolares,USD MEP,USD,3103892.62,3103892.62
2026-08-03,Novus Balanceado,Renta Fija Mix,ARS,2739021.02,1844.4586721827168
2026-08-03,Novus Multiestrategia,Multi,ARS,5687976616.79,3830287.4353300235
2026-08-03,Novus Renta Mixta,Mixto,ARS,17058476585.0,11487190.073272627
2026-08-03,Novus Income Dolares,USD MEP,USD,1334751.44,1334751.44
2026-08-03,Novus Capital,House View USD,USD,36972603.57,36972603.57
2026-08-03,Novus Renta Dolar,USD MEP,USD,3921235.82,3921235.82
2026-08-03,Novus Valor,Dólar Linked,ARS,1694421203.37,1141024.424444202
2026-08-03,Novus Low Volatility,Low Vol,ARS,113469.52,76.41045419666412
2026-08-03,Novus Renta Variable,Equity,ARS,11688139148.76,7870801.0844724
2026-08-03,Novus Estrategia,CER,ARS,7022179639.59,4728740.684825661
2026-08-03,Novus Income,Renta Fija,ARS,7517222853.1,5062103.131333545
2026-08-03,Novus Renta Fija,Renta Fija,ARS,2321543664.45,1563329.1287211974
2026-08-03,Novus Performance,House View ARS,ARS,42731588143.05,28775481.367641617
2026-08-03,Novus PyME FCI Abierto PyMES,PyME,ARS,3169616533.91,2134421.992666571
2026-08-03,Novus Retorno Total,Total Return,ARS,7366719123.92,4960753.814751122
2026-08-03,Novus Dolar MM,Money Market USDMEP,USD,5231024.98,5231024.98
2026-08-03,Novus Gestión,Renta Fija CER,ARS,48594398641.78,32723502.06145375
2026-08-03,Novus Renta Capital,Pagarés/Cheques,ARS,17311871229.46,11657826.204228241
2026-08-03,Novus Renta Balanceado,Renta Fija Mix,ARS,3622459642.08,2439366.8586984253
2026-08-03,Novus Liquidez,Money Market,ARS,49017848797.33,33008653.69261623
2026-08-03,Novus Gestion II,Renta Fija CP,ARS,1827840409.88,1230869.0115014808
2026-08-03,Novus Liquidez Plus,Renta Fija CP,ARS,13736091237.14,9249893.454353957
2026-08-04,Novus Renta Variable,Equity,ARS,11462173164.75,7718635.4326638775
2026-08-04,Novus Estrategia,CER,ARS,7029711223.47,4733812.458682562
2026-08-04,Novus Performance,House View ARS,ARS,42317861507.57,28496877.561700735
2026-08-04,Novus Liquidez Plus,Renta Fija CP,ARS,13881214885.73,9347619.820901016
2026-08-04,Novus Liquidez,Money Market,ARS,54850605594.88,36936436.20301616
2026-08-04,Novus Gestión,Renta Fija CER,ARS,48626727070.42,32745272.047929827
2026-08-04,Novus Valor,Dólar Linked,ARS,1692243623.04,1139558.0403256738
2026-08-04,Novus Renta Balanceado,Renta Fija Mix,ARS,3623479117.38,2440053.374079078
2026-08-04,Novus Retorno Total,Total Return,ARS,7347858596.85,4948053.122619815
2026-08-04,Novus PyME FCI Abierto PyMES,PyME,ARS,3171073878.38,2135403.3694528104
2026-08-04,Novus Gestion II,Renta Fija CP,ARS,1829452650.95,1231954.6957665875
2026-08-04,Novus Income,Renta Fija,ARS,7521670622.42,5065098.262307071
2026-08-04,Novus Renta Dolar,USD MEP,USD,3924319.07,3924319.07
2026-08-04,Novus Ahorro Dolares,USD MEP,USD,3094079.06,3094079.06
2026-08-04,Novus Income Dolares,USD MEP,USD,1336475.21,1336475.21
2026-08-04,Novus Low Volatility,Low Vol,ARS,113475.34,76.41437338873811
2026-08-04,Novus Renta Mixta,Mixto,ARS,16852235978.38,11348307.504406294
2026-08-04,Novus Renta Capital,Pagarés/Cheques,ARS,17319680080.72,11663084.690132923
2026-08-04,Novus Renta Fija,Renta Fija,ARS,2322676283.2,1564091.8349802806
2026-08-04,Novus Capital,House View USD,USD,36964909.35,36964909.35
2026-08-04,Novus Balanceado,Renta Fija Mix,ARS,2739952.77,1845.0861132849418
2026-08-04,Novus Dolar MM,Money Market USDMEP,USD,5225301.66,5225301.66
2026-08-04,Novus Multiestrategia,Multi,ARS,5676420700.69,3822505.673339142
2026-08-05,Novus Renta Fija,Renta Fija,ARS,2322436971.74,1563930.6824755985
2026-08-05,Novus Ahorro Dolares,USD MEP,USD,3090030.41,3090030.41
2026-08-05,Novus Income,Renta Fija,ARS,7529017891.31,5070045.918320686
2026-08-05,Novus PyME FCI Abierto PyMES,PyME,ARS,3170486688.52,2135007.9553900533
2026-08-05,Novus Gestion II,Renta Fija CP,ARS,1799782024.43,1211974.475098581
2026-08-05,Novus Renta Mixta,Mixto,ARS,16751197480.03,11280268.108890455
2026-08-05,Novus Valor,Dólar Linked,ARS,1584288778.05,1066861.1721410162
2026-08-05,Novus Gestión,Renta Fija CER,ARS,48583175933.33,32715944.681727625
2026-08-05,Novus Dolar MM,Money Market USDMEP,USD,5231284.82,5231284.82
2026-08-05,Novus Liquidez,Money Market,ARS,55554630660.93,37410527.17531178
2026-08-05,Novus Performance,House View ARS,ARS,41923037834.38,28231003.02379802
2026-08-05,Novus Renta Capital,Pagarés/Cheques,ARS,17326544734.59,11667707.352854239
2026-08-05,Novus Liquidez Plus,Renta Fija CP,ARS,14622711408.78,9846944.098570453
2026-08-05,Novus Renta Variable,Equity,ARS,11335368117.61,7633244.825156269
2026-08-05,Novus Renta Balanceado,Renta Fija Mix,ARS,3571080705.84,2404768.247069154
2026-08-05,Novus Low Volatility,Low Vol,ARS,113481.04,76.41821177272811
2026-08-05,Novus Multiestrategia,Multi,ARS,5665531779.73,3815173.0663424334
2026-08-05,Novus Income Dolares,USD MEP,USD,1334533.92,1334533.92
2026-08-05,Novus Capital,House View USD,USD,37001365.27,37001365.27
2026-08-05,Novus Balanceado,Renta Fija Mix,ARS,2740874.42,1845.7067530400968
2026-08-05,Novus Estrategia,CER,ARS,6866100133.28,4623636.636020852
2026-08-05,Novus Retorno Total,Total Return,ARS,7339152513.32,4942190.439876455
2026-08-05,Novus Renta Dolar,USD MEP,USD,3916258.43,3916258.43
2026-08-06,Novus Renta Balanceado,Renta Fija Mix,ARS,3572240972.31,2405549.571322238
2026-08-06,Novus Gestión,Renta Fija CER,ARS,48582059491.43,32715192.868970655
2026-08-06,Novus Renta Dolar,USD MEP,USD,3882999.13,3882999.13
2026-08-06,Novus Liquidez,Money Market,ARS,48057254172.26,32361788.599677857
2026-08-06,Novus Capital,House View USD,USD,36906847.01,36906847.01
2026-08-06,Novus Renta Variable,Equity,ARS,11235204633.07,7565794.664552593
2026-08-06,Novus Estrategia,CER,ARS,6243518175.21,4204389.509649143
2026-08-06,Novus Balanceado,Renta Fija Mix,ARS,2741775.06,1846.313244646545
2026-08-06,Novus Liquidez Plus,Renta Fija CP,ARS,15430388045.65,10390834.111212358
2026-08-06,Novus Low Volatility,Low Vol,ARS,113486.86,76.42213096480212
2026-08-06,Novus Performance,House View ARS,ARS,41686656621.41,28071823.749517173
2026-08-06,Novus Dolar MM,Money Market USDMEP,USD,5815468.66,5815468.66
2026-08-06,Novus Income Dolares,USD MEP,USD,1329645.98,1329645.98
2026-08-06,Novus Renta Mixta,Mixto,ARS,16457109206.19,11082228.859424807
2026-08-06,Novus Valor,Dólar Linked,ARS,1580864875.74,1064555.5139287307
2026-08-06,Novus Renta Capital,Pagarés/Cheques,ARS,17327641380.01,11668445.834647717
2026-08-06,Novus Retorno Total,Total Return,ARS,7287129253.52,4907157.9403108535
2026-08-06,Novus Gestion II,Renta Fija CP,ARS,1796193764.98,1209558.1386731693
2026-08-06,Novus Multiestrategia,Multi,ARS,5680156746.44,3825021.529162424
2026-08-06,Novus Income,Renta Fija,ARS,7526554115.46,5068386.809938652
2026-08-06,Novus Ahorro Dolares,USD MEP,USD,3009765.9,3009765.9
2026-08-06,Novus PyME FCI Abierto PyMES,PyME,ARS,3172730988.29,2136519.268426181
2026-08-06,Novus Renta Fija,Renta Fija,ARS,2775268257.47,1868867.587268081
2026-08-07,Novus Renta Dolar,USD MEP,USD,3903022.19,3903022.19
2026-08-07,Novus Capital,House View USD,USD,36809056.76,36809056.76
2026-08-07,Novus Low Volatility,Low Vol,ARS,113492.76,76.42610402893212
2026-08-07,Novus Liquidez Plus,Renta Fija CP,ARS,14910187500.42,10040530.699914094
2026-08-07,Novus Renta Fija,Renta Fija,ARS,2778022806.29,1870722.5023716532
2026-08-07,Novus Valor,Dólar Linked,ARS,1783421996.72,1200957.6209866477
2026-08-07,Novus Renta Capital,Pagarés/Cheques,ARS,17351725852.06,11684664.33498532
2026-08-07,Novus PyME FCI Abierto PyMES,PyME,ARS,3175120951.33,2138128.6712102913
2026-08-07,Novus Dolar MM,Money Market USDMEP,USD,5179048.24,5179048.24
2026-08-07,Novus Retorno Total,Total Return,ARS,7297949241.32,4914444.127669364
2026-08-07,Novus Income Dolares,USD MEP,USD,1329910.73,1329910.73
2026-08-07,Novus Performance,House View ARS,ARS,41157166376.52,27715264.64796507
2026-08-07,Novus Liquidez,Money Market,ARS,53532429736.44,36048775.65721957
2026-08-07,Novus Ahorro Dolares,USD MEP,USD,3003780.89,3003780.89
2026-08-07,Novus Estrategia,CER,ARS,6323744243.98,4258413.800517109
2026-08-07,Novus Renta Balanceado,Renta Fija Mix,ARS,3581889802.38,2412047.1002455573
2026-08-07,Novus Renta Mixta,Mixto,ARS,16411443373.72,11051477.455873426
2026-08-07,Novus Gestión,Renta Fija CER,ARS,48709712840.74,32801154.72375335
2026-08-07,Novus Income,Renta Fija,ARS,7638600146.49,5143838.685666476
2026-08-07,Novus Gestion II,Renta Fija CP,ARS,1802071133.88,1213515.9630045877
2026-08-07,Novus Balanceado,Renta Fija Mix,ARS,2742719.25,1846.949062853478
2026-08-07,Novus Multiestrategia,Multi,ARS,5685436492.52,3828576.913868519
2026-08-07,Novus Renta Variable,Equity,ARS,11208194756.01,7547606.194433475
2026-08-10,Novus Performance,House View ARS,ARS,41205811853.44,27748022.54617484
2026-08-10,Novus Income Dolares,USD MEP,USD,1326059.57,1326059.57
2026-08-10,Novus Renta Fija,Renta Fija,ARS,2781528221.94,1873083.0517241543
2026-08-10,Novus Balanceado,Renta Fija Mix,ARS,2745551.17,1848.8560797638218
2026-08-10,Novus Multiestrategia,Multi,ARS,5705403278.95,3842022.561827231
2026-08-10,Novus Ahorro Dolares,USD MEP,USD,2959222.77,2959222.77
2026-08-10,Novus Estrategia,CER,ARS,6163375881.98,4150421.633288455
2026-08-10,Novus Renta Balanceado,Renta Fija Mix,ARS,3364356182.17,2265559.808122609
2026-08-10,Novus Low Volatility,Low Vol,ARS,113510.62,76.43813096543411
2026-08-10,Novus Gestion II,Renta Fija CP,ARS,1797644737.64,1210535.2246780943
2026-08-10,Novus Income,Renta Fija,ARS,9044732921.21,6090729.480455868
2026-08-10,Novus Renta Variable,Equity,ARS,11414795616.24,7686731.358332959
2026-08-10,Novus PyME FCI Abierto PyMES,PyME,ARS,3179462143.96,2141052.033366168
2026-08-10,Novus Liquidez,Money Market,ARS,51657485119.73,34786186.63986582
2026-08-10,Novus Valor,Dólar Linked,ARS,1670057104.47,1124617.6231900728
2026-08-10,Novus Dolar MM,Money Market USDMEP,USD,5733229.32,5733229.32
2026-08-10,Novus Gestión,Renta Fija CER,ARS,48699617705.34,32794356.652508397
2026-08-10,Novus Retorno Total,Total Return,ARS,7299874647.74,4915740.697700377
2026-08-10,Novus Liquidez Plus,Renta Fija CP,ARS,14702133103.46,9900426.723363152
2026-08-10,Novus Renta Dolar,USD MEP,USD,3894368.03,3894368.03
2026-08-10,Novus Capital,House View USD,USD,36706528.63,36706528.63
2026-08-10,Novus Renta Capital,Pagarés/Cheques,ARS,17376038131.57,11701036.241025947
2026-08-10,Novus Renta Mixta,Mixto,ARS,16466307300.63,11088422.862659369
2026-08-11,Novus Valor,Dólar Linked,ARS,1696906692.45,1142698.1545305166
2026-08-11,Novus Renta Balanceado,Renta Fija Mix,ARS,3561445328.66,2398279.777331378
2026-08-11,Novus Liquidez,Money Market,ARS,46259463797.06,31151155.302564908
2026-08-11,Novus Multiestrategia,Multi,ARS,5691712060.64,3832802.8858334245
2026-08-11,Novus Capital,House View USD,USD,36784261.27,36784261.27
2026-08-11,Novus Gestion II,Renta Fija CP,ARS,1792797092.31,1207270.8169195205
2026-08-11,Novus Renta Fija,Renta Fija,ARS,2783368970.01,1874322.612763016
2026-08-11,Novus Retorno Total,Total Return,ARS,7280782757.81,4902884.2056571925
2026-08-11,Novus Renta Variable,Equity,ARS,11004865291.28,7410683.990553668
2026-08-11,Novus PyME FCI Abierto PyMES,PyME,ARS,3181105418.96,2142158.6159014604
2026-08-11,Novus Low Volatility,Low Vol,ARS,113516.72,76.44223870970411
2026-08-11,Novus Ahorro Dolares,USD MEP,USD,2959778.42,2959778.42
2026-08-11,Novus Renta Capital,Pagarés/Cheques,ARS,17387157774.88,11708524.216614652
2026-08-11,Novus Renta Mixta,Mixto,ARS,16173993927.7,10891578.832708947
2026-08-11,Novus Renta Dolar,USD MEP,USD,3895560.01,3895560.01
2026-08-11,Novus Performance,House View ARS,ARS,41132166739.38,27698429.87481525
2026-08-11,Novus Income,Renta Fija,ARS,9740373241.16,6559174.158858423
2026-08-11,Novus Income Dolares,USD MEP,USD,1326237.91,1326237.91
2026-08-11,Novus Balanceado,Renta Fija Mix,ARS,2746495.95,1849.4922952771678
2026-08-11,Novus Estrategia,CER,ARS,6184102820.99,4164379.1685266467
2026-08-11,Novus Liquidez Plus,Renta Fija CP,ARS,14563972319.85,9807389.154967628
2026-08-11,Novus Dolar MM,Money Market USDMEP,USD,5199942.64,5199942.64
2026-08-11,Novus Gestión,Renta Fija CER,ARS,48778962446.33,32847787.456632387
2026-08-12,Novus Gestion II,Renta Fija CP,ARS,2000490845.95,1347131.9360063244
2026-08-12,Novus Valor,Dólar Linked,ARS,1718808434.18,1157446.8027427178
2026-08-12,Novus Gestión,Renta Fija CER,ARS,48803927799.51,32864599.142939545
2026-08-12,Novus Renta Variable,Equity,ARS,10910308862.91,7347009.625499809
2026-08-12,Novus Income,Renta Fija,ARS,9741342805.87,6559827.064412832
2026-08-12,Novus PyME FCI Abierto PyMES,PyME,ARS,3183631888.38,2143859.942177417
2026-08-12,Novus Capital,House View USD,USD,36812273.19,36812273.19
2026-08-12,Novus Retorno Total,Total Return,ARS,7273513938.24,4897989.37747058
2026-08-12,Novus Income Dolares,USD MEP,USD,1325625.85,1325625.85
2026-08-12,Novus Performance,House View ARS,ARS,40932945632.84,27564274.242216438
2026-08-12,Novus Renta Mixta,Mixto,ARS,16057081561.18,10812849.963255722
2026-08-12,Novus Low Volatility,Low Vol,ARS,113522.75,76.44629931592512
2026-08-12,Novus Multiestrategia,Multi,ARS,5696802354.05,3836230.6929789237
2026-08-12,Novus Liquidez Plus,Renta Fija CP,ARS,14786479765.34,9957225.824515807
2026-08-12,Novus Liquidez,Money Market,ARS,49501976602.18,33334665.695291683
2026-08-12,Novus Renta Balanceado,Renta Fija Mix,ARS,3532996050.4,2379122.013436599
2026-08-12,Novus Balanceado,Renta Fija Mix,ARS,2747442.34,1850.1295949656408
2026-08-12,Novus Dolar MM,Money Market USDMEP,USD,5721488.54,5721488.54
2026-08-12,Novus Renta Capital,Pagarés/Cheques,ARS,17392318878.86,11711999.707647558
2026-08-12,Novus Renta Dolar,USD MEP,USD,3900857.2,3900857.2
2026-08-12,Novus Ahorro Dolares,USD MEP,USD,3088829.12,3088829.12
2026-08-12,Novus Renta Fija,Renta Fija,ARS,2784242554.0,1874910.8848333906
2026-08-12,Novus Estrategia,CER,ARS,6152342941.67,4142992.0435606437
2026-08-13,Novus Low Volatility,Low Vol,ARS,113528.72,76.45031951810412
2026-08-13,Novus Renta Balanceado,Renta Fija Mix,ARS,3536958303.88,2381790.1977036083
2026-08-13,Novus Income Dolares,USD MEP,USD,1324209.61,1324209.61
2026-08-13,Novus Balanceado,Renta Fija Mix,ARS,2748367.04,1850.7522885929309
2026-08-13,Novus Renta Fija,Renta Fija,ARS,2784210863.52,1874889.5444419754
2026-08-13,Novus Estrategia,CER,ARS,6163971872.49,4150822.9737150827
2026-08-13,Novus Renta Dolar,USD MEP,USD,3901439.33,3901439.33
2026-08-13,Novus Gestión,Renta Fija CER,ARS,48819985835.06,32875412.63531954
2026-08-13,Novus Dolar MM,Money Market USDMEP,USD,5298632.72,5298632.72
2026-08-13,Novus Multiestrategia,Multi,ARS,5702479933.63,3840053.9790424015
2026-08-13,Novus Valor,Dólar Linked,ARS,1718708328.27,1157379.3913528495
2026-08-13,Novus PyME FCI Abierto PyMES,PyME,ARS,3183363029.77,2143678.8926012423
2026-08-13,Novus Ahorro Dolares,USD MEP,USD,3087200.11,3087200.11
2026-08-13,Novus Capital,House View USD,USD,36819496.8,36819496.8
2026-08-13,Novus Retorno Total,Total Return,ARS,7293205025.93,4911249.369704788
2026-08-13,Novus Performance,House View ARS,ARS,40679636212.83,27393695.501465116
2026-08-13,Novus Renta Variable,Equity,ARS,10940466735.15,7367317.957776736
2026-08-13,Novus Gestion II,Renta Fija CP,ARS,2002646815.3,1348583.7672757928
2026-08-13,Novus Liquidez Plus,Renta Fija CP,ARS,14664629716.85,9875171.916567607
2026-08-13,Novus Liquidez,Money Market,ARS,48595022992.27,32723922.49951076
2026-08-13,Novus Renta Mixta,Mixto,ARS,16174991746.4,10892250.764519999
2026-08-13,Novus Income,Renta Fija,ARS,9746148781.93,6563063.412055819
2026-08-13,Novus Renta Capital,Pagarés/Cheques,ARS,17406611588.22,11721624.428135479
2026-08-14,Novus Renta Mixta,Mixto,ARS,15870345810.43,10687101.977985647
2026-08-14,Novus Valor,Dólar Linked,ARS,1715733213.8,1155375.9471861713
2026-08-14,Novus Income Dolares,USD MEP,USD,1320072.71,1320072.71
2026-08-14,Novus Balanceado,Renta Fija Mix,ARS,2749313.38,1851.3895546113688
2026-08-14,Novus Performance,House View ARS,ARS,40705046478.01,27410806.791824512
2026-08-14,Novus Income,Renta Fija,ARS,9736898524.95,6556834.282530308
2026-08-14,Novus Liquidez Plus,Renta Fija CP,ARS,14806341779.31,9970600.918626614
2026-08-14,Novus Renta Dolar,USD MEP,USD,3895337.73,3895337.73
2026-08-14,Novus Estrategia,CER,ARS,6129873368.53,4127861.017279466
2026-08-14,Novus Retorno Total,Total Return,ARS,7283071836.79,4904425.673044679
2026-08-14,Novus Gestión,Renta Fija CER,ARS,48846111582.04,32893005.731623895
2026-08-14,Novus Renta Capital,Pagarés/Cheques,ARS,17381902029.13,11704984.99374758
2026-08-14,Novus Renta Fija,Renta Fija,ARS,2785114519.5,1875498.0670114665
2026-08-14,Novus Multiestrategia,Multi,ARS,5707846653.97,3843667.9322760617
2026-08-14,Novus Dolar MM,Money Market USDMEP,USD,5357756.63,5357756.63
2026-08-14,Novus Ahorro Dolares,USD MEP,USD,3133126.41,3133126.41
2026-08-14,Novus Gestion II,Renta Fija CP,ARS,1996680794.77,1344566.2448746765
2026-08-14,Novus Low Volatility,Low Vol,ARS,113534.78,76.45440032634612
2026-08-14,Novus Renta Balanceado,Renta Fija Mix,ARS,3543554799.48,2386232.2824581955
2026-08-14,Novus PyME FCI Abierto PyMES,PyME,ARS,3185211415.87,2144923.5970948525
2026-08-14,Novus Liquidez,Money Market,ARS,55964394397.98,37686462.36267587
2026-08-14,Novus Capital,House View USD,USD,36814744.83,36814744.83
2026-08-14,Novus Renta Variable,Equity,ARS,10748223221.75,7237861.041282716
2026-08-18,Novus Liquidez Plus,Renta Fija CP,ARS,14596436987.91,9829250.885164501
2026-08-18,Novus Retorno Total,Total Return,ARS,7204421187.85,4851462.270993029
2026-08-18,Novus Dolar MM,Money Market USDMEP,USD,5079306.46,5079306.46
2026-08-18,Novus Estrategia,CER,ARS,6102955506.21,4109734.5099506746
2026-08-18,Novus PyME FCI Abierto PyMES,PyME,ARS,3188998729.05,2147473.976441384
2026-08-18,Novus Gestión,Renta Fija CER,ARS,48790924497.51,32855842.710270435
2026-08-18,Novus Multiestrategia,Multi,ARS,5712337168.65,3846691.8480049334
2026-08-18,Novus Renta Dolar,USD MEP,USD,3857956.14,3857956.14
2026-08-18,Novus Gestion II,Renta Fija CP,ARS,1989524697.86,1339747.3242062144
2026-08-18,Novus Capital,House View USD,USD,36494411.3,36494411.3
2026-08-18,Novus Renta Fija,Renta Fija,ARS,2767409133.63,1863575.2477728385
2026-08-18,Novus Low Volatility,Low Vol,ARS,113560.09,76.47144409806312
2026-08-18,Novus Renta Variable,Equity,ARS,10534005982.77,7093607.002601517
2026-08-18,Novus Balanceado,Renta Fija Mix,ARS,2753441.9,1854.1697028693327
2026-08-18,Novus Ahorro Dolares,USD MEP,USD,3157182.16,3157182.16
2026-08-18,Novus Renta Capital,Pagarés/Cheques,ARS,17411329279.58,11724801.324799687
2026-08-18,Novus Income Dolares,USD MEP,USD,1309919.25,1309919.25
2026-08-18,Novus Liquidez,Money Market,ARS,59799916067.55,40269305.33982948
2026-08-18,Novus Renta Balanceado,Renta Fija Mix,ARS,3459112650.83,2329368.880447781
2026-08-18,Novus Performance,House View ARS,ARS,40319601529.36,27151247.893592138
2026-08-18,Novus Renta Mixta,Mixto,ARS,15587282269.07,10496486.791089343
2026-08-18,Novus Income,Renta Fija,ARS,9756698370.51,6570167.512390303
2026-08-18,Novus Valor,Dólar Linked,ARS,1709286899.06,1151034.994327835
2026-08-19,Novus Renta Capital,Pagarés/Cheques,ARS,17482490183.21,11772721.12711676
2026-08-19,Novus Capital,House View USD,USD,36381545.99,36381545.99
2026-08-19,Novus Estrategia,CER,ARS,6052878457.65,4076012.5903964364
2026-08-19,Novus Dolar MM,Money Market USDMEP,USD,5119776.19,5119776.19
2026-08-19,Novus Multiestrategia,Multi,ARS,5712476545.68,3846785.7045945
2026-08-19,Novus Ahorro Dolares,USD MEP,USD,3385238.05,3385238.05
2026-08-19,Novus Liquidez,Money Market,ARS,58110747947.76,39131818.34554521
2026-08-19,Novus Valor,Dólar Linked,ARS,1838627937.2,1238133.339950038
2026-08-19,Novus Renta Mixta,Mixto,ARS,15466718955.8,10415299.371539004
2026-08-19,Novus Renta Variable,Equity,ARS,10435510403.06,7027280.010277896
2026-08-19,Novus Renta Balanceado,Renta Fija Mix,ARS,3449852212.4,2323132.8947267123
2026-08-19,Novus Low Volatility,Low Vol,ARS,113566.36,76.47566632045212
2026-08-19,Novus Performance,House View ARS,ARS,40098335260.82,27002247.03347091
2026-08-19,Novus PyME FCI Abierto PyMES,PyME,ARS,3190262767.55,2148325.1808521105
2026-08-19,Novus Income Dolares,USD MEP,USD,1307496.46,1307496.46
2026-08-19,Novus Gestion II,Renta Fija CP,ARS,1908251069.84,1285017.6062060068
2026-08-19,Novus Liquidez Plus,Renta Fija CP,ARS,14445024328.0,9727289.493992245
2026-08-19,Novus Renta Fija,Renta Fija,ARS,2770262033.68,1865496.3926635382
2026-08-19,Novus Retorno Total,Total Return,ARS,7215946960.17,4859223.734141357
2026-08-19,Novus Renta Dolar,USD MEP,USD,3841463.67,3841463.67
2026-08-19,Novus Income,Renta Fija,ARS,9813778085.6,6608605.03248771
2026-08-19,Novus Gestión,Renta Fija CER,ARS,48685401775.47,32784783.63538279
2026-08-19,Novus Balanceado,Renta Fija Mix,ARS,2754473.74,1854.864544647621
2026-08-20,Novus Renta Mixta,Mixto,ARS,15429870508.27,10390485.601178389
2026-08-20,Novus Liquidez Plus,Renta Fija CP,ARS,14368738932.44,9675918.855222363
2026-08-20,Novus Gestión,Renta Fija CER,ARS,48767022461.62,32839747.062570684
2026-08-20,Novus Performance,House View ARS,ARS,39872889230.79,26850431.51903649
2026-08-20,Novus Liquidez,Money Market,ARS,55896959936.7,37641051.94924579
2026-08-20,Novus Income,Renta Fija,ARS,9810709961.77,6606538.955752902
2026-08-20,Novus Capital,House View USD,USD,36264385.58,36264385.58
2026-08-20,Novus Retorno Total,Total Return,ARS,7236236020.87,4872886.40181908
2026-08-20,Novus Renta Capital,Pagarés/Cheques,ARS,17491198238.39,11778585.13757061
2026-08-20,Novus Estrategia,CER,ARS,6052451083.72,4075724.796492813
2026-08-20,Novus Dolar MM,Money Market USDMEP,USD,5023873.79,5023873.79
2026-08-20,Novus Renta Variable,Equity,ARS,10441578815.95,7031366.483765912
2026-08-20,Novus Renta Dolar,USD MEP,USD,3826946.25,3826946.25
2026-08-20,Novus Balanceado,Renta Fija Mix,ARS,2122053.63,1428.9923998795432
2026-08-20,Novus Renta Fija,Renta Fija,ARS,2772093274.74,1866729.551675211
2026-08-20,Novus Gestion II,Renta Fija CP,ARS,1916699963.45,1290707.0970772065
2026-08-20,Novus Ahorro Dolares,USD MEP,USD,3378503.98,3378503.98
2026-08-20,Novus Income Dolares,USD MEP,USD,1304136.24,1304136.24
2026-08-20,Novus Low Volatility,Low Vol,ARS,113573.15,76.48023871120512
2026-08-20,Novus Renta Balanceado,Renta Fija Mix,ARS,3461764967.93,2331154.952639543
2026-08-20,Novus Multiestrategia,Multi,ARS,5725154938.7,3855323.3433290427
2026-08-20,Novus PyME FCI Abierto PyMES,PyME,ARS,3193226215.64,2150320.76887033
2026-08-20,Novus Valor,Dólar Linked,ARS,1840630891.76,1239482.1309528102
2026-08-21,Novus Multiestrategia,Multi,ARS,5736747670.3,3863129.896903395
2026-08-21,Novus Gestión,Renta Fija CER,ARS,48942495753.86,32957910.900396403
2026-08-21,Novus Renta Mixta,Mixto,ARS,15580885678.14,10492179.322279466
2026-08-21,Novus Retorno Total,Total Return,ARS,7290927777.9,4909715.869287312
2026-08-21,Novus Ahorro Dolares,USD MEP,USD,3399903.2,3399903.2
2026-08-21,Novus Renta Fija,Renta Fija,ARS,2777741299.93,1870532.9357917747
2026-08-21,Novus Low Volatility,Low Vol,ARS,113579.94,76.48481110195812
2026-08-21,Novus Dolar MM,Money Market USDMEP,USD,5015284.5,5015284.5
2026-08-21,Novus Valor,Dólar Linked,ARS,1847983956.74,1244433.6900574877
2026-08-21,Novus Income Dolares,USD MEP,USD,1309372.76,1309372.76
2026-08-21,Novus Renta Variable,Equity,ARS,10556267677.03,7108598.043099388
2026-08-21,Novus PyME FCI Abierto PyMES,PyME,ARS,3199632909.9,2154635.0412697005
2026-08-21,Novus Renta Dolar,USD MEP,USD,3835519.75,3835519.75
2026-08-21,Novus Renta Capital,Pagarés/Cheques,ARS,17511232900.32,11792076.492938535
2026-08-21,Novus Gestion II,Renta Fija CP,ARS,1927273649.77,1297827.4248466748
2026-08-21,Novus Liquidez,Money Market,ARS,53523805367.01,36042968.00080835
2026-08-21,Novus Renta Balanceado,Renta Fija Mix,ARS,3669608343.12,2471116.826982852
2026-08-21,Novus Balanceado,Renta Fija Mix,ARS,2123181.95,1429.7522113573673
2026-08-21,Novus Estrategia,CER,ARS,5836360295.21,3930209.108246627
2026-08-21,Novus Income,Renta Fija,ARS,9817324047.86,6610992.885955768
2026-08-21,Novus Liquidez Plus,Renta Fija CP,ARS,13988115013.39,9419606.44169735
2026-08-21,Novus Capital,House View USD,USD,36342886.66,36342886.66
2026-08-21,Novus Performance,House View ARS,ARS,40025133178.49,26952952.699988432
2026-08-24,Novus Gestion II,Renta Fija CP,ARS,1929015140.85,1299000.1461589905
2026-08-24,Novus Income Dolares,USD MEP,USD,1309350.43,1309350.43
2026-08-24,Novus Renta Variable,Equity,ARS,10847075874.0,7304428.486504723
2026-08-24,Novus Performance,House View ARS,ARS,39947321766.86,26900554.440928802
2026-08-24,Novus Ahorro Dolares,USD MEP,USD,3406510.72,3406510.72
2026-08-24,Novus Liquidez,Money Market,ARS,57977871844.8,39042339.48479867
2026-08-24,Novus Low Volatility,Low Vol,ARS,113598.9,76.49757877923011
2026-08-24,Novus Renta Balanceado,Renta Fija Mix,ARS,3678790224.32,2477299.912210249
2026-08-24,Novus PyME FCI Abierto PyMES,PyME,ARS,3206519052.21,2159272.1743215537
2026-08-24,Novus Balanceado,Renta Fija Mix,ARS,2125639.36,1431.4070329715541
2026-08-24,Novus Renta Fija,Renta Fija,ARS,2384681073.48,1605845.904158186
2026-08-24,Novus Retorno Total,Total Return,ARS,7346513048.91,4947147.029695136
2026-08-24,Novus Renta Dolar,USD MEP,USD,3841236.31,3841236.31
2026-08-24,Novus Valor,Dólar Linked,ARS,1856471889.71,1250149.4700610386
2026-08-24,Novus Income,Renta Fija,ARS,9855112517.08,6636439.667580444
2026-08-24,Novus Renta Capital,Pagarés/Cheques,ARS,17584986544.29,11841742.248415485
2026-08-24,Novus Capital,House View USD,USD,36282636.3,36282636.3
2026-08-24,Novus Renta Mixta,Mixto,ARS,16067520428.2,10819879.503614197
2026-08-24,Novus Estrategia,CER,ARS,5778597450.96,3891311.5684946855
2026-08-24,Novus Multiestrategia,Multi,ARS,5746827520.69,3869917.675211916
2026-08-24,Novus Gestión,Renta Fija CER,ARS,49032762860.52,33018696.83320822
2026-08-24,Novus Liquidez Plus,Renta Fija CP,ARS,14351530012.53,9664330.356508726
2026-08-24,Novus Dolar MM,Money Market USDMEP,USD,5076811.04,5076811.04
2026-08-25,Novus Capital,House View USD,USD,36318117.44,36318117.44
2026-08-25,Novus Gestión,Renta Fija CER,ARS,49093627016.8,33059682.798652083
2026-08-25,Novus Renta Mixta,Mixto,ARS,16202262161.52,10910614.681151098
2026-08-25,Novus Renta Variable,Equity,ARS,10883766227.68,7329135.796356083
2026-08-25,Novus Renta Balanceado,Renta Fija Mix,ARS,3677559664.5,2476471.252366069
2026-08-25,Novus Balanceado,Renta Fija Mix,ARS,2126457.96,1431.958278784574
2026-08-25,Novus Low Volatility,Low Vol,ARS,113605.12,76.50176733158412
2026-08-25,Novus Liquidez,Money Market,ARS,60402714715.17,40675230.371095836
2026-08-25,Novus PyME FCI Abierto PyMES,PyME,ARS,3208851873.79,2160843.098006501
2026-08-25,Novus Multiestrategia,Multi,ARS,5739926366.77,3865270.433331381
2026-08-25,Novus Ahorro Dolares,USD MEP,USD,3413290.75,3413290.75
2026-08-25,Novus Gestion II,Renta Fija CP,ARS,1924017472.6,1295634.7128610727
2026-08-25,Novus Performance,House View ARS,ARS,39900446560.49,26868988.6441466
2026-08-25,Novus Renta Capital,Pagarés/Cheques,ARS,17600238352.5,11852012.826740365
2026-08-25,Novus Retorno Total,Total Return,ARS,7361558551.61,4957278.681745168
2026-08-25,Novus Renta Fija,Renta Fija,ARS,2386337219.17,1606961.1538251338
2026-08-25,Novus Liquidez Plus,Renta Fija CP,ARS,14284366791.58,9619102.59650674
2026-08-25,Novus Income Dolares,USD MEP,USD,1309233.91,1309233.91
2026-08-25,Novus Income,Renta Fija,ARS,9864270950.1,6642606.962787015
2026-08-25,Novus Dolar MM,Money Market USDMEP,USD,5144845.54,5144845.54
2026-08-25,Novus Estrategia,CER,ARS,5669789249.32,3818040.049344568
2026-08-25,Novus Valor,Dólar Linked,ARS,1865774077.03,1256413.5695138578
2026-08-25,Novus Renta Dolar,USD MEP,USD,3842641.13,3842641.13
2026-08-26,Novus Valor,Dólar Linked,ARS,1867181953.48,1257361.6345008013
2026-08-26,Novus Retorno Total,Total Return,ARS,7375059920.88,4966370.513262544
2026-08-26,Novus Performance,House View ARS,ARS,39893941136.42,26864607.887024064
2026-08-26,Novus Renta Fija,Renta Fija,ARS,2388285593.9,1608273.1907321783
2026-08-26,Novus Liquidez Plus,Renta Fija CP,ARS,14332397986.64,9651446.83688198
2026-08-26,Novus Liquidez,Money Market,ARS,79067286267.97,53243965.91995147
2026-08-26,Novus Renta Mixta,Mixto,ARS,16239948721.86,10935992.837264646
2026-08-26,Novus Gestion II,Renta Fija CP,ARS,1901644151.84,1280568.5029999642
2026-08-26,Novus Low Volatility,Low Vol,ARS,113611.32,76.50594241592412
2026-08-26,Novus Balanceado,Renta Fija Mix,ARS,2127259.16,1432.4978074254143
2026-08-26,Novus Capital,House View USD,USD,36291336.23,36291336.23
2026-08-26,Novus Multiestrategia,Multi,ARS,5742267894.88,3866847.2199997245
2026-08-26,Novus Gestión,Renta Fija CER,ARS,49125632040.96,33081235.004324943
2026-08-26,Novus Renta Capital,Pagarés/Cheques,ARS,17604951239.48,11855186.488131717
2026-08-26,Novus Estrategia,CER,ARS,5657632644.34,3809853.783041413
2026-08-26,Novus Dolar MM,Money Market USDMEP,USD,5838679.0,5838679.0
2026-08-26,Novus Income Dolares,USD MEP,USD,1308483.22,1308483.22
2026-08-26,Novus Renta Variable,Equity,ARS,10939132063.55,7366419.188987025
2026-08-26,Novus Renta Dolar,USD MEP,USD,3838642.89,3838642.89
2026-08-26,Novus Income,Renta Fija,ARS,9864953480.99,6643066.579566113
2026-08-26,Novus PyME FCI Abierto PyMES,PyME,ARS,3210830211.08,2162175.311722423
2026-08-26,Novus Renta Balanceado,Renta Fija Mix,ARS,3430960266.07,2310411.0448437277
2026-08-26,Novus Ahorro Dolares,USD MEP,USD,3399998.16,3399998.16
2026-08-27,Novus Income,Renta Fija,ARS,9860908880.72,6640342.942913074
2026-08-27,Novus Renta Mixta,Mixto,ARS,16054705768.78,10811250.102990506
2026-08-27,Novus Valor,Dólar Linked,ARS,1866349188.68,1256800.8501015462
2026-08-27,Novus Multiestrategia,Multi,ARS,5757314798.94,3876979.815726561
2026-08-27,Novus Gestión,Renta Fija CER,ARS,49138008998.79,33089569.656391535
2026-08-27,Novus PyME FCI Abierto PyMES,PyME,ARS,3212971277.09,2163617.1070723035
2026-08-27,Novus Liquidez Plus,Renta Fija CP,ARS,14302962392.34,9631624.887075445
2026-08-27,Novus Capital,House View USD,USD,36403108.7,36403108.7
2026-08-27,Novus Renta Capital,Pagarés/Cheques,ARS,17595873258.34,11849073.369277455
2026-08-27,Novus Low Volatility,Low Vol,ARS,113617.37,76.51001649015912
2026-08-27,Novus Ahorro Dolares,USD MEP,USD,3387352.6,3387352.6
2026-08-27,Novus Dolar MM,Money Market USDMEP,USD,5560667.72,5560667.72
2026-08-27,Novus Renta Dolar,USD MEP,USD,3853592.0,3853592.0
2026-08-27,Novus Balanceado,Renta Fija Mix,ARS,2127991.05,1432.990662663737
2026-08-27,Novus Retorno Total,Total Return,ARS,7375847116.9,4966900.611613449
2026-08-27,Novus Renta Fija,Renta Fija,ARS,2390330358.62,1609650.1367259615
2026-08-27,Novus Renta Balanceado,Renta Fija Mix,ARS,3436993568.45,2314473.8748897314
2026-08-27,Novus Income Dolares,USD MEP,USD,1312653.76,1312653.76
2026-08-27,Novus Liquidez,Money Market,ARS,74944112409.17,50467417.75721384
2026-08-27,Novus Performance,House View ARS,ARS,39808693792.04,26807202.265645433
2026-08-27,Novus Renta Variable,Equity,ARS,10748200745.48,7237845.9057467645
2026-08-27,Novus Gestion II,Renta Fija CP,ARS,1871715507.83,1260414.5331735793
2026-08-27,Novus Estrategia,CER,ARS,5619200908.39,3783973.825150468
2026-08-28,Novus Renta Fija,Renta Fija,ARS,2392541176.99,1611138.903363892
2026-08-28,Novus Multiestrategia,Multi,ARS,5759153828.59,3878218.219580192
2026-08-28,Novus Renta Variable,Equity,ARS,10671407603.87,7186133.350431392
2026-08-28,Novus Renta Mixta,Mixto,ARS,16009231734.83,10780627.856696753
2026-08-28,Novus Income,Renta Fija,ARS,9876236233.58,6650664.393058145
2026-08-28,Novus Retorno Total,Total Return,ARS,7374622641.31,4966076.0488940105
2026-08-28,Novus Renta Balanceado,Renta Fija Mix,ARS,3442530190.37,2318202.2399662947
2026-08-28,Novus Performance,House View ARS,ARS,39846521428.6,26832675.42258428
2026-08-28,Novus Gestion II,Renta Fija CP,ARS,1901594263.04,1280534.907847122
2026-08-28,Novus PyME FCI Abierto PyMES,PyME,ARS,3215466247.17,2165297.2216706546
2026-08-28,Novus Liquidez Plus,Renta Fija CP,ARS,14104306121.86,9497849.615474824
2026-08-28,Novus Gestión,Renta Fija CER,ARS,49268941141.88,33177739.45320084
2026-08-28,Novus Liquidez,Money Market,ARS,77583229040.7,52244600.744267784
2026-08-28,Novus Balanceado,Renta Fija Mix,ARS,2128722.83,1433.4834438279831
2026-08-28,Novus Valor,Dólar Linked,ARS,1869173445.31,1258702.7064931677
2026-08-28,Novus Income Dolares,USD MEP,USD,1312067.9,1312067.9
2026-08-28,Novus Capital,House View USD,USD,36532863.75,36532863.75
2026-08-28,Novus Estrategia,CER,ARS,5624470604.47,3787522.442179527
2026-08-28,Novus Renta Capital,Pagarés/Cheques,ARS,17619468291.33,11864962.281009445
2026-08-28,Novus Dolar MM,Money Market USDMEP,USD,5071751.95,5071751.95
2026-08-28,Novus Ahorro Dolares,USD MEP,USD,3255240.63,3255240.63
2026-08-28,Novus Low Volatility,Low Vol,ARS,113623.43,76.51409729840111
2026-08-28,Novus Renta Dolar,USD MEP,USD,4657000.49,4657000.49
2026-08-31,Novus Renta Dolar,USD MEP,USD,4657555.73,4657555.73
2026-08-31,Novus Performance,House View ARS,ARS,39827427351.57,26819817.457746424
2026-08-31,Novus Capital,House View USD,USD,36678970.2,36678970.2
2026-08-31,Novus Income,Renta Fija,ARS,9893977917.87,6662611.655678211
2026-08-31,Novus Ahorro Dolares,USD MEP,USD,3267178.26,3267178.26
2026-08-31,Novus Balanceado,Renta Fija Mix,ARS,2130866.3,1434.926858026412
2026-08-31,Novus PyME FCI Abierto PyMES,PyME,ARS,3220462156.68,2168661.470631825
2026-08-31,Novus Retorno Total,Total Return,ARS,7387895967.89,4975014.316304311
2026-08-31,Novus Renta Mixta,Mixto,ARS,16254011194.92,10945462.51646698
2026-08-31,Novus Multiestrategia,Multi,ARS,5768779727.47,3884700.306624113
2026-08-31,Novus Renta Balanceado,Renta Fija Mix,ARS,3447783779.88,2321740.0108198416
2026-08-31,Novus Renta Fija,Renta Fija,ARS,2396532530.35,1613826.6835104637
2026-08-31,Novus Gestion II,Renta Fija CP,ARS,1904957112.4,1282799.4529601408
2026-08-31,Novus Liquidez Plus,Renta Fija CP,ARS,17935950994.01,12078081.954532048
2026-08-31,Novus Liquidez,Money Market,ARS,64186575264.32,43223284.71359584
2026-08-31,Novus Valor,Dólar Linked,ARS,4040958481.18,2721184.2698975527
2026-08-31,Novus Income Dolares,USD MEP,USD,1312973.86,1312973.86
2026-08-31,Novus Estrategia,CER,ARS,5629829905.72,3791131.399392788
2026-08-31,Novus Renta Capital,Pagarés/Cheques,ARS,17665832089.27,11896183.694996899
2026-08-31,Novus Dolar MM,Money Market USDMEP,USD,4998376.6,4998376.6
2026-08-31,Novus Low Volatility,Low Vol,ARS,113641.68,76.5263868611761
2026-08-31,Novus Gestión,Renta Fija CER,ARS,49582765566.59,33389069.040477652
2026-08-31,Novus Renta Variable,Equity,ARS,10788420884.02,7264930.175193698
